record_id,asset_id,page_number,source_pdf,source_pdf_sha256,image_sha256,asset_type,asset_bbox,evidence_bbox_space,image_path,source_json,extraction_status,item_id,item_type,title,model_requires_manual_review,requires_manual_review,validation_status,validation_errors,validation_warnings,content_sha256,effective_content_sha256,review_status,reviewer,reviewed_at,corrections_json,review_notes,release_eligible,symbol,meaning,applies_to,evidence_text,evidence_bbox
p002-page-002-tile-r02-c02::page-002-tile-r02-c02-symbols-asset-r02-c02::footnote::footnote-001,page_002_tile_r02_c02,2,CONTROLLED_SOURCE_PDF/ADA principles for pharmacologic therapy.pdf,7c2913f79b61bc60f8f51327bb73b80391988fd277116b29e57df4242b2a2404,f761a65d6e49e7b14cdc072a399201a2178c180e4fa6a3adb1a8adf76a3734a3,tile,"[233.972,288.0,593.972,648.0]",normalized_0_1000,CONTROLLED_SOURCE_IMAGE/ada_page_002_tile_r02_c02.png,OMITTED_RAW_MODEL_JSON/visual_logic_page_002_tile_r02_c02.json,extracted_unvalidated,page_002_tile_r02_c02__symbols__asset_r02_c02,table,Relative attributes of insulin delivery approaches in people with type 1 diabetes,True,True,valid,,"structure: No decision nodes or arrows are visible in this table; it is a comparative attribute matrix.; structure: The text above the table mentions 'Table 9.1' but no such table is shown here.; actions: No explicit recommendation-strength words were visible in the provided asset; strength fields are empty.; actions: The table does not contain arrows or decision nodes; only comparative attributes are shown.; symbols: The table is presented with a color-coded scale but no explicit legend or key defining what each symbol represents. The interpretation of the symbols as ordinal scales (e.g., +++ = high flexibility) is inferred from context and common usage in clinical guidelines, which may not be explicitly stated.",9329b401307842b63c82110a9cf750c7a4575800af7b68124992f485626f660e,9329b401307842b63c82110a9cf750c7a4575800af7b68124992f485626f660e,pending,,,,,False,+++,Greater flexibility,URAAs,Greater flexibility +++ for URAA in the first table section.,"[234.0,398.0,593.0,417.0]"
p002-page-002-tile-r02-c02::page-002-tile-r02-c02-symbols-asset-r02-c02::footnote::footnote-002,page_002_tile_r02_c02,2,CONTROLLED_SOURCE_PDF/ADA principles for pharmacologic therapy.pdf,7c2913f79b61bc60f8f51327bb73b80391988fd277116b29e57df4242b2a2404,f761a65d6e49e7b14cdc072a399201a2178c180e4fa6a3adb1a8adf76a3734a3,tile,"[233.972,288.0,593.972,648.0]",normalized_0_1000,CONTROLLED_SOURCE_IMAGE/ada_page_002_tile_r02_c02.png,OMITTED_RAW_MODEL_JSON/visual_logic_page_002_tile_r02_c02.json,extracted_unvalidated,page_002_tile_r02_c02__symbols__asset_r02_c02,table,Relative attributes of insulin delivery approaches in people with type 1 diabetes,True,True,valid,,"structure: No decision nodes or arrows are visible in this table; it is a comparative attribute matrix.; structure: The text above the table mentions 'Table 9.1' but no such table is shown here.; actions: No explicit recommendation-strength words were visible in the provided asset; strength fields are empty.; actions: The table does not contain arrows or decision nodes; only comparative attributes are shown.; symbols: The table is presented with a color-coded scale but no explicit legend or key defining what each symbol represents. The interpretation of the symbols as ordinal scales (e.g., +++ = high flexibility) is inferred from context and common usage in clinical guidelines, which may not be explicitly stated.",1ad867b472c20956d1371c3813f7c4a8468917ced4de295f3e41bd8d018c1375,1ad867b472c20956d1371c3813f7c4a8468917ced4de295f3e41bd8d018c1375,pending,,,,,False,++,Lower risk of hypoglycemia,URAAs,Lower risk of hypoglycemia ++ for URAA in the first table section.,"[234.0,417.0,593.0,436.0]"
p002-page-002-tile-r02-c02::page-002-tile-r02-c02-symbols-asset-r02-c02::footnote::footnote-003,page_002_tile_r02_c02,2,CONTROLLED_SOURCE_PDF/ADA principles for pharmacologic therapy.pdf,7c2913f79b61bc60f8f51327bb73b80391988fd277116b29e57df4242b2a2404,f761a65d6e49e7b14cdc072a399201a2178c180e4fa6a3adb1a8adf76a3734a3,tile,"[233.972,288.0,593.972,648.0]",normalized_0_1000,CONTROLLED_SOURCE_IMAGE/ada_page_002_tile_r02_c02.png,OMITTED_RAW_MODEL_JSON/visual_logic_page_002_tile_r02_c02.json,extracted_unvalidated,page_002_tile_r02_c02__symbols__asset_r02_c02,table,Relative attributes of insulin delivery approaches in people with type 1 diabetes,True,True,valid,,"structure: No decision nodes or arrows are visible in this table; it is a comparative attribute matrix.; structure: The text above the table mentions 'Table 9.1' but no such table is shown here.; actions: No explicit recommendation-strength words were visible in the provided asset; strength fields are empty.; actions: The table does not contain arrows or decision nodes; only comparative attributes are shown.; symbols: The table is presented with a color-coded scale but no explicit legend or key defining what each symbol represents. The interpretation of the symbols as ordinal scales (e.g., +++ = high flexibility) is inferred from context and common usage in clinical guidelines, which may not be explicitly stated.",7fe89f3e6bcf908f7a490a893e73adbe4deefe0a72b475c5f3138a636a09f413,7fe89f3e6bcf908f7a490a893e73adbe4deefe0a72b475c5f3138a636a09f413,pending,,,,,False,$$$,Higher costs,URAAs,Higher costs $$$ for URAA in the first table section.,"[234.0,436.0,593.0,455.0]"
p002-page-002-tile-r02-c02::page-002-tile-r02-c02-symbols-asset-r02-c02::footnote::footnote-004,page_002_tile_r02_c02,2,CONTROLLED_SOURCE_PDF/ADA principles for pharmacologic therapy.pdf,7c2913f79b61bc60f8f51327bb73b80391988fd277116b29e57df4242b2a2404,f761a65d6e49e7b14cdc072a399201a2178c180e4fa6a3adb1a8adf76a3734a3,tile,"[233.972,288.0,593.972,648.0]",normalized_0_1000,CONTROLLED_SOURCE_IMAGE/ada_page_002_tile_r02_c02.png,OMITTED_RAW_MODEL_JSON/visual_logic_page_002_tile_r02_c02.json,extracted_unvalidated,page_002_tile_r02_c02__symbols__asset_r02_c02,table,Relative attributes of insulin delivery approaches in people with type 1 diabetes,True,True,valid,,"structure: No decision nodes or arrows are visible in this table; it is a comparative attribute matrix.; structure: The text above the table mentions 'Table 9.1' but no such table is shown here.; actions: No explicit recommendation-strength words were visible in the provided asset; strength fields are empty.; actions: The table does not contain arrows or decision nodes; only comparative attributes are shown.; symbols: The table is presented with a color-coded scale but no explicit legend or key defining what each symbol represents. The interpretation of the symbols as ordinal scales (e.g., +++ = high flexibility) is inferred from context and common usage in clinical guidelines, which may not be explicitly stated.",71dc3db3f27e0321c041687e331b87a4f7d3f7ca99825fa8e3ed6a2451492170,71dc3db3f27e0321c041687e331b87a4f7d3f7ca99825fa8e3ed6a2451492170,pending,,,,,False,+,Lower risk of hypoglycemia,Rapid-acting,Lower risk of hypoglycemia + for rapid-acting in the first table section.,"[234.0,507.0,593.0,526.0]"
p002-page-002-tile-r02-c02::page-002-tile-r02-c02-symbols-asset-r02-c02::footnote::footnote-005,page_002_tile_r02_c02,2,CONTROLLED_SOURCE_PDF/ADA principles for pharmacologic therapy.pdf,7c2913f79b61bc60f8f51327bb73b80391988fd277116b29e57df4242b2a2404,f761a65d6e49e7b14cdc072a399201a2178c180e4fa6a3adb1a8adf76a3734a3,tile,"[233.972,288.0,593.972,648.0]",normalized_0_1000,CONTROLLED_SOURCE_IMAGE/ada_page_002_tile_r02_c02.png,OMITTED_RAW_MODEL_JSON/visual_logic_page_002_tile_r02_c02.json,extracted_unvalidated,page_002_tile_r02_c02__symbols__asset_r02_c02,table,Relative attributes of insulin delivery approaches in people with type 1 diabetes,True,True,valid,,"structure: No decision nodes or arrows are visible in this table; it is a comparative attribute matrix.; structure: The text above the table mentions 'Table 9.1' but no such table is shown here.; actions: No explicit recommendation-strength words were visible in the provided asset; strength fields are empty.; actions: The table does not contain arrows or decision nodes; only comparative attributes are shown.; symbols: The table is presented with a color-coded scale but no explicit legend or key defining what each symbol represents. The interpretation of the symbols as ordinal scales (e.g., +++ = high flexibility) is inferred from context and common usage in clinical guidelines, which may not be explicitly stated.",7b6782c55eea1a724d747d57229131dc41424ec2f8d17c5c09b9f6372f02b68a,7b6782c55eea1a724d747d57229131dc41424ec2f8d17c5c09b9f6372f02b68a,pending,,,,,False,$,Higher costs,Rapid-acting,Higher costs $ for rapid-acting in the first table section.,"[234.0,526.0,593.0,545.0]"
p002-page-002-tile-r02-c02::page-002-tile-r02-c02-symbols-asset-r02-c02::footnote::footnote-006,page_002_tile_r02_c02,2,CONTROLLED_SOURCE_PDF/ADA principles for pharmacologic therapy.pdf,7c2913f79b61bc60f8f51327bb73b80391988fd277116b29e57df4242b2a2404,f761a65d6e49e7b14cdc072a399201a2178c180e4fa6a3adb1a8adf76a3734a3,tile,"[233.972,288.0,593.972,648.0]",normalized_0_1000,CONTROLLED_SOURCE_IMAGE/ada_page_002_tile_r02_c02.png,OMITTED_RAW_MODEL_JSON/visual_logic_page_002_tile_r02_c02.json,extracted_unvalidated,page_002_tile_r02_c02__symbols__asset_r02_c02,table,Relative attributes of insulin delivery approaches in people with type 1 diabetes,True,True,valid,,"structure: No decision nodes or arrows are visible in this table; it is a comparative attribute matrix.; structure: The text above the table mentions 'Table 9.1' but no such table is shown here.; actions: No explicit recommendation-strength words were visible in the provided asset; strength fields are empty.; actions: The table does not contain arrows or decision nodes; only comparative attributes are shown.; symbols: The table is presented with a color-coded scale but no explicit legend or key defining what each symbol represents. The interpretation of the symbols as ordinal scales (e.g., +++ = high flexibility) is inferred from context and common usage in clinical guidelines, which may not be explicitly stated.",867db9d7187ff68bdecfca76013e4132f76705f3e43a354964c416b0b5c86cde,867db9d7187ff68bdecfca76013e4132f76705f3e43a354964c416b0b5c86cde,pending,,,,,False,+,Lower risk of hypoglycemia,With NPH + short- or premixed,Lower risk of hypoglycemia + for with NPH + short- or premixed in the first table section.,"[234.0,560.0,593.0,579.0]"
p002-page-002-tile-r02-c02::page-002-tile-r02-c02-symbols-asset-r02-c02::footnote::footnote-007,page_002_tile_r02_c02,2,CONTROLLED_SOURCE_PDF/ADA principles for pharmacologic therapy.pdf,7c2913f79b61bc60f8f51327bb73b80391988fd277116b29e57df4242b2a2404,f761a65d6e49e7b14cdc072a399201a2178c180e4fa6a3adb1a8adf76a3734a3,tile,"[233.972,288.0,593.972,648.0]",normalized_0_1000,CONTROLLED_SOURCE_IMAGE/ada_page_002_tile_r02_c02.png,OMITTED_RAW_MODEL_JSON/visual_logic_page_002_tile_r02_c02.json,extracted_unvalidated,page_002_tile_r02_c02__symbols__asset_r02_c02,table,Relative attributes of insulin delivery approaches in people with type 1 diabetes,True,True,valid,,"structure: No decision nodes or arrows are visible in this table; it is a comparative attribute matrix.; structure: The text above the table mentions 'Table 9.1' but no such table is shown here.; actions: No explicit recommendation-strength words were visible in the provided asset; strength fields are empty.; actions: The table does not contain arrows or decision nodes; only comparative attributes are shown.; symbols: The table is presented with a color-coded scale but no explicit legend or key defining what each symbol represents. The interpretation of the symbols as ordinal scales (e.g., +++ = high flexibility) is inferred from context and common usage in clinical guidelines, which may not be explicitly stated.",46a36460ac69cf166ce402961c9bb055414a874b65cc848532dd3ebf5c71dc7e,46a36460ac69cf166ce402961c9bb055414a874b65cc848532dd3ebf5c71dc7e,pending,,,,,False,$,Higher costs,With NPH + short- or premixed,Higher costs $ for with NPH + short- or premixed in the first table section.,"[234.0,579.0,593.0,598.0]"
p002-page-002-tile-r02-c02::page-002-tile-r02-c02-symbols-asset-r02-c02::footnote::footnote-008,page_002_tile_r02_c02,2,CONTROLLED_SOURCE_PDF/ADA principles for pharmacologic therapy.pdf,7c2913f79b61bc60f8f51327bb73b80391988fd277116b29e57df4242b2a2404,f761a65d6e49e7b14cdc072a399201a2178c180e4fa6a3adb1a8adf76a3734a3,tile,"[233.972,288.0,593.972,648.0]",normalized_0_1000,CONTROLLED_SOURCE_IMAGE/ada_page_002_tile_r02_c02.png,OMITTED_RAW_MODEL_JSON/visual_logic_page_002_tile_r02_c02.json,extracted_unvalidated,page_002_tile_r02_c02__symbols__asset_r02_c02,table,Relative attributes of insulin delivery approaches in people with type 1 diabetes,True,True,valid,,"structure: No decision nodes or arrows are visible in this table; it is a comparative attribute matrix.; structure: The text above the table mentions 'Table 9.1' but no such table is shown here.; actions: No explicit recommendation-strength words were visible in the provided asset; strength fields are empty.; actions: The table does not contain arrows or decision nodes; only comparative attributes are shown.; symbols: The table is presented with a color-coded scale but no explicit legend or key defining what each symbol represents. The interpretation of the symbols as ordinal scales (e.g., +++ = high flexibility) is inferred from context and common usage in clinical guidelines, which may not be explicitly stated.",745a17d25badbde8e87859ba1c924268c5ec2597c8a64c08a8fd32e61a74f6be,745a17d25badbde8e87859ba1c924268c5ec2597c8a64c08a8fd32e61a74f6be,pending,,,,,False,+++++,Greater flexibility,Insulin pump systems,Greater flexibility +++++ for insulin pump systems in the second table section.,"[234.0,650.0,593.0,669.0]"
p002-page-002-tile-r02-c02::page-002-tile-r02-c02-symbols-asset-r02-c02::footnote::footnote-009,page_002_tile_r02_c02,2,CONTROLLED_SOURCE_PDF/ADA principles for pharmacologic therapy.pdf,7c2913f79b61bc60f8f51327bb73b80391988fd277116b29e57df4242b2a2404,f761a65d6e49e7b14cdc072a399201a2178c180e4fa6a3adb1a8adf76a3734a3,tile,"[233.972,288.0,593.972,648.0]",normalized_0_1000,CONTROLLED_SOURCE_IMAGE/ada_page_002_tile_r02_c02.png,OMITTED_RAW_MODEL_JSON/visual_logic_page_002_tile_r02_c02.json,extracted_unvalidated,page_002_tile_r02_c02__symbols__asset_r02_c02,table,Relative attributes of insulin delivery approaches in people with type 1 diabetes,True,True,valid,,"structure: No decision nodes or arrows are visible in this table; it is a comparative attribute matrix.; structure: The text above the table mentions 'Table 9.1' but no such table is shown here.; actions: No explicit recommendation-strength words were visible in the provided asset; strength fields are empty.; actions: The table does not contain arrows or decision nodes; only comparative attributes are shown.; symbols: The table is presented with a color-coded scale but no explicit legend or key defining what each symbol represents. The interpretation of the symbols as ordinal scales (e.g., +++ = high flexibility) is inferred from context and common usage in clinical guidelines, which may not be explicitly stated.",c7adec87d46430641286ebd2edc9b9515870b38c45ae5baecbb5cede64ebd302,c7adec87d46430641286ebd2edc9b9515870b38c45ae5baecbb5cede64ebd302,pending,,,,,False,+++++,Lower risk of hypoglycemia,Insulin pump systems,Lower risk of hypoglycemia +++++ for insulin pump systems in the second table section.,"[234.0,669.0,593.0,688.0]"
p002-page-002-tile-r02-c02::page-002-tile-r02-c02-symbols-asset-r02-c02::footnote::footnote-010,page_002_tile_r02_c02,2,CONTROLLED_SOURCE_PDF/ADA principles for pharmacologic therapy.pdf,7c2913f79b61bc60f8f51327bb73b80391988fd277116b29e57df4242b2a2404,f761a65d6e49e7b14cdc072a399201a2178c180e4fa6a3adb1a8adf76a3734a3,tile,"[233.972,288.0,593.972,648.0]",normalized_0_1000,CONTROLLED_SOURCE_IMAGE/ada_page_002_tile_r02_c02.png,OMITTED_RAW_MODEL_JSON/visual_logic_page_002_tile_r02_c02.json,extracted_unvalidated,page_002_tile_r02_c02__symbols__asset_r02_c02,table,Relative attributes of insulin delivery approaches in people with type 1 diabetes,True,True,valid,,"structure: No decision nodes or arrows are visible in this table; it is a comparative attribute matrix.; structure: The text above the table mentions 'Table 9.1' but no such table is shown here.; actions: No explicit recommendation-strength words were visible in the provided asset; strength fields are empty.; actions: The table does not contain arrows or decision nodes; only comparative attributes are shown.; symbols: The table is presented with a color-coded scale but no explicit legend or key defining what each symbol represents. The interpretation of the symbols as ordinal scales (e.g., +++ = high flexibility) is inferred from context and common usage in clinical guidelines, which may not be explicitly stated.",955727b66d9aca1e3e49417a777490bd431e2ae997fae089550107a339e041ef,955727b66d9aca1e3e49417a777490bd431e2ae997fae089550107a339e041ef,pending,,,,,False,$$$$$,Higher costs,Insulin pump systems,Higher costs $$$$$ for insulin pump systems in the second table section.,"[234.0,688.0,593.0,707.0]"
p002-page-002-tile-r03-c01::page-002-tile-r03-c01-actions-figure-9-1::footnote::footnote-001,page_002_tile_r03_c01,2,CONTROLLED_SOURCE_PDF/ADA principles for pharmacologic therapy.pdf,7c2913f79b61bc60f8f51327bb73b80391988fd277116b29e57df4242b2a2404,e833b3ae588a84c0bd88178ef3086692d9a3cd3287bdd127a76da93b453a1a1e,tile,"[0.0,422.986,360.0,782.986]",normalized_0_1000,CONTROLLED_SOURCE_IMAGE/ada_page_002_tile_r03_c01.png,OMITTED_RAW_MODEL_JSON/visual_logic_page_002_tile_r03_c01.json,extracted_unvalidated,page_002_tile_r03_c01__actions__figure_9_1,table,Figure 9.1—Choices of insulin plans in people with type 1 diabetes.,True,True,valid,,"structure: The image does not contain any decision nodes or recommendation edges, as it is a static table presenting options rather than a flowchart or decision tree. The footnote provides additional context but no actionable clinical guidelines are directly visible in the form of arrows or decision points.; actions: No explicit recommendation-strength words are visible in the image. All strength indicators are represented by '+' symbols.; actions: The table does not contain arrows or decision nodes; it is a static comparison of options.; symbols: The figure does not contain explicit clinical guideline evidence such as 'strongly recommended', 'preferred', or 'not recommended' statements. It provides a comparative analysis based on flexibility and cost, which may be used in decision-making but is not direct guideline evidence.; symbols: The symbols for flexibility are ordinal scales (e.g., ++++), but the exact thresholds for what constitutes 'greater flexibility' are not defined in the figure or its caption.",882f89e3876ea8b22b3535072a52fa142987d0cb0e2e463d2e32520bd10496bc,882f89e3876ea8b22b3535072a52fa142987d0cb0e2e463d2e32520bd10496bc,pending,,,,,False,+,"estimate of relative association of the plan with greater flexibility, low cost, or ease of use compared to other different plans. Cost symbols are reflective of general costs, which may vary for individuals due to discounts, rebates, and other price adjustments involved in prescription sales.",All insulin plans listed,"or dollar signs is an estimate of relative association of the plan with greater flexibility, low cost, or ease of use compared to other different plans. Cost symbols are reflective of general costs, which may vary for individuals due to discounts, rebates, and other price adjustments involved in prescription sales.","[190.0,825.0,360.0,924.0]"
p002-page-002-tile-r03-c01::page-002-tile-r03-c01-actions-figure-9-1::footnote::footnote-002,page_002_tile_r03_c01,2,CONTROLLED_SOURCE_PDF/ADA principles for pharmacologic therapy.pdf,7c2913f79b61bc60f8f51327bb73b80391988fd277116b29e57df4242b2a2404,e833b3ae588a84c0bd88178ef3086692d9a3cd3287bdd127a76da93b453a1a1e,tile,"[0.0,422.986,360.0,782.986]",normalized_0_1000,CONTROLLED_SOURCE_IMAGE/ada_page_002_tile_r03_c01.png,OMITTED_RAW_MODEL_JSON/visual_logic_page_002_tile_r03_c01.json,extracted_unvalidated,page_002_tile_r03_c01__actions__figure_9_1,table,Figure 9.1—Choices of insulin plans in people with type 1 diabetes.,True,True,valid,,"structure: The image does not contain any decision nodes or recommendation edges, as it is a static table presenting options rather than a flowchart or decision tree. The footnote provides additional context but no actionable clinical guidelines are directly visible in the form of arrows or decision points.; actions: No explicit recommendation-strength words are visible in the image. All strength indicators are represented by '+' symbols.; actions: The table does not contain arrows or decision nodes; it is a static comparison of options.; symbols: The figure does not contain explicit clinical guideline evidence such as 'strongly recommended', 'preferred', or 'not recommended' statements. It provides a comparative analysis based on flexibility and cost, which may be used in decision-making but is not direct guideline evidence.; symbols: The symbols for flexibility are ordinal scales (e.g., ++++), but the exact thresholds for what constitutes 'greater flexibility' are not defined in the figure or its caption.",7f6b421b9c6658b21142175abc477f13a058e4ae15f31e3589c06ff771459230,7f6b421b9c6658b21142175abc477f13a058e4ae15f31e3589c06ff771459230,pending,,,,,False,LAA,long-acting insulin analog,MDI with LAA + RAA or URAA,"LAA, long-acting insulin analog; URAA, injectable ultra-rapid-acting insulin analog or inhaled insulin.","[190.0,897.0,360.0,924.0]"
p002-page-002-tile-r03-c01::page-002-tile-r03-c01-actions-figure-9-1::footnote::footnote-003,page_002_tile_r03_c01,2,CONTROLLED_SOURCE_PDF/ADA principles for pharmacologic therapy.pdf,7c2913f79b61bc60f8f51327bb73b80391988fd277116b29e57df4242b2a2404,e833b3ae588a84c0bd88178ef3086692d9a3cd3287bdd127a76da93b453a1a1e,tile,"[0.0,422.986,360.0,782.986]",normalized_0_1000,CONTROLLED_SOURCE_IMAGE/ada_page_002_tile_r03_c01.png,OMITTED_RAW_MODEL_JSON/visual_logic_page_002_tile_r03_c01.json,extracted_unvalidated,page_002_tile_r03_c01__actions__figure_9_1,table,Figure 9.1—Choices of insulin plans in people with type 1 diabetes.,True,True,valid,,"structure: The image does not contain any decision nodes or recommendation edges, as it is a static table presenting options rather than a flowchart or decision tree. The footnote provides additional context but no actionable clinical guidelines are directly visible in the form of arrows or decision points.; actions: No explicit recommendation-strength words are visible in the image. All strength indicators are represented by '+' symbols.; actions: The table does not contain arrows or decision nodes; it is a static comparison of options.; symbols: The figure does not contain explicit clinical guideline evidence such as 'strongly recommended', 'preferred', or 'not recommended' statements. It provides a comparative analysis based on flexibility and cost, which may be used in decision-making but is not direct guideline evidence.; symbols: The symbols for flexibility are ordinal scales (e.g., ++++), but the exact thresholds for what constitutes 'greater flexibility' are not defined in the figure or its caption.",35300a8a471f481d2def2e705767df9d1a25cdaa9f1779a32235f9d161498228,35300a8a471f481d2def2e705767df9d1a25cdaa9f1779a32235f9d161498228,pending,,,,,False,URAA,injectable ultra-rapid-acting insulin analog or inhaled insulin,MDI with LAA + RAA or URAA,"LAA, long-acting insulin analog; URAA, injectable ultra-rapid-acting insulin analog or inhaled insulin.","[190.0,897.0,360.0,924.0]"
p002-page-002-tile-r03-c01::page-002-tile-r03-c01-symbols-figure-9-1::footnote::footnote-001,page_002_tile_r03_c01,2,CONTROLLED_SOURCE_PDF/ADA principles for pharmacologic therapy.pdf,7c2913f79b61bc60f8f51327bb73b80391988fd277116b29e57df4242b2a2404,e833b3ae588a84c0bd88178ef3086692d9a3cd3287bdd127a76da93b453a1a1e,tile,"[0.0,422.986,360.0,782.986]",normalized_0_1000,CONTROLLED_SOURCE_IMAGE/ada_page_002_tile_r03_c01.png,OMITTED_RAW_MODEL_JSON/visual_logic_page_002_tile_r03_c01.json,extracted_unvalidated,page_002_tile_r03_c01__symbols__Figure_9.1,figure,Figure 9.1—Choices of insulin plans in people with type 1 diabetes.,True,True,valid,,"structure: The image does not contain any decision nodes or recommendation edges, as it is a static table presenting options rather than a flowchart or decision tree. The footnote provides additional context but no actionable clinical guidelines are directly visible in the form of arrows or decision points.; actions: No explicit recommendation-strength words are visible in the image. All strength indicators are represented by '+' symbols.; actions: The table does not contain arrows or decision nodes; it is a static comparison of options.; symbols: The figure does not contain explicit clinical guideline evidence such as 'strongly recommended', 'preferred', or 'not recommended' statements. It provides a comparative analysis based on flexibility and cost, which may be used in decision-making but is not direct guideline evidence.; symbols: The symbols for flexibility are ordinal scales (e.g., ++++), but the exact thresholds for what constitutes 'greater flexibility' are not defined in the figure or its caption.",e10d6f9950f3d753e573668dfd584f0f463dc77d79d0b24be71f55181b5571fd,e10d6f9950f3d753e573668dfd584f0f463dc77d79d0b24be71f55181b5571fd,pending,,,,,False,+,"estimate of relative association of the plan with greater flexibility, low cost",all insulin plans listed in the table,"or dollar signs is an estimate of relative association of the plan with greater flexibility, low cost for different plans. Cost symbols are reflective of general costs, which may vary for individuals due to discounts, rebates, and other price adjustments involved in prescription sales.","[195.0,820.0,360.0,924.0]"
p002-page-002-tile-r03-c01::page-002-tile-r03-c01-symbols-figure-9-1::footnote::footnote-002,page_002_tile_r03_c01,2,CONTROLLED_SOURCE_PDF/ADA principles for pharmacologic therapy.pdf,7c2913f79b61bc60f8f51327bb73b80391988fd277116b29e57df4242b2a2404,e833b3ae588a84c0bd88178ef3086692d9a3cd3287bdd127a76da93b453a1a1e,tile,"[0.0,422.986,360.0,782.986]",normalized_0_1000,CONTROLLED_SOURCE_IMAGE/ada_page_002_tile_r03_c01.png,OMITTED_RAW_MODEL_JSON/visual_logic_page_002_tile_r03_c01.json,extracted_unvalidated,page_002_tile_r03_c01__symbols__Figure_9.1,figure,Figure 9.1—Choices of insulin plans in people with type 1 diabetes.,True,True,valid,,"structure: The image does not contain any decision nodes or recommendation edges, as it is a static table presenting options rather than a flowchart or decision tree. The footnote provides additional context but no actionable clinical guidelines are directly visible in the form of arrows or decision points.; actions: No explicit recommendation-strength words are visible in the image. All strength indicators are represented by '+' symbols.; actions: The table does not contain arrows or decision nodes; it is a static comparison of options.; symbols: The figure does not contain explicit clinical guideline evidence such as 'strongly recommended', 'preferred', or 'not recommended' statements. It provides a comparative analysis based on flexibility and cost, which may be used in decision-making but is not direct guideline evidence.; symbols: The symbols for flexibility are ordinal scales (e.g., ++++), but the exact thresholds for what constitutes 'greater flexibility' are not defined in the figure or its caption.",793e970554f5a6156b87519066231f4095cef1ab960610abce66169e8dbe44a5,793e970554f5a6156b87519066231f4095cef1ab960610abce66169e8dbe44a5,pending,,,,,False,LAA,long-acting insulin analog,MDI with LAA + RAA or URAA plan,"LAA, long-acting insulin analog; URAA, injectable ultra-rapid-acting insulin analog or inhaled insulin.","[195.0,897.0,360.0,924.0]"
p002-page-002-tile-r03-c01::page-002-tile-r03-c01-symbols-figure-9-1::footnote::footnote-003,page_002_tile_r03_c01,2,CONTROLLED_SOURCE_PDF/ADA principles for pharmacologic therapy.pdf,7c2913f79b61bc60f8f51327bb73b80391988fd277116b29e57df4242b2a2404,e833b3ae588a84c0bd88178ef3086692d9a3cd3287bdd127a76da93b453a1a1e,tile,"[0.0,422.986,360.0,782.986]",normalized_0_1000,CONTROLLED_SOURCE_IMAGE/ada_page_002_tile_r03_c01.png,OMITTED_RAW_MODEL_JSON/visual_logic_page_002_tile_r03_c01.json,extracted_unvalidated,page_002_tile_r03_c01__symbols__Figure_9.1,figure,Figure 9.1—Choices of insulin plans in people with type 1 diabetes.,True,True,valid,,"structure: The image does not contain any decision nodes or recommendation edges, as it is a static table presenting options rather than a flowchart or decision tree. The footnote provides additional context but no actionable clinical guidelines are directly visible in the form of arrows or decision points.; actions: No explicit recommendation-strength words are visible in the image. All strength indicators are represented by '+' symbols.; actions: The table does not contain arrows or decision nodes; it is a static comparison of options.; symbols: The figure does not contain explicit clinical guideline evidence such as 'strongly recommended', 'preferred', or 'not recommended' statements. It provides a comparative analysis based on flexibility and cost, which may be used in decision-making but is not direct guideline evidence.; symbols: The symbols for flexibility are ordinal scales (e.g., ++++), but the exact thresholds for what constitutes 'greater flexibility' are not defined in the figure or its caption.",18c75f16786bd87ff9ea250fd93387addbc73e69c0429f6aa04b4a80b39438ad,18c75f16786bd87ff9ea250fd93387addbc73e69c0429f6aa04b4a80b39438ad,pending,,,,,False,URAA,injectable ultra-rapid-acting insulin analog or inhaled insulin,MDI with LAA + RAA or URAA plan,"LAA, long-acting insulin analog; URAA, injectable ultra-rapid-acting insulin analog or inhaled insulin.","[195.0,897.0,360.0,924.0]"
p002-page-002-tile-r03-c02::page-002-tile-r03-c02-actions-page-002-tile-r03-c02::footnote::footnote-001,page_002_tile_r03_c02,2,CONTROLLED_SOURCE_PDF/ADA principles for pharmacologic therapy.pdf,7c2913f79b61bc60f8f51327bb73b80391988fd277116b29e57df4242b2a2404,ec48cd70e8ce5f2fc8a2f89cde38786dbf78cd0312c60cbb9885114d68326001,tile,"[233.972,422.986,593.972,782.986]",normalized_0_1000,CONTROLLED_SOURCE_IMAGE/ada_page_002_tile_r03_c02.png,OMITTED_RAW_MODEL_JSON/visual_logic_page_002_tile_r03_c02.json,extracted_unvalidated,page_002_tile_r03_c02__actions__page_002_tile_r03_c02,table,Insulin Therapy Options for Type 1 Diabetes,False,True,valid,,"structure: No decision nodes or recommendation edges are visible in this asset.; actions: The image is a table comparing different insulin therapy options for type 1 diabetes based on three criteria: greater flexibility, lower risk of hypoglycemia, and higher costs. The table includes categories such as 'Multiple daily injections' (MDI), 'Long-acting insulin analogs' (LAA), 'Rapid-acting insulin analogs or inhaled insulin' (RAA), and 'Continuous infusion plans'. Each option is rated with plus signs (+) for flexibility, hypoglycemia risk, and dollar signs ($) for cost. The table also notes that continuous glucose monitoring improves outcomes with injected or infused insulin, and inhaled insulin may be used in place of injectable prandial insulin in the U.S.; symbols: The table uses a visual scale system with '+' for flexibility/hypoglycemia risk and '$' for cost, which are not standard clinical guideline indicators but rather comparative metrics. The evidence is presented as ordinal scales, not mandatory recommendations.",223ac035d35863d700ee7ea78b8b805d176b9d488717d3db66c4dd73e2213628,223ac035d35863d700ee7ea78b8b805d176b9d488717d3db66c4dd73e2213628,pending,,,,,False,"LAA, long-acting insulin analog; MDI, multiple daily injections; RAA, rapid-acting insulin analog or inhaled insulin. Adapted from Holt et al. (4).",Definitions and source attribution for abbreviations used in the table.,All rows of the table,"LAA, long-acting insulin analog; MDI, multiple daily injections; RAA, rapid-acting insulin analog or inhaled insulin. Adapted from Holt et al. (4).","[0.0,897.0,1000.0,925.0]"
p002-page-002-tile-r03-c02::page-002-tile-r03-c02-symbols-page-002-tile-r03-c02::footnote::footnote-001,page_002_tile_r03_c02,2,CONTROLLED_SOURCE_PDF/ADA principles for pharmacologic therapy.pdf,7c2913f79b61bc60f8f51327bb73b80391988fd277116b29e57df4242b2a2404,ec48cd70e8ce5f2fc8a2f89cde38786dbf78cd0312c60cbb9885114d68326001,tile,"[233.972,422.986,593.972,782.986]",normalized_0_1000,CONTROLLED_SOURCE_IMAGE/ada_page_002_tile_r03_c02.png,OMITTED_RAW_MODEL_JSON/visual_logic_page_002_tile_r03_c02.json,extracted_unvalidated,page_002_tile_r03_c02__symbols__page_002_tile_r03_c02,table,Insulin Therapy Options for Type 1 Diabetes,True,True,valid,,"structure: No decision nodes or recommendation edges are visible in this asset.; actions: The image is a table comparing different insulin therapy options for type 1 diabetes based on three criteria: greater flexibility, lower risk of hypoglycemia, and higher costs. The table includes categories such as 'Multiple daily injections' (MDI), 'Long-acting insulin analogs' (LAA), 'Rapid-acting insulin analogs or inhaled insulin' (RAA), and 'Continuous infusion plans'. Each option is rated with plus signs (+) for flexibility, hypoglycemia risk, and dollar signs ($) for cost. The table also notes that continuous glucose monitoring improves outcomes with injected or infused insulin, and inhaled insulin may be used in place of injectable prandial insulin in the U.S.; symbols: The table uses a visual scale system with '+' for flexibility/hypoglycemia risk and '$' for cost, which are not standard clinical guideline indicators but rather comparative metrics. The evidence is presented as ordinal scales, not mandatory recommendations.",a9de675ad15efec0ce961637ee76b5335a616972a99958ac6ab330a73b57778e,a9de675ad15efec0ce961637ee76b5335a616972a99958ac6ab330a73b57778e,pending,,,,,False,+,"Ordinal scale indicating level of benefit or risk. A single '+' is not an ordinal score but a presence marker (e.g., '+HF' or '+CKD').","All three columns: 'Greater flexibility', 'Lower risk of hypoglycemia', and 'Higher costs'.","The table uses '+' symbols to indicate levels of benefit/risk. For example, under 'Injected insulin plans' for 'Long-acting', the row shows '+ + +' in 'Greater flexibility' column.","[234.0,423.0,594.0,783.0]"
p002-page-002-tile-r03-c02::page-002-tile-r03-c02-symbols-page-002-tile-r03-c02::footnote::footnote-002,page_002_tile_r03_c02,2,CONTROLLED_SOURCE_PDF/ADA principles for pharmacologic therapy.pdf,7c2913f79b61bc60f8f51327bb73b80391988fd277116b29e57df4242b2a2404,ec48cd70e8ce5f2fc8a2f89cde38786dbf78cd0312c60cbb9885114d68326001,tile,"[233.972,422.986,593.972,782.986]",normalized_0_1000,CONTROLLED_SOURCE_IMAGE/ada_page_002_tile_r03_c02.png,OMITTED_RAW_MODEL_JSON/visual_logic_page_002_tile_r03_c02.json,extracted_unvalidated,page_002_tile_r03_c02__symbols__page_002_tile_r03_c02,table,Insulin Therapy Options for Type 1 Diabetes,True,True,valid,,"structure: No decision nodes or recommendation edges are visible in this asset.; actions: The image is a table comparing different insulin therapy options for type 1 diabetes based on three criteria: greater flexibility, lower risk of hypoglycemia, and higher costs. The table includes categories such as 'Multiple daily injections' (MDI), 'Long-acting insulin analogs' (LAA), 'Rapid-acting insulin analogs or inhaled insulin' (RAA), and 'Continuous infusion plans'. Each option is rated with plus signs (+) for flexibility, hypoglycemia risk, and dollar signs ($) for cost. The table also notes that continuous glucose monitoring improves outcomes with injected or infused insulin, and inhaled insulin may be used in place of injectable prandial insulin in the U.S.; symbols: The table uses a visual scale system with '+' for flexibility/hypoglycemia risk and '$' for cost, which are not standard clinical guideline indicators but rather comparative metrics. The evidence is presented as ordinal scales, not mandatory recommendations.",ce54926bcb2e8cfdff5c2919fa49b8171e5ca9ac910657330ad958c2af10a334,ce54926bcb2e8cfdff5c2919fa49b8171e5ca9ac910657330ad958c2af10a334,pending,,,,,False,$,"Ordinal scale indicating cost level. A single '$' is not an ordinal score but a presence marker (e.g., '$HF' or '$CKD').",The 'Higher costs' column.,"In the 'Injected insulin plans' section, for 'Long-acting', the cost is indicated as '$'. In the 'Infusion plans' section, for 'With/without', the cost is indicated as '$$$'.","[234.0,423.0,594.0,783.0]"
p002-page-002-tile-r03-c02::page-002-tile-r03-c02-symbols-page-002-tile-r03-c02::footnote::footnote-003,page_002_tile_r03_c02,2,CONTROLLED_SOURCE_PDF/ADA principles for pharmacologic therapy.pdf,7c2913f79b61bc60f8f51327bb73b80391988fd277116b29e57df4242b2a2404,ec48cd70e8ce5f2fc8a2f89cde38786dbf78cd0312c60cbb9885114d68326001,tile,"[233.972,422.986,593.972,782.986]",normalized_0_1000,CONTROLLED_SOURCE_IMAGE/ada_page_002_tile_r03_c02.png,OMITTED_RAW_MODEL_JSON/visual_logic_page_002_tile_r03_c02.json,extracted_unvalidated,page_002_tile_r03_c02__symbols__page_002_tile_r03_c02,table,Insulin Therapy Options for Type 1 Diabetes,True,True,valid,,"structure: No decision nodes or recommendation edges are visible in this asset.; actions: The image is a table comparing different insulin therapy options for type 1 diabetes based on three criteria: greater flexibility, lower risk of hypoglycemia, and higher costs. The table includes categories such as 'Multiple daily injections' (MDI), 'Long-acting insulin analogs' (LAA), 'Rapid-acting insulin analogs or inhaled insulin' (RAA), and 'Continuous infusion plans'. Each option is rated with plus signs (+) for flexibility, hypoglycemia risk, and dollar signs ($) for cost. The table also notes that continuous glucose monitoring improves outcomes with injected or infused insulin, and inhaled insulin may be used in place of injectable prandial insulin in the U.S.; symbols: The table uses a visual scale system with '+' for flexibility/hypoglycemia risk and '$' for cost, which are not standard clinical guideline indicators but rather comparative metrics. The evidence is presented as ordinal scales, not mandatory recommendations.",a9a4fb95f699976732b546a8b7959e03d60ffe3398cc649b8ac90faa7092aa13,a9a4fb95f699976732b546a8b7959e03d60ffe3398cc649b8ac90faa7092aa13,pending,,,,,False,++,Ordinal scale indicating moderate benefit or risk.,"All three columns: 'Greater flexibility', 'Lower risk of hypoglycemia', and 'Higher costs'.","In the 'Injected insulin plans' section, for 'Long-acting', the row shows '++' in 'Greater flexibility' column.","[234.0,423.0,594.0,783.0]"
p002-page-002-tile-r03-c02::page-002-tile-r03-c02-symbols-page-002-tile-r03-c02::footnote::footnote-004,page_002_tile_r03_c02,2,CONTROLLED_SOURCE_PDF/ADA principles for pharmacologic therapy.pdf,7c2913f79b61bc60f8f51327bb73b80391988fd277116b29e57df4242b2a2404,ec48cd70e8ce5f2fc8a2f89cde38786dbf78cd0312c60cbb9885114d68326001,tile,"[233.972,422.986,593.972,782.986]",normalized_0_1000,CONTROLLED_SOURCE_IMAGE/ada_page_002_tile_r03_c02.png,OMITTED_RAW_MODEL_JSON/visual_logic_page_002_tile_r03_c02.json,extracted_unvalidated,page_002_tile_r03_c02__symbols__page_002_tile_r03_c02,table,Insulin Therapy Options for Type 1 Diabetes,True,True,valid,,"structure: No decision nodes or recommendation edges are visible in this asset.; actions: The image is a table comparing different insulin therapy options for type 1 diabetes based on three criteria: greater flexibility, lower risk of hypoglycemia, and higher costs. The table includes categories such as 'Multiple daily injections' (MDI), 'Long-acting insulin analogs' (LAA), 'Rapid-acting insulin analogs or inhaled insulin' (RAA), and 'Continuous infusion plans'. Each option is rated with plus signs (+) for flexibility, hypoglycemia risk, and dollar signs ($) for cost. The table also notes that continuous glucose monitoring improves outcomes with injected or infused insulin, and inhaled insulin may be used in place of injectable prandial insulin in the U.S.; symbols: The table uses a visual scale system with '+' for flexibility/hypoglycemia risk and '$' for cost, which are not standard clinical guideline indicators but rather comparative metrics. The evidence is presented as ordinal scales, not mandatory recommendations.",cb0dc07c9c4f421417be91f3aa411726f0d4e4f074093d7cdb04c4efa7fcbdf2,cb0dc07c9c4f421417be91f3aa411726f0d4e4f074093d7cdb04c4efa7fcbdf2,pending,,,,,False,+++,Ordinal scale indicating high benefit or risk.,"All three columns: 'Greater flexibility', 'Lower risk of hypoglycemia', and 'Higher costs'.","In the 'Injected insulin plans' section, for 'Long-acting', the row shows '+++' in 'Lower risk of hypoglycemia' column.","[234.0,423.0,594.0,783.0]"
p002-page-002-tile-r03-c02::page-002-tile-r03-c02-symbols-page-002-tile-r03-c02::footnote::footnote-005,page_002_tile_r03_c02,2,CONTROLLED_SOURCE_PDF/ADA principles for pharmacologic therapy.pdf,7c2913f79b61bc60f8f51327bb73b80391988fd277116b29e57df4242b2a2404,ec48cd70e8ce5f2fc8a2f89cde38786dbf78cd0312c60cbb9885114d68326001,tile,"[233.972,422.986,593.972,782.986]",normalized_0_1000,CONTROLLED_SOURCE_IMAGE/ada_page_002_tile_r03_c02.png,OMITTED_RAW_MODEL_JSON/visual_logic_page_002_tile_r03_c02.json,extracted_unvalidated,page_002_tile_r03_c02__symbols__page_002_tile_r03_c02,table,Insulin Therapy Options for Type 1 Diabetes,True,True,valid,,"structure: No decision nodes or recommendation edges are visible in this asset.; actions: The image is a table comparing different insulin therapy options for type 1 diabetes based on three criteria: greater flexibility, lower risk of hypoglycemia, and higher costs. The table includes categories such as 'Multiple daily injections' (MDI), 'Long-acting insulin analogs' (LAA), 'Rapid-acting insulin analogs or inhaled insulin' (RAA), and 'Continuous infusion plans'. Each option is rated with plus signs (+) for flexibility, hypoglycemia risk, and dollar signs ($) for cost. The table also notes that continuous glucose monitoring improves outcomes with injected or infused insulin, and inhaled insulin may be used in place of injectable prandial insulin in the U.S.; symbols: The table uses a visual scale system with '+' for flexibility/hypoglycemia risk and '$' for cost, which are not standard clinical guideline indicators but rather comparative metrics. The evidence is presented as ordinal scales, not mandatory recommendations.",9bd4fc8a94fe8a5403dbb07c863d2d61669dbf44a9505069e527e0e62b294f1c,9bd4fc8a94fe8a5403dbb07c863d2d61669dbf44a9505069e527e0e62b294f1c,pending,,,,,False,++++,Ordinal scale indicating very high benefit or risk.,"All three columns: 'Greater flexibility', 'Lower risk of hypoglycemia', and 'Higher costs'.","In the 'Infusion plans' section, for 'With/without', the row shows '+++' in 'Greater flexibility' column.","[234.0,423.0,594.0,783.0]"
p002-page-002-tile-r03-c02::page-002-tile-r03-c02-symbols-page-002-tile-r03-c02::footnote::footnote-006,page_002_tile_r03_c02,2,CONTROLLED_SOURCE_PDF/ADA principles for pharmacologic therapy.pdf,7c2913f79b61bc60f8f51327bb73b80391988fd277116b29e57df4242b2a2404,ec48cd70e8ce5f2fc8a2f89cde38786dbf78cd0312c60cbb9885114d68326001,tile,"[233.972,422.986,593.972,782.986]",normalized_0_1000,CONTROLLED_SOURCE_IMAGE/ada_page_002_tile_r03_c02.png,OMITTED_RAW_MODEL_JSON/visual_logic_page_002_tile_r03_c02.json,extracted_unvalidated,page_002_tile_r03_c02__symbols__page_002_tile_r03_c02,table,Insulin Therapy Options for Type 1 Diabetes,True,True,valid,,"structure: No decision nodes or recommendation edges are visible in this asset.; actions: The image is a table comparing different insulin therapy options for type 1 diabetes based on three criteria: greater flexibility, lower risk of hypoglycemia, and higher costs. The table includes categories such as 'Multiple daily injections' (MDI), 'Long-acting insulin analogs' (LAA), 'Rapid-acting insulin analogs or inhaled insulin' (RAA), and 'Continuous infusion plans'. Each option is rated with plus signs (+) for flexibility, hypoglycemia risk, and dollar signs ($) for cost. The table also notes that continuous glucose monitoring improves outcomes with injected or infused insulin, and inhaled insulin may be used in place of injectable prandial insulin in the U.S.; symbols: The table uses a visual scale system with '+' for flexibility/hypoglycemia risk and '$' for cost, which are not standard clinical guideline indicators but rather comparative metrics. The evidence is presented as ordinal scales, not mandatory recommendations.",aa7f5b24f49739ca4762555fdfe3e0cac9b34b5028526c03063f41e3f4a6eb62,aa7f5b24f49739ca4762555fdfe3e0cac9b34b5028526c03063f41e3f4a6eb62,pending,,,,,False,+++++,Ordinal scale indicating maximum benefit or risk.,"All three columns: 'Greater flexibility', 'Lower risk of hypoglycemia', and 'Higher costs'.","In the 'Infusion plans' section, for 'With/without', the row shows '+++++' in 'Greater flexibility' column.","[234.0,423.0,594.0,783.0]"
p002-page-002-tile-r03-c02::page-002-tile-r03-c02-symbols-page-002-tile-r03-c02::footnote::footnote-007,page_002_tile_r03_c02,2,CONTROLLED_SOURCE_PDF/ADA principles for pharmacologic therapy.pdf,7c2913f79b61bc60f8f51327bb73b80391988fd277116b29e57df4242b2a2404,ec48cd70e8ce5f2fc8a2f89cde38786dbf78cd0312c60cbb9885114d68326001,tile,"[233.972,422.986,593.972,782.986]",normalized_0_1000,CONTROLLED_SOURCE_IMAGE/ada_page_002_tile_r03_c02.png,OMITTED_RAW_MODEL_JSON/visual_logic_page_002_tile_r03_c02.json,extracted_unvalidated,page_002_tile_r03_c02__symbols__page_002_tile_r03_c02,table,Insulin Therapy Options for Type 1 Diabetes,True,True,valid,,"structure: No decision nodes or recommendation edges are visible in this asset.; actions: The image is a table comparing different insulin therapy options for type 1 diabetes based on three criteria: greater flexibility, lower risk of hypoglycemia, and higher costs. The table includes categories such as 'Multiple daily injections' (MDI), 'Long-acting insulin analogs' (LAA), 'Rapid-acting insulin analogs or inhaled insulin' (RAA), and 'Continuous infusion plans'. Each option is rated with plus signs (+) for flexibility, hypoglycemia risk, and dollar signs ($) for cost. The table also notes that continuous glucose monitoring improves outcomes with injected or infused insulin, and inhaled insulin may be used in place of injectable prandial insulin in the U.S.; symbols: The table uses a visual scale system with '+' for flexibility/hypoglycemia risk and '$' for cost, which are not standard clinical guideline indicators but rather comparative metrics. The evidence is presented as ordinal scales, not mandatory recommendations.",26a82e9f737601ecb0d7b4340a0fafe70d04e3b2218d94f58fe703a76979a5b1,26a82e9f737601ecb0d7b4340a0fafe70d04e3b2218d94f58fe703a76979a5b1,pending,,,,,False,$$,Ordinal scale indicating moderate cost.,The 'Higher costs' column.,"In the 'Injected insulin plans' section, for 'Long-acting', the row shows '$$' in 'Higher costs' column.","[234.0,423.0,594.0,783.0]"
p002-page-002-tile-r03-c02::page-002-tile-r03-c02-symbols-page-002-tile-r03-c02::footnote::footnote-008,page_002_tile_r03_c02,2,CONTROLLED_SOURCE_PDF/ADA principles for pharmacologic therapy.pdf,7c2913f79b61bc60f8f51327bb73b80391988fd277116b29e57df4242b2a2404,ec48cd70e8ce5f2fc8a2f89cde38786dbf78cd0312c60cbb9885114d68326001,tile,"[233.972,422.986,593.972,782.986]",normalized_0_1000,CONTROLLED_SOURCE_IMAGE/ada_page_002_tile_r03_c02.png,OMITTED_RAW_MODEL_JSON/visual_logic_page_002_tile_r03_c02.json,extracted_unvalidated,page_002_tile_r03_c02__symbols__page_002_tile_r03_c02,table,Insulin Therapy Options for Type 1 Diabetes,True,True,valid,,"structure: No decision nodes or recommendation edges are visible in this asset.; actions: The image is a table comparing different insulin therapy options for type 1 diabetes based on three criteria: greater flexibility, lower risk of hypoglycemia, and higher costs. The table includes categories such as 'Multiple daily injections' (MDI), 'Long-acting insulin analogs' (LAA), 'Rapid-acting insulin analogs or inhaled insulin' (RAA), and 'Continuous infusion plans'. Each option is rated with plus signs (+) for flexibility, hypoglycemia risk, and dollar signs ($) for cost. The table also notes that continuous glucose monitoring improves outcomes with injected or infused insulin, and inhaled insulin may be used in place of injectable prandial insulin in the U.S.; symbols: The table uses a visual scale system with '+' for flexibility/hypoglycemia risk and '$' for cost, which are not standard clinical guideline indicators but rather comparative metrics. The evidence is presented as ordinal scales, not mandatory recommendations.",3989d8fdd4d1a913b72761d81c5b03fc57d9f6883fd3e2d6de94229e76cd559b,3989d8fdd4d1a913b72761d81c5b03fc57d9f6883fd3e2d6de94229e76cd559b,pending,,,,,False,$$$,Ordinal scale indicating high cost.,The 'Higher costs' column.,"In the 'Injected insulin plans' section, for 'Long-acting', the row shows '$$$' in 'Higher costs' column.","[234.0,423.0,594.0,783.0]"
p002-page-002-tile-r03-c02::page-002-tile-r03-c02-symbols-page-002-tile-r03-c02::footnote::footnote-009,page_002_tile_r03_c02,2,CONTROLLED_SOURCE_PDF/ADA principles for pharmacologic therapy.pdf,7c2913f79b61bc60f8f51327bb73b80391988fd277116b29e57df4242b2a2404,ec48cd70e8ce5f2fc8a2f89cde38786dbf78cd0312c60cbb9885114d68326001,tile,"[233.972,422.986,593.972,782.986]",normalized_0_1000,CONTROLLED_SOURCE_IMAGE/ada_page_002_tile_r03_c02.png,OMITTED_RAW_MODEL_JSON/visual_logic_page_002_tile_r03_c02.json,extracted_unvalidated,page_002_tile_r03_c02__symbols__page_002_tile_r03_c02,table,Insulin Therapy Options for Type 1 Diabetes,True,True,valid,,"structure: No decision nodes or recommendation edges are visible in this asset.; actions: The image is a table comparing different insulin therapy options for type 1 diabetes based on three criteria: greater flexibility, lower risk of hypoglycemia, and higher costs. The table includes categories such as 'Multiple daily injections' (MDI), 'Long-acting insulin analogs' (LAA), 'Rapid-acting insulin analogs or inhaled insulin' (RAA), and 'Continuous infusion plans'. Each option is rated with plus signs (+) for flexibility, hypoglycemia risk, and dollar signs ($) for cost. The table also notes that continuous glucose monitoring improves outcomes with injected or infused insulin, and inhaled insulin may be used in place of injectable prandial insulin in the U.S.; symbols: The table uses a visual scale system with '+' for flexibility/hypoglycemia risk and '$' for cost, which are not standard clinical guideline indicators but rather comparative metrics. The evidence is presented as ordinal scales, not mandatory recommendations.",f332c27a85bf5470e30819f7b9b02bb64b5f774620b4392412c1b84c49aa87cb,f332c27a85bf5470e30819f7b9b02bb64b5f774620b4392412c1b84c49aa87cb,pending,,,,,False,$$$$,Ordinal scale indicating very high cost.,The 'Higher costs' column.,"In the 'Infusion plans' section, for 'With/without', the row shows '$$$' in 'Higher costs' column.","[234.0,423.0,594.0,783.0]"
p002-page-002-tile-r03-c02::page-002-tile-r03-c02-symbols-page-002-tile-r03-c02::footnote::footnote-010,page_002_tile_r03_c02,2,CONTROLLED_SOURCE_PDF/ADA principles for pharmacologic therapy.pdf,7c2913f79b61bc60f8f51327bb73b80391988fd277116b29e57df4242b2a2404,ec48cd70e8ce5f2fc8a2f89cde38786dbf78cd0312c60cbb9885114d68326001,tile,"[233.972,422.986,593.972,782.986]",normalized_0_1000,CONTROLLED_SOURCE_IMAGE/ada_page_002_tile_r03_c02.png,OMITTED_RAW_MODEL_JSON/visual_logic_page_002_tile_r03_c02.json,extracted_unvalidated,page_002_tile_r03_c02__symbols__page_002_tile_r03_c02,table,Insulin Therapy Options for Type 1 Diabetes,True,True,valid,,"structure: No decision nodes or recommendation edges are visible in this asset.; actions: The image is a table comparing different insulin therapy options for type 1 diabetes based on three criteria: greater flexibility, lower risk of hypoglycemia, and higher costs. The table includes categories such as 'Multiple daily injections' (MDI), 'Long-acting insulin analogs' (LAA), 'Rapid-acting insulin analogs or inhaled insulin' (RAA), and 'Continuous infusion plans'. Each option is rated with plus signs (+) for flexibility, hypoglycemia risk, and dollar signs ($) for cost. The table also notes that continuous glucose monitoring improves outcomes with injected or infused insulin, and inhaled insulin may be used in place of injectable prandial insulin in the U.S.; symbols: The table uses a visual scale system with '+' for flexibility/hypoglycemia risk and '$' for cost, which are not standard clinical guideline indicators but rather comparative metrics. The evidence is presented as ordinal scales, not mandatory recommendations.",1dac2d72ef5a5f4655cfabcead78eb307c006dbbdf0390972f8aab57a9a616bf,1dac2d72ef5a5f4655cfabcead78eb307c006dbbdf0390972f8aab57a9a616bf,pending,,,,,False,$$$$$,Ordinal scale indicating maximum cost.,The 'Higher costs' column.,"In the 'Infusion plans' section, for 'With/without', the row shows '$$$$' in 'Higher costs' column.","[234.0,423.0,594.0,783.0]"
p006-page-006-tile-r02-c01::page-006-tile-r02-c01-symbols-tile-r02-c01::footnote::footnote-001,page_006_tile_r02_c01,6,CONTROLLED_SOURCE_PDF/ADA principles for pharmacologic therapy.pdf,7c2913f79b61bc60f8f51327bb73b80391988fd277116b29e57df4242b2a2404,0929ca38ad29f903468637f26d74c7aa2879fd4c3c802648076823db14825893,tile,"[0.0,288.0,360.0,648.0]",normalized_0_1000,CONTROLLED_SOURCE_IMAGE/ada_page_006_tile_r02_c01.png,OMITTED_RAW_MODEL_JSON/visual_logic_page_006_tile_r02_c01.json,extracted_unvalidated,page_006_tile_r02_c01__symbols__tile_r02_c01,flowchart,Insulin initiation and adjustment for people with type 1 diabetes using multi-continuous glucose monitoring,True,True,valid,,"structure: The flowchart contains conditional branches that may require manual review for complete interpretation.; structure: Some nodes have partial or incomplete text visible in the image.; actions: The image is a cropped section of a larger document; some context may be missing.; actions: Some text in the flowchart (like '3,4' or '5–10%') might refer to external references not visible here.; actions: The exact trigger conditions for each action are implied by the arrows and decision boxes.; symbols: The image contains partial text that may not be fully captured in the extracted evidence.; symbols: Some footnotes and references are truncated or partially visible.",70d6908d26c17f5ea4a3704c6ad5d25094d27ec1a5414ffe570a7c00af1d0a8c,70d6908d26c17f5ea4a3704c6ad5d25094d27ec1a5414ffe570a7c00af1d0a8c,pending,,,,,False,"3,4",Footnote references to supporting evidence or guidelines.,"If hypoglycemia is present, adjust basal and/or prandial insulin based on the timing of the hypoglycemia (e.g., 1-4 units or 5-10% dosage adjustments)","3,4","[268.0,217.0,490.0,230.0]"
p006-page-006-tile-r02-c01::page-006-tile-r02-c01-symbols-tile-r02-c01::footnote::footnote-002,page_006_tile_r02_c01,6,CONTROLLED_SOURCE_PDF/ADA principles for pharmacologic therapy.pdf,7c2913f79b61bc60f8f51327bb73b80391988fd277116b29e57df4242b2a2404,0929ca38ad29f903468637f26d74c7aa2879fd4c3c802648076823db14825893,tile,"[0.0,288.0,360.0,648.0]",normalized_0_1000,CONTROLLED_SOURCE_IMAGE/ada_page_006_tile_r02_c01.png,OMITTED_RAW_MODEL_JSON/visual_logic_page_006_tile_r02_c01.json,extracted_unvalidated,page_006_tile_r02_c01__symbols__tile_r02_c01,flowchart,Insulin initiation and adjustment for people with type 1 diabetes using multi-continuous glucose monitoring,True,True,valid,,"structure: The flowchart contains conditional branches that may require manual review for complete interpretation.; structure: Some nodes have partial or incomplete text visible in the image.; actions: The image is a cropped section of a larger document; some context may be missing.; actions: Some text in the flowchart (like '3,4' or '5–10%') might refer to external references not visible here.; actions: The exact trigger conditions for each action are implied by the arrows and decision boxes.; symbols: The image contains partial text that may not be fully captured in the extracted evidence.; symbols: Some footnotes and references are truncated or partially visible.",76b701d1f49d90b9b1908005209af37a7cf93c8f247ae649c83770d81f268d84,76b701d1f49d90b9b1908005209af37a7cf93c8f247ae649c83770d81f268d84,pending,,,,,False,"3,4",Footnote references to supporting evidence or guidelines.,"If hyperglycemia is present, adjust basal and/or prandial insulin based on the timing of the hyperglycemia (e.g., 1-4 units or 5-10% dosage adjustments)","3,4","[782.0,217.0,996.0,230.0]"
p008-page-008-tile-r02-c01::page-008-tile-r02-c01-actions-figure-93::footnote::footnote-001,page_008_tile_r02_c01,8,CONTROLLED_SOURCE_PDF/ADA principles for pharmacologic therapy.pdf,7c2913f79b61bc60f8f51327bb73b80391988fd277116b29e57df4242b2a2404,7d73b7359ee28796a403b6afed90822798659994625f62d99fe9bbd9a137de23,tile,"[0.0,288.0,360.0,648.0]",normalized_0_1000,CONTROLLED_SOURCE_IMAGE/ada_page_008_tile_r02_c01.png,OMITTED_RAW_MODEL_JSON/visual_logic_page_008_tile_r02_c01.json,extracted_unvalidated,page_008_tile_r02_c01__actions__figure_93,figure,Figure 9.3—Simplified overview of indications for β-cell replacement therapy in people with type 2 diabetes.,False,True,valid,,"structure: No evidence text found for node_0; structure: No evidence text found for node_1; actions: The provided image does not contain any explicit clinical guideline evidence (recommendations with strength levels or specific drug actions) that can be extracted according to the requested schema. The visible text is primarily descriptive and refers to figures and tables, without providing actionable clinical guidance.; symbols: No evidence of clinical guideline evidence visible in this single image asset.",b1e485cb31addcd03aa37201f46218632ea5ad625fb164bd96e29c244e9c0ce9,b1e485cb31addcd03aa37201f46218632ea5ad625fb164bd96e29c244e9c0ce9,pending,,,,,False,Adapted from Holt et al. (4).,Source attribution for the figure content.,Figure 9.3,Adapted from Holt et al. (4).,"[197.0,308.0,265.0,330.0]"
p008-page-008-tile-r03-c02::page-008-tile-r03-c02-symbols-tile-0::footnote::footnote-001,page_008_tile_r03_c02,8,CONTROLLED_SOURCE_PDF/ADA principles for pharmacologic therapy.pdf,7c2913f79b61bc60f8f51327bb73b80391988fd277116b29e57df4242b2a2404,6ff8b0fe2f77a5a8cd8c8358ed249e5a2082215e86b5279494e616364e00fdc7,tile,"[233.972,422.986,593.972,782.986]",normalized_0_1000,CONTROLLED_SOURCE_IMAGE/ada_page_008_tile_r03_c02.png,OMITTED_RAW_MODEL_JSON/visual_logic_page_008_tile_r03_c02.json,extracted_unvalidated,page_008_tile_r03_c02__symbols__tile_0,flowchart,Figure 9.3,True,True,valid,,"symbols: No visible arrows, decision nodes, or drug actions were detected in the provided image asset.; visual item title derived from manifest figure_ids/table_ids",03a1dabf1de4f7173a206a2812d0913ee540d727533f589291272b35483c3c6f,03a1dabf1de4f7173a206a2812d0913ee540d727533f589291272b35483c3c6f,pending,,,,,False,A,"Level of evidence: High quality, consistent benefit across multiple studies.",Recommendation for SGLT2 inhibitor use in HF patients with type 2 diabetes (irrespective of A1C).,A,"[304.972,206.986,593.972,233.986]"
p009-page-009-tile-r01-c01::page-009-tile-r01-c01-symbols-tile-r01-c01::footnote::footnote-001,page_009_tile_r01_c01,9,CONTROLLED_SOURCE_PDF/ADA principles for pharmacologic therapy.pdf,7c2913f79b61bc60f8f51327bb73b80391988fd277116b29e57df4242b2a2404,23e55292fd35e93be8252d9109129584a161ccdce0f466df0c737432e53bc23e,tile,"[0.0,0.0,360.0,360.0]",normalized_0_1000,CONTROLLED_SOURCE_IMAGE/ada_page_009_tile_r01_c01.png,OMITTED_RAW_MODEL_JSON/visual_logic_page_009_tile_r01_c01.json,extracted_unvalidated,page_009_tile_r01_c01__symbols__tile_r01_c01,flowchart,Use of glucose-lowering medications in the management...,True,True,valid,,"structure: The flowchart contains conditional branching based on patient characteristics and medication classes. The exact thresholds for eGFR are provided in the text boxes.; structure: Some nodes have multiple conditions or actions, which are represented as separate branches within the same node (e.g., SGLT2i with proven HF benefit can lead to dual GIP/GLP-1 RA or GLP-1 RA if symptomatic HFpEF and obesity).; structure: The flowchart does not explicitly state all possible medication combinations for each condition, but it provides clear guidance based on evidence.; actions: The image contains a flowchart that may not be fully visible due to cropping; some nodes might be cut off.; actions: Some text in the flowchart may be partially obscured or truncated, requiring manual review for complete accuracy.; symbols: The flowchart contains multiple decision points based on presence markers. These are not ordinal scales but rather indicators of condition presence.; symbols: Some nodes may have additional text or arrows that are not fully captured in the extracted data due to boundary constraints.",c8a5462584dea8065e6ca4c1d624ba36c520725553812aa0311517930edc5a65,c8a5462584dea8065e6ca4c1d624ba36c520725553812aa0311517930edc5a65,pending,,,,,False,+ASCVD+,Presence marker indicating ASCVD (Atherosclerotic Cardiovascular Disease) status.,Node labeled '+ASCVD+',+ASCVD+,"[140.0,592.0,300.0,648.0]"
p009-page-009-tile-r01-c01::page-009-tile-r01-c01-symbols-tile-r01-c01::footnote::footnote-002,page_009_tile_r01_c01,9,CONTROLLED_SOURCE_PDF/ADA principles for pharmacologic therapy.pdf,7c2913f79b61bc60f8f51327bb73b80391988fd277116b29e57df4242b2a2404,23e55292fd35e93be8252d9109129584a161ccdce0f466df0c737432e53bc23e,tile,"[0.0,0.0,360.0,360.0]",normalized_0_1000,CONTROLLED_SOURCE_IMAGE/ada_page_009_tile_r01_c01.png,OMITTED_RAW_MODEL_JSON/visual_logic_page_009_tile_r01_c01.json,extracted_unvalidated,page_009_tile_r01_c01__symbols__tile_r01_c01,flowchart,Use of glucose-lowering medications in the management...,True,True,valid,,"structure: The flowchart contains conditional branching based on patient characteristics and medication classes. The exact thresholds for eGFR are provided in the text boxes.; structure: Some nodes have multiple conditions or actions, which are represented as separate branches within the same node (e.g., SGLT2i with proven HF benefit can lead to dual GIP/GLP-1 RA or GLP-1 RA if symptomatic HFpEF and obesity).; structure: The flowchart does not explicitly state all possible medication combinations for each condition, but it provides clear guidance based on evidence.; actions: The image contains a flowchart that may not be fully visible due to cropping; some nodes might be cut off.; actions: Some text in the flowchart may be partially obscured or truncated, requiring manual review for complete accuracy.; symbols: The flowchart contains multiple decision points based on presence markers. These are not ordinal scales but rather indicators of condition presence.; symbols: Some nodes may have additional text or arrows that are not fully captured in the extracted data due to boundary constraints.",a9d383cc67a65c8d9e8512e8bbde63b22c28a2e59d58a02a3d4652174ed584da,a9d383cc67a65c8d9e8512e8bbde63b22c28a2e59d58a02a3d4652174ed584da,pending,,,,,False,+Indicators of high CVD risk,Presence marker indicating presence of indicators for high cardiovascular disease risk.,Node labeled '+Indicators of high CVD risk',+Indicators of high CVD risk,"[320.0,592.0,480.0,648.0]"
p009-page-009-tile-r01-c01::page-009-tile-r01-c01-symbols-tile-r01-c01::footnote::footnote-003,page_009_tile_r01_c01,9,CONTROLLED_SOURCE_PDF/ADA principles for pharmacologic therapy.pdf,7c2913f79b61bc60f8f51327bb73b80391988fd277116b29e57df4242b2a2404,23e55292fd35e93be8252d9109129584a161ccdce0f466df0c737432e53bc23e,tile,"[0.0,0.0,360.0,360.0]",normalized_0_1000,CONTROLLED_SOURCE_IMAGE/ada_page_009_tile_r01_c01.png,OMITTED_RAW_MODEL_JSON/visual_logic_page_009_tile_r01_c01.json,extracted_unvalidated,page_009_tile_r01_c01__symbols__tile_r01_c01,flowchart,Use of glucose-lowering medications in the management...,True,True,valid,,"structure: The flowchart contains conditional branching based on patient characteristics and medication classes. The exact thresholds for eGFR are provided in the text boxes.; structure: Some nodes have multiple conditions or actions, which are represented as separate branches within the same node (e.g., SGLT2i with proven HF benefit can lead to dual GIP/GLP-1 RA or GLP-1 RA if symptomatic HFpEF and obesity).; structure: The flowchart does not explicitly state all possible medication combinations for each condition, but it provides clear guidance based on evidence.; actions: The image contains a flowchart that may not be fully visible due to cropping; some nodes might be cut off.; actions: Some text in the flowchart may be partially obscured or truncated, requiring manual review for complete accuracy.; symbols: The flowchart contains multiple decision points based on presence markers. These are not ordinal scales but rather indicators of condition presence.; symbols: Some nodes may have additional text or arrows that are not fully captured in the extracted data due to boundary constraints.",abf83346540f284516ce1339308ddff5c830ab242de8b1661a618b243e3d9d17,abf83346540f284516ce1339308ddff5c830ab242de8b1661a618b243e3d9d17,pending,,,,,False,+HF,Presence marker indicating heart failure status.,Node labeled '+HF',+HF,"[500.0,592.0,660.0,648.0]"
p009-page-009-tile-r01-c01::page-009-tile-r01-c01-symbols-tile-r01-c01::footnote::footnote-004,page_009_tile_r01_c01,9,CONTROLLED_SOURCE_PDF/ADA principles for pharmacologic therapy.pdf,7c2913f79b61bc60f8f51327bb73b80391988fd277116b29e57df4242b2a2404,23e55292fd35e93be8252d9109129584a161ccdce0f466df0c737432e53bc23e,tile,"[0.0,0.0,360.0,360.0]",normalized_0_1000,CONTROLLED_SOURCE_IMAGE/ada_page_009_tile_r01_c01.png,OMITTED_RAW_MODEL_JSON/visual_logic_page_009_tile_r01_c01.json,extracted_unvalidated,page_009_tile_r01_c01__symbols__tile_r01_c01,flowchart,Use of glucose-lowering medications in the management...,True,True,valid,,"structure: The flowchart contains conditional branching based on patient characteristics and medication classes. The exact thresholds for eGFR are provided in the text boxes.; structure: Some nodes have multiple conditions or actions, which are represented as separate branches within the same node (e.g., SGLT2i with proven HF benefit can lead to dual GIP/GLP-1 RA or GLP-1 RA if symptomatic HFpEF and obesity).; structure: The flowchart does not explicitly state all possible medication combinations for each condition, but it provides clear guidance based on evidence.; actions: The image contains a flowchart that may not be fully visible due to cropping; some nodes might be cut off.; actions: Some text in the flowchart may be partially obscured or truncated, requiring manual review for complete accuracy.; symbols: The flowchart contains multiple decision points based on presence markers. These are not ordinal scales but rather indicators of condition presence.; symbols: Some nodes may have additional text or arrows that are not fully captured in the extracted data due to boundary constraints.",d966f01f1501b769c7e8874920dbd385e8b4c1d5785c3f60f555445d82b829be,d966f01f1501b769c7e8874920dbd385e8b4c1d5785c3f60f555445d82b829be,pending,,,,,False,+CKD,Presence marker indicating chronic kidney disease status.,Node labeled '+CKD',+CKD,"[680.0,592.0,840.0,648.0]"
p009-page-009-tile-r01-c01::page-009-tile-r01-c01-symbols-tile-r01-c01::footnote::footnote-005,page_009_tile_r01_c01,9,CONTROLLED_SOURCE_PDF/ADA principles for pharmacologic therapy.pdf,7c2913f79b61bc60f8f51327bb73b80391988fd277116b29e57df4242b2a2404,23e55292fd35e93be8252d9109129584a161ccdce0f466df0c737432e53bc23e,tile,"[0.0,0.0,360.0,360.0]",normalized_0_1000,CONTROLLED_SOURCE_IMAGE/ada_page_009_tile_r01_c01.png,OMITTED_RAW_MODEL_JSON/visual_logic_page_009_tile_r01_c01.json,extracted_unvalidated,page_009_tile_r01_c01__symbols__tile_r01_c01,flowchart,Use of glucose-lowering medications in the management...,True,True,valid,,"structure: The flowchart contains conditional branching based on patient characteristics and medication classes. The exact thresholds for eGFR are provided in the text boxes.; structure: Some nodes have multiple conditions or actions, which are represented as separate branches within the same node (e.g., SGLT2i with proven HF benefit can lead to dual GIP/GLP-1 RA or GLP-1 RA if symptomatic HFpEF and obesity).; structure: The flowchart does not explicitly state all possible medication combinations for each condition, but it provides clear guidance based on evidence.; actions: The image contains a flowchart that may not be fully visible due to cropping; some nodes might be cut off.; actions: Some text in the flowchart may be partially obscured or truncated, requiring manual review for complete accuracy.; symbols: The flowchart contains multiple decision points based on presence markers. These are not ordinal scales but rather indicators of condition presence.; symbols: Some nodes may have additional text or arrows that are not fully captured in the extracted data due to boundary constraints.",786407204eba9b3daf498d26804b7b8cbe20ff2482f103678970ff5ae951f910,786407204eba9b3daf498d26804b7b8cbe20ff2482f103678970ff5ae951f910,pending,,,,,False,+ASCVD/indicators of high CVD risk*,Presence marker indicating combined ASCVD or indicators of high CVD risk status.,Node labeled '+ASCVD/indicators of high CVD risk*',+ASCVD/indicators of high CVD risk*,"[140.0,692.0,500.0,748.0]"
p009-page-009-tile-r01-c01::page-009-tile-r01-c01-symbols-tile-r01-c01::footnote::footnote-006,page_009_tile_r01_c01,9,CONTROLLED_SOURCE_PDF/ADA principles for pharmacologic therapy.pdf,7c2913f79b61bc60f8f51327bb73b80391988fd277116b29e57df4242b2a2404,23e55292fd35e93be8252d9109129584a161ccdce0f466df0c737432e53bc23e,tile,"[0.0,0.0,360.0,360.0]",normalized_0_1000,CONTROLLED_SOURCE_IMAGE/ada_page_009_tile_r01_c01.png,OMITTED_RAW_MODEL_JSON/visual_logic_page_009_tile_r01_c01.json,extracted_unvalidated,page_009_tile_r01_c01__symbols__tile_r01_c01,flowchart,Use of glucose-lowering medications in the management...,True,True,valid,,"structure: The flowchart contains conditional branching based on patient characteristics and medication classes. The exact thresholds for eGFR are provided in the text boxes.; structure: Some nodes have multiple conditions or actions, which are represented as separate branches within the same node (e.g., SGLT2i with proven HF benefit can lead to dual GIP/GLP-1 RA or GLP-1 RA if symptomatic HFpEF and obesity).; structure: The flowchart does not explicitly state all possible medication combinations for each condition, but it provides clear guidance based on evidence.; actions: The image contains a flowchart that may not be fully visible due to cropping; some nodes might be cut off.; actions: Some text in the flowchart may be partially obscured or truncated, requiring manual review for complete accuracy.; symbols: The flowchart contains multiple decision points based on presence markers. These are not ordinal scales but rather indicators of condition presence.; symbols: Some nodes may have additional text or arrows that are not fully captured in the extracted data due to boundary constraints.",85ce3b65f3fbf8cbb5e3fc277bb99231fdf66327c04f8ef9ffe05cc987f60ab9,85ce3b65f3fbf8cbb5e3fc277bb99231fdf66327c04f8ef9ffe05cc987f60ab9,pending,,,,,False,+CKD (on maximally tolerated dose of ACEi or ARB),Presence marker indicating CKD status with maximal tolerated dose of ACEi or ARB.,Node labeled '+CKD (on maximally tolerated dose of ACEi or ARB)',+CKD (on maximally tolerated dose of ACEi or ARB),"[680.0,752.0,980.0,808.0]"
p009-page-009-tile-r01-c01::page-009-tile-r01-c01-symbols-tile-r01-c01::footnote::footnote-007,page_009_tile_r01_c01,9,CONTROLLED_SOURCE_PDF/ADA principles for pharmacologic therapy.pdf,7c2913f79b61bc60f8f51327bb73b80391988fd277116b29e57df4242b2a2404,23e55292fd35e93be8252d9109129584a161ccdce0f466df0c737432e53bc23e,tile,"[0.0,0.0,360.0,360.0]",normalized_0_1000,CONTROLLED_SOURCE_IMAGE/ada_page_009_tile_r01_c01.png,OMITTED_RAW_MODEL_JSON/visual_logic_page_009_tile_r01_c01.json,extracted_unvalidated,page_009_tile_r01_c01__symbols__tile_r01_c01,flowchart,Use of glucose-lowering medications in the management...,True,True,valid,,"structure: The flowchart contains conditional branching based on patient characteristics and medication classes. The exact thresholds for eGFR are provided in the text boxes.; structure: Some nodes have multiple conditions or actions, which are represented as separate branches within the same node (e.g., SGLT2i with proven HF benefit can lead to dual GIP/GLP-1 RA or GLP-1 RA if symptomatic HFpEF and obesity).; structure: The flowchart does not explicitly state all possible medication combinations for each condition, but it provides clear guidance based on evidence.; actions: The image contains a flowchart that may not be fully visible due to cropping; some nodes might be cut off.; actions: Some text in the flowchart may be partially obscured or truncated, requiring manual review for complete accuracy.; symbols: The flowchart contains multiple decision points based on presence markers. These are not ordinal scales but rather indicators of condition presence.; symbols: Some nodes may have additional text or arrows that are not fully captured in the extracted data due to boundary constraints.",8906032cae921979a11dbaaa02d95b432f8d93ef0e149886c9e6837f20332cc9,8906032cae921979a11dbaaa02d95b432f8d93ef0e149886c9e6837f20332cc9,pending,,,,,False,+,Presence marker indicating a positive condition or status.,"Multiple nodes with '+' prefix, e.g., '+ASCVD+', '+CKD'",+,"[140.0,592.0,840.0,648.0]"
p009-page-009-tile-r01-c02::page-009-tile-r01-c02-symbols-tile-r01-c02::footnote::footnote-001,page_009_tile_r01_c02,9,CONTROLLED_SOURCE_PDF/ADA principles for pharmacologic therapy.pdf,7c2913f79b61bc60f8f51327bb73b80391988fd277116b29e57df4242b2a2404,ac9895088166584c4f4d973a5590b2d315454f82a669fd42fc3648381d58b5a1,tile,"[233.972,0.0,593.972,360.0]",normalized_0_1000,CONTROLLED_SOURCE_IMAGE/ada_page_009_tile_r01_c02.png,OMITTED_RAW_MODEL_JSON/visual_logic_page_009_tile_r01_c02.json,extracted_unvalidated,page_009_tile_r01_c02__symbols__tile_r01_c02,flowchart,Medications in the management of type 2 diabetes,True,True,valid,,"structure: The flowchart contains multiple decision nodes with branching paths that may require manual review to ensure accurate interpretation of clinical guidelines.; structure: Some evidence text is truncated or partially obscured in the image, which may affect complete accuracy of extracted information.; actions: The image is a flowchart with multiple decision points and arrows. Some relationships may cross tile boundaries, requiring manual review for accuracy.; actions: Some text in the image is partially cut off or obscured, which may affect the completeness of extracted information.; symbols: The image is a flowchart with multiple pathways, but the requested extraction focuses only on clinical guideline evidence (symbols or footnotes).; symbols: Some nodes are not fully visible in the provided bounding box, so their content may be incomplete.; symbols: The exact thresholds for eGFR and ACR values are included as symbols.",a20a14310b3b0418ce2eea305f634c829eb26fc8eab6597832cb1bbe9933059b,a20a14310b3b0418ce2eea305f634c829eb26fc8eab6597832cb1bbe9933059b,pending,,,,,False,+CKD,presence_marker,eGFR <60 mL/min/1.73 m² or albuminuria (ACR ≥3.0 mg/mmol [30 mg/g]). Repeat measurement is required to confirm CKD,+CKD eGFR <60 mL/min/1.73 m² or albuminuria (ACR ≥3.0 mg/mmol [30 mg/g]). Repeat measurement is required to confirm CKD,"[42.0,598.0,330.0,694.0]"
p009-page-009-tile-r01-c02::page-009-tile-r01-c02-symbols-tile-r01-c02::footnote::footnote-002,page_009_tile_r01_c02,9,CONTROLLED_SOURCE_PDF/ADA principles for pharmacologic therapy.pdf,7c2913f79b61bc60f8f51327bb73b80391988fd277116b29e57df4242b2a2404,ac9895088166584c4f4d973a5590b2d315454f82a669fd42fc3648381d58b5a1,tile,"[233.972,0.0,593.972,360.0]",normalized_0_1000,CONTROLLED_SOURCE_IMAGE/ada_page_009_tile_r01_c02.png,OMITTED_RAW_MODEL_JSON/visual_logic_page_009_tile_r01_c02.json,extracted_unvalidated,page_009_tile_r01_c02__symbols__tile_r01_c02,flowchart,Medications in the management of type 2 diabetes,True,True,valid,,"structure: The flowchart contains multiple decision nodes with branching paths that may require manual review to ensure accurate interpretation of clinical guidelines.; structure: Some evidence text is truncated or partially obscured in the image, which may affect complete accuracy of extracted information.; actions: The image is a flowchart with multiple decision points and arrows. Some relationships may cross tile boundaries, requiring manual review for accuracy.; actions: Some text in the image is partially cut off or obscured, which may affect the completeness of extracted information.; symbols: The image is a flowchart with multiple pathways, but the requested extraction focuses only on clinical guideline evidence (symbols or footnotes).; symbols: Some nodes are not fully visible in the provided bounding box, so their content may be incomplete.; symbols: The exact thresholds for eGFR and ACR values are included as symbols.",e5907bc9daa1f409e0fa501a0386b2b20881aa79647289013f1b77ecd6420259,e5907bc9daa1f409e0fa501a0386b2b20881aa79647289013f1b77ecd6420259,pending,,,,,False,+Weight management,presence_marker,Efficacy for weight loss,+Weight management Efficacy for weight loss,"[407.0,598.0,513.0,694.0]"
p009-page-009-tile-r01-c02::page-009-tile-r01-c02-symbols-tile-r01-c02::footnote::footnote-003,page_009_tile_r01_c02,9,CONTROLLED_SOURCE_PDF/ADA principles for pharmacologic therapy.pdf,7c2913f79b61bc60f8f51327bb73b80391988fd277116b29e57df4242b2a2404,ac9895088166584c4f4d973a5590b2d315454f82a669fd42fc3648381d58b5a1,tile,"[233.972,0.0,593.972,360.0]",normalized_0_1000,CONTROLLED_SOURCE_IMAGE/ada_page_009_tile_r01_c02.png,OMITTED_RAW_MODEL_JSON/visual_logic_page_009_tile_r01_c02.json,extracted_unvalidated,page_009_tile_r01_c02__symbols__tile_r01_c02,flowchart,Medications in the management of type 2 diabetes,True,True,valid,,"structure: The flowchart contains multiple decision nodes with branching paths that may require manual review to ensure accurate interpretation of clinical guidelines.; structure: Some evidence text is truncated or partially obscured in the image, which may affect complete accuracy of extracted information.; actions: The image is a flowchart with multiple decision points and arrows. Some relationships may cross tile boundaries, requiring manual review for accuracy.; actions: Some text in the image is partially cut off or obscured, which may affect the completeness of extracted information.; symbols: The image is a flowchart with multiple pathways, but the requested extraction focuses only on clinical guideline evidence (symbols or footnotes).; symbols: Some nodes are not fully visible in the provided bounding box, so their content may be incomplete.; symbols: The exact thresholds for eGFR and ACR values are included as symbols.",c6b3eae372ba866848310d073a34be50c6d9010e77063ef0fcaa64255bb41e43,c6b3eae372ba866848310d073a34be50c6d9010e77063ef0fcaa64255bb41e43,pending,,,,,False,+Achievement and maintenance of glycemic goals,presence_marker,Efficacy for glucose lowering,+Achievement and maintenance of glycemic goals Efficacy for glucose lowering,"[530.0,612.0,814.0,709.0]"
p009-page-009-tile-r01-c02::page-009-tile-r01-c02-symbols-tile-r01-c02::footnote::footnote-004,page_009_tile_r01_c02,9,CONTROLLED_SOURCE_PDF/ADA principles for pharmacologic therapy.pdf,7c2913f79b61bc60f8f51327bb73b80391988fd277116b29e57df4242b2a2404,ac9895088166584c4f4d973a5590b2d315454f82a669fd42fc3648381d58b5a1,tile,"[233.972,0.0,593.972,360.0]",normalized_0_1000,CONTROLLED_SOURCE_IMAGE/ada_page_009_tile_r01_c02.png,OMITTED_RAW_MODEL_JSON/visual_logic_page_009_tile_r01_c02.json,extracted_unvalidated,page_009_tile_r01_c02__symbols__tile_r01_c02,flowchart,Medications in the management of type 2 diabetes,True,True,valid,,"structure: The flowchart contains multiple decision nodes with branching paths that may require manual review to ensure accurate interpretation of clinical guidelines.; structure: Some evidence text is truncated or partially obscured in the image, which may affect complete accuracy of extracted information.; actions: The image is a flowchart with multiple decision points and arrows. Some relationships may cross tile boundaries, requiring manual review for accuracy.; actions: Some text in the image is partially cut off or obscured, which may affect the completeness of extracted information.; symbols: The image is a flowchart with multiple pathways, but the requested extraction focuses only on clinical guideline evidence (symbols or footnotes).; symbols: Some nodes are not fully visible in the provided bounding box, so their content may be incomplete.; symbols: The exact thresholds for eGFR and ACR values are included as symbols.",a3be1929daff0aea817eb54a1441431e578f2abf186fbb3867dd5dc66330f338,a3be1929daff0aea817eb54a1441431e578f2abf186fbb3867dd5dc66330f338,pending,,,,,False,+Risk reduction*,presence_marker,eGFR <60 mL/min/1.73 m² or albuminuria (ACR ≥3.0 mg/mmol [30 mg/g]). Repeat measurement is required to confirm CKD,+Risk reduction* eGFR <60 mL/min/1.73 m² or albuminuria (ACR ≥3.0 mg/mmol [30 mg/g]). Repeat measurement is required to confirm CKD,"[42.0,598.0,330.0,694.0]"
p009-page-009-tile-r02-c01::page-009-tile-r02-c01-actions-tile-r02-c01::footnote::footnote-001,page_009_tile_r02_c01,9,CONTROLLED_SOURCE_PDF/ADA principles for pharmacologic therapy.pdf,7c2913f79b61bc60f8f51327bb73b80391988fd277116b29e57df4242b2a2404,936835293d1d5e15feb927064c3384c4f71d8817072e7850048a8ee7cb0d0396,tile,"[0.0,288.0,360.0,648.0]",normalized_0_1000,CONTROLLED_SOURCE_IMAGE/ada_page_009_tile_r02_c01.png,OMITTED_RAW_MODEL_JSON/visual_logic_page_009_tile_r02_c01.json,extracted_unvalidated,page_009_tile_r02_c01__actions__tile_r02_c01,flowchart,Figure 9.4,True,True,valid,,"structure: The image contains multiple decision nodes and arrows that are not fully captured by the provided schema. The flowchart includes conditional branches for SGLT2i initiation based on eGFR thresholds (not explicitly modeled in this extraction).; structure: Some text elements like footnotes or symbols (e.g., ^, #) may be truncated or misinterpreted without full context.; actions: The flowchart contains multiple conditional pathways and recommendations based on patient-specific factors such as eGFR levels and presence of comorbidities. Some evidence is presented as footnotes or symbols, which may require manual review for full context.; actions: The chart does not explicitly state the strength of recommendation (e.g., strong vs. weak) for all actions; it relies on implicit guidance from trial data and clinical judgment.; visual item title derived from manifest figure_ids/table_ids",374121053218c90f9718e923e448b02638174055d7d2f9b0c091f433f658d6b8,374121053218c90f9718e923e448b02638174055d7d2f9b0c091f433f658d6b8,pending,,,,,False,*,"In people with HF, CKD, established CVD, or multiple risk factors for CVD, the decision to use a GLP-1 RA or SGLT2i with proven benefit is based on individualized assessment.",SGLT2i and/or either dual GIP/GLP-1 RA or GLP-1 RA with proven benefit in symptomatic HFpEF and obesity,"* In people with HF, CKD, established CVD, or multiple risk factors for CVD, the decision to use a GLP-1 RA or SGLT2i with proven benefit is based on individualized assessment.","[130.0,785.0,964.0,800.0]"
p009-page-009-tile-r02-c01::page-009-tile-r02-c01-actions-tile-r02-c01::footnote::footnote-002,page_009_tile_r02_c01,9,CONTROLLED_SOURCE_PDF/ADA principles for pharmacologic therapy.pdf,7c2913f79b61bc60f8f51327bb73b80391988fd277116b29e57df4242b2a2404,936835293d1d5e15feb927064c3384c4f71d8817072e7850048a8ee7cb0d0396,tile,"[0.0,288.0,360.0,648.0]",normalized_0_1000,CONTROLLED_SOURCE_IMAGE/ada_page_009_tile_r02_c01.png,OMITTED_RAW_MODEL_JSON/visual_logic_page_009_tile_r02_c01.json,extracted_unvalidated,page_009_tile_r02_c01__actions__tile_r02_c01,flowchart,Figure 9.4,True,True,valid,,"structure: The image contains multiple decision nodes and arrows that are not fully captured by the provided schema. The flowchart includes conditional branches for SGLT2i initiation based on eGFR thresholds (not explicitly modeled in this extraction).; structure: Some text elements like footnotes or symbols (e.g., ^, #) may be truncated or misinterpreted without full context.; actions: The flowchart contains multiple conditional pathways and recommendations based on patient-specific factors such as eGFR levels and presence of comorbidities. Some evidence is presented as footnotes or symbols, which may require manual review for full context.; actions: The chart does not explicitly state the strength of recommendation (e.g., strong vs. weak) for all actions; it relies on implicit guidance from trial data and clinical judgment.; visual item title derived from manifest figure_ids/table_ids",05cfd6407a3c2cd4eb03ea10a151b2219ab8ba92ad8b22d44ecdd818ddd9fcfa,05cfd6407a3c2cd4eb03ea10a151b2219ab8ba92ad8b22d44ecdd818ddd9fcfa,pending,,,,,False,+,Mitigating risk of MASLD or MASH.,Agents with proven or potential benefit in MASLD or MASH,+ Mitigating risk of MASLD or MASH,"[130.0,568.0,964.0,582.0]"
p009-page-009-tile-r02-c01::page-009-tile-r02-c01-actions-tile-r02-c01::footnote::footnote-003,page_009_tile_r02_c01,9,CONTROLLED_SOURCE_PDF/ADA principles for pharmacologic therapy.pdf,7c2913f79b61bc60f8f51327bb73b80391988fd277116b29e57df4242b2a2404,936835293d1d5e15feb927064c3384c4f71d8817072e7850048a8ee7cb0d0396,tile,"[0.0,288.0,360.0,648.0]",normalized_0_1000,CONTROLLED_SOURCE_IMAGE/ada_page_009_tile_r02_c01.png,OMITTED_RAW_MODEL_JSON/visual_logic_page_009_tile_r02_c01.json,extracted_unvalidated,page_009_tile_r02_c01__actions__tile_r02_c01,flowchart,Figure 9.4,True,True,valid,,"structure: The image contains multiple decision nodes and arrows that are not fully captured by the provided schema. The flowchart includes conditional branches for SGLT2i initiation based on eGFR thresholds (not explicitly modeled in this extraction).; structure: Some text elements like footnotes or symbols (e.g., ^, #) may be truncated or misinterpreted without full context.; actions: The flowchart contains multiple conditional pathways and recommendations based on patient-specific factors such as eGFR levels and presence of comorbidities. Some evidence is presented as footnotes or symbols, which may require manual review for full context.; actions: The chart does not explicitly state the strength of recommendation (e.g., strong vs. weak) for all actions; it relies on implicit guidance from trial data and clinical judgment.; visual item title derived from manifest figure_ids/table_ids",87aeda8ee985a1c4d7f18039a6be5613bc78b73d6fab23c7fa69c04dcda9893d,87aeda8ee985a1c4d7f18039a6be5613bc78b73d6fab23c7fa69c04dcda9893d,pending,,,,,False,#,"For GLP-1 RAs, CVOTs demonstrate their efficacy in reducing composite MACE, CV death, all-cause mortality, MI, stroke, and kidney outcomes. A trial demonstrated benefit in reducing persistent eGFR reduction and CV death for a GLP-1 RA in individuals with CKD.",GLP-1 RA with proven CVD benefit,"# For GLP-1 RAs, CVOTs demonstrate their efficacy in reducing composite MACE, CV death, all-cause mortality, MI, stroke, and kidney outcome trial demonstrated benefit in reducing persistent eGFR reduction and CV death for a GLP-1 RA in individuals with CKD","[130.0,925.0,964.0,940.0]"
p009-page-009-tile-r02-c01::page-009-tile-r02-c01-actions-tile-r02-c01::footnote::footnote-004,page_009_tile_r02_c01,9,CONTROLLED_SOURCE_PDF/ADA principles for pharmacologic therapy.pdf,7c2913f79b61bc60f8f51327bb73b80391988fd277116b29e57df4242b2a2404,936835293d1d5e15feb927064c3384c4f71d8817072e7850048a8ee7cb0d0396,tile,"[0.0,288.0,360.0,648.0]",normalized_0_1000,CONTROLLED_SOURCE_IMAGE/ada_page_009_tile_r02_c01.png,OMITTED_RAW_MODEL_JSON/visual_logic_page_009_tile_r02_c01.json,extracted_unvalidated,page_009_tile_r02_c01__actions__tile_r02_c01,flowchart,Figure 9.4,True,True,valid,,"structure: The image contains multiple decision nodes and arrows that are not fully captured by the provided schema. The flowchart includes conditional branches for SGLT2i initiation based on eGFR thresholds (not explicitly modeled in this extraction).; structure: Some text elements like footnotes or symbols (e.g., ^, #) may be truncated or misinterpreted without full context.; actions: The flowchart contains multiple conditional pathways and recommendations based on patient-specific factors such as eGFR levels and presence of comorbidities. Some evidence is presented as footnotes or symbols, which may require manual review for full context.; actions: The chart does not explicitly state the strength of recommendation (e.g., strong vs. weak) for all actions; it relies on implicit guidance from trial data and clinical judgment.; visual item title derived from manifest figure_ids/table_ids",517906dd44bd28c1d652a0af16b6cfc70ca859cf0bde8e0704edf8a6596234d5,517906dd44bd28c1d652a0af16b6cfc70ca859cf0bde8e0704edf8a6596234d5,pending,,,,,False,$,"For SGLT2is, CV and kidney outcomes trials demonstrate their efficacy in reducing the risks of composite MACE, CV death, all-cause mortality, MI, stroke, and kidney events for individuals with established or high risk of CVD.",SGLT2i with primary evidence of reducing CKD progression,"$ For SGLT2is, CV and kidney outcomes trials demonstrate their efficacy in reducing the risks of composite MACE, CV death, all-cause mortality, MI, stroke, and kidney events for individuals with established or high risk of CVD.","[130.0,965.0,964.0,980.0]"
p009-page-009-tile-r02-c01::page-009-tile-r02-c01-symbols-tile-r02-c01::footnote::footnote-001,page_009_tile_r02_c01,9,CONTROLLED_SOURCE_PDF/ADA principles for pharmacologic therapy.pdf,7c2913f79b61bc60f8f51327bb73b80391988fd277116b29e57df4242b2a2404,936835293d1d5e15feb927064c3384c4f71d8817072e7850048a8ee7cb0d0396,tile,"[0.0,288.0,360.0,648.0]",normalized_0_1000,CONTROLLED_SOURCE_IMAGE/ada_page_009_tile_r02_c01.png,OMITTED_RAW_MODEL_JSON/visual_logic_page_009_tile_r02_c01.json,extracted_unvalidated,page_009_tile_r02_c01__symbols__tile_r02_c01,flowchart,Figure 9.4,True,True,valid,,"structure: The image contains multiple decision nodes and arrows that are not fully captured by the provided schema. The flowchart includes conditional branches for SGLT2i initiation based on eGFR thresholds (not explicitly modeled in this extraction).; structure: Some text elements like footnotes or symbols (e.g., ^, #) may be truncated or misinterpreted without full context.; actions: The flowchart contains multiple conditional pathways and recommendations based on patient-specific factors such as eGFR levels and presence of comorbidities. Some evidence is presented as footnotes or symbols, which may require manual review for full context.; actions: The chart does not explicitly state the strength of recommendation (e.g., strong vs. weak) for all actions; it relies on implicit guidance from trial data and clinical judgment.; visual item title derived from manifest figure_ids/table_ids",f970ac4d45162b1c6334e75640a6249d5c1570049fe4ba19dff98328baa90ff7,f970ac4d45162b1c6334e75640a6249d5c1570049fe4ba19dff98328baa90ff7,pending,,,,,False,*,"In people with HF, CKD, established CVD, or multiple risk factors for CVD, the decision to use a GLP-1 RA or SGLT2i with proven benefit...",SGLT2i and/or either dual GIP/GLP-1 RA or GLP-1 RA with proven benefit in symptomatic HFpEF and obesity,"* In people with HF, CKD, established CVD, or multiple risk factors for CVD, the decision to use a GLP-1 RA or SGLT2i with proven benefit...","[130.0,785.0,964.0,800.0]"
p009-page-009-tile-r02-c01::page-009-tile-r02-c01-symbols-tile-r02-c01::footnote::footnote-002,page_009_tile_r02_c01,9,CONTROLLED_SOURCE_PDF/ADA principles for pharmacologic therapy.pdf,7c2913f79b61bc60f8f51327bb73b80391988fd277116b29e57df4242b2a2404,936835293d1d5e15feb927064c3384c4f71d8817072e7850048a8ee7cb0d0396,tile,"[0.0,288.0,360.0,648.0]",normalized_0_1000,CONTROLLED_SOURCE_IMAGE/ada_page_009_tile_r02_c01.png,OMITTED_RAW_MODEL_JSON/visual_logic_page_009_tile_r02_c01.json,extracted_unvalidated,page_009_tile_r02_c01__symbols__tile_r02_c01,flowchart,Figure 9.4,True,True,valid,,"structure: The image contains multiple decision nodes and arrows that are not fully captured by the provided schema. The flowchart includes conditional branches for SGLT2i initiation based on eGFR thresholds (not explicitly modeled in this extraction).; structure: Some text elements like footnotes or symbols (e.g., ^, #) may be truncated or misinterpreted without full context.; actions: The flowchart contains multiple conditional pathways and recommendations based on patient-specific factors such as eGFR levels and presence of comorbidities. Some evidence is presented as footnotes or symbols, which may require manual review for full context.; actions: The chart does not explicitly state the strength of recommendation (e.g., strong vs. weak) for all actions; it relies on implicit guidance from trial data and clinical judgment.; visual item title derived from manifest figure_ids/table_ids",7021e1d229a7a6af8340459257c04ae174fa238901bc9831a062879b77ee5428,7021e1d229a7a6af8340459257c04ae174fa238901bc9831a062879b77ee5428,pending,,,,,False,+,Mitigating risk of MASLD or MASH,Agents with proven or potential benefit in MASLD or MASH,+Mitigating risk of MASLD or MASH,"[130.0,568.0,964.0,582.0]"
p009-page-009-tile-r02-c01::page-009-tile-r02-c01-symbols-tile-r02-c01::footnote::footnote-003,page_009_tile_r02_c01,9,CONTROLLED_SOURCE_PDF/ADA principles for pharmacologic therapy.pdf,7c2913f79b61bc60f8f51327bb73b80391988fd277116b29e57df4242b2a2404,936835293d1d5e15feb927064c3384c4f71d8817072e7850048a8ee7cb0d0396,tile,"[0.0,288.0,360.0,648.0]",normalized_0_1000,CONTROLLED_SOURCE_IMAGE/ada_page_009_tile_r02_c01.png,OMITTED_RAW_MODEL_JSON/visual_logic_page_009_tile_r02_c01.json,extracted_unvalidated,page_009_tile_r02_c01__symbols__tile_r02_c01,flowchart,Figure 9.4,True,True,valid,,"structure: The image contains multiple decision nodes and arrows that are not fully captured by the provided schema. The flowchart includes conditional branches for SGLT2i initiation based on eGFR thresholds (not explicitly modeled in this extraction).; structure: Some text elements like footnotes or symbols (e.g., ^, #) may be truncated or misinterpreted without full context.; actions: The flowchart contains multiple conditional pathways and recommendations based on patient-specific factors such as eGFR levels and presence of comorbidities. Some evidence is presented as footnotes or symbols, which may require manual review for full context.; actions: The chart does not explicitly state the strength of recommendation (e.g., strong vs. weak) for all actions; it relies on implicit guidance from trial data and clinical judgment.; visual item title derived from manifest figure_ids/table_ids",15c7085012c86cf1a9fbe1eec537e61bcd68ac4be3b6c6966e5dd0378408d0df,15c7085012c86cf1a9fbe1eec537e61bcd68ac4be3b6c6966e5dd0378408d0df,pending,,,,,False,#,"For GLP-1 RAs, CVOTs demonstrate their efficacy in reducing composite MACE, CV death, all-cause mortality, MI, stroke, and kidney e...",GLP-1 RA with proven CKD benefit,"# For GLP-1 RAs, CVOTs demonstrate their efficacy in reducing composite MACE, CV death, all-cause mortality, MI, stroke, and kidney e...","[130.0,925.0,964.0,940.0]"
p009-page-009-tile-r02-c01::page-009-tile-r02-c01-symbols-tile-r02-c01::footnote::footnote-004,page_009_tile_r02_c01,9,CONTROLLED_SOURCE_PDF/ADA principles for pharmacologic therapy.pdf,7c2913f79b61bc60f8f51327bb73b80391988fd277116b29e57df4242b2a2404,936835293d1d5e15feb927064c3384c4f71d8817072e7850048a8ee7cb0d0396,tile,"[0.0,288.0,360.0,648.0]",normalized_0_1000,CONTROLLED_SOURCE_IMAGE/ada_page_009_tile_r02_c01.png,OMITTED_RAW_MODEL_JSON/visual_logic_page_009_tile_r02_c01.json,extracted_unvalidated,page_009_tile_r02_c01__symbols__tile_r02_c01,flowchart,Figure 9.4,True,True,valid,,"structure: The image contains multiple decision nodes and arrows that are not fully captured by the provided schema. The flowchart includes conditional branches for SGLT2i initiation based on eGFR thresholds (not explicitly modeled in this extraction).; structure: Some text elements like footnotes or symbols (e.g., ^, #) may be truncated or misinterpreted without full context.; actions: The flowchart contains multiple conditional pathways and recommendations based on patient-specific factors such as eGFR levels and presence of comorbidities. Some evidence is presented as footnotes or symbols, which may require manual review for full context.; actions: The chart does not explicitly state the strength of recommendation (e.g., strong vs. weak) for all actions; it relies on implicit guidance from trial data and clinical judgment.; visual item title derived from manifest figure_ids/table_ids",e7523767f66f94f18025b771e77b56945b827e641a2383b7c8a80d7074c19c3c,e7523767f66f94f18025b771e77b56945b827e641a2383b7c8a80d7074c19c3c,pending,,,,,False,$,"For SGLT2is, CV and kidney outcomes trials demonstrate their efficacy in reducing the risks of composite MACE, CV death, all-cause m...",SGLT2i with primary evidence of reducing CKD progression,"$ For SGLT2is, CV and kidney outcomes trials demonstrate their efficacy in reducing the risks of composite MACE, CV death, all-cause m...","[130.0,965.0,964.0,980.0]"
p009-page-009-tile-r02-c02::page-009-tile-r02-c02-symbols-tile-r02-c02::footnote::footnote-001,page_009_tile_r02_c02,9,CONTROLLED_SOURCE_PDF/ADA principles for pharmacologic therapy.pdf,7c2913f79b61bc60f8f51327bb73b80391988fd277116b29e57df4242b2a2404,16c3522a55a32f083a61b6c439e61e267b7d6d3d8e66f8cfe911c1143cba8dab,tile,"[233.972,288.0,593.972,648.0]",normalized_0_1000,CONTROLLED_SOURCE_IMAGE/ada_page_009_tile_r02_c02.png,OMITTED_RAW_MODEL_JSON/visual_logic_page_009_tile_r02_c02.json,extracted_unvalidated,page_009_tile_r02_c02__symbols__tile_r02_c02,flowchart,Clinical Guideline Evidence for Glycemic Management in T2D with CKD or MASLD/MASH,True,True,valid,,"actions: The provided image is a flowchart with multiple decision points and drug recommendations. The extraction process has been designed to capture the visible text within each box or arrow, preserving the logical structure of the guidelines as presented in the original document.; symbols: The flowchart contains multiple decision points and treatment recommendations that are not fully captured in a single structured output. Some relationships may require manual review due to boundary-crossing arrows or implicit logic.; symbols: Certain symbols like '+' are used as presence markers but do not represent ordinal scales, which is consistent with the provided schema.; structure: Some text is partially cut off or obscured in the image.; structure: The flowchart may not be fully complete as some connections are implied rather than explicitly drawn.",4f5062668339e9fe46c52d8ae574e9a82ef4786bf91b3b3ab0a1916abe830536,4f5062668339e9fe46c52d8ae574e9a82ef4786bf91b3b3ab0a1916abe830536,pending,,,,,False,+,presence_marker,CKD,"The presence marker '+' is used in the context of 'CKD' to indicate a specific condition or risk factor, but its exact role as an ordinal scale is not defined here.","[234.0,288.0,594.0,648.0]"
p009-page-009-tile-r03-c01::page-009-tile-r03-c01-actions-tile-0::footnote::footnote-001,page_009_tile_r03_c01,9,CONTROLLED_SOURCE_PDF/ADA principles for pharmacologic therapy.pdf,7c2913f79b61bc60f8f51327bb73b80391988fd277116b29e57df4242b2a2404,3154eb177bed280435b48352abedf71aabb52d08e790a9a99b77d726731f937d,tile,"[0.0,422.986,360.0,782.986]",normalized_0_1000,CONTROLLED_SOURCE_IMAGE/ada_page_009_tile_r03_c01.png,OMITTED_RAW_MODEL_JSON/visual_logic_page_009_tile_r03_c01.json,extracted_unvalidated,page_009_tile_r03_c01__actions__tile_0,flowchart,Figure 9.4—Use of glucose-lowering medications in the management of type 2 diabetes.,True,True,valid,,"structure: No evidence for 'ordinal_symbols' or 'drug_actions'.; structure: All visible decision nodes and arrows are extracted as per schema.; structure: Figure title is included in visual_item's title field.; actions: The image contains a flowchart with multiple decision points and arrows indicating relationships between nodes. The extraction process has preserved the visible text, symbols, and their positions within the bounding box provided.; actions: Some elements may require manual review due to potential boundary-crossing relationships or unclear arrow endpoints.; symbols: The image is a flowchart that includes multiple decision points and recommendations. The extraction focuses on the visible symbols (like +, *, #, †, ≈, ‡, ^) and their associated text, which are typically footnotes or annotations in clinical guidelines.",ab876f529d2a6f3204c8f8aefcb6f93beb08d980955959a636ec3e25385945fb,ab876f529d2a6f3204c8f8aefcb6f93beb08d980955959a636ec3e25385945fb,pending,,,,,False,*,"In people with HF, CKD, established CVD, or multiple risk factors for CVD, the decision to use a GLP-1 RA or SGLT2i with proven benefit...",GLP-1 RA and SGLT2i usage,"* In people with HF, CKD, established CVD, or multiple risk factors for CVD, the decision to use a GLP-1 RA or SGLT2i with proven benefit...","[130.5,407.986,360.0,432.986]"
p009-page-009-tile-r03-c01::page-009-tile-r03-c01-actions-tile-0::footnote::footnote-002,page_009_tile_r03_c01,9,CONTROLLED_SOURCE_PDF/ADA principles for pharmacologic therapy.pdf,7c2913f79b61bc60f8f51327bb73b80391988fd277116b29e57df4242b2a2404,3154eb177bed280435b48352abedf71aabb52d08e790a9a99b77d726731f937d,tile,"[0.0,422.986,360.0,782.986]",normalized_0_1000,CONTROLLED_SOURCE_IMAGE/ada_page_009_tile_r03_c01.png,OMITTED_RAW_MODEL_JSON/visual_logic_page_009_tile_r03_c01.json,extracted_unvalidated,page_009_tile_r03_c01__actions__tile_0,flowchart,Figure 9.4—Use of glucose-lowering medications in the management of type 2 diabetes.,True,True,valid,,"structure: No evidence for 'ordinal_symbols' or 'drug_actions'.; structure: All visible decision nodes and arrows are extracted as per schema.; structure: Figure title is included in visual_item's title field.; actions: The image contains a flowchart with multiple decision points and arrows indicating relationships between nodes. The extraction process has preserved the visible text, symbols, and their positions within the bounding box provided.; actions: Some elements may require manual review due to potential boundary-crossing relationships or unclear arrow endpoints.; symbols: The image is a flowchart that includes multiple decision points and recommendations. The extraction focuses on the visible symbols (like +, *, #, †, ≈, ‡, ^) and their associated text, which are typically footnotes or annotations in clinical guidelines.",dde295fbec42252e33ea8c8fcbac78d05c1b2845e074f97bade8f13bc3b8842a,dde295fbec42252e33ea8c8fcbac78d05c1b2845e074f97bade8f13bc3b8842a,pending,,,,,False,+,Mitigating risk of MASLD or MASH,MASLD/MASH Risk Mitigation,+Mitigating risk of MASLD or MASH,"[130.5,207.986,360.0,232.986]"
p009-page-009-tile-r03-c01::page-009-tile-r03-c01-actions-tile-0::footnote::footnote-003,page_009_tile_r03_c01,9,CONTROLLED_SOURCE_PDF/ADA principles for pharmacologic therapy.pdf,7c2913f79b61bc60f8f51327bb73b80391988fd277116b29e57df4242b2a2404,3154eb177bed280435b48352abedf71aabb52d08e790a9a99b77d726731f937d,tile,"[0.0,422.986,360.0,782.986]",normalized_0_1000,CONTROLLED_SOURCE_IMAGE/ada_page_009_tile_r03_c01.png,OMITTED_RAW_MODEL_JSON/visual_logic_page_009_tile_r03_c01.json,extracted_unvalidated,page_009_tile_r03_c01__actions__tile_0,flowchart,Figure 9.4—Use of glucose-lowering medications in the management of type 2 diabetes.,True,True,valid,,"structure: No evidence for 'ordinal_symbols' or 'drug_actions'.; structure: All visible decision nodes and arrows are extracted as per schema.; structure: Figure title is included in visual_item's title field.; actions: The image contains a flowchart with multiple decision points and arrows indicating relationships between nodes. The extraction process has preserved the visible text, symbols, and their positions within the bounding box provided.; actions: Some elements may require manual review due to potential boundary-crossing relationships or unclear arrow endpoints.; symbols: The image is a flowchart that includes multiple decision points and recommendations. The extraction focuses on the visible symbols (like +, *, #, †, ≈, ‡, ^) and their associated text, which are typically footnotes or annotations in clinical guidelines.",b6828c6cc489bb9dcc9174f4aab2df533c82c6ad4d22d7c60d60ea2a66120c91,b6828c6cc489bb9dcc9174f4aab2df533c82c6ad4d22d7c60d60ea2a66120c91,pending,,,,,False,#,"For GLP-1 RAs, CVOTs demonstrate their efficacy in reducing composite MACE, CV death, all-cause mortality, MI, stroke, and kidney outcomes.",GLP-1 RA Efficacy,"# For GLP-1 RAs, CVOTs demonstrate their efficacy in reducing composite MACE, CV death, all-cause mortality, MI, stroke, and kidney...","[130.5,547.986,360.0,572.986]"
p009-page-009-tile-r03-c01::page-009-tile-r03-c01-actions-tile-0::footnote::footnote-004,page_009_tile_r03_c01,9,CONTROLLED_SOURCE_PDF/ADA principles for pharmacologic therapy.pdf,7c2913f79b61bc60f8f51327bb73b80391988fd277116b29e57df4242b2a2404,3154eb177bed280435b48352abedf71aabb52d08e790a9a99b77d726731f937d,tile,"[0.0,422.986,360.0,782.986]",normalized_0_1000,CONTROLLED_SOURCE_IMAGE/ada_page_009_tile_r03_c01.png,OMITTED_RAW_MODEL_JSON/visual_logic_page_009_tile_r03_c01.json,extracted_unvalidated,page_009_tile_r03_c01__actions__tile_0,flowchart,Figure 9.4—Use of glucose-lowering medications in the management of type 2 diabetes.,True,True,valid,,"structure: No evidence for 'ordinal_symbols' or 'drug_actions'.; structure: All visible decision nodes and arrows are extracted as per schema.; structure: Figure title is included in visual_item's title field.; actions: The image contains a flowchart with multiple decision points and arrows indicating relationships between nodes. The extraction process has preserved the visible text, symbols, and their positions within the bounding box provided.; actions: Some elements may require manual review due to potential boundary-crossing relationships or unclear arrow endpoints.; symbols: The image is a flowchart that includes multiple decision points and recommendations. The extraction focuses on the visible symbols (like +, *, #, †, ≈, ‡, ^) and their associated text, which are typically footnotes or annotations in clinical guidelines.",9e9325c9f44a586cc0765bb3227df68f025a0f8ca0f243be9c6812cfab891903,9e9325c9f44a586cc0765bb3227df68f025a0f8ca0f243be9c6812cfab891903,pending,,,,,False,†,"ASCVD: Defined differently across CVOTs but all included individuals with established CVD (e.g., MI, stroke, and arterial revascularization).",ASCVD Definition,"† ASCVD: Defined differently across CVOTs but all included individuals with established CVD (e.g., MI, stroke, and arterial revascularization)...","[130.5,432.986,360.0,472.986]"
p009-page-009-tile-r03-c01::page-009-tile-r03-c01-actions-tile-0::footnote::footnote-005,page_009_tile_r03_c01,9,CONTROLLED_SOURCE_PDF/ADA principles for pharmacologic therapy.pdf,7c2913f79b61bc60f8f51327bb73b80391988fd277116b29e57df4242b2a2404,3154eb177bed280435b48352abedf71aabb52d08e790a9a99b77d726731f937d,tile,"[0.0,422.986,360.0,782.986]",normalized_0_1000,CONTROLLED_SOURCE_IMAGE/ada_page_009_tile_r03_c01.png,OMITTED_RAW_MODEL_JSON/visual_logic_page_009_tile_r03_c01.json,extracted_unvalidated,page_009_tile_r03_c01__actions__tile_0,flowchart,Figure 9.4—Use of glucose-lowering medications in the management of type 2 diabetes.,True,True,valid,,"structure: No evidence for 'ordinal_symbols' or 'drug_actions'.; structure: All visible decision nodes and arrows are extracted as per schema.; structure: Figure title is included in visual_item's title field.; actions: The image contains a flowchart with multiple decision points and arrows indicating relationships between nodes. The extraction process has preserved the visible text, symbols, and their positions within the bounding box provided.; actions: Some elements may require manual review due to potential boundary-crossing relationships or unclear arrow endpoints.; symbols: The image is a flowchart that includes multiple decision points and recommendations. The extraction focuses on the visible symbols (like +, *, #, †, ≈, ‡, ^) and their associated text, which are typically footnotes or annotations in clinical guidelines.",5ed60e4233d8a3e84c59fdd164b6eb538a36ed75326b8b6d510b0e58513d6335,5ed60e4233d8a3e84c59fdd164b6eb538a36ed75326b8b6d510b0e58513d6335,pending,,,,,False,≈,A strong recommendation is warranted for people with CVD and a weaker recommendation for those with indicators of high risk CVD.,Recommendation Strength,≈ A strong recommendation is warranted for people with CVD and a weaker recommendation for those with indicators of high risk CVD. Individuals who are...,"[130.5,472.986,360.0,512.986]"
p009-page-009-tile-r03-c01::page-009-tile-r03-c01-actions-tile-0::footnote::footnote-006,page_009_tile_r03_c01,9,CONTROLLED_SOURCE_PDF/ADA principles for pharmacologic therapy.pdf,7c2913f79b61bc60f8f51327bb73b80391988fd277116b29e57df4242b2a2404,3154eb177bed280435b48352abedf71aabb52d08e790a9a99b77d726731f937d,tile,"[0.0,422.986,360.0,782.986]",normalized_0_1000,CONTROLLED_SOURCE_IMAGE/ada_page_009_tile_r03_c01.png,OMITTED_RAW_MODEL_JSON/visual_logic_page_009_tile_r03_c01.json,extracted_unvalidated,page_009_tile_r03_c01__actions__tile_0,flowchart,Figure 9.4—Use of glucose-lowering medications in the management of type 2 diabetes.,True,True,valid,,"structure: No evidence for 'ordinal_symbols' or 'drug_actions'.; structure: All visible decision nodes and arrows are extracted as per schema.; structure: Figure title is included in visual_item's title field.; actions: The image contains a flowchart with multiple decision points and arrows indicating relationships between nodes. The extraction process has preserved the visible text, symbols, and their positions within the bounding box provided.; actions: Some elements may require manual review due to potential boundary-crossing relationships or unclear arrow endpoints.; symbols: The image is a flowchart that includes multiple decision points and recommendations. The extraction focuses on the visible symbols (like +, *, #, †, ≈, ‡, ^) and their associated text, which are typically footnotes or annotations in clinical guidelines.",764f08ba7bcd7054d7f639ebb533511a70788404e0829602d2618ee17c8c4e63,764f08ba7bcd7054d7f639ebb533511a70788404e0829602d2618ee17c8c4e63,pending,,,,,False,‡,"For SGLT2is, CV and kidney outcomes trials demonstrate their efficacy in reducing the risks of composite MACE, CV death, all-cause mortality.",SGLT2i Efficacy,"‡ For SGLT2is, CV and kidney outcomes trials demonstrate their efficacy in reducing the risks of composite MACE, CV death, all-cause mortality...","[130.5,572.986,360.0,612.986]"
p009-page-009-tile-r03-c01::page-009-tile-r03-c01-actions-tile-0::footnote::footnote-007,page_009_tile_r03_c01,9,CONTROLLED_SOURCE_PDF/ADA principles for pharmacologic therapy.pdf,7c2913f79b61bc60f8f51327bb73b80391988fd277116b29e57df4242b2a2404,3154eb177bed280435b48352abedf71aabb52d08e790a9a99b77d726731f937d,tile,"[0.0,422.986,360.0,782.986]",normalized_0_1000,CONTROLLED_SOURCE_IMAGE/ada_page_009_tile_r03_c01.png,OMITTED_RAW_MODEL_JSON/visual_logic_page_009_tile_r03_c01.json,extracted_unvalidated,page_009_tile_r03_c01__actions__tile_0,flowchart,Figure 9.4—Use of glucose-lowering medications in the management of type 2 diabetes.,True,True,valid,,"structure: No evidence for 'ordinal_symbols' or 'drug_actions'.; structure: All visible decision nodes and arrows are extracted as per schema.; structure: Figure title is included in visual_item's title field.; actions: The image contains a flowchart with multiple decision points and arrows indicating relationships between nodes. The extraction process has preserved the visible text, symbols, and their positions within the bounding box provided.; actions: Some elements may require manual review due to potential boundary-crossing relationships or unclear arrow endpoints.; symbols: The image is a flowchart that includes multiple decision points and recommendations. The extraction focuses on the visible symbols (like +, *, #, †, ≈, ‡, ^) and their associated text, which are typically footnotes or annotations in clinical guidelines.",45140303ae398f27fcfdb76e66e64236459da2fc1c86a6a180155bf21ecac56f,45140303ae398f27fcfdb76e66e64236459da2fc1c86a6a180155bf21ecac56f,pending,,,,,False,^,Low-dose pioglitazone may be better tolerated and similarly effective as higher doses.,Pioglitazone Dosing,^ Low-dose pioglitazone may be better tolerated and similarly effective as higher doses.,"[130.5,647.986,360.0,672.986]"
p009-page-009-tile-r03-c01::page-009-tile-r03-c01-symbols-tile-0::footnote::footnote-001,page_009_tile_r03_c01,9,CONTROLLED_SOURCE_PDF/ADA principles for pharmacologic therapy.pdf,7c2913f79b61bc60f8f51327bb73b80391988fd277116b29e57df4242b2a2404,3154eb177bed280435b48352abedf71aabb52d08e790a9a99b77d726731f937d,tile,"[0.0,422.986,360.0,782.986]",normalized_0_1000,CONTROLLED_SOURCE_IMAGE/ada_page_009_tile_r03_c01.png,OMITTED_RAW_MODEL_JSON/visual_logic_page_009_tile_r03_c01.json,extracted_unvalidated,page_009_tile_r03_c01__symbols__tile_0,flowchart,Figure 9.4—Use of glucose-lowering medications in the management of type 2 diabetes.,True,True,valid,,"structure: No evidence for 'ordinal_symbols' or 'drug_actions'.; structure: All visible decision nodes and arrows are extracted as per schema.; structure: Figure title is included in visual_item's title field.; actions: The image contains a flowchart with multiple decision points and arrows indicating relationships between nodes. The extraction process has preserved the visible text, symbols, and their positions within the bounding box provided.; actions: Some elements may require manual review due to potential boundary-crossing relationships or unclear arrow endpoints.; symbols: The image is a flowchart that includes multiple decision points and recommendations. The extraction focuses on the visible symbols (like +, *, #, †, ≈, ‡, ^) and their associated text, which are typically footnotes or annotations in clinical guidelines.",0f7548a0f47ba2aef1a246bd9a38972388074ee83960467c0ba573688ce2046b,0f7548a0f47ba2aef1a246bd9a38972388074ee83960467c0ba573688ce2046b,pending,,,,,False,*,"In people with HF, CKD, established CVD, or multiple risk factors for CVD, the decision to use a GLP-1 RA or SGLT2i with proven benefit...",Decision-making for GLP-1 RA or SGLT2i in high-risk populations,"* In people with HF, CKD, established CVD, or multiple risk factors for CVD, the decision to use a GLP-1 RA or SGLT2i with proven benefit...","[130.5,407.986,999.0,437.986]"
p009-page-009-tile-r03-c01::page-009-tile-r03-c01-symbols-tile-0::footnote::footnote-002,page_009_tile_r03_c01,9,CONTROLLED_SOURCE_PDF/ADA principles for pharmacologic therapy.pdf,7c2913f79b61bc60f8f51327bb73b80391988fd277116b29e57df4242b2a2404,3154eb177bed280435b48352abedf71aabb52d08e790a9a99b77d726731f937d,tile,"[0.0,422.986,360.0,782.986]",normalized_0_1000,CONTROLLED_SOURCE_IMAGE/ada_page_009_tile_r03_c01.png,OMITTED_RAW_MODEL_JSON/visual_logic_page_009_tile_r03_c01.json,extracted_unvalidated,page_009_tile_r03_c01__symbols__tile_0,flowchart,Figure 9.4—Use of glucose-lowering medications in the management of type 2 diabetes.,True,True,valid,,"structure: No evidence for 'ordinal_symbols' or 'drug_actions'.; structure: All visible decision nodes and arrows are extracted as per schema.; structure: Figure title is included in visual_item's title field.; actions: The image contains a flowchart with multiple decision points and arrows indicating relationships between nodes. The extraction process has preserved the visible text, symbols, and their positions within the bounding box provided.; actions: Some elements may require manual review due to potential boundary-crossing relationships or unclear arrow endpoints.; symbols: The image is a flowchart that includes multiple decision points and recommendations. The extraction focuses on the visible symbols (like +, *, #, †, ≈, ‡, ^) and their associated text, which are typically footnotes or annotations in clinical guidelines.",87d705248b3e3fce58b02d0219a6abb17fd33ed33828756f157216c848a39f0c,87d705248b3e3fce58b02d0219a6abb17fd33ed33828756f157216c848a39f0c,pending,,,,,False,+,Mitigating risk of MASLD or MASH,Risk mitigation for metabolic liver disease,+Mitigating risk of MASLD or MASH,"[130.5,207.986,999.0,237.986]"
p009-page-009-tile-r03-c01::page-009-tile-r03-c01-symbols-tile-0::footnote::footnote-003,page_009_tile_r03_c01,9,CONTROLLED_SOURCE_PDF/ADA principles for pharmacologic therapy.pdf,7c2913f79b61bc60f8f51327bb73b80391988fd277116b29e57df4242b2a2404,3154eb177bed280435b48352abedf71aabb52d08e790a9a99b77d726731f937d,tile,"[0.0,422.986,360.0,782.986]",normalized_0_1000,CONTROLLED_SOURCE_IMAGE/ada_page_009_tile_r03_c01.png,OMITTED_RAW_MODEL_JSON/visual_logic_page_009_tile_r03_c01.json,extracted_unvalidated,page_009_tile_r03_c01__symbols__tile_0,flowchart,Figure 9.4—Use of glucose-lowering medications in the management of type 2 diabetes.,True,True,valid,,"structure: No evidence for 'ordinal_symbols' or 'drug_actions'.; structure: All visible decision nodes and arrows are extracted as per schema.; structure: Figure title is included in visual_item's title field.; actions: The image contains a flowchart with multiple decision points and arrows indicating relationships between nodes. The extraction process has preserved the visible text, symbols, and their positions within the bounding box provided.; actions: Some elements may require manual review due to potential boundary-crossing relationships or unclear arrow endpoints.; symbols: The image is a flowchart that includes multiple decision points and recommendations. The extraction focuses on the visible symbols (like +, *, #, †, ≈, ‡, ^) and their associated text, which are typically footnotes or annotations in clinical guidelines.",4f9d7edc50ea4bf34d7e510b9a404d65d57f01259490fdeb9ea7227ab37e31ab,4f9d7edc50ea4bf34d7e510b9a404d65d57f01259490fdeb9ea7227ab37e31ab,pending,,,,,False,#,"For GLP-1 RAs, CVOTs demonstrate their efficacy in reducing composite MACE, CV death, all-cause mortality, MI, stroke, and kidney...",GLP-1 RA cardiovascular outcomes,"# For GLP-1 RAs, CVOTs demonstrate their efficacy in reducing composite MACE, CV death, all-cause mortality, MI, stroke, and kidney...","[130.5,547.986,999.0,577.986]"
p009-page-009-tile-r03-c01::page-009-tile-r03-c01-symbols-tile-0::footnote::footnote-004,page_009_tile_r03_c01,9,CONTROLLED_SOURCE_PDF/ADA principles for pharmacologic therapy.pdf,7c2913f79b61bc60f8f51327bb73b80391988fd277116b29e57df4242b2a2404,3154eb177bed280435b48352abedf71aabb52d08e790a9a99b77d726731f937d,tile,"[0.0,422.986,360.0,782.986]",normalized_0_1000,CONTROLLED_SOURCE_IMAGE/ada_page_009_tile_r03_c01.png,OMITTED_RAW_MODEL_JSON/visual_logic_page_009_tile_r03_c01.json,extracted_unvalidated,page_009_tile_r03_c01__symbols__tile_0,flowchart,Figure 9.4—Use of glucose-lowering medications in the management of type 2 diabetes.,True,True,valid,,"structure: No evidence for 'ordinal_symbols' or 'drug_actions'.; structure: All visible decision nodes and arrows are extracted as per schema.; structure: Figure title is included in visual_item's title field.; actions: The image contains a flowchart with multiple decision points and arrows indicating relationships between nodes. The extraction process has preserved the visible text, symbols, and their positions within the bounding box provided.; actions: Some elements may require manual review due to potential boundary-crossing relationships or unclear arrow endpoints.; symbols: The image is a flowchart that includes multiple decision points and recommendations. The extraction focuses on the visible symbols (like +, *, #, †, ≈, ‡, ^) and their associated text, which are typically footnotes or annotations in clinical guidelines.",f0deb9340495e3b6e886482abaa444291a776227df936954be13dc2fe3c01262,f0deb9340495e3b6e886482abaa444291a776227df936954be13dc2fe3c01262,pending,,,,,False,†,"ASCVD: Defined differently across CVOTs but all included individuals with established CVD (e.g., MI, stroke, and arterial revascularization...)",Definition of ASCVD in clinical trials,"† ASCVD: Defined differently across CVOTs but all included individuals with established CVD (e.g., MI, stroke, and arterial revascularization...)","[130.5,437.986,999.0,467.986]"
p009-page-009-tile-r03-c01::page-009-tile-r03-c01-symbols-tile-0::footnote::footnote-005,page_009_tile_r03_c01,9,CONTROLLED_SOURCE_PDF/ADA principles for pharmacologic therapy.pdf,7c2913f79b61bc60f8f51327bb73b80391988fd277116b29e57df4242b2a2404,3154eb177bed280435b48352abedf71aabb52d08e790a9a99b77d726731f937d,tile,"[0.0,422.986,360.0,782.986]",normalized_0_1000,CONTROLLED_SOURCE_IMAGE/ada_page_009_tile_r03_c01.png,OMITTED_RAW_MODEL_JSON/visual_logic_page_009_tile_r03_c01.json,extracted_unvalidated,page_009_tile_r03_c01__symbols__tile_0,flowchart,Figure 9.4—Use of glucose-lowering medications in the management of type 2 diabetes.,True,True,valid,,"structure: No evidence for 'ordinal_symbols' or 'drug_actions'.; structure: All visible decision nodes and arrows are extracted as per schema.; structure: Figure title is included in visual_item's title field.; actions: The image contains a flowchart with multiple decision points and arrows indicating relationships between nodes. The extraction process has preserved the visible text, symbols, and their positions within the bounding box provided.; actions: Some elements may require manual review due to potential boundary-crossing relationships or unclear arrow endpoints.; symbols: The image is a flowchart that includes multiple decision points and recommendations. The extraction focuses on the visible symbols (like +, *, #, †, ≈, ‡, ^) and their associated text, which are typically footnotes or annotations in clinical guidelines.",87d9bc40860b2e1a09e3325d5d80dc25ad78c29132d0ebbc83c1a50dbf392ded,87d9bc40860b2e1a09e3325d5d80dc25ad78c29132d0ebbc83c1a50dbf392ded,pending,,,,,False,≈,A strong recommendation is warranted for people with CVD and a weaker recommendation for those with indicators of high risk CVD.,Recommendation strength based on CVD status,≈ A strong recommendation is warranted for people with CVD and a weaker recommendation for those with indicators of high risk CVD. Individuals who are at higher levels of baseline risk should be factored into the shared decision-making process.,"[130.5,467.986,999.0,527.986]"
p009-page-009-tile-r03-c01::page-009-tile-r03-c01-symbols-tile-0::footnote::footnote-006,page_009_tile_r03_c01,9,CONTROLLED_SOURCE_PDF/ADA principles for pharmacologic therapy.pdf,7c2913f79b61bc60f8f51327bb73b80391988fd277116b29e57df4242b2a2404,3154eb177bed280435b48352abedf71aabb52d08e790a9a99b77d726731f937d,tile,"[0.0,422.986,360.0,782.986]",normalized_0_1000,CONTROLLED_SOURCE_IMAGE/ada_page_009_tile_r03_c01.png,OMITTED_RAW_MODEL_JSON/visual_logic_page_009_tile_r03_c01.json,extracted_unvalidated,page_009_tile_r03_c01__symbols__tile_0,flowchart,Figure 9.4—Use of glucose-lowering medications in the management of type 2 diabetes.,True,True,valid,,"structure: No evidence for 'ordinal_symbols' or 'drug_actions'.; structure: All visible decision nodes and arrows are extracted as per schema.; structure: Figure title is included in visual_item's title field.; actions: The image contains a flowchart with multiple decision points and arrows indicating relationships between nodes. The extraction process has preserved the visible text, symbols, and their positions within the bounding box provided.; actions: Some elements may require manual review due to potential boundary-crossing relationships or unclear arrow endpoints.; symbols: The image is a flowchart that includes multiple decision points and recommendations. The extraction focuses on the visible symbols (like +, *, #, †, ≈, ‡, ^) and their associated text, which are typically footnotes or annotations in clinical guidelines.",68b39d30a0a3366f58c37096ff6e0c3e9475ce4fb364b053c016c2645382a220,68b39d30a0a3366f58c37096ff6e0c3e9475ce4fb364b053c016c2645382a220,pending,,,,,False,‡,"For SGLT2is, CV and kidney outcomes trials demonstrate their efficacy in reducing the risks of composite MACE, CV death, all-cause mortality...",SGLT2i cardiovascular and renal outcomes,"‡ For SGLT2is, CV and kidney outcomes trials demonstrate their efficacy in reducing the risks of composite MACE, CV death, all-cause mortality... for individuals with established or high risk of CVD.","[130.5,577.986,999.0,607.986]"
p009-page-009-tile-r03-c01::page-009-tile-r03-c01-symbols-tile-0::footnote::footnote-007,page_009_tile_r03_c01,9,CONTROLLED_SOURCE_PDF/ADA principles for pharmacologic therapy.pdf,7c2913f79b61bc60f8f51327bb73b80391988fd277116b29e57df4242b2a2404,3154eb177bed280435b48352abedf71aabb52d08e790a9a99b77d726731f937d,tile,"[0.0,422.986,360.0,782.986]",normalized_0_1000,CONTROLLED_SOURCE_IMAGE/ada_page_009_tile_r03_c01.png,OMITTED_RAW_MODEL_JSON/visual_logic_page_009_tile_r03_c01.json,extracted_unvalidated,page_009_tile_r03_c01__symbols__tile_0,flowchart,Figure 9.4—Use of glucose-lowering medications in the management of type 2 diabetes.,True,True,valid,,"structure: No evidence for 'ordinal_symbols' or 'drug_actions'.; structure: All visible decision nodes and arrows are extracted as per schema.; structure: Figure title is included in visual_item's title field.; actions: The image contains a flowchart with multiple decision points and arrows indicating relationships between nodes. The extraction process has preserved the visible text, symbols, and their positions within the bounding box provided.; actions: Some elements may require manual review due to potential boundary-crossing relationships or unclear arrow endpoints.; symbols: The image is a flowchart that includes multiple decision points and recommendations. The extraction focuses on the visible symbols (like +, *, #, †, ≈, ‡, ^) and their associated text, which are typically footnotes or annotations in clinical guidelines.",c09bc03626a9c1d151178d2ae08d734ac993100104d96cfa6548a626f5991fc0,c09bc03626a9c1d151178d2ae08d734ac993100104d96cfa6548a626f5991fc0,pending,,,,,False,^,Low-dose pioglitazone may be better tolerated and similarly effective as higher doses.,Dosing strategy for pioglitazone,^ Low-dose pioglitazone may be better tolerated and similarly effective as higher doses.,"[130.5,647.986,999.0,677.986]"
p009-page-009-tile-r03-c02::page-009-tile-r03-c02-symbols-tile-r03-c02::footnote::footnote-001,page_009_tile_r03_c02,9,CONTROLLED_SOURCE_PDF/ADA principles for pharmacologic therapy.pdf,7c2913f79b61bc60f8f51327bb73b80391988fd277116b29e57df4242b2a2404,cad6ccc08acb141c1614c55c006bdd7a2fe9a990d35d5625e05b34183b827230,tile,"[233.972,422.986,593.972,782.986]",normalized_0_1000,CONTROLLED_SOURCE_IMAGE/ada_page_009_tile_r03_c02.png,OMITTED_RAW_MODEL_JSON/visual_logic_page_009_tile_r03_c02.json,extracted_unvalidated,page_009_tile_r03_c02__symbols__tile_r03_c02,flowchart,Clinical Guideline Evidence for Type 2 Diabetes Management Algorithm,True,True,valid,,"structure: The image contains fragmented text that may not fully represent the original guideline's structure or content.; structure: Some evidence bounding boxes are approximate due to OCR limitations.; structure: The flowchart is adapted from Davies et al. (90), but specific details may be incomplete.; actions: The image contains fragmented text that may not fully convey the complete clinical guideline evidence.; actions: Some arrows and nodes may require manual review for accurate interpretation due to partial visibility or unclear boundaries.; symbols: The image is a cropped section of a larger algorithmic flowchart; some nodes may be cut off.; symbols: Some text fragments are incomplete or partially obscured in the source image, requiring manual review for full context.",0a16d8f4f7d6c07817240ed10e98fd7fa1121569d97741ff5d865591aefcb8b5,0a16d8f4f7d6c07817240ed10e98fd7fa1121569d97741ff5d865591aefcb8b5,pending,,,,,False,+,Presence marker for high-risk conditions or comorbidities.,"High-risk CVD indicators (e.g., ≥55 years, albuminuria).","Indicators of high risk: While definitions vary, most comprise ≥55 years of age with two or more [conditions].","[234.0,460.0,782.0,491.0]"
p011-page-011-tile-r01-c02::page-011-tile-r01-c02-actions-tile-r01-c02::footnote::footnote-001,page_011_tile_r01_c02,11,CONTROLLED_SOURCE_PDF/ADA principles for pharmacologic therapy.pdf,7c2913f79b61bc60f8f51327bb73b80391988fd277116b29e57df4242b2a2404,072e900f42fef63fcb3f0aa53ad921d9bdab4e27d514497a852fc12951881109,tile,"[233.972,0.0,593.972,360.0]",normalized_0_1000,CONTROLLED_SOURCE_IMAGE/ada_page_011_tile_r01_c02.png,OMITTED_RAW_MODEL_JSON/visual_logic_page_011_tile_r01_c02.json,extracted_unvalidated,page_011_tile_r01_c02__actions__tile_r01_c02,table,Pharmacologic Approaches to Glycemic Treatment,True,True,valid,,"structure: No decision nodes or recommendation edges were found in the provided image asset. The content appears to be a list of clinical guidelines without any visual representation of decision-making pathways or directional recommendations.; actions: No explicit recommendation-strength words are visible in the provided image asset.; actions: The table content appears to be a continuation from a previous page (indicated by 'Continued on p. S194'), but no prior context is available for this tile.; symbols: The visible text is fragmented and appears to be part of a larger document. The content does not contain explicit arrows or decision nodes as requested in the schema.; symbols: No specific drug actions are explicitly labeled with symbols like '+' or '$' that would require ordinal scaling.",4bce37af9c6980f785a47fc1e4f4fa12a27ed9ae5cd49f8391f99c148580a406,4bce37af9c6980f785a47fc1e4f4fa12a27ed9ae5cd49f8391f99c148580a406,pending,,,,,False,Continued on p. S194,This table continues on the next page.,All content in this tile and subsequent tiles until 'Continued on p. S194' is encountered again or the document ends.,Continued on p. S194,"[750.0,236.0,800.0,360.0]"
p014-page-014-tile-r01-c01::page-014-tile-r01-c01-actions-tile-r01-c01::footnote::footnote-001,page_014_tile_r01_c01,14,CONTROLLED_SOURCE_PDF/ADA principles for pharmacologic therapy.pdf,7c2913f79b61bc60f8f51327bb73b80391988fd277116b29e57df4242b2a2404,3eb354228aa145a560b3e745fb5ebcbd0b21549ec83340b3c648916562b50077,tile,"[0.0,0.0,360.0,360.0]",normalized_0_1000,CONTROLLED_SOURCE_IMAGE/ada_page_014_tile_r01_c01.png,OMITTED_RAW_MODEL_JSON/visual_logic_page_014_tile_r01_c01.json,extracted_unvalidated,page_014_tile_r01_c01__actions__tile_r01_c01,table,Pharmacologic Approaches to Glycemic Treatment,True,True,valid,,"structure: The table is not fully visible in the provided image. Some information may be cut off or incomplete.; structure: The text mentions 'MASH effects' as unknown, but does not provide further details on what MASH refers to.; actions: The table is partially visible; some content may be cut off or incomplete.; actions: Some evidence text may require manual review for accuracy due to partial visibility or ambiguity.; symbols: The table is partially visible and may not contain all information from the original document.; symbols: Some text in the table appears truncated or incomplete.",21fcf08cc240dc54c36fc2b3032d361172a0521bbeebd1f37115127b638a6f38,21fcf08cc240dc54c36fc2b3032d361172a0521bbeebd1f37115127b638a6f38,pending,,,,,False,"*For agent-specific dosing recommendations, please refer to manufacturers' sites.","Refer to manufacturer's specific guidelines for dosage adjustments based on renal function and other factors. This is a footnote indicating that detailed information may be found elsewhere (e.g., in product inserts or manufacturer websites).","All agents listed in the table, as this note appears at the bottom of the table.","*For agent-specific dosing recommendations, please refer to manufacturers' sites. *For agent-specific dosing recommendations, please refer to manufacturers' sites.","[780.0,196.0,925.0,340.0]"
p014-page-014-tile-r03-c01::page-014-tile-r03-c01-actions-table-92-continued::footnote::footnote-001,page_014_tile_r03_c01,14,CONTROLLED_SOURCE_PDF/ADA principles for pharmacologic therapy.pdf,7c2913f79b61bc60f8f51327bb73b80391988fd277116b29e57df4242b2a2404,08908abddf0a607bfaebc87232783bf89089b427668ed7147eee4bab1b306dad,tile,"[0.0,422.986,360.0,782.986]",normalized_0_1000,CONTROLLED_SOURCE_IMAGE/ada_page_014_tile_r03_c01.png,OMITTED_RAW_MODEL_JSON/visual_logic_page_014_tile_r03_c01.json,extracted_unvalidated,page_014_tile_r03_c01__actions__table_92_continued,table,Table 9.2—Continued,True,True,valid,,"structure: No clinical guideline evidence is present in the provided image asset as it contains only a continuation of Table 9.2 with medication data and definitions, not decision trees or arrows indicating guidelines.; actions: No explicit recommendation-strength words were visible in the provided image asset.; symbols: No clinical guidelines or decision trees are visible in this asset.",884af46ed3bdcf96d29ec98f90559a30cac409094df8837057180b2f39a56baa,884af46ed3bdcf96d29ec98f90559a30cac409094df8837057180b2f39a56baa,pending,,,,,False,1,Tsapas et al. (107).,Glucose-lowering efficacy column,¹Tsapas et al. (107).,"[360.0,422.986,500.0,782.986]"
p014-page-014-tile-r03-c01::page-014-tile-r03-c01-actions-table-92-continued::footnote::footnote-002,page_014_tile_r03_c01,14,CONTROLLED_SOURCE_PDF/ADA principles for pharmacologic therapy.pdf,7c2913f79b61bc60f8f51327bb73b80391988fd277116b29e57df4242b2a2404,08908abddf0a607bfaebc87232783bf89089b427668ed7147eee4bab1b306dad,tile,"[0.0,422.986,360.0,782.986]",normalized_0_1000,CONTROLLED_SOURCE_IMAGE/ada_page_014_tile_r03_c01.png,OMITTED_RAW_MODEL_JSON/visual_logic_page_014_tile_r03_c01.json,extracted_unvalidated,page_014_tile_r03_c01__actions__table_92_continued,table,Table 9.2—Continued,True,True,valid,,"structure: No clinical guideline evidence is present in the provided image asset as it contains only a continuation of Table 9.2 with medication data and definitions, not decision trees or arrows indicating guidelines.; actions: No explicit recommendation-strength words were visible in the provided image asset.; symbols: No clinical guidelines or decision trees are visible in this asset.",940a6314f566c067250d28a79122c903ae5956b4a3d3a3390d3209121b36edbe,940a6314f566c067250d28a79122c903ae5956b4a3d3a3390d3209121b36edbe,pending,,,,,False,2,Tsapas et al. (107).,Effect on MACE column,²Tsapas et al. (107).,"[500.0,422.986,630.0,782.986]"
p016-page-016-tile-r03-c01::page-016-tile-r03-c01-actions-figure-95::footnote::footnote-001,page_016_tile_r03_c01,16,CONTROLLED_SOURCE_PDF/ADA principles for pharmacologic therapy.pdf,7c2913f79b61bc60f8f51327bb73b80391988fd277116b29e57df4242b2a2404,261a22de3ea4dd739c4ea54401373f7095a181f29eccf2ad65f6e59c8356f15a,tile,"[0.0,422.986,360.0,782.986]",normalized_0_1000,CONTROLLED_SOURCE_IMAGE/ada_page_016_tile_r03_c01.png,OMITTED_RAW_MODEL_JSON/visual_logic_page_016_tile_r03_c01.json,extracted_unvalidated,page_016_tile_r03_c01__actions__figure_95,figure,Figure 9.5—Intensifying to injectable therapies in type 2 diabetes.,False,True,valid,,"structure: The visible text in the image is not fully legible or complete for some nodes and edges.; structure: Some arrows may be truncated or partially obscured.; actions: The figure contains a flowchart with decision nodes and arrows that are not fully captured in this extraction due to limitations in parsing visual relationships. The text-based recommendations are extracted accurately, but the graphical structure is not represented here.; actions: Some dose logic (e.g., 'Increase dose by 1-2 units insulin dose or 10–15% twice weekly') is present but may be contextually dependent on specific patient scenarios and is not fully captured in this structured extraction.; symbols: No visible clinical guideline evidence was extracted for this asset.",70d9c838fa8cfa020d4c625161bec9b6840638eaa2e0b338f5b9b3eee0793f11,70d9c838fa8cfa020d4c625161bec9b6840638eaa2e0b338f5b9b3eee0793f11,pending,,,,,False,"CGM, continuous glucose monitoring and support; FPG, fasting plasma glucose; GLP-1 RA, glucagon-like peptide 1 receptor agonist; PPG, postprandial glucose. Adapted from Davies et al. (318).",Definitions of abbreviations used in the figure.,All elements within this figure,"CGM, continuous glucose monitoring and support; FPG, fasting plasma glucose; GLP-1 RA, glucagon-like peptide 1 receptor agonist; PPG, postprandial glucose. Adapted from Davies et al. (318).","[196.0,724.0,999.0,780.0]"
p016-page-016-tile-r03-c01::page-016-tile-r03-c01-symbols-figure-95::footnote::footnote-001,page_016_tile_r03_c01,16,CONTROLLED_SOURCE_PDF/ADA principles for pharmacologic therapy.pdf,7c2913f79b61bc60f8f51327bb73b80391988fd277116b29e57df4242b2a2404,261a22de3ea4dd739c4ea54401373f7095a181f29eccf2ad65f6e59c8356f15a,tile,"[0.0,422.986,360.0,782.986]",normalized_0_1000,CONTROLLED_SOURCE_IMAGE/ada_page_016_tile_r03_c01.png,OMITTED_RAW_MODEL_JSON/visual_logic_page_016_tile_r03_c01.json,extracted_unvalidated,page_016_tile_r03_c01__symbols__figure_95,flowchart,Figure 9.5—Intensifying to injectable therapies in type 2 diabetes.,True,True,valid,,"structure: The visible text in the image is not fully legible or complete for some nodes and edges.; structure: Some arrows may be truncated or partially obscured.; actions: The figure contains a flowchart with decision nodes and arrows that are not fully captured in this extraction due to limitations in parsing visual relationships. The text-based recommendations are extracted accurately, but the graphical structure is not represented here.; actions: Some dose logic (e.g., 'Increase dose by 1-2 units insulin dose or 10–15% twice weekly') is present but may be contextually dependent on specific patient scenarios and is not fully captured in this structured extraction.; symbols: No visible clinical guideline evidence was extracted for this asset.",1b156cdd550d4359861ee5a804b99c7835598a1db3f1d5ed1f8c1037b523a515,1b156cdd550d4359861ee5a804b99c7835598a1db3f1d5ed1f8c1037b523a515,pending,,,,,False,CGM,continuous glucose monitoring and support,Figure 9.5 caption,"CGM, continuous glucose monitoring and support; FPG, fasting plasma glucose; GLP-1 RA, glucagon-like peptide 1 receptor agonist; PPG, postprandial glucose.","[203.0,745.0,986.0,782.0]"
p016-page-016-tile-r03-c01::page-016-tile-r03-c01-symbols-figure-95::footnote::footnote-002,page_016_tile_r03_c01,16,CONTROLLED_SOURCE_PDF/ADA principles for pharmacologic therapy.pdf,7c2913f79b61bc60f8f51327bb73b80391988fd277116b29e57df4242b2a2404,261a22de3ea4dd739c4ea54401373f7095a181f29eccf2ad65f6e59c8356f15a,tile,"[0.0,422.986,360.0,782.986]",normalized_0_1000,CONTROLLED_SOURCE_IMAGE/ada_page_016_tile_r03_c01.png,OMITTED_RAW_MODEL_JSON/visual_logic_page_016_tile_r03_c01.json,extracted_unvalidated,page_016_tile_r03_c01__symbols__figure_95,flowchart,Figure 9.5—Intensifying to injectable therapies in type 2 diabetes.,True,True,valid,,"structure: The visible text in the image is not fully legible or complete for some nodes and edges.; structure: Some arrows may be truncated or partially obscured.; actions: The figure contains a flowchart with decision nodes and arrows that are not fully captured in this extraction due to limitations in parsing visual relationships. The text-based recommendations are extracted accurately, but the graphical structure is not represented here.; actions: Some dose logic (e.g., 'Increase dose by 1-2 units insulin dose or 10–15% twice weekly') is present but may be contextually dependent on specific patient scenarios and is not fully captured in this structured extraction.; symbols: No visible clinical guideline evidence was extracted for this asset.",5701b75c7936bc0a666abb50d60a860ae3e2cad571f54c8287c76e7f014ad594,5701b75c7936bc0a666abb50d60a860ae3e2cad571f54c8287c76e7f014ad594,pending,,,,,False,FPG,fasting plasma glucose,Figure 9.5 caption,"CGM, continuous glucose monitoring and support; FPG, fasting plasma glucose; GLP-1 RA, glucagon-like peptide 1 receptor agonist; PPG, postprandial glucose.","[203.0,745.0,986.0,782.0]"
p016-page-016-tile-r03-c01::page-016-tile-r03-c01-symbols-figure-95::footnote::footnote-003,page_016_tile_r03_c01,16,CONTROLLED_SOURCE_PDF/ADA principles for pharmacologic therapy.pdf,7c2913f79b61bc60f8f51327bb73b80391988fd277116b29e57df4242b2a2404,261a22de3ea4dd739c4ea54401373f7095a181f29eccf2ad65f6e59c8356f15a,tile,"[0.0,422.986,360.0,782.986]",normalized_0_1000,CONTROLLED_SOURCE_IMAGE/ada_page_016_tile_r03_c01.png,OMITTED_RAW_MODEL_JSON/visual_logic_page_016_tile_r03_c01.json,extracted_unvalidated,page_016_tile_r03_c01__symbols__figure_95,flowchart,Figure 9.5—Intensifying to injectable therapies in type 2 diabetes.,True,True,valid,,"structure: The visible text in the image is not fully legible or complete for some nodes and edges.; structure: Some arrows may be truncated or partially obscured.; actions: The figure contains a flowchart with decision nodes and arrows that are not fully captured in this extraction due to limitations in parsing visual relationships. The text-based recommendations are extracted accurately, but the graphical structure is not represented here.; actions: Some dose logic (e.g., 'Increase dose by 1-2 units insulin dose or 10–15% twice weekly') is present but may be contextually dependent on specific patient scenarios and is not fully captured in this structured extraction.; symbols: No visible clinical guideline evidence was extracted for this asset.",e1515671f67077597397d289591e676daf3861913ec2654c33b598bcf9b3004e,e1515671f67077597397d289591e676daf3861913ec2654c33b598bcf9b3004e,pending,,,,,False,GLP-1 RA,glucagon-like peptide 1 receptor agonist,Figure 9.5 caption,"CGM, continuous glucose monitoring and support; FPG, fasting plasma glucose; GLP-1 RA, glucagon-like peptide 1 receptor agonist; PPG, postprandial glucose.","[203.0,745.0,986.0,782.0]"
p016-page-016-tile-r03-c01::page-016-tile-r03-c01-symbols-figure-95::footnote::footnote-004,page_016_tile_r03_c01,16,CONTROLLED_SOURCE_PDF/ADA principles for pharmacologic therapy.pdf,7c2913f79b61bc60f8f51327bb73b80391988fd277116b29e57df4242b2a2404,261a22de3ea4dd739c4ea54401373f7095a181f29eccf2ad65f6e59c8356f15a,tile,"[0.0,422.986,360.0,782.986]",normalized_0_1000,CONTROLLED_SOURCE_IMAGE/ada_page_016_tile_r03_c01.png,OMITTED_RAW_MODEL_JSON/visual_logic_page_016_tile_r03_c01.json,extracted_unvalidated,page_016_tile_r03_c01__symbols__figure_95,flowchart,Figure 9.5—Intensifying to injectable therapies in type 2 diabetes.,True,True,valid,,"structure: The visible text in the image is not fully legible or complete for some nodes and edges.; structure: Some arrows may be truncated or partially obscured.; actions: The figure contains a flowchart with decision nodes and arrows that are not fully captured in this extraction due to limitations in parsing visual relationships. The text-based recommendations are extracted accurately, but the graphical structure is not represented here.; actions: Some dose logic (e.g., 'Increase dose by 1-2 units insulin dose or 10–15% twice weekly') is present but may be contextually dependent on specific patient scenarios and is not fully captured in this structured extraction.; symbols: No visible clinical guideline evidence was extracted for this asset.",acdab2ceeffee8f2f623ceafd7fd6c1b237fe4edc2c8beec788bb1653f87b7b4,acdab2ceeffee8f2f623ceafd7fd6c1b237fe4edc2c8beec788bb1653f87b7b4,pending,,,,,False,PPG,postprandial glucose,Figure 9.5 caption,"CGM, continuous glucose monitoring and support; FPG, fasting plasma glucose; GLP-1 RA, glucagon-like peptide 1 receptor agonist; PPG, postprandial glucose.","[203.0,745.0,986.0,782.0]"
p021-page-021-tile-r01-c02::page-021-tile-r01-c02-actions-tile-r01-c02::footnote::footnote-001,page_021_tile_r01_c02,21,CONTROLLED_SOURCE_PDF/ADA principles for pharmacologic therapy.pdf,7c2913f79b61bc60f8f51327bb73b80391988fd277116b29e57df4242b2a2404,6d80b6127200fbbeb1e788072ccccbcf673edf9a00074a246edd6701d9097f61,tile,"[233.972,0.0,593.972,360.0]",normalized_0_1000,CONTROLLED_SOURCE_IMAGE/ada_page_021_tile_r01_c02.png,OMITTED_RAW_MODEL_JSON/visual_logic_page_021_tile_r01_c02.json,extracted_unvalidated,page_021_tile_r01_c02__actions__tile_r01_c02,table,NADAC of maximum approved daily dose of noninsulin glucose-lowering,True,True,valid,,"structure: No clinical guideline evidence was found within the provided image asset. The content consists solely of a tabular presentation of drug dosage, cost data, and maximum approved daily doses without any decision nodes or recommendation edges.; actions: No explicit clinical guideline evidence (recommendations or decision rules) is visible in this table. The data presented are purely pharmacoeconomic metrics (AWP, NADAC) linked to dosage strength and maximum approved daily dose.; actions: The table does not contain any arrows, decision nodes, or recommendation edges that would constitute clinical guideline evidence.; symbols: No clinical guideline evidence was found within the provided image asset that matches the requested extraction criteria (clinical guidelines, decision nodes, recommendation edges, drug actions). The table contains pharmacoeconomic data but does not contain explicit clinical guideline recommendations or decision-making structures.",6b515579fbd8c87f6b80582b524c1e22050b61deea910070f27d37e002adeb93,6b515579fbd8c87f6b80582b524c1e22050b61deea910070f27d37e002adeb93,pending,,,,,False,+,Maximum approved daily dose†,All rows in the table,† Maximum approved daily dose+,"[234.0,280.0,593.0,316.0]"
p021-page-021-tile-r01-c02::page-021-tile-r01-c02-actions-tile-r01-c02::footnote::footnote-002,page_021_tile_r01_c02,21,CONTROLLED_SOURCE_PDF/ADA principles for pharmacologic therapy.pdf,7c2913f79b61bc60f8f51327bb73b80391988fd277116b29e57df4242b2a2404,6d80b6127200fbbeb1e788072ccccbcf673edf9a00074a246edd6701d9097f61,tile,"[233.972,0.0,593.972,360.0]",normalized_0_1000,CONTROLLED_SOURCE_IMAGE/ada_page_021_tile_r01_c02.png,OMITTED_RAW_MODEL_JSON/visual_logic_page_021_tile_r01_c02.json,extracted_unvalidated,page_021_tile_r01_c02__actions__tile_r01_c02,table,NADAC of maximum approved daily dose of noninsulin glucose-lowering,True,True,valid,,"structure: No clinical guideline evidence was found within the provided image asset. The content consists solely of a tabular presentation of drug dosage, cost data, and maximum approved daily doses without any decision nodes or recommendation edges.; actions: No explicit clinical guideline evidence (recommendations or decision rules) is visible in this table. The data presented are purely pharmacoeconomic metrics (AWP, NADAC) linked to dosage strength and maximum approved daily dose.; actions: The table does not contain any arrows, decision nodes, or recommendation edges that would constitute clinical guideline evidence.; symbols: No clinical guideline evidence was found within the provided image asset that matches the requested extraction criteria (clinical guidelines, decision nodes, recommendation edges, drug actions). The table contains pharmacoeconomic data but does not contain explicit clinical guideline recommendations or decision-making structures.",e9190b7b61f5bf5716af0ff9e64e5597ebd6925b8682186087e53ff84085be30,e9190b7b61f5bf5716af0ff9e64e5597ebd6925b8682186087e53ff84085be30,pending,,,,,False,*,"Median AWP (min, max)* and Median NADAC (min, max)*",All rows in the table,"* Median AWP (min, max)* and Median NADAC (min, max)*","[234.0,280.0,593.0,316.0]"
