record_id,asset_id,page_number,source_pdf,source_pdf_sha256,image_sha256,asset_type,asset_bbox,evidence_bbox_space,image_path,source_json,extraction_status,item_id,item_type,title,model_requires_manual_review,requires_manual_review,validation_status,validation_errors,validation_warnings,content_sha256,effective_content_sha256,review_status,reviewer,reviewed_at,corrections_json,review_notes,release_eligible,drug_class,action,trigger,strength,dose_or_use_logic,caution_or_contraindication,evidence_text,evidence_bbox
p002-page-002-tile-r01-c02::page-002-tile-r01-c02-actions-tile-r01-c02::action::action-001,page_002_tile_r01_c02,2,CONTROLLED_SOURCE_PDF/ADA principles for pharmacologic therapy.pdf,7c2913f79b61bc60f8f51327bb73b80391988fd277116b29e57df4242b2a2404,b802fc0ac32363321ba43b29c977c17536a41f3b027753bf6153a6825a2ac180,tile,"[233.972,0.0,593.972,360.0]",normalized_0_1000,CONTROLLED_SOURCE_IMAGE/ada_page_002_tile_r01_c02.png,OMITTED_RAW_MODEL_JSON/visual_logic_page_002_tile_r01_c02.json,extracted_unvalidated,page_002_tile_r01_c02__actions__tile_r01_c02,table,Figure 9.1,False,True,valid,,"structure: No decision nodes or recommendation edges are visible in this asset.; structure: The text is descriptive rather than prescriptive, lacking explicit clinical guidelines or algorithmic steps.; symbols: No clinical guideline evidence was found within the provided text asset that matches the requested extraction criteria (clinical guidelines, decision nodes, recommendation edges, drug actions, symbols/footnotes, ordinal scales). The content is descriptive and references studies or formulations rather than providing a structured clinical guideline.; visual item title derived from manifest figure_ids/table_ids",eb966982d6f6d52a3f5dc91ce0912b3c955eb25df14aa3122db4206c413eb378,eb966982d6f6d52a3f5dc91ce0912b3c955eb25df14aa3122db4206c413eb378,pending,,,,,False,insulin analogs,may cause less hypoglycemia while improving postprandial glucose excursions and administration flexibility (in relation to prandial intake) compared with RAA,compared with RAA,,,,These newer formulations may cause less hypoglycemia while improving postprandial glucose excursions and administration flexibility (in relation to prandial intake) compared with RAA (10–12).,"[437.0,658.0,879.0,712.0]"
p002-page-002-tile-r01-c02::page-002-tile-r01-c02-actions-tile-r01-c02::action::action-002,page_002_tile_r01_c02,2,CONTROLLED_SOURCE_PDF/ADA principles for pharmacologic therapy.pdf,7c2913f79b61bc60f8f51327bb73b80391988fd277116b29e57df4242b2a2404,b802fc0ac32363321ba43b29c977c17536a41f3b027753bf6153a6825a2ac180,tile,"[233.972,0.0,593.972,360.0]",normalized_0_1000,CONTROLLED_SOURCE_IMAGE/ada_page_002_tile_r01_c02.png,OMITTED_RAW_MODEL_JSON/visual_logic_page_002_tile_r01_c02.json,extracted_unvalidated,page_002_tile_r01_c02__actions__tile_r01_c02,table,Figure 9.1,False,True,valid,,"structure: No decision nodes or recommendation edges are visible in this asset.; structure: The text is descriptive rather than prescriptive, lacking explicit clinical guidelines or algorithmic steps.; symbols: No clinical guideline evidence was found within the provided text asset that matches the requested extraction criteria (clinical guidelines, decision nodes, recommendation edges, drug actions, symbols/footnotes, ordinal scales). The content is descriptive and references studies or formulations rather than providing a structured clinical guideline.; visual item title derived from manifest figure_ids/table_ids",93775301577a45988ce99390ff84c9644306e2e0714d10233f3932084bf66ca9,93775301577a45988ce99390ff84c9644306e2e0714d10233f3932084bf66ca9,pending,,,,,False,longer-acting basal analogs (U-300 glargine or degludec),may confer a lower hypoglycemia risk compared with U-100 glargine,in individuals with type 1 diabetes,,,,"In addition, longer-acting basal analogs (U-300 glargine or degludec) may confer a lower hypoglycemia risk compared with U-100 glargine in individuals with type 1 diabetes (13,14).","[437.0,726.0,879.0,857.0]"
p002-page-002-tile-r02-c01::page-002-tile-r02-c01-actions-tile-r02-c01::action::action-001,page_002_tile_r02_c01,2,CONTROLLED_SOURCE_PDF/ADA principles for pharmacologic therapy.pdf,7c2913f79b61bc60f8f51327bb73b80391988fd277116b29e57df4242b2a2404,ece0396f5c3d6926929a1797003165ca8252d32e06aae7c44c3346a1c598af52,tile,"[0.0,288.0,360.0,648.0]",normalized_0_1000,CONTROLLED_SOURCE_IMAGE/ada_page_002_tile_r02_c01.png,OMITTED_RAW_MODEL_JSON/visual_logic_page_002_tile_r02_c01.json,extracted_unvalidated,page_002_tile_r02_c01__actions__tile_r02_c01,table,Representative relative attributes of insulin approaches in people with type 1 diabetes,False,True,invalid,trigger is required,"structure: No clinical guideline evidence is visible in this single image asset. The content appears to be a summary of relative attributes of insulin approaches for type 1 diabetes patients, presented as a table without decision nodes or arrows.; structure: The table does not contain any explicit clinical guidelines or recommendations; it only provides comparative information about different insulin treatment plans.; actions: No explicit recommendation-strength words were visible in the table; strength symbols (e.g., '+++', '+++++') were used instead.; actions: The table does not contain arrows or decision nodes, so no edges are extracted.; actions: All drug actions are listed as alternatives without mandatory status.; symbols: The table is partially cut off at the bottom right corner, but all visible data points are extracted.; symbols: No explicit clinical guidelines or arrows are present in this asset; only a comparative table with ordinal symbols is shown.",254516ce863b652a8c24c2405bcf2af815d8278e1c330aa29662a5b971835229,254516ce863b652a8c24c2405bcf2af815d8278e1c330aa29662a5b971835229,pending,,,,,False,insulin,MDI with LAA + RAA or URAA,,+++,,,MDI with LAA + RAA or URAA +++,"[390.0,487.0,562.0,518.0]"
p002-page-002-tile-r02-c01::page-002-tile-r02-c01-actions-tile-r02-c01::action::action-002,page_002_tile_r02_c01,2,CONTROLLED_SOURCE_PDF/ADA principles for pharmacologic therapy.pdf,7c2913f79b61bc60f8f51327bb73b80391988fd277116b29e57df4242b2a2404,ece0396f5c3d6926929a1797003165ca8252d32e06aae7c44c3346a1c598af52,tile,"[0.0,288.0,360.0,648.0]",normalized_0_1000,CONTROLLED_SOURCE_IMAGE/ada_page_002_tile_r02_c01.png,OMITTED_RAW_MODEL_JSON/visual_logic_page_002_tile_r02_c01.json,extracted_unvalidated,page_002_tile_r02_c01__actions__tile_r02_c01,table,Representative relative attributes of insulin approaches in people with type 1 diabetes,False,True,invalid,trigger is required,"structure: No clinical guideline evidence is visible in this single image asset. The content appears to be a summary of relative attributes of insulin approaches for type 1 diabetes patients, presented as a table without decision nodes or arrows.; structure: The table does not contain any explicit clinical guidelines or recommendations; it only provides comparative information about different insulin treatment plans.; actions: No explicit recommendation-strength words were visible in the table; strength symbols (e.g., '+++', '+++++') were used instead.; actions: The table does not contain arrows or decision nodes, so no edges are extracted.; actions: All drug actions are listed as alternatives without mandatory status.; symbols: The table is partially cut off at the bottom right corner, but all visible data points are extracted.; symbols: No explicit clinical guidelines or arrows are present in this asset; only a comparative table with ordinal symbols is shown.",ded895035640559492a9773bf5c8266fb025d288c4a316fe4054c55eef4fe80b,ded895035640559492a9773bf5c8266fb025d288c4a316fe4054c55eef4fe80b,pending,,,,,False,insulin,MDI with NPH + RAA or URAA,,+,,,MDI with NPH + RAA or URAA ++,"[390.0,612.0,562.0,648.0]"
p002-page-002-tile-r02-c01::page-002-tile-r02-c01-actions-tile-r02-c01::action::action-003,page_002_tile_r02_c01,2,CONTROLLED_SOURCE_PDF/ADA principles for pharmacologic therapy.pdf,7c2913f79b61bc60f8f51327bb73b80391988fd277116b29e57df4242b2a2404,ece0396f5c3d6926929a1797003165ca8252d32e06aae7c44c3346a1c598af52,tile,"[0.0,288.0,360.0,648.0]",normalized_0_1000,CONTROLLED_SOURCE_IMAGE/ada_page_002_tile_r02_c01.png,OMITTED_RAW_MODEL_JSON/visual_logic_page_002_tile_r02_c01.json,extracted_unvalidated,page_002_tile_r02_c01__actions__tile_r02_c01,table,Representative relative attributes of insulin approaches in people with type 1 diabetes,False,True,invalid,trigger is required,"structure: No clinical guideline evidence is visible in this single image asset. The content appears to be a summary of relative attributes of insulin approaches for type 1 diabetes patients, presented as a table without decision nodes or arrows.; structure: The table does not contain any explicit clinical guidelines or recommendations; it only provides comparative information about different insulin treatment plans.; actions: No explicit recommendation-strength words were visible in the table; strength symbols (e.g., '+++', '+++++') were used instead.; actions: The table does not contain arrows or decision nodes, so no edges are extracted.; actions: All drug actions are listed as alternatives without mandatory status.; symbols: The table is partially cut off at the bottom right corner, but all visible data points are extracted.; symbols: No explicit clinical guidelines or arrows are present in this asset; only a comparative table with ordinal symbols is shown.",ea260e0ef1882f0a3e8ccf2a519ced3626904586e44870d023b1e25bb31e3809,ea260e0ef1882f0a3e8ccf2a519ced3626904586e44870d023b1e25bb31e3809,pending,,,,,False,insulin,MDI with NPH + short-acting (regular) insulin,,+,,,MDI with NPH + short-acting (regular) insulin ++,"[390.0,658.0,562.0,694.0]"
p002-page-002-tile-r02-c01::page-002-tile-r02-c01-actions-tile-r02-c01::action::action-004,page_002_tile_r02_c01,2,CONTROLLED_SOURCE_PDF/ADA principles for pharmacologic therapy.pdf,7c2913f79b61bc60f8f51327bb73b80391988fd277116b29e57df4242b2a2404,ece0396f5c3d6926929a1797003165ca8252d32e06aae7c44c3346a1c598af52,tile,"[0.0,288.0,360.0,648.0]",normalized_0_1000,CONTROLLED_SOURCE_IMAGE/ada_page_002_tile_r02_c01.png,OMITTED_RAW_MODEL_JSON/visual_logic_page_002_tile_r02_c01.json,extracted_unvalidated,page_002_tile_r02_c01__actions__tile_r02_c01,table,Representative relative attributes of insulin approaches in people with type 1 diabetes,False,True,invalid,trigger is required,"structure: No clinical guideline evidence is visible in this single image asset. The content appears to be a summary of relative attributes of insulin approaches for type 1 diabetes patients, presented as a table without decision nodes or arrows.; structure: The table does not contain any explicit clinical guidelines or recommendations; it only provides comparative information about different insulin treatment plans.; actions: No explicit recommendation-strength words were visible in the table; strength symbols (e.g., '+++', '+++++') were used instead.; actions: The table does not contain arrows or decision nodes, so no edges are extracted.; actions: All drug actions are listed as alternatives without mandatory status.; symbols: The table is partially cut off at the bottom right corner, but all visible data points are extracted.; symbols: No explicit clinical guidelines or arrows are present in this asset; only a comparative table with ordinal symbols is shown.",ae635a73ea4f70ec452fcc2d17361bc87642451d19aac007748774a3b1dc7cff,ae635a73ea4f70ec452fcc2d17361bc87642451d19aac007748774a3b1dc7cff,pending,,,,,False,insulin,Two daily injections with NPH + short-acting (regular) insulin or premixed,,+,,,Two daily injections with NPH + short-acting (regular) insulin or premixed +,"[390.0,712.0,562.0,748.0]"
p002-page-002-tile-r02-c01::page-002-tile-r02-c01-actions-tile-r02-c01::action::action-005,page_002_tile_r02_c01,2,CONTROLLED_SOURCE_PDF/ADA principles for pharmacologic therapy.pdf,7c2913f79b61bc60f8f51327bb73b80391988fd277116b29e57df4242b2a2404,ece0396f5c3d6926929a1797003165ca8252d32e06aae7c44c3346a1c598af52,tile,"[0.0,288.0,360.0,648.0]",normalized_0_1000,CONTROLLED_SOURCE_IMAGE/ada_page_002_tile_r02_c01.png,OMITTED_RAW_MODEL_JSON/visual_logic_page_002_tile_r02_c01.json,extracted_unvalidated,page_002_tile_r02_c01__actions__tile_r02_c01,table,Representative relative attributes of insulin approaches in people with type 1 diabetes,False,True,invalid,trigger is required,"structure: No clinical guideline evidence is visible in this single image asset. The content appears to be a summary of relative attributes of insulin approaches for type 1 diabetes patients, presented as a table without decision nodes or arrows.; structure: The table does not contain any explicit clinical guidelines or recommendations; it only provides comparative information about different insulin treatment plans.; actions: No explicit recommendation-strength words were visible in the table; strength symbols (e.g., '+++', '+++++') were used instead.; actions: The table does not contain arrows or decision nodes, so no edges are extracted.; actions: All drug actions are listed as alternatives without mandatory status.; symbols: The table is partially cut off at the bottom right corner, but all visible data points are extracted.; symbols: No explicit clinical guidelines or arrows are present in this asset; only a comparative table with ordinal symbols is shown.",33349209eef466e7d612551b1d63a173f820d61117de73094a28992e3f31aed0,33349209eef466e7d612551b1d63a173f820d61117de73094a28992e3f31aed0,pending,,,,,False,insulin,Automated insulin delivery systems,,+++++,,,Automated insulin delivery systems +++++,"[390.0,847.0,562.0,883.0]"
p002-page-002-tile-r02-c02::page-002-tile-r02-c02-actions-asset-r02-c02::action::action-001,page_002_tile_r02_c02,2,CONTROLLED_SOURCE_PDF/ADA principles for pharmacologic therapy.pdf,7c2913f79b61bc60f8f51327bb73b80391988fd277116b29e57df4242b2a2404,f761a65d6e49e7b14cdc072a399201a2178c180e4fa6a3adb1a8adf76a3734a3,tile,"[233.972,288.0,593.972,648.0]",normalized_0_1000,CONTROLLED_SOURCE_IMAGE/ada_page_002_tile_r02_c02.png,OMITTED_RAW_MODEL_JSON/visual_logic_page_002_tile_r02_c02.json,extracted_unvalidated,page_002_tile_r02_c02__actions__asset_r02_c02,table,Relative attributes of insulin delivery approaches in people with type 1 diabetes,False,True,invalid,trigger is required,"structure: No decision nodes or arrows are visible in this table; it is a comparative attribute matrix.; structure: The text above the table mentions 'Table 9.1' but no such table is shown here.; actions: No explicit recommendation-strength words were visible in the provided asset; strength fields are empty.; actions: The table does not contain arrows or decision nodes; only comparative attributes are shown.; symbols: The table is presented with a color-coded scale but no explicit legend or key defining what each symbol represents. The interpretation of the symbols as ordinal scales (e.g., +++ = high flexibility) is inferred from context and common usage in clinical guidelines, which may not be explicitly stated.",3ae39c571ef7afa2519c8de21c5419db154f3068f7f74d96b5cb7b2289f152e6,3ae39c571ef7afa2519c8de21c5419db154f3068f7f74d96b5cb7b2289f152e6,pending,,,,,False,Insulin analogs (RAA),Greater flexibility,,+++,,,Greater flexibility +++,"[234.0,398.0,594.0,416.0]"
p002-page-002-tile-r02-c02::page-002-tile-r02-c02-actions-asset-r02-c02::action::action-002,page_002_tile_r02_c02,2,CONTROLLED_SOURCE_PDF/ADA principles for pharmacologic therapy.pdf,7c2913f79b61bc60f8f51327bb73b80391988fd277116b29e57df4242b2a2404,f761a65d6e49e7b14cdc072a399201a2178c180e4fa6a3adb1a8adf76a3734a3,tile,"[233.972,288.0,593.972,648.0]",normalized_0_1000,CONTROLLED_SOURCE_IMAGE/ada_page_002_tile_r02_c02.png,OMITTED_RAW_MODEL_JSON/visual_logic_page_002_tile_r02_c02.json,extracted_unvalidated,page_002_tile_r02_c02__actions__asset_r02_c02,table,Relative attributes of insulin delivery approaches in people with type 1 diabetes,False,True,invalid,trigger is required,"structure: No decision nodes or arrows are visible in this table; it is a comparative attribute matrix.; structure: The text above the table mentions 'Table 9.1' but no such table is shown here.; actions: No explicit recommendation-strength words were visible in the provided asset; strength fields are empty.; actions: The table does not contain arrows or decision nodes; only comparative attributes are shown.; symbols: The table is presented with a color-coded scale but no explicit legend or key defining what each symbol represents. The interpretation of the symbols as ordinal scales (e.g., +++ = high flexibility) is inferred from context and common usage in clinical guidelines, which may not be explicitly stated.",4526283cbe32fc45d7de5d31ba7c627b57b711279c5a4b2dfe858c287c1fd57d,4526283cbe32fc45d7de5d31ba7c627b57b711279c5a4b2dfe858c287c1fd57d,pending,,,,,False,Insulin analogs (RAA),Lower risk of hypoglycemia,,+++,,,Lower risk of hypoglycemia +++,"[234.0,416.0,594.0,434.0]"
p002-page-002-tile-r02-c02::page-002-tile-r02-c02-actions-asset-r02-c02::action::action-003,page_002_tile_r02_c02,2,CONTROLLED_SOURCE_PDF/ADA principles for pharmacologic therapy.pdf,7c2913f79b61bc60f8f51327bb73b80391988fd277116b29e57df4242b2a2404,f761a65d6e49e7b14cdc072a399201a2178c180e4fa6a3adb1a8adf76a3734a3,tile,"[233.972,288.0,593.972,648.0]",normalized_0_1000,CONTROLLED_SOURCE_IMAGE/ada_page_002_tile_r02_c02.png,OMITTED_RAW_MODEL_JSON/visual_logic_page_002_tile_r02_c02.json,extracted_unvalidated,page_002_tile_r02_c02__actions__asset_r02_c02,table,Relative attributes of insulin delivery approaches in people with type 1 diabetes,False,True,invalid,trigger is required,"structure: No decision nodes or arrows are visible in this table; it is a comparative attribute matrix.; structure: The text above the table mentions 'Table 9.1' but no such table is shown here.; actions: No explicit recommendation-strength words were visible in the provided asset; strength fields are empty.; actions: The table does not contain arrows or decision nodes; only comparative attributes are shown.; symbols: The table is presented with a color-coded scale but no explicit legend or key defining what each symbol represents. The interpretation of the symbols as ordinal scales (e.g., +++ = high flexibility) is inferred from context and common usage in clinical guidelines, which may not be explicitly stated.",f47831a815d1cefdd888d3f7efff95f24f8ec6faf18538a781a0c7401272764e,f47831a815d1cefdd888d3f7efff95f24f8ec6faf18538a781a0c7401272764e,pending,,,,,False,Insulin analogs (RAA),Higher costs,,$$$,,,Higher costs $$$,"[234.0,434.0,594.0,452.0]"
p006-page-006-tile-r01-c01::page-006-tile-r01-c01-actions-s188-pagetile::action::action-001,page_006_tile_r01_c01,6,CONTROLLED_SOURCE_PDF/ADA principles for pharmacologic therapy.pdf,7c2913f79b61bc60f8f51327bb73b80391988fd277116b29e57df4242b2a2404,171481028df5f80b30a55353193e91568bfbd66504987ba8db080982192a624b,tile,"[0.0,0.0,360.0,360.0]",normalized_0_1000,CONTROLLED_SOURCE_IMAGE/ada_page_006_tile_r01_c01.png,OMITTED_RAW_MODEL_JSON/visual_logic_page_006_tile_r01_c01.json,extracted_unvalidated,page_006_tile_r01_c01__actions__S188_PAGETILE,flowchart,Initiation and adjustment of insulin using multiple daily dosing,True,True,valid,,"structure: The image contains partial text that may be cut off or obscured. The full clinical guideline evidence cannot be extracted without additional context.; structure: Some nodes and edges are partially visible or truncated in the provided bounding box.; actions: The image contains partial text that may not fully capture the complete clinical guideline.; actions: Some arrows and decision nodes are partially cut off or obscured in the provided bounding box.; symbols: The flowchart contains partial or truncated text at some decision points. For example, the final two branches are partially obscured and do not contain complete instructions.",1542472a3c09beed85f67df2636a3aed73751bc8feaf6a1646893203190e42d7,1542472a3c09beed85f67df2636a3aed73751bc8feaf6a1646893203190e42d7,pending,,,,,False,insulin,Start 0.4–0.5 units/kg/day divided equally between basal and prandial coverage,Initiation of insulin therapy,,Divided equally between basal and prandial coverage,,INITIATION Start 0.4–0.5 units/kg/day divided equally between basal and prandial² coverage,"[261.0,378.0,999.0,400.0]"
p006-page-006-tile-r01-c01::page-006-tile-r01-c01-actions-s188-pagetile::action::action-002,page_006_tile_r01_c01,6,CONTROLLED_SOURCE_PDF/ADA principles for pharmacologic therapy.pdf,7c2913f79b61bc60f8f51327bb73b80391988fd277116b29e57df4242b2a2404,171481028df5f80b30a55353193e91568bfbd66504987ba8db080982192a624b,tile,"[0.0,0.0,360.0,360.0]",normalized_0_1000,CONTROLLED_SOURCE_IMAGE/ada_page_006_tile_r01_c01.png,OMITTED_RAW_MODEL_JSON/visual_logic_page_006_tile_r01_c01.json,extracted_unvalidated,page_006_tile_r01_c01__actions__S188_PAGETILE,flowchart,Initiation and adjustment of insulin using multiple daily dosing,True,True,valid,,"structure: The image contains partial text that may be cut off or obscured. The full clinical guideline evidence cannot be extracted without additional context.; structure: Some nodes and edges are partially visible or truncated in the provided bounding box.; actions: The image contains partial text that may not fully capture the complete clinical guideline.; actions: Some arrows and decision nodes are partially cut off or obscured in the provided bounding box.; symbols: The flowchart contains partial or truncated text at some decision points. For example, the final two branches are partially obscured and do not contain complete instructions.",cb3bedd2826521e56c2d59850e2b058105a8ebc7708c198fd45061dc8c1ea106,cb3bedd2826521e56c2d59850e2b058105a8ebc7708c198fd45061dc8c1ea106,pending,,,,,False,insulin,"Uptitrate or downtitrate as necessary, adjusting basal and prandial doses based on individualized goals for A1C, CGM, and SMBG",Titration of insulin therapy,,"Adjusting basal and prandial doses based on individualized goals for A1C, CGM, and SMBG",,"TITRATION Uptitrate or downtitrate as necessary, adjusting basal and prandial doses based on individualized goals for A1C, CGM, and SMBG","[261.0,400.0,999.0,423.0]"
p006-page-006-tile-r01-c01::page-006-tile-r01-c01-actions-s188-pagetile::action::action-003,page_006_tile_r01_c01,6,CONTROLLED_SOURCE_PDF/ADA principles for pharmacologic therapy.pdf,7c2913f79b61bc60f8f51327bb73b80391988fd277116b29e57df4242b2a2404,171481028df5f80b30a55353193e91568bfbd66504987ba8db080982192a624b,tile,"[0.0,0.0,360.0,360.0]",normalized_0_1000,CONTROLLED_SOURCE_IMAGE/ada_page_006_tile_r01_c01.png,OMITTED_RAW_MODEL_JSON/visual_logic_page_006_tile_r01_c01.json,extracted_unvalidated,page_006_tile_r01_c01__actions__S188_PAGETILE,flowchart,Initiation and adjustment of insulin using multiple daily dosing,True,True,valid,,"structure: The image contains partial text that may be cut off or obscured. The full clinical guideline evidence cannot be extracted without additional context.; structure: Some nodes and edges are partially visible or truncated in the provided bounding box.; actions: The image contains partial text that may not fully capture the complete clinical guideline.; actions: Some arrows and decision nodes are partially cut off or obscured in the provided bounding box.; symbols: The flowchart contains partial or truncated text at some decision points. For example, the final two branches are partially obscured and do not contain complete instructions.",cfdbcf4dac5633aa1aeea42775ca3ca9e97d5847fac2f88020e31c999b1dc54f,cfdbcf4dac5633aa1aeea42775ca3ca9e97d5847fac2f88020e31c999b1dc54f,pending,,,,,False,glucagon,Prescribe for emergent hypoglycemia,Considerations for starting insulin,,,,Glucagon should be prescribed for emergent hypoglycemia,"[450.0,523.0,999.0,546.0]"
p006-page-006-tile-r01-c02::page-006-tile-r01-c02-actions-tile-r01-c02::action::action-001,page_006_tile_r01_c02,6,CONTROLLED_SOURCE_PDF/ADA principles for pharmacologic therapy.pdf,7c2913f79b61bc60f8f51327bb73b80391988fd277116b29e57df4242b2a2404,8dd16976076c4dc0b61fc940193599a3ad60084cff0f56c431772b1a0295828f,tile,"[233.972,0.0,593.972,360.0]",normalized_0_1000,CONTROLLED_SOURCE_IMAGE/ada_page_006_tile_r01_c02.png,OMITTED_RAW_MODEL_JSON/visual_logic_page_006_tile_r01_c02.json,extracted_unvalidated,page_006_tile_r01_c02__actions__tile_r01_c02,flowchart,Using multiple daily dosing in individuals with type 1 diabetes,True,True,valid,,"structure: The image is partially cut off at the bottom, so some text may be incomplete or truncated.; structure: Some nodes and edges are not fully visible due to cropping of the source image.; actions: The image is a flowchart with multiple decision points and actions related to insulin therapy in type 1 diabetes.; actions: Some text is cut off or partially obscured, requiring manual review for complete accuracy.; symbols: The provided image does not contain any visible symbols or footnotes that match the requested extraction criteria.; symbols: No ordinal scales are present in this flowchart.",d757fe02d457f2ec2c44fd8c88a009cbfea0de2ce6831796f97f116a21e7f463,d757fe02d457f2ec2c44fd8c88a009cbfea0de2ce6831796f97f116a21e7f463,pending,,,,,False,Insulin,Titration of insulin,"Initial presentation with DKA, overweight or obesity",,Distribute equally between basal and prandial coverage; adjust based on CGM and SMBG.,"Consider person-specific considerations for modification of administration method (switch to or from MDI, AID, inhaled insulin) and for overbasalization (e.g., elevated bedtime-to-morning and/or postprandial-to-preprandial differential, hypoglycemia [aware or unaware], high glucose variability).",Titration of insulin: Distribute equally between basal and prandial coverage; adjusting basal and prandial doses based on CGM and SMBG.,"[0.0,587.964,1000.0,632.964]"
p006-page-006-tile-r01-c02::page-006-tile-r01-c02-actions-tile-r01-c02::action::action-002,page_006_tile_r01_c02,6,CONTROLLED_SOURCE_PDF/ADA principles for pharmacologic therapy.pdf,7c2913f79b61bc60f8f51327bb73b80391988fd277116b29e57df4242b2a2404,8dd16976076c4dc0b61fc940193599a3ad60084cff0f56c431772b1a0295828f,tile,"[233.972,0.0,593.972,360.0]",normalized_0_1000,CONTROLLED_SOURCE_IMAGE/ada_page_006_tile_r01_c02.png,OMITTED_RAW_MODEL_JSON/visual_logic_page_006_tile_r01_c02.json,extracted_unvalidated,page_006_tile_r01_c02__actions__tile_r01_c02,flowchart,Using multiple daily dosing in individuals with type 1 diabetes,True,True,valid,,"structure: The image is partially cut off at the bottom, so some text may be incomplete or truncated.; structure: Some nodes and edges are not fully visible due to cropping of the source image.; actions: The image is a flowchart with multiple decision points and actions related to insulin therapy in type 1 diabetes.; actions: Some text is cut off or partially obscured, requiring manual review for complete accuracy.; symbols: The provided image does not contain any visible symbols or footnotes that match the requested extraction criteria.; symbols: No ordinal scales are present in this flowchart.",4385ee87aaa3fb23f205943a1283e503a03bd69aa8955ff76eab476b4626bd57,4385ee87aaa3fb23f205943a1283e503a03bd69aa8955ff76eab476b4626bd57,pending,,,,,False,Insulin,Assess adequacy of insulin dose and insulin-taking behaviors at every visit,Every visit,,"Consider person-specific considerations and clinical signs to evaluate for need for modification of administration method (switch to or from MDI, AID, inhaled insulin) and for overbasalization (e.g., elevated bedtime-to-morning and/or postprandial-to-preprandial differential, hypoglycemia [aware or unaware], high glucose variability).",,"Assess adequacy of insulin dose and insulin-taking behaviors at every visit. Consider person-specific considerations and clinical signs to evaluate for need for modification of administration method (switch to or from MDI, AID, inhaled insulin) and for overbasalization (e.g., elevated bedtime-to-morning and/or postprandial-to-preprandial differential, hypoglycemia [aware or unaware], high glucose variability).","[0.0,632.964,1000.0,758.964]"
p006-page-006-tile-r01-c02::page-006-tile-r01-c02-actions-tile-r01-c02::action::action-003,page_006_tile_r01_c02,6,CONTROLLED_SOURCE_PDF/ADA principles for pharmacologic therapy.pdf,7c2913f79b61bc60f8f51327bb73b80391988fd277116b29e57df4242b2a2404,8dd16976076c4dc0b61fc940193599a3ad60084cff0f56c431772b1a0295828f,tile,"[233.972,0.0,593.972,360.0]",normalized_0_1000,CONTROLLED_SOURCE_IMAGE/ada_page_006_tile_r01_c02.png,OMITTED_RAW_MODEL_JSON/visual_logic_page_006_tile_r01_c02.json,extracted_unvalidated,page_006_tile_r01_c02__actions__tile_r01_c02,flowchart,Using multiple daily dosing in individuals with type 1 diabetes,True,True,valid,,"structure: The image is partially cut off at the bottom, so some text may be incomplete or truncated.; structure: Some nodes and edges are not fully visible due to cropping of the source image.; actions: The image is a flowchart with multiple decision points and actions related to insulin therapy in type 1 diabetes.; actions: Some text is cut off or partially obscured, requiring manual review for complete accuracy.; symbols: The provided image does not contain any visible symbols or footnotes that match the requested extraction criteria.; symbols: No ordinal scales are present in this flowchart.",b8707eb79c9fb661a07b103c88ab313ece74099b69c5afdca8580f4594ac6aec,b8707eb79c9fb661a07b103c88ab313ece74099b69c5afdca8580f4594ac6aec,pending,,,,,False,Insulin,"If hyperglycemia is present, adjust basal and/or prandial insulin based on the timing and extent of hyperglycemia (e.g., p. 14)",Hyperglycemia present,,Adjust basal and/or prandial insulin based on the timing and extent of hyperglycemia.,,"If hyperglycemia is present, adjust basal and/or prandial insulin based on the timing and extent of hyperglycemia (e.g., p. 14).","[0.0,758.964,1000.0,823.964]"
p006-page-006-tile-r02-c01::page-006-tile-r02-c01-actions-figure-92::action::action-001,page_006_tile_r02_c01,6,CONTROLLED_SOURCE_PDF/ADA principles for pharmacologic therapy.pdf,7c2913f79b61bc60f8f51327bb73b80391988fd277116b29e57df4242b2a2404,0929ca38ad29f903468637f26d74c7aa2879fd4c3c802648076823db14825893,tile,"[0.0,288.0,360.0,648.0]",normalized_0_1000,CONTROLLED_SOURCE_IMAGE/ada_page_006_tile_r02_c01.png,OMITTED_RAW_MODEL_JSON/visual_logic_page_006_tile_r02_c01.json,extracted_unvalidated,page_006_tile_r02_c01__actions__figure_92,flowchart,"Figure 9.2—Insulin initiation and adjustment for people with type 1 diabetes using multi-continuous glucose monitoring; DKA, diabetic ketoacidosis; MDI, multiple daily injection",True,True,valid,,"structure: The flowchart contains conditional branches that may require manual review for complete interpretation.; structure: Some nodes have partial or incomplete text visible in the image.; actions: The image is a cropped section of a larger document; some context may be missing.; actions: Some text in the flowchart (like '3,4' or '5–10%') might refer to external references not visible here.; actions: The exact trigger conditions for each action are implied by the arrows and decision boxes.; symbols: The image contains partial text that may not be fully captured in the extracted evidence.; symbols: Some footnotes and references are truncated or partially visible.",277e69a6fabb7bacf257d7694520afe4ebaab6e34888dd9f5babbb172afd0efa,277e69a6fabb7bacf257d7694520afe4ebaab6e34888dd9f5babbb172afd0efa,pending,,,,,False,Insulin (basal and/or prandial),Adjust dosage based on timing of hypoglycemia,If hypoglycemia is present,,"e.g., 1–4 units or 5–10% dosage adjustments",,"If hypoglycemia is present, adjust basal and/or prandial insulin based on the timing of the hypoglycemia (e.g., 1-4 units or 5–10% dosage adjustments)3,4","[172.8,136.9,590.4,244.8]"
p006-page-006-tile-r02-c01::page-006-tile-r02-c01-actions-figure-92::action::action-002,page_006_tile_r02_c01,6,CONTROLLED_SOURCE_PDF/ADA principles for pharmacologic therapy.pdf,7c2913f79b61bc60f8f51327bb73b80391988fd277116b29e57df4242b2a2404,0929ca38ad29f903468637f26d74c7aa2879fd4c3c802648076823db14825893,tile,"[0.0,288.0,360.0,648.0]",normalized_0_1000,CONTROLLED_SOURCE_IMAGE/ada_page_006_tile_r02_c01.png,OMITTED_RAW_MODEL_JSON/visual_logic_page_006_tile_r02_c01.json,extracted_unvalidated,page_006_tile_r02_c01__actions__figure_92,flowchart,"Figure 9.2—Insulin initiation and adjustment for people with type 1 diabetes using multi-continuous glucose monitoring; DKA, diabetic ketoacidosis; MDI, multiple daily injection",True,True,valid,,"structure: The flowchart contains conditional branches that may require manual review for complete interpretation.; structure: Some nodes have partial or incomplete text visible in the image.; actions: The image is a cropped section of a larger document; some context may be missing.; actions: Some text in the flowchart (like '3,4' or '5–10%') might refer to external references not visible here.; actions: The exact trigger conditions for each action are implied by the arrows and decision boxes.; symbols: The image contains partial text that may not be fully captured in the extracted evidence.; symbols: Some footnotes and references are truncated or partially visible.",fbaddc469ad2a52583afa7b83ddf1dc9b1c8d1d920c47c2e8337fc02ff1997b8,fbaddc469ad2a52583afa7b83ddf1dc9b1c8d1d920c47c2e8337fc02ff1997b8,pending,,,,,False,Insulin (basal and/or prandial),Adjust dosage based on extent of hyperglycemia,If hyperglycemia is present,,"e.g., 1–4 units or 5–10% dosage adjustments",,"If hyperglycemia is present, adjust basal and/or prandial insulin based on the extent of hyperglycemia (e.g., 1-4 units or 5–10% dosage adjustments)","[732.8,136.9,1000.0,244.8]"
p006-page-006-tile-r02-c01::page-006-tile-r02-c01-actions-figure-92::action::action-003,page_006_tile_r02_c01,6,CONTROLLED_SOURCE_PDF/ADA principles for pharmacologic therapy.pdf,7c2913f79b61bc60f8f51327bb73b80391988fd277116b29e57df4242b2a2404,0929ca38ad29f903468637f26d74c7aa2879fd4c3c802648076823db14825893,tile,"[0.0,288.0,360.0,648.0]",normalized_0_1000,CONTROLLED_SOURCE_IMAGE/ada_page_006_tile_r02_c01.png,OMITTED_RAW_MODEL_JSON/visual_logic_page_006_tile_r02_c01.json,extracted_unvalidated,page_006_tile_r02_c01__actions__figure_92,flowchart,"Figure 9.2—Insulin initiation and adjustment for people with type 1 diabetes using multi-continuous glucose monitoring; DKA, diabetic ketoacidosis; MDI, multiple daily injection",True,True,valid,,"structure: The flowchart contains conditional branches that may require manual review for complete interpretation.; structure: Some nodes have partial or incomplete text visible in the image.; actions: The image is a cropped section of a larger document; some context may be missing.; actions: Some text in the flowchart (like '3,4' or '5–10%') might refer to external references not visible here.; actions: The exact trigger conditions for each action are implied by the arrows and decision boxes.; symbols: The image contains partial text that may not be fully captured in the extracted evidence.; symbols: Some footnotes and references are truncated or partially visible.",56523465cdbf48089e55255f5606cb2c476abf4c236f4b85a7228bc35ffee9af,56523465cdbf48089e55255f5606cb2c476abf4c236f4b85a7228bc35ffee9af,pending,,,,,False,Insulin (basal),Adjust dosage based on overnight glucose pattern,If fasting hyperglycemia is present,,Review overnight glucose pattern and adjust basal insulin if appropriate,,"If fasting hyperglycemia is present, review overnight glucose pattern (using CGM, if available) and adjust basal insulin, if appropriate","[624.0,301.9,957.6,408.8]"
p006-page-006-tile-r02-c02::page-006-tile-r02-c02-actions-tile-r02-c02::action::action-001,page_006_tile_r02_c02,6,CONTROLLED_SOURCE_PDF/ADA principles for pharmacologic therapy.pdf,7c2913f79b61bc60f8f51327bb73b80391988fd277116b29e57df4242b2a2404,189f76f27515916f3d3411dc8fd87f721266516d5734c1334b0faa8013a5aa29,tile,"[233.972,288.0,593.972,648.0]",normalized_0_1000,CONTROLLED_SOURCE_IMAGE/ada_page_006_tile_r02_c02.png,OMITTED_RAW_MODEL_JSON/visual_logic_page_006_tile_r02_c02.json,extracted_unvalidated,page_006_tile_r02_c02__actions__tile_r02_c02,flowchart,Figure 9.2,True,True,invalid,drug_class is required,"structure: No evidence of medication-class distinctions or uncertainty indicators in the visible text.; actions: The image contains a partial view of the flowchart. The top portion appears to be cut off, but the visible content provides sufficient information to extract the clinical guideline evidence as requested.; actions: Some text in the flowchart is partially obscured or truncated, which may affect the completeness of the extracted data.; symbols: The provided image is a cropped section of a larger document, which means some context or additional nodes/edges might be missing. The flowchart appears to be self-contained within the visible area.; symbols: Some text in the flowchart (like '3,4' and references) may not be fully legible due to resolution or cropping.; visual item title derived from manifest figure_ids/table_ids",73a9a8dc0638ee787a6335e842d757fa3974c43f45bf661b954c964aed2de33a,73a9a8dc0638ee787a6335e842d757fa3974c43f45bf661b954c964aed2de33a,pending,,,,,False,,"adjust basal and/or prandial insulin based on the timing and extent of hyperglycemia (e.g., 1-4 units or 5-10% dosage adjustments)",If hyperglycemia is present,,Adjustment can be made in increments of 1-4 units or 5-10%,,"If hyperglycemia is present, adjust basal and/or prandial insulin based on the timing and extent of hyperglycemia (e.g., 1-4 units or 5-10% dosage adjustments)3,4","[92.76,138.0,512.76,248.0]"
p006-page-006-tile-r02-c02::page-006-tile-r02-c02-actions-tile-r02-c02::action::action-002,page_006_tile_r02_c02,6,CONTROLLED_SOURCE_PDF/ADA principles for pharmacologic therapy.pdf,7c2913f79b61bc60f8f51327bb73b80391988fd277116b29e57df4242b2a2404,189f76f27515916f3d3411dc8fd87f721266516d5734c1334b0faa8013a5aa29,tile,"[233.972,288.0,593.972,648.0]",normalized_0_1000,CONTROLLED_SOURCE_IMAGE/ada_page_006_tile_r02_c02.png,OMITTED_RAW_MODEL_JSON/visual_logic_page_006_tile_r02_c02.json,extracted_unvalidated,page_006_tile_r02_c02__actions__tile_r02_c02,flowchart,Figure 9.2,True,True,invalid,drug_class is required,"structure: No evidence of medication-class distinctions or uncertainty indicators in the visible text.; actions: The image contains a partial view of the flowchart. The top portion appears to be cut off, but the visible content provides sufficient information to extract the clinical guideline evidence as requested.; actions: Some text in the flowchart is partially obscured or truncated, which may affect the completeness of the extracted data.; symbols: The provided image is a cropped section of a larger document, which means some context or additional nodes/edges might be missing. The flowchart appears to be self-contained within the visible area.; symbols: Some text in the flowchart (like '3,4' and references) may not be fully legible due to resolution or cropping.; visual item title derived from manifest figure_ids/table_ids",7ab6763a9cb7294c8ebfd3a494677766b09688f5ab2d29d5079e6bb254305b2f,7ab6763a9cb7294c8ebfd3a494677766b09688f5ab2d29d5079e6bb254305b2f,pending,,,,,False,,"review overnight glucose pattern (using CGM, if available) and adjust basal insulin, if appropriate",If fasting hyperglycemia is present,,,,"If fasting hyperglycemia is present, review overnight glucose pattern (using CGM, if available) and adjust basal insulin, if appropriate","[0.76,298.0,284.76,413.0]"
p006-page-006-tile-r02-c02::page-006-tile-r02-c02-actions-tile-r02-c02::action::action-003,page_006_tile_r02_c02,6,CONTROLLED_SOURCE_PDF/ADA principles for pharmacologic therapy.pdf,7c2913f79b61bc60f8f51327bb73b80391988fd277116b29e57df4242b2a2404,189f76f27515916f3d3411dc8fd87f721266516d5734c1334b0faa8013a5aa29,tile,"[233.972,288.0,593.972,648.0]",normalized_0_1000,CONTROLLED_SOURCE_IMAGE/ada_page_006_tile_r02_c02.png,OMITTED_RAW_MODEL_JSON/visual_logic_page_006_tile_r02_c02.json,extracted_unvalidated,page_006_tile_r02_c02__actions__tile_r02_c02,flowchart,Figure 9.2,True,True,invalid,drug_class is required,"structure: No evidence of medication-class distinctions or uncertainty indicators in the visible text.; actions: The image contains a partial view of the flowchart. The top portion appears to be cut off, but the visible content provides sufficient information to extract the clinical guideline evidence as requested.; actions: Some text in the flowchart is partially obscured or truncated, which may affect the completeness of the extracted data.; symbols: The provided image is a cropped section of a larger document, which means some context or additional nodes/edges might be missing. The flowchart appears to be self-contained within the visible area.; symbols: Some text in the flowchart (like '3,4' and references) may not be fully legible due to resolution or cropping.; visual item title derived from manifest figure_ids/table_ids",6cca2c19df5f85c6c4072b2d3d7e281aacc1a287d3f986e9819decbe79a1245c,6cca2c19df5f85c6c4072b2d3d7e281aacc1a287d3f986e9819decbe79a1245c,pending,,,,,False,,"assess and educate to ensure prandial administration is appropriately timed and adjusted for nutrient intake (dosing may be fixed based on general intake or variable based on macronutrient and/or glycemic trends, depending on individual preference and ability)",If postprandial hyperglycemia is present,,Dosing can be fixed (based on general intake) or variable (based on macronutrient and/or glycemic trends),,"If postprandial hyperglycemia is present, assess and educate to ensure prandial administration is appropriately timed and adjusted for nutrient intake (dosing may be fixed based on general intake or variable based on macronutrient and/or glycemic trends, depending on individual preference and ability)","[316.76,298.0,614.76,500.0]"
p006-page-006-tile-r03-c02::page-006-tile-r03-c02-actions-tile-r03-c02::action::action-001,page_006_tile_r03_c02,6,CONTROLLED_SOURCE_PDF/ADA principles for pharmacologic therapy.pdf,7c2913f79b61bc60f8f51327bb73b80391988fd277116b29e57df4242b2a2404,5296d4935241fe8927811379b16ae96590939bedd15e3cfe9f48da6cdbb8d001,tile,"[233.972,422.986,593.972,782.986]",normalized_0_1000,CONTROLLED_SOURCE_IMAGE/ada_page_006_tile_r03_c02.png,OMITTED_RAW_MODEL_JSON/visual_logic_page_006_tile_r03_c02.json,extracted_unvalidated,page_006_tile_r03_c02__actions__tile_r03_c02,region,Figure 9.2,True,True,invalid,trigger is required,"structure: No visible arrows or decision nodes with explicit branching logic were found in the provided image asset. The extracted content is based on textual evidence within the bounding box.; actions: No explicit recommendation-strength word visible; used empty strength string.; symbols: No visible arrows or decision nodes in this tile.; symbols: No visible drug actions (e.g., 'administer X mg') in this tile.; symbols: No visible symbols or footnotes in this tile.; visual item title derived from manifest figure_ids/table_ids",2a0388c6b7af586ef600fbcf5bf162af378df25f8dd702ee95de935428013560,2a0388c6b7af586ef600fbcf5bf162af378df25f8dd702ee95de935428013560,pending,,,,,False,exogenous insulin,"should be injected or infused into subcutaneous tissue, not intramuscularly.",,,,"Inadvertent IM injection can lead to unpredictable insulin absorption and variable effects on glucose and is associated with frequent and unexplained hypoglycemia. Size 4-mm pen needles should be used to reduce inadvertent IM insulin delivery across ages and body types. IM risk is higher in younger, leaner individuals, with injections into limbs rather than truncal sites.","Exogenously delivered insulin should be injected or infused into subcutaneous tissue, not intramuscularly. Recommended sites for insulin administration include the abdomen, thigh, buttock, and upper arm. Insulin absorption from IM sites differs from that in subcutaneous sites and is also influenced by the activity of the muscle. Inadvertent IM injection can lead to unpredictable insulin absorption and variable effects on glucose and is associated with frequent and unexplained hypoglycemia. Size 4-mm pen needles should be used to reduce inadvertent IM insulin delivery across ages and body types. IM risk is higher in younger, leaner individuals, with injections into limbs rather than truncal sites.","[233.972,422.986,593.972,782.986]"
p008-page-008-tile-r03-c01::page-008-tile-r03-c01-actions-tile-r03-c01::action::action-001,page_008_tile_r03_c01,8,CONTROLLED_SOURCE_PDF/ADA principles for pharmacologic therapy.pdf,7c2913f79b61bc60f8f51327bb73b80391988fd277116b29e57df4242b2a2404,bdd5fd01f22dca31c357ef9fd41b60912c77fec2ae71b82dce1f09920d44c2b6,tile,"[0.0,422.986,360.0,782.986]",normalized_0_1000,CONTROLLED_SOURCE_IMAGE/ada_page_008_tile_r03_c01.png,OMITTED_RAW_MODEL_JSON/visual_logic_page_008_tile_r03_c01.json,extracted_unvalidated,page_008_tile_r03_c01__actions__tile_r03_c01,table,Figure 9.3,True,True,invalid,drug_class is required; trigger is required,"structure: No visible arrows or decision nodes with explicit branching logic.; structure: All text is presented as a single block of recommendations without visual separation.; symbols: The visible text in this tile is a clinical guideline excerpt discussing the choice of glucose-lowering medications for adults with type 2 diabetes. It advises using medications that provide sufficient effectiveness to achieve and maintain intended treatment goals, while considering effects on cardiovascular, kidney, weight, other relevant comorbidities; hypoglycemia risk; cost and access; risk for adverse reactions and tolerability; and individual preferences (Fig. 9.4 and Table 9.2). E; visual item title derived from manifest figure_ids/table_ids",b8e8a0cf93c85b605a5ed81f320d31483bb2e112ab61baf48b5a72ee02117589,b8e8a0cf93c85b605a5ed81f320d31483bb2e112ab61baf48b5a72ee02117589,pending,,,,,False,,"Use medications that provide sufficient effectiveness to achieve and maintain intended treatment goals with consideration of the effects on cardiovascular, kidney, weight, and other relevant comorbidities; hypoglycemia risk; cost and access; risk for adverse reactions and tolerability; and individual preferences",,E,,,"Use medications that provide sufficient effectiveness to achieve and maintain intended treatment goals with consideration of the effects on cardiovascular, kidney, weight, and other relevant comorbidities; hypoglycemia risk; cost and access; risk for adverse reactions and tolerability; and individual preferences (Fig. 9.4 and Table 9.2). E","[176.0,0.0,583.0,377.0]"
p008-page-008-tile-r03-c02::page-008-tile-r03-c02-actions-tile-0::action::action-001,page_008_tile_r03_c02,8,CONTROLLED_SOURCE_PDF/ADA principles for pharmacologic therapy.pdf,7c2913f79b61bc60f8f51327bb73b80391988fd277116b29e57df4242b2a2404,6ff8b0fe2f77a5a8cd8c8358ed249e5a2082215e86b5279494e616364e00fdc7,tile,"[233.972,422.986,593.972,782.986]",normalized_0_1000,CONTROLLED_SOURCE_IMAGE/ada_page_008_tile_r03_c02.png,OMITTED_RAW_MODEL_JSON/visual_logic_page_008_tile_r03_c02.json,extracted_unvalidated,page_008_tile_r03_c02__actions__tile_0,region,Figure 9.3,False,True,valid,,"symbols: No visible arrows, decision nodes, or drug actions were detected in the provided image asset.; visual item title derived from manifest figure_ids/table_ids",e69c71f7277010f7b4089ed7e884dad97ec0efa6f8ecff13dd0fbf57f7e4385f,e69c71f7277010f7b4089ed7e884dad97ec0efa6f8ecff13dd0fbf57f7e4385f,pending,,,,,False,SGLT2 inhibitor,recommended for both glycemic management and prevention of HF hospitalizations (irrespective of A1C),In adults with type 2 diabetes who have heart failure (HF) (with either reduced or preserved ejection fraction),A,,,"In adults with type 2 diabetes who have heart failure (HF) (with either reduced or preserved ejection fraction), an SGLT2 inhibitor is recommended for both glycemic management and prevention of HF hospitalizations (irrespective of A1C) (Fig. 9.4).","[0.0,0.0,387.0,25.0]"
p009-page-009-tile-r01-c01::page-009-tile-r01-c01-actions-tile-0::action::action-001,page_009_tile_r01_c01,9,CONTROLLED_SOURCE_PDF/ADA principles for pharmacologic therapy.pdf,7c2913f79b61bc60f8f51327bb73b80391988fd277116b29e57df4242b2a2404,23e55292fd35e93be8252d9109129584a161ccdce0f466df0c737432e53bc23e,tile,"[0.0,0.0,360.0,360.0]",normalized_0_1000,CONTROLLED_SOURCE_IMAGE/ada_page_009_tile_r01_c01.png,OMITTED_RAW_MODEL_JSON/visual_logic_page_009_tile_r01_c01.json,extracted_unvalidated,page_009_tile_r01_c01__actions__tile_0,flowchart,Use of glucose-lowering medications in the management of diabetes,True,True,valid,,"structure: The flowchart contains conditional branching based on patient characteristics and medication classes. The exact thresholds for eGFR are provided in the text boxes.; structure: Some nodes have multiple conditions or actions, which are represented as separate branches within the same node (e.g., SGLT2i with proven HF benefit can lead to dual GIP/GLP-1 RA or GLP-1 RA if symptomatic HFpEF and obesity).; structure: The flowchart does not explicitly state all possible medication combinations for each condition, but it provides clear guidance based on evidence.; actions: The image contains a flowchart that may not be fully visible due to cropping; some nodes might be cut off.; actions: Some text in the flowchart may be partially obscured or truncated, requiring manual review for complete accuracy.; symbols: The flowchart contains multiple decision points based on presence markers. These are not ordinal scales but rather indicators of condition presence.; symbols: Some nodes may have additional text or arrows that are not fully captured in the extracted data due to boundary constraints.",f2ca6fb61ed0bb95cece0b09515a96107e87b80175bb51d0c825b6d2f5035281,f2ca6fb61ed0bb95cece0b09515a96107e87b80175bb51d0c825b6d2f5035281,pending,,,,,False,GLP-1 RA,with proven CVD benefit,+ASCVD/indicators of high CVD risk*,,,,+ASCVD/indicators of high CVD risk* → GLP-1 RA with proven CVD benefit,"[0.0,360.0,360.0,420.0]"
p009-page-009-tile-r01-c01::page-009-tile-r01-c01-actions-tile-0::action::action-002,page_009_tile_r01_c01,9,CONTROLLED_SOURCE_PDF/ADA principles for pharmacologic therapy.pdf,7c2913f79b61bc60f8f51327bb73b80391988fd277116b29e57df4242b2a2404,23e55292fd35e93be8252d9109129584a161ccdce0f466df0c737432e53bc23e,tile,"[0.0,0.0,360.0,360.0]",normalized_0_1000,CONTROLLED_SOURCE_IMAGE/ada_page_009_tile_r01_c01.png,OMITTED_RAW_MODEL_JSON/visual_logic_page_009_tile_r01_c01.json,extracted_unvalidated,page_009_tile_r01_c01__actions__tile_0,flowchart,Use of glucose-lowering medications in the management of diabetes,True,True,valid,,"structure: The flowchart contains conditional branching based on patient characteristics and medication classes. The exact thresholds for eGFR are provided in the text boxes.; structure: Some nodes have multiple conditions or actions, which are represented as separate branches within the same node (e.g., SGLT2i with proven HF benefit can lead to dual GIP/GLP-1 RA or GLP-1 RA if symptomatic HFpEF and obesity).; structure: The flowchart does not explicitly state all possible medication combinations for each condition, but it provides clear guidance based on evidence.; actions: The image contains a flowchart that may not be fully visible due to cropping; some nodes might be cut off.; actions: Some text in the flowchart may be partially obscured or truncated, requiring manual review for complete accuracy.; symbols: The flowchart contains multiple decision points based on presence markers. These are not ordinal scales but rather indicators of condition presence.; symbols: Some nodes may have additional text or arrows that are not fully captured in the extracted data due to boundary constraints.",d323dd4396f6e2b98ca26ab5023095ca8b811cce887366fdc58a4e18149311d6,d323dd4396f6e2b98ca26ab5023095ca8b811cce887366fdc58a4e18149311d6,pending,,,,,False,SGLT2i,with proven CVD benefit,+ASCVD/indicators of high CVD risk*,,,,+ASCVD/indicators of high CVD risk* → SGLT2i with proven CVD benefit,"[0.0,360.0,360.0,420.0]"
p009-page-009-tile-r01-c01::page-009-tile-r01-c01-actions-tile-0::action::action-003,page_009_tile_r01_c01,9,CONTROLLED_SOURCE_PDF/ADA principles for pharmacologic therapy.pdf,7c2913f79b61bc60f8f51327bb73b80391988fd277116b29e57df4242b2a2404,23e55292fd35e93be8252d9109129584a161ccdce0f466df0c737432e53bc23e,tile,"[0.0,0.0,360.0,360.0]",normalized_0_1000,CONTROLLED_SOURCE_IMAGE/ada_page_009_tile_r01_c01.png,OMITTED_RAW_MODEL_JSON/visual_logic_page_009_tile_r01_c01.json,extracted_unvalidated,page_009_tile_r01_c01__actions__tile_0,flowchart,Use of glucose-lowering medications in the management of diabetes,True,True,valid,,"structure: The flowchart contains conditional branching based on patient characteristics and medication classes. The exact thresholds for eGFR are provided in the text boxes.; structure: Some nodes have multiple conditions or actions, which are represented as separate branches within the same node (e.g., SGLT2i with proven HF benefit can lead to dual GIP/GLP-1 RA or GLP-1 RA if symptomatic HFpEF and obesity).; structure: The flowchart does not explicitly state all possible medication combinations for each condition, but it provides clear guidance based on evidence.; actions: The image contains a flowchart that may not be fully visible due to cropping; some nodes might be cut off.; actions: Some text in the flowchart may be partially obscured or truncated, requiring manual review for complete accuracy.; symbols: The flowchart contains multiple decision points based on presence markers. These are not ordinal scales but rather indicators of condition presence.; symbols: Some nodes may have additional text or arrows that are not fully captured in the extracted data due to boundary constraints.",d07f098b67b984e262b63de41cae4af693e4d6ff5d2c5b50161922ebb0c31ade,d07f098b67b984e262b63de41cae4af693e4d6ff5d2c5b50161922ebb0c31ade,pending,,,,,False,SGLT2i,with proven HF benefit in current or prior symptoms of HFrEF or HFpEF,+HF,,,,+HF → SGLT2i with proven HF benefit in current or prior symptoms of HFrEF or HFpEF,"[0.0,360.0,360.0,420.0]"
p009-page-009-tile-r01-c01::page-009-tile-r01-c01-actions-tile-0::action::action-004,page_009_tile_r01_c01,9,CONTROLLED_SOURCE_PDF/ADA principles for pharmacologic therapy.pdf,7c2913f79b61bc60f8f51327bb73b80391988fd277116b29e57df4242b2a2404,23e55292fd35e93be8252d9109129584a161ccdce0f466df0c737432e53bc23e,tile,"[0.0,0.0,360.0,360.0]",normalized_0_1000,CONTROLLED_SOURCE_IMAGE/ada_page_009_tile_r01_c01.png,OMITTED_RAW_MODEL_JSON/visual_logic_page_009_tile_r01_c01.json,extracted_unvalidated,page_009_tile_r01_c01__actions__tile_0,flowchart,Use of glucose-lowering medications in the management of diabetes,True,True,valid,,"structure: The flowchart contains conditional branching based on patient characteristics and medication classes. The exact thresholds for eGFR are provided in the text boxes.; structure: Some nodes have multiple conditions or actions, which are represented as separate branches within the same node (e.g., SGLT2i with proven HF benefit can lead to dual GIP/GLP-1 RA or GLP-1 RA if symptomatic HFpEF and obesity).; structure: The flowchart does not explicitly state all possible medication combinations for each condition, but it provides clear guidance based on evidence.; actions: The image contains a flowchart that may not be fully visible due to cropping; some nodes might be cut off.; actions: Some text in the flowchart may be partially obscured or truncated, requiring manual review for complete accuracy.; symbols: The flowchart contains multiple decision points based on presence markers. These are not ordinal scales but rather indicators of condition presence.; symbols: Some nodes may have additional text or arrows that are not fully captured in the extracted data due to boundary constraints.",c6c2b30bb493a1adf859aba872638385d0afeba403c7a4de2e34a4f3e06367a9,c6c2b30bb493a1adf859aba872638385d0afeba403c7a4de2e34a4f3e06367a9,pending,,,,,False,SGLT2i,with primary evidence of reducing CKD progression,+CKD (on maximally tolerated dose of ACEi or ARB),,• SGLT2i can be started with eGFR ≥20 mL/min/1.73 m² • Glucose-lowering efficacy is reduced with eGFR <45 mL/min/1.73 m²,,+CKD (on maximally tolerated dose of ACEi or ARB) → SGLT2i with primary evidence of reducing CKD progression • SGLT2i can be started with eGFR ≥20 mL/min/1.73 m² • Glucose-lowering efficacy is reduced with eGFR <45 mL/min/1.73 m²,"[0.0,360.0,360.0,420.0]"
p009-page-009-tile-r01-c01::page-009-tile-r01-c01-actions-tile-0::action::action-005,page_009_tile_r01_c01,9,CONTROLLED_SOURCE_PDF/ADA principles for pharmacologic therapy.pdf,7c2913f79b61bc60f8f51327bb73b80391988fd277116b29e57df4242b2a2404,23e55292fd35e93be8252d9109129584a161ccdce0f466df0c737432e53bc23e,tile,"[0.0,0.0,360.0,360.0]",normalized_0_1000,CONTROLLED_SOURCE_IMAGE/ada_page_009_tile_r01_c01.png,OMITTED_RAW_MODEL_JSON/visual_logic_page_009_tile_r01_c01.json,extracted_unvalidated,page_009_tile_r01_c01__actions__tile_0,flowchart,Use of glucose-lowering medications in the management of diabetes,True,True,valid,,"structure: The flowchart contains conditional branching based on patient characteristics and medication classes. The exact thresholds for eGFR are provided in the text boxes.; structure: Some nodes have multiple conditions or actions, which are represented as separate branches within the same node (e.g., SGLT2i with proven HF benefit can lead to dual GIP/GLP-1 RA or GLP-1 RA if symptomatic HFpEF and obesity).; structure: The flowchart does not explicitly state all possible medication combinations for each condition, but it provides clear guidance based on evidence.; actions: The image contains a flowchart that may not be fully visible due to cropping; some nodes might be cut off.; actions: Some text in the flowchart may be partially obscured or truncated, requiring manual review for complete accuracy.; symbols: The flowchart contains multiple decision points based on presence markers. These are not ordinal scales but rather indicators of condition presence.; symbols: Some nodes may have additional text or arrows that are not fully captured in the extracted data due to boundary constraints.",ee29cdce43320ba7a4d4f36d97ce5e7130961de49ea18d5070d866dce439570e,ee29cdce43320ba7a4d4f36d97ce5e7130961de49ea18d5070d866dce439570e,pending,,,,,False,SGLT2i and/or either dual GIP/GLP-1 RA or GLP-1 RA,with proven benefit in symptomatic HFpEF and obesity,+HF (on maximally tolerated dose of ACEi or ARB),,,,+HF → SGLT2i and/or either dual GIP/GLP-1 RA or GLP-1 RA with proven benefit in symptomatic HFpEF and obesity,"[0.0,360.0,360.0,420.0]"
p009-page-009-tile-r01-c02::page-009-tile-r01-c02-actions-tile-r01-c02::action::action-001,page_009_tile_r01_c02,9,CONTROLLED_SOURCE_PDF/ADA principles for pharmacologic therapy.pdf,7c2913f79b61bc60f8f51327bb73b80391988fd277116b29e57df4242b2a2404,ac9895088166584c4f4d973a5590b2d315454f82a669fd42fc3648381d58b5a1,tile,"[233.972,0.0,593.972,360.0]",normalized_0_1000,CONTROLLED_SOURCE_IMAGE/ada_page_009_tile_r01_c02.png,OMITTED_RAW_MODEL_JSON/visual_logic_page_009_tile_r01_c02.json,extracted_unvalidated,page_009_tile_r01_c02__actions__tile_r01_c02,flowchart,Medications in the management of type 2 diabetes,True,True,valid,,"structure: The flowchart contains multiple decision nodes with branching paths that may require manual review to ensure accurate interpretation of clinical guidelines.; structure: Some evidence text is truncated or partially obscured in the image, which may affect complete accuracy of extracted information.; actions: The image is a flowchart with multiple decision points and arrows. Some relationships may cross tile boundaries, requiring manual review for accuracy.; actions: Some text in the image is partially cut off or obscured, which may affect the completeness of extracted information.; symbols: The image is a flowchart with multiple pathways, but the requested extraction focuses only on clinical guideline evidence (symbols or footnotes).; symbols: Some nodes are not fully visible in the provided bounding box, so their content may be incomplete.; symbols: The exact thresholds for eGFR and ACR values are included as symbols.",2bee97a32f40f20c50cb7eab703ec98b0eec87ed2636a51552bc92c279d568c0,2bee97a32f40f20c50cb7eab703ec98b0eec87ed2636a51552bc92c279d568c0,pending,,,,,False,SGLT2i,can be started with h eGFR ≥20 mL/min/1.73 m²,+CKD (on maximally tolerated dose of ACEi or ARB),,Glucose-lowering efficacy is reduced with eGFR <45 mL/min/1.73 m²,SGLT2i with primary evidence of reducing CKD progression,+CKD (on maximally tolerated dose of ACEi or ARB) SGLT2i with primary evidence of reducing CKD progression • SGLT2i can be started wit h eGFR ≥20 mL/min/1.73 m² • Glucose-lowering efficacy is reduced with eGFR <45 mL/min/1.73 m²,"[46.0,758.0,329.0,970.0]"
p009-page-009-tile-r01-c02::page-009-tile-r01-c02-actions-tile-r01-c02::action::action-002,page_009_tile_r01_c02,9,CONTROLLED_SOURCE_PDF/ADA principles for pharmacologic therapy.pdf,7c2913f79b61bc60f8f51327bb73b80391988fd277116b29e57df4242b2a2404,ac9895088166584c4f4d973a5590b2d315454f82a669fd42fc3648381d58b5a1,tile,"[233.972,0.0,593.972,360.0]",normalized_0_1000,CONTROLLED_SOURCE_IMAGE/ada_page_009_tile_r01_c02.png,OMITTED_RAW_MODEL_JSON/visual_logic_page_009_tile_r01_c02.json,extracted_unvalidated,page_009_tile_r01_c02__actions__tile_r01_c02,flowchart,Medications in the management of type 2 diabetes,True,True,valid,,"structure: The flowchart contains multiple decision nodes with branching paths that may require manual review to ensure accurate interpretation of clinical guidelines.; structure: Some evidence text is truncated or partially obscured in the image, which may affect complete accuracy of extracted information.; actions: The image is a flowchart with multiple decision points and arrows. Some relationships may cross tile boundaries, requiring manual review for accuracy.; actions: Some text in the image is partially cut off or obscured, which may affect the completeness of extracted information.; symbols: The image is a flowchart with multiple pathways, but the requested extraction focuses only on clinical guideline evidence (symbols or footnotes).; symbols: Some nodes are not fully visible in the provided bounding box, so their content may be incomplete.; symbols: The exact thresholds for eGFR and ACR values are included as symbols.",83d13dae6861a0aa9f1e5c6cb883772775dca91c0f5c917a7667dddf5a130c8e,83d13dae6861a0aa9f1e5c6cb883772775dca91c0f5c917a7667dddf5a130c8e,pending,,,,,False,Metformin or other agent (including combination therapy),provide adequate efficacy to achieve and maintain glycemic treatment goals,+Achievement and maintenance of glycemic goals,,Prioritize avoidance of hypoglycemia in high risk individuals,,Metformin or other agent (including combination therapy) that provides adequate efficacy to achieve and maintain glycemic treatment goals. Prioritize avoidance of hypoglycemia in high risk individuals,"[532.0,724.0,816.0,859.0]"
p009-page-009-tile-r01-c02::page-009-tile-r01-c02-actions-tile-r01-c02::action::action-003,page_009_tile_r01_c02,9,CONTROLLED_SOURCE_PDF/ADA principles for pharmacologic therapy.pdf,7c2913f79b61bc60f8f51327bb73b80391988fd277116b29e57df4242b2a2404,ac9895088166584c4f4d973a5590b2d315454f82a669fd42fc3648381d58b5a1,tile,"[233.972,0.0,593.972,360.0]",normalized_0_1000,CONTROLLED_SOURCE_IMAGE/ada_page_009_tile_r01_c02.png,OMITTED_RAW_MODEL_JSON/visual_logic_page_009_tile_r01_c02.json,extracted_unvalidated,page_009_tile_r01_c02__actions__tile_r01_c02,flowchart,Medications in the management of type 2 diabetes,True,True,valid,,"structure: The flowchart contains multiple decision nodes with branching paths that may require manual review to ensure accurate interpretation of clinical guidelines.; structure: Some evidence text is truncated or partially obscured in the image, which may affect complete accuracy of extracted information.; actions: The image is a flowchart with multiple decision points and arrows. Some relationships may cross tile boundaries, requiring manual review for accuracy.; actions: Some text in the image is partially cut off or obscured, which may affect the completeness of extracted information.; symbols: The image is a flowchart with multiple pathways, but the requested extraction focuses only on clinical guideline evidence (symbols or footnotes).; symbols: Some nodes are not fully visible in the provided bounding box, so their content may be incomplete.; symbols: The exact thresholds for eGFR and ACR values are included as symbols.",3023cc6a9ca91295dac92bfb39571f1686831a18d366ca33b00ffc93c1649a21,3023cc6a9ca91295dac92bfb39571f1686831a18d366ca33b00ffc93c1649a21,pending,,,,,False,"Semaglutide, tirzepatide",Very high efficacy for weight loss,+Weight management,Very high,,,"Efficacy for weight loss Very high: Semaglutide, tirzepatide","[409.0,724.0,516.0,837.0]"
p009-page-009-tile-r01-c02::page-009-tile-r01-c02-actions-tile-r01-c02::action::action-004,page_009_tile_r01_c02,9,CONTROLLED_SOURCE_PDF/ADA principles for pharmacologic therapy.pdf,7c2913f79b61bc60f8f51327bb73b80391988fd277116b29e57df4242b2a2404,ac9895088166584c4f4d973a5590b2d315454f82a669fd42fc3648381d58b5a1,tile,"[233.972,0.0,593.972,360.0]",normalized_0_1000,CONTROLLED_SOURCE_IMAGE/ada_page_009_tile_r01_c02.png,OMITTED_RAW_MODEL_JSON/visual_logic_page_009_tile_r01_c02.json,extracted_unvalidated,page_009_tile_r01_c02__actions__tile_r01_c02,flowchart,Medications in the management of type 2 diabetes,True,True,valid,,"structure: The flowchart contains multiple decision nodes with branching paths that may require manual review to ensure accurate interpretation of clinical guidelines.; structure: Some evidence text is truncated or partially obscured in the image, which may affect complete accuracy of extracted information.; actions: The image is a flowchart with multiple decision points and arrows. Some relationships may cross tile boundaries, requiring manual review for accuracy.; actions: Some text in the image is partially cut off or obscured, which may affect the completeness of extracted information.; symbols: The image is a flowchart with multiple pathways, but the requested extraction focuses only on clinical guideline evidence (symbols or footnotes).; symbols: Some nodes are not fully visible in the provided bounding box, so their content may be incomplete.; symbols: The exact thresholds for eGFR and ACR values are included as symbols.",a6cb66bf7b939baa73d38c7e2cba17f0069e0c06c47699db14d4935b5b3e9e40,a6cb66bf7b939baa73d38c7e2cba17f0069e0c06c47699db14d4935b5b3e9e40,pending,,,,,False,"Dulaglutide, liraglutide",High efficacy for weight loss,+Weight management,High,,,"Efficacy for weight loss High: Dulaglutide, liraglutide","[409.0,837.0,516.0,920.0]"
p009-page-009-tile-r01-c02::page-009-tile-r01-c02-actions-tile-r01-c02::action::action-005,page_009_tile_r01_c02,9,CONTROLLED_SOURCE_PDF/ADA principles for pharmacologic therapy.pdf,7c2913f79b61bc60f8f51327bb73b80391988fd277116b29e57df4242b2a2404,ac9895088166584c4f4d973a5590b2d315454f82a669fd42fc3648381d58b5a1,tile,"[233.972,0.0,593.972,360.0]",normalized_0_1000,CONTROLLED_SOURCE_IMAGE/ada_page_009_tile_r01_c02.png,OMITTED_RAW_MODEL_JSON/visual_logic_page_009_tile_r01_c02.json,extracted_unvalidated,page_009_tile_r01_c02__actions__tile_r01_c02,flowchart,Medications in the management of type 2 diabetes,True,True,valid,,"structure: The flowchart contains multiple decision nodes with branching paths that may require manual review to ensure accurate interpretation of clinical guidelines.; structure: Some evidence text is truncated or partially obscured in the image, which may affect complete accuracy of extracted information.; actions: The image is a flowchart with multiple decision points and arrows. Some relationships may cross tile boundaries, requiring manual review for accuracy.; actions: Some text in the image is partially cut off or obscured, which may affect the completeness of extracted information.; symbols: The image is a flowchart with multiple pathways, but the requested extraction focuses only on clinical guideline evidence (symbols or footnotes).; symbols: Some nodes are not fully visible in the provided bounding box, so their content may be incomplete.; symbols: The exact thresholds for eGFR and ACR values are included as symbols.",fbae00cef4419a1a54dba0238018eae36d5e9a60d6647dc48c4da3a2c985e2d2,fbae00cef4419a1a54dba0238018eae36d5e9a60d6647dc48c4da3a2c985e2d2,pending,,,,,False,GLP-1 RA (not listed above),Intermediate efficacy for weight loss,+Weight management,Intermediate,,,Efficacy for weight loss Intermediate: GLP-1 RA (not listed above),"[409.0,920.0,516.0,970.0]"
p009-page-009-tile-r01-c02::page-009-tile-r01-c02-actions-tile-r01-c02::action::action-006,page_009_tile_r01_c02,9,CONTROLLED_SOURCE_PDF/ADA principles for pharmacologic therapy.pdf,7c2913f79b61bc60f8f51327bb73b80391988fd277116b29e57df4242b2a2404,ac9895088166584c4f4d973a5590b2d315454f82a669fd42fc3648381d58b5a1,tile,"[233.972,0.0,593.972,360.0]",normalized_0_1000,CONTROLLED_SOURCE_IMAGE/ada_page_009_tile_r01_c02.png,OMITTED_RAW_MODEL_JSON/visual_logic_page_009_tile_r01_c02.json,extracted_unvalidated,page_009_tile_r01_c02__actions__tile_r01_c02,flowchart,Medications in the management of type 2 diabetes,True,True,valid,,"structure: The flowchart contains multiple decision nodes with branching paths that may require manual review to ensure accurate interpretation of clinical guidelines.; structure: Some evidence text is truncated or partially obscured in the image, which may affect complete accuracy of extracted information.; actions: The image is a flowchart with multiple decision points and arrows. Some relationships may cross tile boundaries, requiring manual review for accuracy.; actions: Some text in the image is partially cut off or obscured, which may affect the completeness of extracted information.; symbols: The image is a flowchart with multiple pathways, but the requested extraction focuses only on clinical guideline evidence (symbols or footnotes).; symbols: Some nodes are not fully visible in the provided bounding box, so their content may be incomplete.; symbols: The exact thresholds for eGFR and ACR values are included as symbols.",370142a3e322766ccbd17a5a997fbc6c0d9d14cf819641b095625f994c4dc4f5,370142a3e322766ccbd17a5a997fbc6c0d9d14cf819641b095625f994c4dc4f5,pending,,,,,False,"Dulaglutide (high dose),",Very high efficacy for glucose lowering,+Achievement and maintenance of glycemic goals,Very high,,,"Efficacy for glucose lowering Very high: Dulaglutide (high dose),","[532.0,910.0,816.0,970.0]"
p009-page-009-tile-r02-c01::page-009-tile-r02-c01-actions-tile-r02-c01::action::action-001,page_009_tile_r02_c01,9,CONTROLLED_SOURCE_PDF/ADA principles for pharmacologic therapy.pdf,7c2913f79b61bc60f8f51327bb73b80391988fd277116b29e57df4242b2a2404,936835293d1d5e15feb927064c3384c4f71d8817072e7850048a8ee7cb0d0396,tile,"[0.0,288.0,360.0,648.0]",normalized_0_1000,CONTROLLED_SOURCE_IMAGE/ada_page_009_tile_r02_c01.png,OMITTED_RAW_MODEL_JSON/visual_logic_page_009_tile_r02_c01.json,extracted_unvalidated,page_009_tile_r02_c01__actions__tile_r02_c01,flowchart,Figure 9.4,True,True,valid,,"structure: The image contains multiple decision nodes and arrows that are not fully captured by the provided schema. The flowchart includes conditional branches for SGLT2i initiation based on eGFR thresholds (not explicitly modeled in this extraction).; structure: Some text elements like footnotes or symbols (e.g., ^, #) may be truncated or misinterpreted without full context.; actions: The flowchart contains multiple conditional pathways and recommendations based on patient-specific factors such as eGFR levels and presence of comorbidities. Some evidence is presented as footnotes or symbols, which may require manual review for full context.; actions: The chart does not explicitly state the strength of recommendation (e.g., strong vs. weak) for all actions; it relies on implicit guidance from trial data and clinical judgment.; visual item title derived from manifest figure_ids/table_ids",7b224da165dfe3d0123537e8d4ee2c03839e8b8678ed9b1a3ee47278984e494f,7b224da165dfe3d0123537e8d4ee2c03839e8b8678ed9b1a3ee47278984e494f,pending,,,,,False,SGLT2i,Consider adding SGLT2i with proven CVD benefit or vice versa.,"If glycemia is above goal, for individuals on a GLP-1 RA.",,SGLT2i can be started with h eGFR ≥20 mL/min/1.73 m². Glucose-lowering efficacy is reduced with eGFR <45 mL/min/1.73 m².,,"For individuals on a GLP-1 RA, consider adding SGLT2i with proven CVD benefit or vice versa","[130.0,205.0,486.0,220.0]"
p009-page-009-tile-r02-c01::page-009-tile-r02-c01-actions-tile-r02-c01::action::action-002,page_009_tile_r02_c01,9,CONTROLLED_SOURCE_PDF/ADA principles for pharmacologic therapy.pdf,7c2913f79b61bc60f8f51327bb73b80391988fd277116b29e57df4242b2a2404,936835293d1d5e15feb927064c3384c4f71d8817072e7850048a8ee7cb0d0396,tile,"[0.0,288.0,360.0,648.0]",normalized_0_1000,CONTROLLED_SOURCE_IMAGE/ada_page_009_tile_r02_c01.png,OMITTED_RAW_MODEL_JSON/visual_logic_page_009_tile_r02_c01.json,extracted_unvalidated,page_009_tile_r02_c01__actions__tile_r02_c01,flowchart,Figure 9.4,True,True,valid,,"structure: The image contains multiple decision nodes and arrows that are not fully captured by the provided schema. The flowchart includes conditional branches for SGLT2i initiation based on eGFR thresholds (not explicitly modeled in this extraction).; structure: Some text elements like footnotes or symbols (e.g., ^, #) may be truncated or misinterpreted without full context.; actions: The flowchart contains multiple conditional pathways and recommendations based on patient-specific factors such as eGFR levels and presence of comorbidities. Some evidence is presented as footnotes or symbols, which may require manual review for full context.; actions: The chart does not explicitly state the strength of recommendation (e.g., strong vs. weak) for all actions; it relies on implicit guidance from trial data and clinical judgment.; visual item title derived from manifest figure_ids/table_ids",2f118714ea9cdef333431e20fdb8a68b00dbb1c6a02055f5d490c52c4dc45c47,2f118714ea9cdef333431e20fdb8a68b00dbb1c6a02055f5d490c52c4dc45c47,pending,,,,,False,Pioglitazone^,Consider adding pioglitazone.,"If glycemia is above goal, for individuals on a GLP-1 RA.",,,,Pioglitazone^,"[130.0,220.0,486.0,235.0]"
p009-page-009-tile-r02-c01::page-009-tile-r02-c01-actions-tile-r02-c01::action::action-003,page_009_tile_r02_c01,9,CONTROLLED_SOURCE_PDF/ADA principles for pharmacologic therapy.pdf,7c2913f79b61bc60f8f51327bb73b80391988fd277116b29e57df4242b2a2404,936835293d1d5e15feb927064c3384c4f71d8817072e7850048a8ee7cb0d0396,tile,"[0.0,288.0,360.0,648.0]",normalized_0_1000,CONTROLLED_SOURCE_IMAGE/ada_page_009_tile_r02_c01.png,OMITTED_RAW_MODEL_JSON/visual_logic_page_009_tile_r02_c01.json,extracted_unvalidated,page_009_tile_r02_c01__actions__tile_r02_c01,flowchart,Figure 9.4,True,True,valid,,"structure: The image contains multiple decision nodes and arrows that are not fully captured by the provided schema. The flowchart includes conditional branches for SGLT2i initiation based on eGFR thresholds (not explicitly modeled in this extraction).; structure: Some text elements like footnotes or symbols (e.g., ^, #) may be truncated or misinterpreted without full context.; actions: The flowchart contains multiple conditional pathways and recommendations based on patient-specific factors such as eGFR levels and presence of comorbidities. Some evidence is presented as footnotes or symbols, which may require manual review for full context.; actions: The chart does not explicitly state the strength of recommendation (e.g., strong vs. weak) for all actions; it relies on implicit guidance from trial data and clinical judgment.; visual item title derived from manifest figure_ids/table_ids",630ed27b9f2b5052fe43274a6bdaccf80564b07b2448b99221d2a0b8b5eecf64,630ed27b9f2b5052fe43274a6bdaccf80564b07b2448b99221d2a0b8b5eecf64,pending,,,,,False,GLP-1 RA#,Consider incorporating a GLP-1 RA or vice versa.,"If glycemia is above goal, for individuals on SGLT2i.",,,,"If glycemia is above goal, for individuals on SGLT2i, consider incorporating a GLP-1 RA or vice versa","[640.0,305.0,964.0,320.0]"
p009-page-009-tile-r02-c01::page-009-tile-r02-c01-actions-tile-r02-c01::action::action-004,page_009_tile_r02_c01,9,CONTROLLED_SOURCE_PDF/ADA principles for pharmacologic therapy.pdf,7c2913f79b61bc60f8f51327bb73b80391988fd277116b29e57df4242b2a2404,936835293d1d5e15feb927064c3384c4f71d8817072e7850048a8ee7cb0d0396,tile,"[0.0,288.0,360.0,648.0]",normalized_0_1000,CONTROLLED_SOURCE_IMAGE/ada_page_009_tile_r02_c01.png,OMITTED_RAW_MODEL_JSON/visual_logic_page_009_tile_r02_c01.json,extracted_unvalidated,page_009_tile_r02_c01__actions__tile_r02_c01,flowchart,Figure 9.4,True,True,valid,,"structure: The image contains multiple decision nodes and arrows that are not fully captured by the provided schema. The flowchart includes conditional branches for SGLT2i initiation based on eGFR thresholds (not explicitly modeled in this extraction).; structure: Some text elements like footnotes or symbols (e.g., ^, #) may be truncated or misinterpreted without full context.; actions: The flowchart contains multiple conditional pathways and recommendations based on patient-specific factors such as eGFR levels and presence of comorbidities. Some evidence is presented as footnotes or symbols, which may require manual review for full context.; actions: The chart does not explicitly state the strength of recommendation (e.g., strong vs. weak) for all actions; it relies on implicit guidance from trial data and clinical judgment.; visual item title derived from manifest figure_ids/table_ids",bdcd2111137eb39fc238995df47f62deb7670dda23cb48c82fbe2b347b56a0f9,bdcd2111137eb39fc238995df47f62deb7670dda23cb48c82fbe2b347b56a0f9,pending,,,,,False,GLP-1 RA,Use in the setting of decompensated cirrhosis.,In MASLD or MASH.,,,,Use insulin in the setting of decompensated cirrhosis,"[130.0,725.0,964.0,740.0]"
p009-page-009-tile-r02-c02::page-009-tile-r02-c02-actions-tile-r02-c02::action::action-001,page_009_tile_r02_c02,9,CONTROLLED_SOURCE_PDF/ADA principles for pharmacologic therapy.pdf,7c2913f79b61bc60f8f51327bb73b80391988fd277116b29e57df4242b2a2404,16c3522a55a32f083a61b6c439e61e267b7d6d3d8e66f8cfe911c1143cba8dab,tile,"[233.972,288.0,593.972,648.0]",normalized_0_1000,CONTROLLED_SOURCE_IMAGE/ada_page_009_tile_r02_c02.png,OMITTED_RAW_MODEL_JSON/visual_logic_page_009_tile_r02_c02.json,extracted_unvalidated,page_009_tile_r02_c02__actions__tile_r02_c02,flowchart,Figure 9.4,True,True,valid,,"actions: The provided image is a flowchart with multiple decision points and drug recommendations. The extraction process has been designed to capture the visible text within each box or arrow, preserving the logical structure of the guidelines as presented in the original document.; symbols: The flowchart contains multiple decision points and treatment recommendations that are not fully captured in a single structured output. Some relationships may require manual review due to boundary-crossing arrows or implicit logic.; symbols: Certain symbols like '+' are used as presence markers but do not represent ordinal scales, which is consistent with the provided schema.; structure: Some text is partially cut off or obscured in the image.; structure: The flowchart may not be fully complete as some connections are implied rather than explicitly drawn.; visual item title derived from manifest figure_ids/table_ids",0f8adc5cba91e4a467a1f04c116bda43b09d0dbd544694767df480b1dff1361c,0f8adc5cba91e4a467a1f04c116bda43b09d0dbd544694767df480b1dff1361c,pending,,,,,False,SGLT2i,can be started with h eGFR ≥20 mL/min/1.73 m²,primary evidence of reducing CKD progression,,Glucose-lowering efficacy is reduced with eGFR <45 mL/min/1.73 m²,,SGLT2i with primary evidence of reducing CKD progression • SGLT2i can be started wit h eGFR ≥20 mL/min/1.73 m² • Glucose-lowering efficacy is reduced with eGFR <45 mL/min/1.73 m²,"[68.0,29.0,288.0,140.0]"
p009-page-009-tile-r02-c02::page-009-tile-r02-c02-actions-tile-r02-c02::action::action-002,page_009_tile_r02_c02,9,CONTROLLED_SOURCE_PDF/ADA principles for pharmacologic therapy.pdf,7c2913f79b61bc60f8f51327bb73b80391988fd277116b29e57df4242b2a2404,16c3522a55a32f083a61b6c439e61e267b7d6d3d8e66f8cfe911c1143cba8dab,tile,"[233.972,288.0,593.972,648.0]",normalized_0_1000,CONTROLLED_SOURCE_IMAGE/ada_page_009_tile_r02_c02.png,OMITTED_RAW_MODEL_JSON/visual_logic_page_009_tile_r02_c02.json,extracted_unvalidated,page_009_tile_r02_c02__actions__tile_r02_c02,flowchart,Figure 9.4,True,True,invalid,trigger is required,"actions: The provided image is a flowchart with multiple decision points and drug recommendations. The extraction process has been designed to capture the visible text within each box or arrow, preserving the logical structure of the guidelines as presented in the original document.; symbols: The flowchart contains multiple decision points and treatment recommendations that are not fully captured in a single structured output. Some relationships may require manual review due to boundary-crossing arrows or implicit logic.; symbols: Certain symbols like '+' are used as presence markers but do not represent ordinal scales, which is consistent with the provided schema.; structure: Some text is partially cut off or obscured in the image.; structure: The flowchart may not be fully complete as some connections are implied rather than explicitly drawn.; visual item title derived from manifest figure_ids/table_ids",d1c9be7f1646ccdfb44985bc2d5e3906b4ec7d4198740420e23df5d57d778453,d1c9be7f1646ccdfb44985bc2d5e3906b4ec7d4198740420e23df5d57d778453,pending,,,,,False,GLP-1 RA#,with proven CKD benefit,,,,,GLP-1 RA# with proven CKD benefit,"[68.0,140.0,288.0,235.0]"
p009-page-009-tile-r02-c02::page-009-tile-r02-c02-actions-tile-r02-c02::action::action-003,page_009_tile_r02_c02,9,CONTROLLED_SOURCE_PDF/ADA principles for pharmacologic therapy.pdf,7c2913f79b61bc60f8f51327bb73b80391988fd277116b29e57df4242b2a2404,16c3522a55a32f083a61b6c439e61e267b7d6d3d8e66f8cfe911c1143cba8dab,tile,"[233.972,288.0,593.972,648.0]",normalized_0_1000,CONTROLLED_SOURCE_IMAGE/ada_page_009_tile_r02_c02.png,OMITTED_RAW_MODEL_JSON/visual_logic_page_009_tile_r02_c02.json,extracted_unvalidated,page_009_tile_r02_c02__actions__tile_r02_c02,flowchart,Figure 9.4,True,True,valid,,"actions: The provided image is a flowchart with multiple decision points and drug recommendations. The extraction process has been designed to capture the visible text within each box or arrow, preserving the logical structure of the guidelines as presented in the original document.; symbols: The flowchart contains multiple decision points and treatment recommendations that are not fully captured in a single structured output. Some relationships may require manual review due to boundary-crossing arrows or implicit logic.; symbols: Certain symbols like '+' are used as presence markers but do not represent ordinal scales, which is consistent with the provided schema.; structure: Some text is partially cut off or obscured in the image.; structure: The flowchart may not be fully complete as some connections are implied rather than explicitly drawn.; visual item title derived from manifest figure_ids/table_ids",00a997de05be744be4f119f35c34d96136bb0ada148975767b8837c824adfd85,00a997de05be744be4f119f35c34d96136bb0ada148975767b8837c824adfd85,pending,,,,,False,SGLT2i,consider incorporating a GLP-1 RA or vice versa,"If glycemia is above goal, for individuals on SGLT2i",,,,"If glycemia is above goal, for individuals on SGLT2i, consider incorporating a GLP-1 RA or vice versa","[68.0,235.0,288.0,309.0]"
p009-page-009-tile-r02-c02::page-009-tile-r02-c02-actions-tile-r02-c02::action::action-004,page_009_tile_r02_c02,9,CONTROLLED_SOURCE_PDF/ADA principles for pharmacologic therapy.pdf,7c2913f79b61bc60f8f51327bb73b80391988fd277116b29e57df4242b2a2404,16c3522a55a32f083a61b6c439e61e267b7d6d3d8e66f8cfe911c1143cba8dab,tile,"[233.972,288.0,593.972,648.0]",normalized_0_1000,CONTROLLED_SOURCE_IMAGE/ada_page_009_tile_r02_c02.png,OMITTED_RAW_MODEL_JSON/visual_logic_page_009_tile_r02_c02.json,extracted_unvalidated,page_009_tile_r02_c02__actions__tile_r02_c02,flowchart,Figure 9.4,True,True,invalid,action is required,"actions: The provided image is a flowchart with multiple decision points and drug recommendations. The extraction process has been designed to capture the visible text within each box or arrow, preserving the logical structure of the guidelines as presented in the original document.; symbols: The flowchart contains multiple decision points and treatment recommendations that are not fully captured in a single structured output. Some relationships may require manual review due to boundary-crossing arrows or implicit logic.; symbols: Certain symbols like '+' are used as presence markers but do not represent ordinal scales, which is consistent with the provided schema.; structure: Some text is partially cut off or obscured in the image.; structure: The flowchart may not be fully complete as some connections are implied rather than explicitly drawn.; visual item title derived from manifest figure_ids/table_ids",618dfc0ff13217a7bf15c1524ab5a64a1970b2ec9ab533f0b05d90b91174e2d3,618dfc0ff13217a7bf15c1524ab5a64a1970b2ec9ab533f0b05d90b91174e2d3,pending,,,,,False,"Semaglutide, tirzepatide",,"Very high: Semaglutide, tirzepatide",,,,"Very high: Semaglutide, tirzepatide","[380.0,14.0,526.0,79.0]"
p009-page-009-tile-r02-c02::page-009-tile-r02-c02-actions-tile-r02-c02::action::action-005,page_009_tile_r02_c02,9,CONTROLLED_SOURCE_PDF/ADA principles for pharmacologic therapy.pdf,7c2913f79b61bc60f8f51327bb73b80391988fd277116b29e57df4242b2a2404,16c3522a55a32f083a61b6c439e61e267b7d6d3d8e66f8cfe911c1143cba8dab,tile,"[233.972,288.0,593.972,648.0]",normalized_0_1000,CONTROLLED_SOURCE_IMAGE/ada_page_009_tile_r02_c02.png,OMITTED_RAW_MODEL_JSON/visual_logic_page_009_tile_r02_c02.json,extracted_unvalidated,page_009_tile_r02_c02__actions__tile_r02_c02,flowchart,Figure 9.4,True,True,invalid,action is required,"actions: The provided image is a flowchart with multiple decision points and drug recommendations. The extraction process has been designed to capture the visible text within each box or arrow, preserving the logical structure of the guidelines as presented in the original document.; symbols: The flowchart contains multiple decision points and treatment recommendations that are not fully captured in a single structured output. Some relationships may require manual review due to boundary-crossing arrows or implicit logic.; symbols: Certain symbols like '+' are used as presence markers but do not represent ordinal scales, which is consistent with the provided schema.; structure: Some text is partially cut off or obscured in the image.; structure: The flowchart may not be fully complete as some connections are implied rather than explicitly drawn.; visual item title derived from manifest figure_ids/table_ids",180f3086889dd4d1f1ef3c7475a74dd99911bdbb7e7d58c42b81867a4c2e7b86,180f3086889dd4d1f1ef3c7475a74dd99911bdbb7e7d58c42b81867a4c2e7b86,pending,,,,,False,"Dulaglutide, liraglutide",,"High: Dulaglutide, liraglutide",,,,"High: Dulaglutide, liraglutide","[380.0,79.0,526.0,144.0]"
p009-page-009-tile-r02-c02::page-009-tile-r02-c02-actions-tile-r02-c02::action::action-006,page_009_tile_r02_c02,9,CONTROLLED_SOURCE_PDF/ADA principles for pharmacologic therapy.pdf,7c2913f79b61bc60f8f51327bb73b80391988fd277116b29e57df4242b2a2404,16c3522a55a32f083a61b6c439e61e267b7d6d3d8e66f8cfe911c1143cba8dab,tile,"[233.972,288.0,593.972,648.0]",normalized_0_1000,CONTROLLED_SOURCE_IMAGE/ada_page_009_tile_r02_c02.png,OMITTED_RAW_MODEL_JSON/visual_logic_page_009_tile_r02_c02.json,extracted_unvalidated,page_009_tile_r02_c02__actions__tile_r02_c02,flowchart,Figure 9.4,True,True,invalid,action is required,"actions: The provided image is a flowchart with multiple decision points and drug recommendations. The extraction process has been designed to capture the visible text within each box or arrow, preserving the logical structure of the guidelines as presented in the original document.; symbols: The flowchart contains multiple decision points and treatment recommendations that are not fully captured in a single structured output. Some relationships may require manual review due to boundary-crossing arrows or implicit logic.; symbols: Certain symbols like '+' are used as presence markers but do not represent ordinal scales, which is consistent with the provided schema.; structure: Some text is partially cut off or obscured in the image.; structure: The flowchart may not be fully complete as some connections are implied rather than explicitly drawn.; visual item title derived from manifest figure_ids/table_ids",53bbf58cb17a86bf6910b66f0ef9a0e21bb0c700b7cad8f5f2443ecc23ee5f3b,53bbf58cb17a86bf6910b66f0ef9a0e21bb0c700b7cad8f5f2443ecc23ee5f3b,pending,,,,,False,"GLP-1 RA (not listed above), SGLT2i",,"Intermediate: GLP-1 RA (not listed above), SGLT2i",,,,"Intermediate: GLP-1 RA (not listed above), SGLT2i","[380.0,144.0,526.0,209.0]"
p009-page-009-tile-r02-c02::page-009-tile-r02-c02-actions-tile-r02-c02::action::action-007,page_009_tile_r02_c02,9,CONTROLLED_SOURCE_PDF/ADA principles for pharmacologic therapy.pdf,7c2913f79b61bc60f8f51327bb73b80391988fd277116b29e57df4242b2a2404,16c3522a55a32f083a61b6c439e61e267b7d6d3d8e66f8cfe911c1143cba8dab,tile,"[233.972,288.0,593.972,648.0]",normalized_0_1000,CONTROLLED_SOURCE_IMAGE/ada_page_009_tile_r02_c02.png,OMITTED_RAW_MODEL_JSON/visual_logic_page_009_tile_r02_c02.json,extracted_unvalidated,page_009_tile_r02_c02__actions__tile_r02_c02,flowchart,Figure 9.4,True,True,invalid,action is required,"actions: The provided image is a flowchart with multiple decision points and drug recommendations. The extraction process has been designed to capture the visible text within each box or arrow, preserving the logical structure of the guidelines as presented in the original document.; symbols: The flowchart contains multiple decision points and treatment recommendations that are not fully captured in a single structured output. Some relationships may require manual review due to boundary-crossing arrows or implicit logic.; symbols: Certain symbols like '+' are used as presence markers but do not represent ordinal scales, which is consistent with the provided schema.; structure: Some text is partially cut off or obscured in the image.; structure: The flowchart may not be fully complete as some connections are implied rather than explicitly drawn.; visual item title derived from manifest figure_ids/table_ids",b633a0326f41e5442cf881f1d0ff8ca13c6d8ec1738fbb162c8ef509cce22a42,b633a0326f41e5442cf881f1d0ff8ca13c6d8ec1738fbb162c8ef509cce22a42,pending,,,,,False,"Metformin, DPP-4i",,"Neutral: Metformin, DPP-4i",,,,"Neutral: Metformin, DPP-4i","[380.0,209.0,526.0,274.0]"
p009-page-009-tile-r02-c02::page-009-tile-r02-c02-actions-tile-r02-c02::action::action-008,page_009_tile_r02_c02,9,CONTROLLED_SOURCE_PDF/ADA principles for pharmacologic therapy.pdf,7c2913f79b61bc60f8f51327bb73b80391988fd277116b29e57df4242b2a2404,16c3522a55a32f083a61b6c439e61e267b7d6d3d8e66f8cfe911c1143cba8dab,tile,"[233.972,288.0,593.972,648.0]",normalized_0_1000,CONTROLLED_SOURCE_IMAGE/ada_page_009_tile_r02_c02.png,OMITTED_RAW_MODEL_JSON/visual_logic_page_009_tile_r02_c02.json,extracted_unvalidated,page_009_tile_r02_c02__actions__tile_r02_c02,flowchart,Figure 9.4,True,True,invalid,action is required,"actions: The provided image is a flowchart with multiple decision points and drug recommendations. The extraction process has been designed to capture the visible text within each box or arrow, preserving the logical structure of the guidelines as presented in the original document.; symbols: The flowchart contains multiple decision points and treatment recommendations that are not fully captured in a single structured output. Some relationships may require manual review due to boundary-crossing arrows or implicit logic.; symbols: Certain symbols like '+' are used as presence markers but do not represent ordinal scales, which is consistent with the provided schema.; structure: Some text is partially cut off or obscured in the image.; structure: The flowchart may not be fully complete as some connections are implied rather than explicitly drawn.; visual item title derived from manifest figure_ids/table_ids",ff9fac92df986a4386fbd60c98349aaafdd3e0698fd095dfecb8beeac3642994,ff9fac92df986a4386fbd60c98349aaafdd3e0698fd095dfecb8beeac3642994,pending,,,,,False,"Dulaglutide (high dose), semaglutide, tirzepatide, insulin",,"Very high: Dulaglutide (high dose), semaglutide, tirzepatide, insulin",,"Combination oral, combination injectable (GLP-1 RA and insulin)",,"Very high: Dulaglutide (high dose), semaglutide, tirzepatide, insulin Combination oral, combination injectable (GLP-1 RA and insulin)","[530.0,144.0,786.0,209.0]"
p009-page-009-tile-r02-c02::page-009-tile-r02-c02-actions-tile-r02-c02::action::action-009,page_009_tile_r02_c02,9,CONTROLLED_SOURCE_PDF/ADA principles for pharmacologic therapy.pdf,7c2913f79b61bc60f8f51327bb73b80391988fd277116b29e57df4242b2a2404,16c3522a55a32f083a61b6c439e61e267b7d6d3d8e66f8cfe911c1143cba8dab,tile,"[233.972,288.0,593.972,648.0]",normalized_0_1000,CONTROLLED_SOURCE_IMAGE/ada_page_009_tile_r02_c02.png,OMITTED_RAW_MODEL_JSON/visual_logic_page_009_tile_r02_c02.json,extracted_unvalidated,page_009_tile_r02_c02__actions__tile_r02_c02,flowchart,Figure 9.4,True,True,invalid,action is required,"actions: The provided image is a flowchart with multiple decision points and drug recommendations. The extraction process has been designed to capture the visible text within each box or arrow, preserving the logical structure of the guidelines as presented in the original document.; symbols: The flowchart contains multiple decision points and treatment recommendations that are not fully captured in a single structured output. Some relationships may require manual review due to boundary-crossing arrows or implicit logic.; symbols: Certain symbols like '+' are used as presence markers but do not represent ordinal scales, which is consistent with the provided schema.; structure: Some text is partially cut off or obscured in the image.; structure: The flowchart may not be fully complete as some connections are implied rather than explicitly drawn.; visual item title derived from manifest figure_ids/table_ids",5bc2038e21f74d9c132c405f6e0d591596e76a017f68fc959e0896eeb47277f7,5bc2038e21f74d9c132c405f6e0d591596e76a017f68fc959e0896eeb47277f7,pending,,,,,False,"GLP-1 RA (not listed above), metformin, pioglitazone, SGLT2i, sulfonylurea",,"High: GLP-1 RA (not listed above), metformin, pioglitazone, SGLT2i, sulfonylurea",,,,"High: GLP-1 RA (not listed above), metformin, pioglitazone, SGLT2i, sulfonylurea","[530.0,209.0,786.0,274.0]"
p009-page-009-tile-r02-c02::page-009-tile-r02-c02-actions-tile-r02-c02::action::action-010,page_009_tile_r02_c02,9,CONTROLLED_SOURCE_PDF/ADA principles for pharmacologic therapy.pdf,7c2913f79b61bc60f8f51327bb73b80391988fd277116b29e57df4242b2a2404,16c3522a55a32f083a61b6c439e61e267b7d6d3d8e66f8cfe911c1143cba8dab,tile,"[233.972,288.0,593.972,648.0]",normalized_0_1000,CONTROLLED_SOURCE_IMAGE/ada_page_009_tile_r02_c02.png,OMITTED_RAW_MODEL_JSON/visual_logic_page_009_tile_r02_c02.json,extracted_unvalidated,page_009_tile_r02_c02__actions__tile_r02_c02,flowchart,Figure 9.4,True,True,invalid,action is required,"actions: The provided image is a flowchart with multiple decision points and drug recommendations. The extraction process has been designed to capture the visible text within each box or arrow, preserving the logical structure of the guidelines as presented in the original document.; symbols: The flowchart contains multiple decision points and treatment recommendations that are not fully captured in a single structured output. Some relationships may require manual review due to boundary-crossing arrows or implicit logic.; symbols: Certain symbols like '+' are used as presence markers but do not represent ordinal scales, which is consistent with the provided schema.; structure: Some text is partially cut off or obscured in the image.; structure: The flowchart may not be fully complete as some connections are implied rather than explicitly drawn.; visual item title derived from manifest figure_ids/table_ids",e3d04afd34459b06f85ca594422a28c4028be688757859a0e30d4b61eb45f48d,e3d04afd34459b06f85ca594422a28c4028be688757859a0e30d4b61eb45f48d,pending,,,,,False,DPP-4i,,Intermediate: DPP-4i,,,,Intermediate: DPP-4i,"[530.0,274.0,786.0,339.0]"
p009-page-009-tile-r02-c02::page-009-tile-r02-c02-actions-tile-r02-c02::action::action-011,page_009_tile_r02_c02,9,CONTROLLED_SOURCE_PDF/ADA principles for pharmacologic therapy.pdf,7c2913f79b61bc60f8f51327bb73b80391988fd277116b29e57df4242b2a2404,16c3522a55a32f083a61b6c439e61e267b7d6d3d8e66f8cfe911c1143cba8dab,tile,"[233.972,288.0,593.972,648.0]",normalized_0_1000,CONTROLLED_SOURCE_IMAGE/ada_page_009_tile_r02_c02.png,OMITTED_RAW_MODEL_JSON/visual_logic_page_009_tile_r02_c02.json,extracted_unvalidated,page_009_tile_r02_c02__actions__tile_r02_c02,flowchart,Figure 9.4,True,True,invalid,drug_class is required; trigger is required,"actions: The provided image is a flowchart with multiple decision points and drug recommendations. The extraction process has been designed to capture the visible text within each box or arrow, preserving the logical structure of the guidelines as presented in the original document.; symbols: The flowchart contains multiple decision points and treatment recommendations that are not fully captured in a single structured output. Some relationships may require manual review due to boundary-crossing arrows or implicit logic.; symbols: Certain symbols like '+' are used as presence markers but do not represent ordinal scales, which is consistent with the provided schema.; structure: Some text is partially cut off or obscured in the image.; structure: The flowchart may not be fully complete as some connections are implied rather than explicitly drawn.; visual item title derived from manifest figure_ids/table_ids",cf41f95e71fad1a0fe4eee3cc354af87285165bd4fd440e8832cce8df623a45a,cf41f95e71fad1a0fe4eee3cc354af87285165bd4fd440e8832cce8df623a45a,pending,,,,,False,,maintain glycemic treatment goals,,,Prioritize avoidance of hypoglycemia in high risk individuals,,maintain glycemic treatment goals. Prioritize avoidance of hypoglycemia in high risk individuals,"[530.0,29.0,786.0,140.0]"
p009-page-009-tile-r02-c02::page-009-tile-r02-c02-actions-tile-r02-c02::action::action-012,page_009_tile_r02_c02,9,CONTROLLED_SOURCE_PDF/ADA principles for pharmacologic therapy.pdf,7c2913f79b61bc60f8f51327bb73b80391988fd277116b29e57df4242b2a2404,16c3522a55a32f083a61b6c439e61e267b7d6d3d8e66f8cfe911c1143cba8dab,tile,"[233.972,288.0,593.972,648.0]",normalized_0_1000,CONTROLLED_SOURCE_IMAGE/ada_page_009_tile_r02_c02.png,OMITTED_RAW_MODEL_JSON/visual_logic_page_009_tile_r02_c02.json,extracted_unvalidated,page_009_tile_r02_c02__actions__tile_r02_c02,flowchart,Figure 9.4,True,True,invalid,drug_class is required; trigger is required,"actions: The provided image is a flowchart with multiple decision points and drug recommendations. The extraction process has been designed to capture the visible text within each box or arrow, preserving the logical structure of the guidelines as presented in the original document.; symbols: The flowchart contains multiple decision points and treatment recommendations that are not fully captured in a single structured output. Some relationships may require manual review due to boundary-crossing arrows or implicit logic.; symbols: Certain symbols like '+' are used as presence markers but do not represent ordinal scales, which is consistent with the provided schema.; structure: Some text is partially cut off or obscured in the image.; structure: The flowchart may not be fully complete as some connections are implied rather than explicitly drawn.; visual item title derived from manifest figure_ids/table_ids",78663560bf84ee1eb7ccad1922e4e79490de176914f18408c9e0f160b0081343,78663560bf84ee1eb7ccad1922e4e79490de176914f18408c9e0f160b0081343,pending,,,,,False,,If glycemia is above goal or significant hypoglycemia or hyperglycemia or barriers to care are identified,,,,,If glycemia is above goal or significant hypoglycemia or hyperglycemia or barriers to care are identified,"[380.0,459.0,786.0,512.0]"
p009-page-009-tile-r02-c02::page-009-tile-r02-c02-actions-tile-r02-c02::action::action-013,page_009_tile_r02_c02,9,CONTROLLED_SOURCE_PDF/ADA principles for pharmacologic therapy.pdf,7c2913f79b61bc60f8f51327bb73b80391988fd277116b29e57df4242b2a2404,16c3522a55a32f083a61b6c439e61e267b7d6d3d8e66f8cfe911c1143cba8dab,tile,"[233.972,288.0,593.972,648.0]",normalized_0_1000,CONTROLLED_SOURCE_IMAGE/ada_page_009_tile_r02_c02.png,OMITTED_RAW_MODEL_JSON/visual_logic_page_009_tile_r02_c02.json,extracted_unvalidated,page_009_tile_r02_c02__actions__tile_r02_c02,flowchart,Figure 9.4,True,True,invalid,drug_class is required; trigger is required,"actions: The provided image is a flowchart with multiple decision points and drug recommendations. The extraction process has been designed to capture the visible text within each box or arrow, preserving the logical structure of the guidelines as presented in the original document.; symbols: The flowchart contains multiple decision points and treatment recommendations that are not fully captured in a single structured output. Some relationships may require manual review due to boundary-crossing arrows or implicit logic.; symbols: Certain symbols like '+' are used as presence markers but do not represent ordinal scales, which is consistent with the provided schema.; structure: Some text is partially cut off or obscured in the image.; structure: The flowchart may not be fully complete as some connections are implied rather than explicitly drawn.; visual item title derived from manifest figure_ids/table_ids",0e2df1209002b6218ecb309dd628c346afb4dc9d0bf59c83ef97e87220ed1b12,0e2df1209002b6218ecb309dd628c346afb4dc9d0bf59c83ef97e87220ed1b12,pending,,,,,False,,Refer to DSMES to support self-efficacy in achievement of treatment goal,,,,,"• Refer to DSMES to support self-efficacy in achievement of treatment goal • Consider technology (e.g., diagnostic or personal CGM) to identify therapeutic gaps and tailor therapy • Identify and address SDOH that affect achievement of treatment goals","[380.0,562.0,786.0,694.0]"
p009-page-009-tile-r02-c02::page-009-tile-r02-c02-actions-tile-r02-c02::action::action-014,page_009_tile_r02_c02,9,CONTROLLED_SOURCE_PDF/ADA principles for pharmacologic therapy.pdf,7c2913f79b61bc60f8f51327bb73b80391988fd277116b29e57df4242b2a2404,16c3522a55a32f083a61b6c439e61e267b7d6d3d8e66f8cfe911c1143cba8dab,tile,"[233.972,288.0,593.972,648.0]",normalized_0_1000,CONTROLLED_SOURCE_IMAGE/ada_page_009_tile_r02_c02.png,OMITTED_RAW_MODEL_JSON/visual_logic_page_009_tile_r02_c02.json,extracted_unvalidated,page_009_tile_r02_c02__actions__tile_r02_c02,flowchart,Figure 9.4,True,True,invalid,drug_class is required,"actions: The provided image is a flowchart with multiple decision points and drug recommendations. The extraction process has been designed to capture the visible text within each box or arrow, preserving the logical structure of the guidelines as presented in the original document.; symbols: The flowchart contains multiple decision points and treatment recommendations that are not fully captured in a single structured output. Some relationships may require manual review due to boundary-crossing arrows or implicit logic.; symbols: Certain symbols like '+' are used as presence markers but do not represent ordinal scales, which is consistent with the provided schema.; structure: Some text is partially cut off or obscured in the image.; structure: The flowchart may not be fully complete as some connections are implied rather than explicitly drawn.; visual item title derived from manifest figure_ids/table_ids",2ef6a3408d1e30ae79746fac197f5596048f74e50ce6ac5773a52c3c89137ccf,2ef6a3408d1e30ae79746fac197f5596048f74e50ce6ac5773a52c3c89137ccf,pending,,,,,False,,Consider use of GLP-1 RA with pioglitazone,in MASLD or MASH,,,,Consideration of GLP-1 RA with pioglitazone • in MASLD or MASH • for patients with compensated cirrhosis,"[68.0,570.0,288.0,739.0]"
p009-page-009-tile-r02-c02::page-009-tile-r02-c02-actions-tile-r02-c02::action::action-015,page_009_tile_r02_c02,9,CONTROLLED_SOURCE_PDF/ADA principles for pharmacologic therapy.pdf,7c2913f79b61bc60f8f51327bb73b80391988fd277116b29e57df4242b2a2404,16c3522a55a32f083a61b6c439e61e267b7d6d3d8e66f8cfe911c1143cba8dab,tile,"[233.972,288.0,593.972,648.0]",normalized_0_1000,CONTROLLED_SOURCE_IMAGE/ada_page_009_tile_r02_c02.png,OMITTED_RAW_MODEL_JSON/visual_logic_page_009_tile_r02_c02.json,extracted_unvalidated,page_009_tile_r02_c02__actions__tile_r02_c02,flowchart,Figure 9.4,True,True,invalid,drug_class is required; trigger is required,"actions: The provided image is a flowchart with multiple decision points and drug recommendations. The extraction process has been designed to capture the visible text within each box or arrow, preserving the logical structure of the guidelines as presented in the original document.; symbols: The flowchart contains multiple decision points and treatment recommendations that are not fully captured in a single structured output. Some relationships may require manual review due to boundary-crossing arrows or implicit logic.; symbols: Certain symbols like '+' are used as presence markers but do not represent ordinal scales, which is consistent with the provided schema.; structure: Some text is partially cut off or obscured in the image.; structure: The flowchart may not be fully complete as some connections are implied rather than explicitly drawn.; visual item title derived from manifest figure_ids/table_ids",de09ff6394c4524c9bc1e05f9362e83c5211bb0a14a7358e1ecccc2b345fa30b,de09ff6394c4524c9bc1e05f9362e83c5211bb0a14a7358e1ecccc2b345fa30b,pending,,,,,False,,decision to use a GLP-1 RA or SGLT2i with proven benefit should be made irrespective of attainment of glycemic goal,,,,,decision to use a GLP-1 RA or SGLT2i with proven benefit should be made irrespective of attainment of glycemic goal.,"[68.0,739.0,288.0,754.0]"
p009-page-009-tile-r03-c01::page-009-tile-r03-c01-actions-tile-0::action::action-001,page_009_tile_r03_c01,9,CONTROLLED_SOURCE_PDF/ADA principles for pharmacologic therapy.pdf,7c2913f79b61bc60f8f51327bb73b80391988fd277116b29e57df4242b2a2404,3154eb177bed280435b48352abedf71aabb52d08e790a9a99b77d726731f937d,tile,"[0.0,422.986,360.0,782.986]",normalized_0_1000,CONTROLLED_SOURCE_IMAGE/ada_page_009_tile_r03_c01.png,OMITTED_RAW_MODEL_JSON/visual_logic_page_009_tile_r03_c01.json,extracted_unvalidated,page_009_tile_r03_c01__actions__tile_0,flowchart,Figure 9.4—Use of glucose-lowering medications in the management of type 2 diabetes.,True,True,valid,,"structure: No evidence for 'ordinal_symbols' or 'drug_actions'.; structure: All visible decision nodes and arrows are extracted as per schema.; structure: Figure title is included in visual_item's title field.; actions: The image contains a flowchart with multiple decision points and arrows indicating relationships between nodes. The extraction process has preserved the visible text, symbols, and their positions within the bounding box provided.; actions: Some elements may require manual review due to potential boundary-crossing relationships or unclear arrow endpoints.; symbols: The image is a flowchart that includes multiple decision points and recommendations. The extraction focuses on the visible symbols (like +, *, #, †, ≈, ‡, ^) and their associated text, which are typically footnotes or annotations in clinical guidelines.",9f1c2f00cc5b7c935e35a69b695af3c8d278de5c214029d35266bd74388e22a7,9f1c2f00cc5b7c935e35a69b695af3c8d278de5c214029d35266bd74388e22a7,pending,,,,,False,GLP-1 RA,Use insulin in the setting of decompensated cirrhosis.,MASLD or MASH risk mitigation,,Use insulin in the setting of decompensated cirrhosis.,,"Agents with proven or potential benefit in MASLD or MASH GLP-1 RA, dual GIP and GLP-1 RA, pioglitazone, or combination of GLP-1 RA with pioglitazone Use insulin in the setting of decompensated cirrhosis","[130.5,287.986,360.0,362.986]"
p009-page-009-tile-r03-c01::page-009-tile-r03-c01-actions-tile-0::action::action-002,page_009_tile_r03_c01,9,CONTROLLED_SOURCE_PDF/ADA principles for pharmacologic therapy.pdf,7c2913f79b61bc60f8f51327bb73b80391988fd277116b29e57df4242b2a2404,3154eb177bed280435b48352abedf71aabb52d08e790a9a99b77d726731f937d,tile,"[0.0,422.986,360.0,782.986]",normalized_0_1000,CONTROLLED_SOURCE_IMAGE/ada_page_009_tile_r03_c01.png,OMITTED_RAW_MODEL_JSON/visual_logic_page_009_tile_r03_c01.json,extracted_unvalidated,page_009_tile_r03_c01__actions__tile_0,flowchart,Figure 9.4—Use of glucose-lowering medications in the management of type 2 diabetes.,True,True,valid,,"structure: No evidence for 'ordinal_symbols' or 'drug_actions'.; structure: All visible decision nodes and arrows are extracted as per schema.; structure: Figure title is included in visual_item's title field.; actions: The image contains a flowchart with multiple decision points and arrows indicating relationships between nodes. The extraction process has preserved the visible text, symbols, and their positions within the bounding box provided.; actions: Some elements may require manual review due to potential boundary-crossing relationships or unclear arrow endpoints.; symbols: The image is a flowchart that includes multiple decision points and recommendations. The extraction focuses on the visible symbols (like +, *, #, †, ≈, ‡, ^) and their associated text, which are typically footnotes or annotations in clinical guidelines.",e593f778ac4c876fd9cb1ef6f4d1e624d08694d44fc340eb0b7d3a5c7de28e7d,e593f778ac4c876fd9cb1ef6f4d1e624d08694d44fc340eb0b7d3a5c7de28e7d,pending,,,,,False,SGLT2i,Use in patients with established or high risk of CVD.,CV and kidney outcomes trials demonstrate efficacy,,Use in patients with established or high risk of CVD.,,"For SGLT2is, CV and kidney outcomes trials demonstrate their efficacy in reducing the risks of composite MACE, CV death, all-cause mortality...","[130.5,572.986,360.0,612.986]"
p009-page-009-tile-r03-c01::page-009-tile-r03-c01-actions-tile-0::action::action-003,page_009_tile_r03_c01,9,CONTROLLED_SOURCE_PDF/ADA principles for pharmacologic therapy.pdf,7c2913f79b61bc60f8f51327bb73b80391988fd277116b29e57df4242b2a2404,3154eb177bed280435b48352abedf71aabb52d08e790a9a99b77d726731f937d,tile,"[0.0,422.986,360.0,782.986]",normalized_0_1000,CONTROLLED_SOURCE_IMAGE/ada_page_009_tile_r03_c01.png,OMITTED_RAW_MODEL_JSON/visual_logic_page_009_tile_r03_c01.json,extracted_unvalidated,page_009_tile_r03_c01__actions__tile_0,flowchart,Figure 9.4—Use of glucose-lowering medications in the management of type 2 diabetes.,True,True,valid,,"structure: No evidence for 'ordinal_symbols' or 'drug_actions'.; structure: All visible decision nodes and arrows are extracted as per schema.; structure: Figure title is included in visual_item's title field.; actions: The image contains a flowchart with multiple decision points and arrows indicating relationships between nodes. The extraction process has preserved the visible text, symbols, and their positions within the bounding box provided.; actions: Some elements may require manual review due to potential boundary-crossing relationships or unclear arrow endpoints.; symbols: The image is a flowchart that includes multiple decision points and recommendations. The extraction focuses on the visible symbols (like +, *, #, †, ≈, ‡, ^) and their associated text, which are typically footnotes or annotations in clinical guidelines.",7063c11ae1c2a3943fdd2168f85e2f1c71e312a9e099bf72b07159b32f42d9b3,7063c11ae1c2a3943fdd2168f85e2f1c71e312a9e099bf72b07159b32f42d9b3,pending,,,,,False,GLP-1 RA,Use in patients with established CVD or CKD.,"CVOTs demonstrate efficacy in reducing composite MACE, CV death, all-cause mortality, MI, stroke, and kidney outcomes.",,Use in patients with established CVD or CKD.,,"# For GLP-1 RAs, CVOTs demonstrate their efficacy in reducing composite MACE, CV death, all-cause mortality, MI, stroke, and kidney...","[130.5,547.986,360.0,572.986]"
p009-page-009-tile-r03-c02::page-009-tile-r03-c02-actions-tile-r03-c02::action::action-001,page_009_tile_r03_c02,9,CONTROLLED_SOURCE_PDF/ADA principles for pharmacologic therapy.pdf,7c2913f79b61bc60f8f51327bb73b80391988fd277116b29e57df4242b2a2404,cad6ccc08acb141c1614c55c006bdd7a2fe9a990d35d5625e05b34183b827230,tile,"[233.972,422.986,593.972,782.986]",normalized_0_1000,CONTROLLED_SOURCE_IMAGE/ada_page_009_tile_r03_c02.png,OMITTED_RAW_MODEL_JSON/visual_logic_page_009_tile_r03_c02.json,extracted_unvalidated,page_009_tile_r03_c02__actions__tile_r03_c02,flowchart,Figure 9.4,True,True,invalid,trigger is required,"structure: The image contains fragmented text that may not fully represent the original guideline's structure or content.; structure: Some evidence bounding boxes are approximate due to OCR limitations.; structure: The flowchart is adapted from Davies et al. (90), but specific details may be incomplete.; actions: The image contains fragmented text that may not fully convey the complete clinical guideline evidence.; actions: Some arrows and nodes may require manual review for accurate interpretation due to partial visibility or unclear boundaries.; symbols: The image is a cropped section of a larger algorithmic flowchart; some nodes may be cut off.; symbols: Some text fragments are incomplete or partially obscured in the source image, requiring manual review for full context.; visual item title derived from manifest figure_ids/table_ids",bf3e8fe6f67741176f8fb160096eb3cdcd1706a3b992d64a70ce5332d9675e80,bf3e8fe6f67741176f8fb160096eb3cdcd1706a3b992d64a70ce5332d9675e80,pending,,,,,False,GLP-1 RA or SGLT2i with proven benefit,Use irrespective of attainment of glycemic goal.,,,,,decision to use a GLP-1 RA or SGLT2i with proven benefit should be made irrespective of attainment of glycemic goal.,"[0.0,397.568,1000.0,422.986]"
p009-page-009-tile-r03-c02::page-009-tile-r03-c02-actions-tile-r03-c02::action::action-002,page_009_tile_r03_c02,9,CONTROLLED_SOURCE_PDF/ADA principles for pharmacologic therapy.pdf,7c2913f79b61bc60f8f51327bb73b80391988fd277116b29e57df4242b2a2404,cad6ccc08acb141c1614c55c006bdd7a2fe9a990d35d5625e05b34183b827230,tile,"[233.972,422.986,593.972,782.986]",normalized_0_1000,CONTROLLED_SOURCE_IMAGE/ada_page_009_tile_r03_c02.png,OMITTED_RAW_MODEL_JSON/visual_logic_page_009_tile_r03_c02.json,extracted_unvalidated,page_009_tile_r03_c02__actions__tile_r03_c02,flowchart,Figure 9.4,True,True,invalid,"trigger is required; duplicate action record within item: ('GLP-1 RA', 'Use in individuals with T2D and established or high risk of CVD.', '', '', '')","structure: The image contains fragmented text that may not fully represent the original guideline's structure or content.; structure: Some evidence bounding boxes are approximate due to OCR limitations.; structure: The flowchart is adapted from Davies et al. (90), but specific details may be incomplete.; actions: The image contains fragmented text that may not fully convey the complete clinical guideline evidence.; actions: Some arrows and nodes may require manual review for accurate interpretation due to partial visibility or unclear boundaries.; symbols: The image is a cropped section of a larger algorithmic flowchart; some nodes may be cut off.; symbols: Some text fragments are incomplete or partially obscured in the source image, requiring manual review for full context.; visual item title derived from manifest figure_ids/table_ids",7a06cd571d65d3f04521ab0d2cad919546a5b6a90a81188294901da5033c88cc,7a06cd571d65d3f04521ab0d2cad919546a5b6a90a81188294901da5033c88cc,pending,,,,,False,GLP-1 RA,Use in individuals with T2D and established or high risk of CVD.,,,,,"One MACE, CV death, all-cause mortality, MI, stroke, and kidney end points in individuals with T2D with established or high risk of CVD. One MACE and CV death for a GLP-1 RA in individuals with CKD and T2D.","[0.0,467.568,1000.0,539.986]"
p009-page-009-tile-r03-c02::page-009-tile-r03-c02-actions-tile-r03-c02::action::action-003,page_009_tile_r03_c02,9,CONTROLLED_SOURCE_PDF/ADA principles for pharmacologic therapy.pdf,7c2913f79b61bc60f8f51327bb73b80391988fd277116b29e57df4242b2a2404,cad6ccc08acb141c1614c55c006bdd7a2fe9a990d35d5625e05b34183b827230,tile,"[233.972,422.986,593.972,782.986]",normalized_0_1000,CONTROLLED_SOURCE_IMAGE/ada_page_009_tile_r03_c02.png,OMITTED_RAW_MODEL_JSON/visual_logic_page_009_tile_r03_c02.json,extracted_unvalidated,page_009_tile_r03_c02__actions__tile_r03_c02,flowchart,Figure 9.4,True,True,invalid,"trigger is required; duplicate action record within item: ('GLP-1 RA', 'Use in individuals with T2D and established or high risk of CVD.', '', '', '')","structure: The image contains fragmented text that may not fully represent the original guideline's structure or content.; structure: Some evidence bounding boxes are approximate due to OCR limitations.; structure: The flowchart is adapted from Davies et al. (90), but specific details may be incomplete.; actions: The image contains fragmented text that may not fully convey the complete clinical guideline evidence.; actions: Some arrows and nodes may require manual review for accurate interpretation due to partial visibility or unclear boundaries.; symbols: The image is a cropped section of a larger algorithmic flowchart; some nodes may be cut off.; symbols: Some text fragments are incomplete or partially obscured in the source image, requiring manual review for full context.; visual item title derived from manifest figure_ids/table_ids",6ec61e81705e00604a56f36275fdf129bef8abb346cb6e12f7c679f73c51b78d,6ec61e81705e00604a56f36275fdf129bef8abb346cb6e12f7c679f73c51b78d,pending,,,,,False,GLP-1 RA,Use in individuals with T2D and established or high risk of CVD.,,,,,"One MACE, CV death, all-cause mortality, MI, stroke, and kidney end points in individuals with T2D with established or high risk of CVD. One MACE and CV death for a GLP-1 RA in individuals with CKD and T2D.","[0.0,467.568,1000.0,539.986]"
p011-page-011-tile-r01-c01::page-011-tile-r01-c01-actions-tile-r01-c01::action::action-001,page_011_tile_r01_c01,11,CONTROLLED_SOURCE_PDF/ADA principles for pharmacologic therapy.pdf,7c2913f79b61bc60f8f51327bb73b80391988fd277116b29e57df4242b2a2404,5f10758abfd955e9ced7b2e41975e7ce744de867fefda679f42db97b9f13c509,tile,"[0.0,0.0,360.0,360.0]",normalized_0_1000,CONTROLLED_SOURCE_IMAGE/ada_page_011_tile_r01_c01.png,OMITTED_RAW_MODEL_JSON/visual_logic_page_011_tile_r01_c01.json,extracted_unvalidated,page_011_tile_r01_c01__actions__tile_r01_c01,table,Table 9.2,False,True,invalid,trigger is required,"structure: The table is partially cut off at the bottom right corner.; structure: Some text may be truncated or obscured due to image resolution.; symbols: The table is partially cut off at the bottom right corner; some text may be incomplete or truncated.; symbols: Some columns are not fully visible (e.g., 'MASH effects' column content might be missing).; symbols: The exact medication name is not explicitly stated, but context suggests it's related to metformin or similar agents.; visual item title derived from manifest figure_ids/table_ids",b63ab6d3dc0dd2c1c286bb3e7ccb88bed30f837d6b3c24bfea39268b1a4072af,b63ab6d3dc0dd2c1c286bb3e7ccb88bed30f837d6b3c24bfea39268b1a4072af,pending,,,,,False,"Gliflozin, Dapagliflozin, Empagliflozin",Continue or start for cardiovascular and kidney benefit if eGFR >20 mL/min/1.73 m².,,,,Contraindicated with eGFR <30 mL/min/1.73 m²,Glucose-lowering effect is minimal at eGFR <45 mL/min/1.73 m² and lower; continue or start for cardiovascular and kidney benefit if eGFR >20 mL/min/1.73 m².,"[168.0,197.0,360.0,354.0]"
p011-page-011-tile-r01-c01::page-011-tile-r01-c01-actions-tile-r01-c01::action::action-002,page_011_tile_r01_c01,11,CONTROLLED_SOURCE_PDF/ADA principles for pharmacologic therapy.pdf,7c2913f79b61bc60f8f51327bb73b80391988fd277116b29e57df4242b2a2404,5f10758abfd955e9ced7b2e41975e7ce744de867fefda679f42db97b9f13c509,tile,"[0.0,0.0,360.0,360.0]",normalized_0_1000,CONTROLLED_SOURCE_IMAGE/ada_page_011_tile_r01_c01.png,OMITTED_RAW_MODEL_JSON/visual_logic_page_011_tile_r01_c01.json,extracted_unvalidated,page_011_tile_r01_c01__actions__tile_r01_c01,table,Table 9.2,False,True,invalid,drug_class is required; trigger is required,"structure: The table is partially cut off at the bottom right corner.; structure: Some text may be truncated or obscured due to image resolution.; symbols: The table is partially cut off at the bottom right corner; some text may be incomplete or truncated.; symbols: Some columns are not fully visible (e.g., 'MASH effects' column content might be missing).; symbols: The exact medication name is not explicitly stated, but context suggests it's related to metformin or similar agents.; visual item title derived from manifest figure_ids/table_ids",4d15e460dc2e71310407cd73a8505a1a72920b013a31b1d90b48ff32ea4715e4,4d15e460dc2e71310407cd73a8505a1a72920b013a31b1d90b48ff32ea4715e4,pending,,,,,False,,See labels of individual agents for dosage considerations for kidney function,,,,,See labels of individual agents for dosage considerations for kidney function,"[168.0,207.0,360.0,254.0]"
p011-page-011-tile-r01-c01::page-011-tile-r01-c01-actions-tile-r01-c01::action::action-003,page_011_tile_r01_c01,11,CONTROLLED_SOURCE_PDF/ADA principles for pharmacologic therapy.pdf,7c2913f79b61bc60f8f51327bb73b80391988fd277116b29e57df4242b2a2404,5f10758abfd955e9ced7b2e41975e7ce744de867fefda679f42db97b9f13c509,tile,"[0.0,0.0,360.0,360.0]",normalized_0_1000,CONTROLLED_SOURCE_IMAGE/ada_page_011_tile_r01_c01.png,OMITTED_RAW_MODEL_JSON/visual_logic_page_011_tile_r01_c01.json,extracted_unvalidated,page_011_tile_r01_c01__actions__tile_r01_c01,table,Table 9.2,False,True,invalid,drug_class is required; trigger is required,"structure: The table is partially cut off at the bottom right corner.; structure: Some text may be truncated or obscured due to image resolution.; symbols: The table is partially cut off at the bottom right corner; some text may be incomplete or truncated.; symbols: Some columns are not fully visible (e.g., 'MASH effects' column content might be missing).; symbols: The exact medication name is not explicitly stated, but context suggests it's related to metformin or similar agents.; visual item title derived from manifest figure_ids/table_ids",b03d07ef44d2252fc6e487f9bc1a98ee1a665cd052e4acd4f779d89c766c0e66,b03d07ef44d2252fc6e487f9bc1a98ee1a665cd052e4acd4f779d89c766c0e66,pending,,,,,False,,Glucose-lowering effect is minimal at eGFR <45 mL/min/1.73 m² and lower; continue or start for cardiovascular and kidney benefit if eGFR >20 mL/min/1.73 m².,,,,,Glucose-lowering effect is minimal at eGFR <45 mL/min/1.73 m² and lower; continue or start for cardiovascular and kidney benefit if eGFR >20 mL/min/1.73 m².,"[168.0,254.0,360.0,354.0]"
p011-page-011-tile-r01-c01::page-011-tile-r01-c01-actions-tile-r01-c01::action::action-004,page_011_tile_r01_c01,11,CONTROLLED_SOURCE_PDF/ADA principles for pharmacologic therapy.pdf,7c2913f79b61bc60f8f51327bb73b80391988fd277116b29e57df4242b2a2404,5f10758abfd955e9ced7b2e41975e7ce744de867fefda679f42db97b9f13c509,tile,"[0.0,0.0,360.0,360.0]",normalized_0_1000,CONTROLLED_SOURCE_IMAGE/ada_page_011_tile_r01_c01.png,OMITTED_RAW_MODEL_JSON/visual_logic_page_011_tile_r01_c01.json,extracted_unvalidated,page_011_tile_r01_c01__actions__tile_r01_c01,table,Table 9.2,False,True,invalid,drug_class is required; trigger is required,"structure: The table is partially cut off at the bottom right corner.; structure: Some text may be truncated or obscured due to image resolution.; symbols: The table is partially cut off at the bottom right corner; some text may be incomplete or truncated.; symbols: Some columns are not fully visible (e.g., 'MASH effects' column content might be missing).; symbols: The exact medication name is not explicitly stated, but context suggests it's related to metformin or similar agents.; visual item title derived from manifest figure_ids/table_ids",8bbcf0ed77e869ed69a4a18419ddc101b8c19a65254bd70535f991d9c85ea068,8bbcf0ed77e869ed69a4a18419ddc101b8c19a65254bd70535f991d9c85ea068,pending,,,,,False,,May continue until dialysis or transplantation,,,,,May continue until dialysis or transplantation,"[168.0,354.0,360.0,372.0]"
p011-page-011-tile-r02-c01::page-011-tile-r02-c01-actions-tile-r02-c01::action::action-001,page_011_tile_r02_c01,11,CONTROLLED_SOURCE_PDF/ADA principles for pharmacologic therapy.pdf,7c2913f79b61bc60f8f51327bb73b80391988fd277116b29e57df4242b2a2404,150809d7dad192c1ffdaf4d968b570cc609c71b3f9ec6c86867c1aa987fd1b3a,tile,"[0.0,288.0,360.0,648.0]",normalized_0_1000,CONTROLLED_SOURCE_IMAGE/ada_page_011_tile_r02_c01.png,OMITTED_RAW_MODEL_JSON/visual_logic_page_011_tile_r02_c01.json,extracted_unvalidated,page_011_tile_r02_c01__actions__tile_r02_c01,table,Medications for lowering glucose in type 2 diabetes,True,True,invalid,"duplicate action record within item: ('SGLT-2 inhibitors', 'Benefit: Loss (intermediate)', 'No hypoglycemia risk', 'Neutral for modest loss', 'Contraindicated if eGFR <30 mL/min/1.73 m²')","structure: No decision nodes or recommendation edges were found in the provided image tile. The table is static data without visual flow logic.; structure: The visible text does not contain any clinical guideline evidence items as defined by the requested schema (decision nodes and directed arrows).; actions: The table contains repeated entries for SGLT-2 inhibitors which may be a formatting error or intentional repetition.; actions: No explicit recommendation strength is provided in the visible text, so it was left empty.; symbols: The table is partially cut off at the top and right edges; some text may be incomplete or truncated.; symbols: No explicit clinical guideline references (e.g., ADA, EASD) are visible in this asset.",7a49b784d190d816e9e1be21beff00646edad0dea7a7c5b9285c529604cee9e8,7a49b784d190d816e9e1be21beff00646edad0dea7a7c5b9285c529604cee9e8,pending,,,,,False,SGLT-2 inhibitors,Benefit: Loss (intermediate),No hypoglycemia risk,,Neutral for modest loss,Contraindicated if eGFR <30 mL/min/1.73 m²,Benefit: Loss (intermediate) No Hypoglycemia risk Neutral for modest loss Contraindicated if eGFR <30 mL/min/1.73 m²,"[289.0,645.0,359.0,680.0]"
p011-page-011-tile-r02-c01::page-011-tile-r02-c01-actions-tile-r02-c01::action::action-002,page_011_tile_r02_c01,11,CONTROLLED_SOURCE_PDF/ADA principles for pharmacologic therapy.pdf,7c2913f79b61bc60f8f51327bb73b80391988fd277116b29e57df4242b2a2404,150809d7dad192c1ffdaf4d968b570cc609c71b3f9ec6c86867c1aa987fd1b3a,tile,"[0.0,288.0,360.0,648.0]",normalized_0_1000,CONTROLLED_SOURCE_IMAGE/ada_page_011_tile_r02_c01.png,OMITTED_RAW_MODEL_JSON/visual_logic_page_011_tile_r02_c01.json,extracted_unvalidated,page_011_tile_r02_c01__actions__tile_r02_c01,table,Medications for lowering glucose in type 2 diabetes,True,True,invalid,"duplicate action record within item: ('SGLT-2 inhibitors', 'Benefit: Loss (intermediate)', 'No hypoglycemia risk', 'Neutral for modest loss', 'Contraindicated if eGFR <30 mL/min/1.73 m²')","structure: No decision nodes or recommendation edges were found in the provided image tile. The table is static data without visual flow logic.; structure: The visible text does not contain any clinical guideline evidence items as defined by the requested schema (decision nodes and directed arrows).; actions: The table contains repeated entries for SGLT-2 inhibitors which may be a formatting error or intentional repetition.; actions: No explicit recommendation strength is provided in the visible text, so it was left empty.; symbols: The table is partially cut off at the top and right edges; some text may be incomplete or truncated.; symbols: No explicit clinical guideline references (e.g., ADA, EASD) are visible in this asset.",1049fd4a1588581a1ff5fb4c74d91bee4a175c17d483a89e6127480b4475278c,1049fd4a1588581a1ff5fb4c74d91bee4a175c17d483a89e6127480b4475278c,pending,,,,,False,SGLT-2 inhibitors,Benefit: Loss (intermediate),No hypoglycemia risk,,Neutral for modest loss,Contraindicated if eGFR <30 mL/min/1.73 m²,Benefit: Loss (intermediate) No Hypoglycemia risk Neutral for modest loss Contraindicated if eGFR <30 mL/min/1.73 m²,"[289.0,645.0,359.0,680.0]"
p011-page-011-tile-r02-c01::page-011-tile-r02-c01-actions-tile-r02-c01::action::action-003,page_011_tile_r02_c01,11,CONTROLLED_SOURCE_PDF/ADA principles for pharmacologic therapy.pdf,7c2913f79b61bc60f8f51327bb73b80391988fd277116b29e57df4242b2a2404,150809d7dad192c1ffdaf4d968b570cc609c71b3f9ec6c86867c1aa987fd1b3a,tile,"[0.0,288.0,360.0,648.0]",normalized_0_1000,CONTROLLED_SOURCE_IMAGE/ada_page_011_tile_r02_c01.png,OMITTED_RAW_MODEL_JSON/visual_logic_page_011_tile_r02_c01.json,extracted_unvalidated,page_011_tile_r02_c01__actions__tile_r02_c01,table,Medications for lowering glucose in type 2 diabetes,True,True,invalid,"duplicate action record within item: ('SGLT-2 inhibitors', 'Benefit: Loss (intermediate)', 'No hypoglycemia risk', 'Neutral for modest loss', 'Contraindicated if eGFR <30 mL/min/1.73 m²')","structure: No decision nodes or recommendation edges were found in the provided image tile. The table is static data without visual flow logic.; structure: The visible text does not contain any clinical guideline evidence items as defined by the requested schema (decision nodes and directed arrows).; actions: The table contains repeated entries for SGLT-2 inhibitors which may be a formatting error or intentional repetition.; actions: No explicit recommendation strength is provided in the visible text, so it was left empty.; symbols: The table is partially cut off at the top and right edges; some text may be incomplete or truncated.; symbols: No explicit clinical guideline references (e.g., ADA, EASD) are visible in this asset.",5861c980fa3b1dfcd3cb3f30f6907b1cbb8b6e736d251c18e40bb1ef50ca913f,5861c980fa3b1dfcd3cb3f30f6907b1cbb8b6e736d251c18e40bb1ef50ca913f,pending,,,,,False,SGLT-2 inhibitors,Benefit: Loss (intermediate),No hypoglycemia risk,,Neutral for modest loss,Contraindicated if eGFR <30 mL/min/1.73 m²,Benefit: Loss (intermediate) No Hypoglycemia risk Neutral for modest loss Contraindicated if eGFR <30 mL/min/1.73 m²,"[289.0,645.0,359.0,680.0]"
p011-page-011-tile-r02-c01::page-011-tile-r02-c01-actions-tile-r02-c01::action::action-004,page_011_tile_r02_c01,11,CONTROLLED_SOURCE_PDF/ADA principles for pharmacologic therapy.pdf,7c2913f79b61bc60f8f51327bb73b80391988fd277116b29e57df4242b2a2404,150809d7dad192c1ffdaf4d968b570cc609c71b3f9ec6c86867c1aa987fd1b3a,tile,"[0.0,288.0,360.0,648.0]",normalized_0_1000,CONTROLLED_SOURCE_IMAGE/ada_page_011_tile_r02_c01.png,OMITTED_RAW_MODEL_JSON/visual_logic_page_011_tile_r02_c01.json,extracted_unvalidated,page_011_tile_r02_c01__actions__tile_r02_c01,table,Medications for lowering glucose in type 2 diabetes,True,True,invalid,"duplicate action record within item: ('SGLT-2 inhibitors', 'Benefit: Loss (intermediate)', 'No hypoglycemia risk', 'Neutral for modest loss', 'Contraindicated if eGFR <30 mL/min/1.73 m²')","structure: No decision nodes or recommendation edges were found in the provided image tile. The table is static data without visual flow logic.; structure: The visible text does not contain any clinical guideline evidence items as defined by the requested schema (decision nodes and directed arrows).; actions: The table contains repeated entries for SGLT-2 inhibitors which may be a formatting error or intentional repetition.; actions: No explicit recommendation strength is provided in the visible text, so it was left empty.; symbols: The table is partially cut off at the top and right edges; some text may be incomplete or truncated.; symbols: No explicit clinical guideline references (e.g., ADA, EASD) are visible in this asset.",4d7648e00df83fa8176b8b31a13a711252634aaf75cdfa3d64764920f3442efd,4d7648e00df83fa8176b8b31a13a711252634aaf75cdfa3d64764920f3442efd,pending,,,,,False,SGLT-2 inhibitors,Benefit: Loss (intermediate),No hypoglycemia risk,,Neutral for modest loss,Contraindicated if eGFR <30 mL/min/1.73 m²,Benefit: Loss (intermediate) No Hypoglycemia risk Neutral for modest loss Contraindicated if eGFR <30 mL/min/1.73 m²,"[289.0,645.0,359.0,680.0]"
p011-page-011-tile-r02-c01::page-011-tile-r02-c01-actions-tile-r02-c01::action::action-005,page_011_tile_r02_c01,11,CONTROLLED_SOURCE_PDF/ADA principles for pharmacologic therapy.pdf,7c2913f79b61bc60f8f51327bb73b80391988fd277116b29e57df4242b2a2404,150809d7dad192c1ffdaf4d968b570cc609c71b3f9ec6c86867c1aa987fd1b3a,tile,"[0.0,288.0,360.0,648.0]",normalized_0_1000,CONTROLLED_SOURCE_IMAGE/ada_page_011_tile_r02_c01.png,OMITTED_RAW_MODEL_JSON/visual_logic_page_011_tile_r02_c01.json,extracted_unvalidated,page_011_tile_r02_c01__actions__tile_r02_c01,table,Medications for lowering glucose in type 2 diabetes,True,True,invalid,"duplicate action record within item: ('SGLT-2 inhibitors', 'Benefit: Loss (intermediate)', 'No hypoglycemia risk', 'Neutral for modest loss', 'Contraindicated if eGFR <30 mL/min/1.73 m²')","structure: No decision nodes or recommendation edges were found in the provided image tile. The table is static data without visual flow logic.; structure: The visible text does not contain any clinical guideline evidence items as defined by the requested schema (decision nodes and directed arrows).; actions: The table contains repeated entries for SGLT-2 inhibitors which may be a formatting error or intentional repetition.; actions: No explicit recommendation strength is provided in the visible text, so it was left empty.; symbols: The table is partially cut off at the top and right edges; some text may be incomplete or truncated.; symbols: No explicit clinical guideline references (e.g., ADA, EASD) are visible in this asset.",221d1e4cf1dcfb4d1e833b7631d5aed3aee342af4eb0871440eec70c75860af6,221d1e4cf1dcfb4d1e833b7631d5aed3aee342af4eb0871440eec70c75860af6,pending,,,,,False,SGLT-2 inhibitors,Benefit: Loss (intermediate),No hypoglycemia risk,,Neutral for modest loss,Contraindicated if eGFR <30 mL/min/1.73 m²,Benefit: Loss (intermediate) No Hypoglycemia risk Neutral for modest loss Contraindicated if eGFR <30 mL/min/1.73 m²,"[289.0,645.0,359.0,680.0]"
p011-page-011-tile-r02-c01::page-011-tile-r02-c01-actions-tile-r02-c01::action::action-006,page_011_tile_r02_c01,11,CONTROLLED_SOURCE_PDF/ADA principles for pharmacologic therapy.pdf,7c2913f79b61bc60f8f51327bb73b80391988fd277116b29e57df4242b2a2404,150809d7dad192c1ffdaf4d968b570cc609c71b3f9ec6c86867c1aa987fd1b3a,tile,"[0.0,288.0,360.0,648.0]",normalized_0_1000,CONTROLLED_SOURCE_IMAGE/ada_page_011_tile_r02_c01.png,OMITTED_RAW_MODEL_JSON/visual_logic_page_011_tile_r02_c01.json,extracted_unvalidated,page_011_tile_r02_c01__actions__tile_r02_c01,table,Medications for lowering glucose in type 2 diabetes,True,True,invalid,"duplicate action record within item: ('SGLT-2 inhibitors', 'Benefit: Loss (intermediate)', 'No hypoglycemia risk', 'Neutral for modest loss', 'Contraindicated if eGFR <30 mL/min/1.73 m²')","structure: No decision nodes or recommendation edges were found in the provided image tile. The table is static data without visual flow logic.; structure: The visible text does not contain any clinical guideline evidence items as defined by the requested schema (decision nodes and directed arrows).; actions: The table contains repeated entries for SGLT-2 inhibitors which may be a formatting error or intentional repetition.; actions: No explicit recommendation strength is provided in the visible text, so it was left empty.; symbols: The table is partially cut off at the top and right edges; some text may be incomplete or truncated.; symbols: No explicit clinical guideline references (e.g., ADA, EASD) are visible in this asset.",f44ece18c723b6af8593bdd90e1cc1f773167be394146ea633fbb67bbd0c957b,f44ece18c723b6af8593bdd90e1cc1f773167be394146ea633fbb67bbd0c957b,pending,,,,,False,SGLT-2 inhibitors,Benefit: Loss (intermediate),No hypoglycemia risk,,Neutral for modest loss,Contraindicated if eGFR <30 mL/min/1.73 m²,Benefit: Loss (intermediate) No Hypoglycemia risk Neutral for modest loss Contraindicated if eGFR <30 mL/min/1.73 m²,"[289.0,645.0,359.0,680.0]"
p011-page-011-tile-r02-c01::page-011-tile-r02-c01-actions-tile-r02-c01::action::action-007,page_011_tile_r02_c01,11,CONTROLLED_SOURCE_PDF/ADA principles for pharmacologic therapy.pdf,7c2913f79b61bc60f8f51327bb73b80391988fd277116b29e57df4242b2a2404,150809d7dad192c1ffdaf4d968b570cc609c71b3f9ec6c86867c1aa987fd1b3a,tile,"[0.0,288.0,360.0,648.0]",normalized_0_1000,CONTROLLED_SOURCE_IMAGE/ada_page_011_tile_r02_c01.png,OMITTED_RAW_MODEL_JSON/visual_logic_page_011_tile_r02_c01.json,extracted_unvalidated,page_011_tile_r02_c01__actions__tile_r02_c01,table,Medications for lowering glucose in type 2 diabetes,True,True,invalid,"duplicate action record within item: ('SGLT-2 inhibitors', 'Benefit: Loss (intermediate)', 'No hypoglycemia risk', 'Neutral for modest loss', 'Contraindicated if eGFR <30 mL/min/1.73 m²')","structure: No decision nodes or recommendation edges were found in the provided image tile. The table is static data without visual flow logic.; structure: The visible text does not contain any clinical guideline evidence items as defined by the requested schema (decision nodes and directed arrows).; actions: The table contains repeated entries for SGLT-2 inhibitors which may be a formatting error or intentional repetition.; actions: No explicit recommendation strength is provided in the visible text, so it was left empty.; symbols: The table is partially cut off at the top and right edges; some text may be incomplete or truncated.; symbols: No explicit clinical guideline references (e.g., ADA, EASD) are visible in this asset.",1625445c736291bef3ccb5b15ad4e5bfa068701ff4d2830b281c5202cbd9599f,1625445c736291bef3ccb5b15ad4e5bfa068701ff4d2830b281c5202cbd9599f,pending,,,,,False,SGLT-2 inhibitors,Benefit: Loss (intermediate),No hypoglycemia risk,,Neutral for modest loss,Contraindicated if eGFR <30 mL/min/1.73 m²,Benefit: Loss (intermediate) No Hypoglycemia risk Neutral for modest loss Contraindicated if eGFR <30 mL/min/1.73 m²,"[289.0,645.0,359.0,680.0]"
p011-page-011-tile-r02-c01::page-011-tile-r02-c01-actions-tile-r02-c01::action::action-008,page_011_tile_r02_c01,11,CONTROLLED_SOURCE_PDF/ADA principles for pharmacologic therapy.pdf,7c2913f79b61bc60f8f51327bb73b80391988fd277116b29e57df4242b2a2404,150809d7dad192c1ffdaf4d968b570cc609c71b3f9ec6c86867c1aa987fd1b3a,tile,"[0.0,288.0,360.0,648.0]",normalized_0_1000,CONTROLLED_SOURCE_IMAGE/ada_page_011_tile_r02_c01.png,OMITTED_RAW_MODEL_JSON/visual_logic_page_011_tile_r02_c01.json,extracted_unvalidated,page_011_tile_r02_c01__actions__tile_r02_c01,table,Medications for lowering glucose in type 2 diabetes,True,True,invalid,"duplicate action record within item: ('SGLT-2 inhibitors', 'Benefit: Loss (intermediate)', 'No hypoglycemia risk', 'Neutral for modest loss', 'Contraindicated if eGFR <30 mL/min/1.73 m²')","structure: No decision nodes or recommendation edges were found in the provided image tile. The table is static data without visual flow logic.; structure: The visible text does not contain any clinical guideline evidence items as defined by the requested schema (decision nodes and directed arrows).; actions: The table contains repeated entries for SGLT-2 inhibitors which may be a formatting error or intentional repetition.; actions: No explicit recommendation strength is provided in the visible text, so it was left empty.; symbols: The table is partially cut off at the top and right edges; some text may be incomplete or truncated.; symbols: No explicit clinical guideline references (e.g., ADA, EASD) are visible in this asset.",5c4b10fc4d4fab24e3f66ba846956bb8725d5bb4623ca4e5d7121cc919b60814,5c4b10fc4d4fab24e3f66ba846956bb8725d5bb4623ca4e5d7121cc919b60814,pending,,,,,False,SGLT-2 inhibitors,Benefit: Loss (intermediate),No hypoglycemia risk,,Neutral for modest loss,Contraindicated if eGFR <30 mL/min/1.73 m²,Benefit: Loss (intermediate) No Hypoglycemia risk Neutral for modest loss Contraindicated if eGFR <30 mL/min/1.73 m²,"[289.0,645.0,359.0,680.0]"
p011-page-011-tile-r02-c01::page-011-tile-r02-c01-actions-tile-r02-c01::action::action-009,page_011_tile_r02_c01,11,CONTROLLED_SOURCE_PDF/ADA principles for pharmacologic therapy.pdf,7c2913f79b61bc60f8f51327bb73b80391988fd277116b29e57df4242b2a2404,150809d7dad192c1ffdaf4d968b570cc609c71b3f9ec6c86867c1aa987fd1b3a,tile,"[0.0,288.0,360.0,648.0]",normalized_0_1000,CONTROLLED_SOURCE_IMAGE/ada_page_011_tile_r02_c01.png,OMITTED_RAW_MODEL_JSON/visual_logic_page_011_tile_r02_c01.json,extracted_unvalidated,page_011_tile_r02_c01__actions__tile_r02_c01,table,Medications for lowering glucose in type 2 diabetes,True,True,invalid,"duplicate action record within item: ('SGLT-2 inhibitors', 'Benefit: Loss (intermediate)', 'No hypoglycemia risk', 'Neutral for modest loss', 'Contraindicated if eGFR <30 mL/min/1.73 m²')","structure: No decision nodes or recommendation edges were found in the provided image tile. The table is static data without visual flow logic.; structure: The visible text does not contain any clinical guideline evidence items as defined by the requested schema (decision nodes and directed arrows).; actions: The table contains repeated entries for SGLT-2 inhibitors which may be a formatting error or intentional repetition.; actions: No explicit recommendation strength is provided in the visible text, so it was left empty.; symbols: The table is partially cut off at the top and right edges; some text may be incomplete or truncated.; symbols: No explicit clinical guideline references (e.g., ADA, EASD) are visible in this asset.",1603ca841a16a8add8d26c2e65fd703a39f770256f1d2f8b19b9e1e38cd0c140,1603ca841a16a8add8d26c2e65fd703a39f770256f1d2f8b19b9e1e38cd0c140,pending,,,,,False,SGLT-2 inhibitors,Benefit: Loss (intermediate),No hypoglycemia risk,,Neutral for modest loss,Contraindicated if eGFR <30 mL/min/1.73 m²,Benefit: Loss (intermediate) No Hypoglycemia risk Neutral for modest loss Contraindicated if eGFR <30 mL/min/1.73 m²,"[289.0,645.0,359.0,680.0]"
p011-page-011-tile-r02-c01::page-011-tile-r02-c01-actions-tile-r02-c01::action::action-010,page_011_tile_r02_c01,11,CONTROLLED_SOURCE_PDF/ADA principles for pharmacologic therapy.pdf,7c2913f79b61bc60f8f51327bb73b80391988fd277116b29e57df4242b2a2404,150809d7dad192c1ffdaf4d968b570cc609c71b3f9ec6c86867c1aa987fd1b3a,tile,"[0.0,288.0,360.0,648.0]",normalized_0_1000,CONTROLLED_SOURCE_IMAGE/ada_page_011_tile_r02_c01.png,OMITTED_RAW_MODEL_JSON/visual_logic_page_011_tile_r02_c01.json,extracted_unvalidated,page_011_tile_r02_c01__actions__tile_r02_c01,table,Medications for lowering glucose in type 2 diabetes,True,True,invalid,"duplicate action record within item: ('SGLT-2 inhibitors', 'Benefit: Loss (intermediate)', 'No hypoglycemia risk', 'Neutral for modest loss', 'Contraindicated if eGFR <30 mL/min/1.73 m²')","structure: No decision nodes or recommendation edges were found in the provided image tile. The table is static data without visual flow logic.; structure: The visible text does not contain any clinical guideline evidence items as defined by the requested schema (decision nodes and directed arrows).; actions: The table contains repeated entries for SGLT-2 inhibitors which may be a formatting error or intentional repetition.; actions: No explicit recommendation strength is provided in the visible text, so it was left empty.; symbols: The table is partially cut off at the top and right edges; some text may be incomplete or truncated.; symbols: No explicit clinical guideline references (e.g., ADA, EASD) are visible in this asset.",822641bd36013fb5ee52151bbc0675939e67b00f3e263eb195f06398e2c496e6,822641bd36013fb5ee52151bbc0675939e67b00f3e263eb195f06398e2c496e6,pending,,,,,False,SGLT-2 inhibitors,Benefit: Loss (intermediate),No hypoglycemia risk,,Neutral for modest loss,Contraindicated if eGFR <30 mL/min/1.73 m²,Benefit: Loss (intermediate) No Hypoglycemia risk Neutral for modest loss Contraindicated if eGFR <30 mL/min/1.73 m²,"[289.0,645.0,359.0,680.0]"
p011-page-011-tile-r02-c01::page-011-tile-r02-c01-actions-tile-r02-c01::action::action-011,page_011_tile_r02_c01,11,CONTROLLED_SOURCE_PDF/ADA principles for pharmacologic therapy.pdf,7c2913f79b61bc60f8f51327bb73b80391988fd277116b29e57df4242b2a2404,150809d7dad192c1ffdaf4d968b570cc609c71b3f9ec6c86867c1aa987fd1b3a,tile,"[0.0,288.0,360.0,648.0]",normalized_0_1000,CONTROLLED_SOURCE_IMAGE/ada_page_011_tile_r02_c01.png,OMITTED_RAW_MODEL_JSON/visual_logic_page_011_tile_r02_c01.json,extracted_unvalidated,page_011_tile_r02_c01__actions__tile_r02_c01,table,Medications for lowering glucose in type 2 diabetes,True,True,invalid,"duplicate action record within item: ('SGLT-2 inhibitors', 'Benefit: Loss (intermediate)', 'No hypoglycemia risk', 'Neutral for modest loss', 'Contraindicated if eGFR <30 mL/min/1.73 m²')","structure: No decision nodes or recommendation edges were found in the provided image tile. The table is static data without visual flow logic.; structure: The visible text does not contain any clinical guideline evidence items as defined by the requested schema (decision nodes and directed arrows).; actions: The table contains repeated entries for SGLT-2 inhibitors which may be a formatting error or intentional repetition.; actions: No explicit recommendation strength is provided in the visible text, so it was left empty.; symbols: The table is partially cut off at the top and right edges; some text may be incomplete or truncated.; symbols: No explicit clinical guideline references (e.g., ADA, EASD) are visible in this asset.",41d5aa7d4125684d8c93a89d7a46c2d27805eb0e3a4499f88208a10b1800e9dc,41d5aa7d4125684d8c93a89d7a46c2d27805eb0e3a4499f88208a10b1800e9dc,pending,,,,,False,SGLT-2 inhibitors,Benefit: Loss (intermediate),No hypoglycemia risk,,Neutral for modest loss,Contraindicated if eGFR <30 mL/min/1.73 m²,Benefit: Loss (intermediate) No Hypoglycemia risk Neutral for modest loss Contraindicated if eGFR <30 mL/min/1.73 m²,"[289.0,645.0,359.0,680.0]"
p011-page-011-tile-r02-c01::page-011-tile-r02-c01-actions-tile-r02-c01::action::action-012,page_011_tile_r02_c01,11,CONTROLLED_SOURCE_PDF/ADA principles for pharmacologic therapy.pdf,7c2913f79b61bc60f8f51327bb73b80391988fd277116b29e57df4242b2a2404,150809d7dad192c1ffdaf4d968b570cc609c71b3f9ec6c86867c1aa987fd1b3a,tile,"[0.0,288.0,360.0,648.0]",normalized_0_1000,CONTROLLED_SOURCE_IMAGE/ada_page_011_tile_r02_c01.png,OMITTED_RAW_MODEL_JSON/visual_logic_page_011_tile_r02_c01.json,extracted_unvalidated,page_011_tile_r02_c01__actions__tile_r02_c01,table,Medications for lowering glucose in type 2 diabetes,True,True,invalid,"duplicate action record within item: ('SGLT-2 inhibitors', 'Benefit: Loss (intermediate)', 'No hypoglycemia risk', 'Neutral for modest loss', 'Contraindicated if eGFR <30 mL/min/1.73 m²')","structure: No decision nodes or recommendation edges were found in the provided image tile. The table is static data without visual flow logic.; structure: The visible text does not contain any clinical guideline evidence items as defined by the requested schema (decision nodes and directed arrows).; actions: The table contains repeated entries for SGLT-2 inhibitors which may be a formatting error or intentional repetition.; actions: No explicit recommendation strength is provided in the visible text, so it was left empty.; symbols: The table is partially cut off at the top and right edges; some text may be incomplete or truncated.; symbols: No explicit clinical guideline references (e.g., ADA, EASD) are visible in this asset.",6d3d094576bf7dbe9fa94a7d46f0f73912dc6b1cfb8ae9ae4258d7bb02d3b061,6d3d094576bf7dbe9fa94a7d46f0f73912dc6b1cfb8ae9ae4258d7bb02d3b061,pending,,,,,False,SGLT-2 inhibitors,Benefit: Loss (intermediate),No hypoglycemia risk,,Neutral for modest loss,Contraindicated if eGFR <30 mL/min/1.73 m²,Benefit: Loss (intermediate) No Hypoglycemia risk Neutral for modest loss Contraindicated if eGFR <30 mL/min/1.73 m²,"[289.0,645.0,359.0,680.0]"
p011-page-011-tile-r02-c01::page-011-tile-r02-c01-actions-tile-r02-c01::action::action-013,page_011_tile_r02_c01,11,CONTROLLED_SOURCE_PDF/ADA principles for pharmacologic therapy.pdf,7c2913f79b61bc60f8f51327bb73b80391988fd277116b29e57df4242b2a2404,150809d7dad192c1ffdaf4d968b570cc609c71b3f9ec6c86867c1aa987fd1b3a,tile,"[0.0,288.0,360.0,648.0]",normalized_0_1000,CONTROLLED_SOURCE_IMAGE/ada_page_011_tile_r02_c01.png,OMITTED_RAW_MODEL_JSON/visual_logic_page_011_tile_r02_c01.json,extracted_unvalidated,page_011_tile_r02_c01__actions__tile_r02_c01,table,Medications for lowering glucose in type 2 diabetes,True,True,invalid,"duplicate action record within item: ('SGLT-2 inhibitors', 'Benefit: Loss (intermediate)', 'No hypoglycemia risk', 'Neutral for modest loss', 'Contraindicated if eGFR <30 mL/min/1.73 m²')","structure: No decision nodes or recommendation edges were found in the provided image tile. The table is static data without visual flow logic.; structure: The visible text does not contain any clinical guideline evidence items as defined by the requested schema (decision nodes and directed arrows).; actions: The table contains repeated entries for SGLT-2 inhibitors which may be a formatting error or intentional repetition.; actions: No explicit recommendation strength is provided in the visible text, so it was left empty.; symbols: The table is partially cut off at the top and right edges; some text may be incomplete or truncated.; symbols: No explicit clinical guideline references (e.g., ADA, EASD) are visible in this asset.",400b81e5d673115f642e3fea28b6c30a4a59cc050cfd61ee564c256774919468,400b81e5d673115f642e3fea28b6c30a4a59cc050cfd61ee564c256774919468,pending,,,,,False,SGLT-2 inhibitors,Benefit: Loss (intermediate),No hypoglycemia risk,,Neutral for modest loss,Contraindicated if eGFR <30 mL/min/1.73 m²,Benefit: Loss (intermediate) No Hypoglycemia risk Neutral for modest loss Contraindicated if eGFR <30 mL/min/1.73 m²,"[289.0,645.0,359.0,680.0]"
p011-page-011-tile-r02-c01::page-011-tile-r02-c01-actions-tile-r02-c01::action::action-014,page_011_tile_r02_c01,11,CONTROLLED_SOURCE_PDF/ADA principles for pharmacologic therapy.pdf,7c2913f79b61bc60f8f51327bb73b80391988fd277116b29e57df4242b2a2404,150809d7dad192c1ffdaf4d968b570cc609c71b3f9ec6c86867c1aa987fd1b3a,tile,"[0.0,288.0,360.0,648.0]",normalized_0_1000,CONTROLLED_SOURCE_IMAGE/ada_page_011_tile_r02_c01.png,OMITTED_RAW_MODEL_JSON/visual_logic_page_011_tile_r02_c01.json,extracted_unvalidated,page_011_tile_r02_c01__actions__tile_r02_c01,table,Medications for lowering glucose in type 2 diabetes,True,True,invalid,"duplicate action record within item: ('SGLT-2 inhibitors', 'Benefit: Loss (intermediate)', 'No hypoglycemia risk', 'Neutral for modest loss', 'Contraindicated if eGFR <30 mL/min/1.73 m²')","structure: No decision nodes or recommendation edges were found in the provided image tile. The table is static data without visual flow logic.; structure: The visible text does not contain any clinical guideline evidence items as defined by the requested schema (decision nodes and directed arrows).; actions: The table contains repeated entries for SGLT-2 inhibitors which may be a formatting error or intentional repetition.; actions: No explicit recommendation strength is provided in the visible text, so it was left empty.; symbols: The table is partially cut off at the top and right edges; some text may be incomplete or truncated.; symbols: No explicit clinical guideline references (e.g., ADA, EASD) are visible in this asset.",36fe09708808e1ee9c46e3b83926886a5c129ca85fafd0873513626f693af113,36fe09708808e1ee9c46e3b83926886a5c129ca85fafd0873513626f693af113,pending,,,,,False,SGLT-2 inhibitors,Benefit: Loss (intermediate),No hypoglycemia risk,,Neutral for modest loss,Contraindicated if eGFR <30 mL/min/1.73 m²,Benefit: Loss (intermediate) No Hypoglycemia risk Neutral for modest loss Contraindicated if eGFR <30 mL/min/1.73 m²,"[289.0,645.0,359.0,680.0]"
p011-page-011-tile-r02-c01::page-011-tile-r02-c01-actions-tile-r02-c01::action::action-015,page_011_tile_r02_c01,11,CONTROLLED_SOURCE_PDF/ADA principles for pharmacologic therapy.pdf,7c2913f79b61bc60f8f51327bb73b80391988fd277116b29e57df4242b2a2404,150809d7dad192c1ffdaf4d968b570cc609c71b3f9ec6c86867c1aa987fd1b3a,tile,"[0.0,288.0,360.0,648.0]",normalized_0_1000,CONTROLLED_SOURCE_IMAGE/ada_page_011_tile_r02_c01.png,OMITTED_RAW_MODEL_JSON/visual_logic_page_011_tile_r02_c01.json,extracted_unvalidated,page_011_tile_r02_c01__actions__tile_r02_c01,table,Medications for lowering glucose in type 2 diabetes,True,True,invalid,"duplicate action record within item: ('SGLT-2 inhibitors', 'Benefit: Loss (intermediate)', 'No hypoglycemia risk', 'Neutral for modest loss', 'Contraindicated if eGFR <30 mL/min/1.73 m²')","structure: No decision nodes or recommendation edges were found in the provided image tile. The table is static data without visual flow logic.; structure: The visible text does not contain any clinical guideline evidence items as defined by the requested schema (decision nodes and directed arrows).; actions: The table contains repeated entries for SGLT-2 inhibitors which may be a formatting error or intentional repetition.; actions: No explicit recommendation strength is provided in the visible text, so it was left empty.; symbols: The table is partially cut off at the top and right edges; some text may be incomplete or truncated.; symbols: No explicit clinical guideline references (e.g., ADA, EASD) are visible in this asset.",aa58b33137fb28ced930cae48cb8c199eb765d297c6117cfc8afb3a95a02db38,aa58b33137fb28ced930cae48cb8c199eb765d297c6117cfc8afb3a95a02db38,pending,,,,,False,SGLT-2 inhibitors,Benefit: Loss (intermediate),No hypoglycemia risk,,Neutral for modest loss,Contraindicated if eGFR <30 mL/min/1.73 m²,Benefit: Loss (intermediate) No Hypoglycemia risk Neutral for modest loss Contraindicated if eGFR <30 mL/min/1.73 m²,"[289.0,645.0,359.0,680.0]"
p011-page-011-tile-r02-c01::page-011-tile-r02-c01-actions-tile-r02-c01::action::action-016,page_011_tile_r02_c01,11,CONTROLLED_SOURCE_PDF/ADA principles for pharmacologic therapy.pdf,7c2913f79b61bc60f8f51327bb73b80391988fd277116b29e57df4242b2a2404,150809d7dad192c1ffdaf4d968b570cc609c71b3f9ec6c86867c1aa987fd1b3a,tile,"[0.0,288.0,360.0,648.0]",normalized_0_1000,CONTROLLED_SOURCE_IMAGE/ada_page_011_tile_r02_c01.png,OMITTED_RAW_MODEL_JSON/visual_logic_page_011_tile_r02_c01.json,extracted_unvalidated,page_011_tile_r02_c01__actions__tile_r02_c01,table,Medications for lowering glucose in type 2 diabetes,True,True,invalid,"duplicate action record within item: ('SGLT-2 inhibitors', 'Benefit: Loss (intermediate)', 'No hypoglycemia risk', 'Neutral for modest loss', 'Contraindicated if eGFR <30 mL/min/1.73 m²')","structure: No decision nodes or recommendation edges were found in the provided image tile. The table is static data without visual flow logic.; structure: The visible text does not contain any clinical guideline evidence items as defined by the requested schema (decision nodes and directed arrows).; actions: The table contains repeated entries for SGLT-2 inhibitors which may be a formatting error or intentional repetition.; actions: No explicit recommendation strength is provided in the visible text, so it was left empty.; symbols: The table is partially cut off at the top and right edges; some text may be incomplete or truncated.; symbols: No explicit clinical guideline references (e.g., ADA, EASD) are visible in this asset.",e75d38b21f367dba131f2b43f7514c98740271464ffe24cb34e680184c0c2bc0,e75d38b21f367dba131f2b43f7514c98740271464ffe24cb34e680184c0c2bc0,pending,,,,,False,SGLT-2 inhibitors,Benefit: Loss (intermediate),No hypoglycemia risk,,Neutral for modest loss,Contraindicated if eGFR <30 mL/min/1.73 m²,Benefit: Loss (intermediate) No Hypoglycemia risk Neutral for modest loss Contraindicated if eGFR <30 mL/min/1.73 m²,"[289.0,645.0,359.0,680.0]"
p011-page-011-tile-r02-c02::page-011-tile-r02-c02-actions-tile-r02-c02::action::action-001,page_011_tile_r02_c02,11,CONTROLLED_SOURCE_PDF/ADA principles for pharmacologic therapy.pdf,7c2913f79b61bc60f8f51327bb73b80391988fd277116b29e57df4242b2a2404,0796ea5c2efe0d3d2dc1bb0c6a9776207c7cb3b68b857d68ec1916c43be9f07d,tile,"[233.972,288.0,593.972,648.0]",normalized_0_1000,CONTROLLED_SOURCE_IMAGE/ada_page_011_tile_r02_c02.png,OMITTED_RAW_MODEL_JSON/visual_logic_page_011_tile_r02_c02.json,extracted_unvalidated,page_011_tile_r02_c02__actions__tile_r02_c02,table,Table 9.2,True,True,invalid,drug_class is required,"structure: No clinical guideline evidence visible in this single image asset. Asset ID: page_011_tile_r02_c02. PDF page: 11. Asset type: tile. Source-page bounding box: ['233.972', '288.0', '593.972', '648.0']. Preserve exact thresholds, logical alternatives (AND/OR), priority language, arrow direction, medication-class distinctions, and uncertainty. Extract all visible decision nodes and directed arrows. Use short, unique node IDs. Populate decision_nodes and recommendation_edges; leave ordinal_symbols and drug_actions empty unless essential to name a node. Return at most one aggregate visual item for this asset and pass; put every visible record of the requested types into that item's child arrays. Evidence bounding boxes use Qwen3-VL's normalized 0-1000 coordinate grid, not source pixels; use [] when uncertain. Every child record needs a nonempty evidence_text that quotes or closely transcribes visible local wording. For an arrow, evidence_text may briefly identify the visible source label, arrow, and target label. For a tile, do not invent off-tile nodes or arrow endpoints: retain visible evidence and set requires_manual_review=true for any boundary-crossing relationship. Return only data matching the supplied JSON Schema.; actions: No explicit recommendation-strength word visible; using empty strength string.; actions: No medication-class distinctions visible; assuming generic drug action.; symbols: The text is fragmented and does not form a coherent clinical guideline. It appears to be a list of terms related to glucose, eGFR (estimated glomerular filtration rate), kidney function, and medication use, but lacks structure or context for actionable guidelines.; visual item title derived from manifest figure_ids/table_ids",e6c0632acf04f001e5396e66544be3225d6cf9365ca97c35d5ce9620ecab56ad,e6c0632acf04f001e5396e66544be3225d6cf9365ca97c35d5ce9620ecab56ad,pending,,,,,False,,May continue,eGFR <4.73 m²,,,,Glucose effect is eGFR <4.73 m² continue cardiovascular kidney b >20 mL/ May con dialysis or,"[15.0,68.0,90.0,100.0]"
p011-page-011-tile-r03-c01::page-011-tile-r03-c01-actions-table-92::action::action-001,page_011_tile_r03_c01,11,CONTROLLED_SOURCE_PDF/ADA principles for pharmacologic therapy.pdf,7c2913f79b61bc60f8f51327bb73b80391988fd277116b29e57df4242b2a2404,466b9feee26439dd7a20829372074aa318f619b50e40d5a0656b141c83b39913,tile,"[0.0,422.986,360.0,782.986]",normalized_0_1000,CONTROLLED_SOURCE_IMAGE/ada_page_011_tile_r03_c01.png,OMITTED_RAW_MODEL_JSON/visual_logic_page_011_tile_r03_c01.json,extracted_unvalidated,page_011_tile_r03_c01__actions__table_92,table,Table 9.2—Features of medications for lowering glucose in type 2 diabetes,False,True,invalid,trigger is required,"structure: No decision nodes or recommendation edges are visible in this table. The table is purely descriptive of medication features.; structure: The table does not contain any arrows or directed relationships between elements, so no recommendation_edges can be extracted.; actions: The provided image is a partial view of Table 9.2, which does not show all columns or rows completely. The full clinical guideline evidence may require additional context from other parts of the document.; actions: Some cells contain superscripted footnotes (e.g., ^1) that are not fully visible in this cropped section.; symbols: No clinical guideline evidence visible in this single image asset.",ff73a4874ecf0f844a9afc911d28fd49933890771dbf75d8940f66bf8bf08524,ff73a4874ecf0f844a9afc911d28fd49933890771dbf75d8940f66bf8bf08524,pending,,,,,False,Metformin (oral),Glucose-lowering efficacy: High,,,,,Glucose-lowering efficacy^1 High,"[204.5,376.89,280.5,420.89]"
p011-page-011-tile-r03-c01::page-011-tile-r03-c01-actions-table-92::action::action-002,page_011_tile_r03_c01,11,CONTROLLED_SOURCE_PDF/ADA principles for pharmacologic therapy.pdf,7c2913f79b61bc60f8f51327bb73b80391988fd277116b29e57df4242b2a2404,466b9feee26439dd7a20829372074aa318f619b50e40d5a0656b141c83b39913,tile,"[0.0,422.986,360.0,782.986]",normalized_0_1000,CONTROLLED_SOURCE_IMAGE/ada_page_011_tile_r03_c01.png,OMITTED_RAW_MODEL_JSON/visual_logic_page_011_tile_r03_c01.json,extracted_unvalidated,page_011_tile_r03_c01__actions__table_92,table,Table 9.2—Features of medications for lowering glucose in type 2 diabetes,False,True,invalid,trigger is required,"structure: No decision nodes or recommendation edges are visible in this table. The table is purely descriptive of medication features.; structure: The table does not contain any arrows or directed relationships between elements, so no recommendation_edges can be extracted.; actions: The provided image is a partial view of Table 9.2, which does not show all columns or rows completely. The full clinical guideline evidence may require additional context from other parts of the document.; actions: Some cells contain superscripted footnotes (e.g., ^1) that are not fully visible in this cropped section.; symbols: No clinical guideline evidence visible in this single image asset.",ccc200504947ccf8b2a8ff1e87149953d2897d92b030f7001cecc155d004f632,ccc200504947ccf8b2a8ff1e87149953d2897d92b030f7001cecc155d004f632,pending,,,,,False,SGLT2 inhibitors (oral),Glucose-lowering efficacy: Intermediate to high,,,,,Glucose-lowering efficacy Intermediate to high,"[204.5,376.89,280.5,420.89]"
p012-page-012-tile-r01-c01::page-012-tile-r01-c01-actions-tile-r01-c01::action::action-001,page_012_tile_r01_c01,12,CONTROLLED_SOURCE_PDF/ADA principles for pharmacologic therapy.pdf,7c2913f79b61bc60f8f51327bb73b80391988fd277116b29e57df4242b2a2404,2827f69cbe55c85bc309ea480faff078e76c008ba8afce0bdf46a42d09594dbe,tile,"[0.0,0.0,360.0,360.0]",normalized_0_1000,CONTROLLED_SOURCE_IMAGE/ada_page_012_tile_r01_c01.png,OMITTED_RAW_MODEL_JSON/visual_logic_page_012_tile_r01_c01.json,extracted_unvalidated,page_012_tile_r01_c01__actions__tile_r01_c01,table,Pharmacologic Approaches to Glycemic Treatment,False,True,invalid,"duplicate action record within item: ('GLP-1 receptor agonists (including semaglutide)', 'Monitor kidney function when initiating or escalating doses in individuals with kidney impairment reporting severe adverse GI reactions', 'Initiating or escalating doses', 'No dose adjustment for dulaglutide, liraglutide, or semaglutide; Monitor kidney function when initiating or escalating doses in individuals with kidney impairment reporting severe adverse GI reactions', 'Monitor kidney function when initiating or escalating doses in individuals with kidney impairment reporting severe adverse GI reactions')","structure: The table is partially cut off at the bottom right corner, so some information may be missing.; structure: Some text in the table is too small to read clearly without zooming in.; actions: The table contains repeated entries for the same drug class (GLP-1 receptor agonists) with identical actions and triggers. This may indicate a formatting or data entry error in the source document.; actions: No explicit recommendation-strength words are visible in the extracted evidence, so they were left as empty strings.; symbols: No clinical guideline evidence was found in this asset. The table contains pharmacologic information but does not present formal clinical guidelines or evidence-based recommendations with specific thresholds or ordinal scales.",0881494a322ba51268c23f30794e73d323ce630269bce0f25f8204cc77507220,0881494a322ba51268c23f30794e73d323ce630269bce0f25f8204cc77507220,pending,,,,,False,GLP-1 receptor agonists (including semaglutide),Monitor kidney function when initiating or escalating doses in individuals with kidney impairment reporting severe adverse GI reactions,Initiating or escalating doses,,"No dose adjustment for dulaglutide, liraglutide, or semaglutide; Monitor kidney function when initiating or escalating doses in individuals with kidney impairment reporting severe adverse GI reactions",Monitor kidney function when initiating or escalating doses in individuals with kidney impairment reporting severe adverse GI reactions,"• No dose adjustment for dulaglutide, liraglutide, or semaglutide • Monitor kidney function when initiating or escalating doses in individuals with kidney impairment reporting severe adverse GI reactions","[100.0,250.0,360.0,480.0]"
p012-page-012-tile-r01-c01::page-012-tile-r01-c01-actions-tile-r01-c01::action::action-002,page_012_tile_r01_c01,12,CONTROLLED_SOURCE_PDF/ADA principles for pharmacologic therapy.pdf,7c2913f79b61bc60f8f51327bb73b80391988fd277116b29e57df4242b2a2404,2827f69cbe55c85bc309ea480faff078e76c008ba8afce0bdf46a42d09594dbe,tile,"[0.0,0.0,360.0,360.0]",normalized_0_1000,CONTROLLED_SOURCE_IMAGE/ada_page_012_tile_r01_c01.png,OMITTED_RAW_MODEL_JSON/visual_logic_page_012_tile_r01_c01.json,extracted_unvalidated,page_012_tile_r01_c01__actions__tile_r01_c01,table,Pharmacologic Approaches to Glycemic Treatment,False,True,invalid,"duplicate action record within item: ('GLP-1 receptor agonists (including semaglutide)', 'Monitor kidney function when initiating or escalating doses in individuals with kidney impairment reporting severe adverse GI reactions', 'Initiating or escalating doses', 'No dose adjustment for dulaglutide, liraglutide, or semaglutide; Monitor kidney function when initiating or escalating doses in individuals with kidney impairment reporting severe adverse GI reactions', 'Monitor kidney function when initiating or escalating doses in individuals with kidney impairment reporting severe adverse GI reactions')","structure: The table is partially cut off at the bottom right corner, so some information may be missing.; structure: Some text in the table is too small to read clearly without zooming in.; actions: The table contains repeated entries for the same drug class (GLP-1 receptor agonists) with identical actions and triggers. This may indicate a formatting or data entry error in the source document.; actions: No explicit recommendation-strength words are visible in the extracted evidence, so they were left as empty strings.; symbols: No clinical guideline evidence was found in this asset. The table contains pharmacologic information but does not present formal clinical guidelines or evidence-based recommendations with specific thresholds or ordinal scales.",d2fc63d759070c66e319e6c39b23ba2338f4eb9fb91c72949db985bfc8d3da6f,d2fc63d759070c66e319e6c39b23ba2338f4eb9fb91c72949db985bfc8d3da6f,pending,,,,,False,GLP-1 receptor agonists (including semaglutide),Monitor kidney function when initiating or escalating doses in individuals with kidney impairment reporting severe adverse GI reactions,Initiating or escalating doses,,"No dose adjustment for dulaglutide, liraglutide, or semaglutide; Monitor kidney function when initiating or escalating doses in individuals with kidney impairment reporting severe adverse GI reactions",Monitor kidney function when initiating or escalating doses in individuals with kidney impairment reporting severe adverse GI reactions,"• No dose adjustment for dulaglutide, liraglutide, or semaglutide • Monitor kidney function when initiating or escalating doses in individuals with kidney impairment reporting severe adverse GI reactions","[100.0,250.0,360.0,480.0]"
p012-page-012-tile-r01-c01::page-012-tile-r01-c01-actions-tile-r01-c01::action::action-003,page_012_tile_r01_c01,12,CONTROLLED_SOURCE_PDF/ADA principles for pharmacologic therapy.pdf,7c2913f79b61bc60f8f51327bb73b80391988fd277116b29e57df4242b2a2404,2827f69cbe55c85bc309ea480faff078e76c008ba8afce0bdf46a42d09594dbe,tile,"[0.0,0.0,360.0,360.0]",normalized_0_1000,CONTROLLED_SOURCE_IMAGE/ada_page_012_tile_r01_c01.png,OMITTED_RAW_MODEL_JSON/visual_logic_page_012_tile_r01_c01.json,extracted_unvalidated,page_012_tile_r01_c01__actions__tile_r01_c01,table,Pharmacologic Approaches to Glycemic Treatment,False,True,invalid,"duplicate action record within item: ('GLP-1 receptor agonists (including semaglutide)', 'Monitor kidney function when initiating or escalating doses in individuals with kidney impairment reporting severe adverse GI reactions', 'Initiating or escalating doses', 'No dose adjustment for dulaglutide, liraglutide, or semaglutide; Monitor kidney function when initiating or escalating doses in individuals with kidney impairment reporting severe adverse GI reactions', 'Monitor kidney function when initiating or escalating doses in individuals with kidney impairment reporting severe adverse GI reactions')","structure: The table is partially cut off at the bottom right corner, so some information may be missing.; structure: Some text in the table is too small to read clearly without zooming in.; actions: The table contains repeated entries for the same drug class (GLP-1 receptor agonists) with identical actions and triggers. This may indicate a formatting or data entry error in the source document.; actions: No explicit recommendation-strength words are visible in the extracted evidence, so they were left as empty strings.; symbols: No clinical guideline evidence was found in this asset. The table contains pharmacologic information but does not present formal clinical guidelines or evidence-based recommendations with specific thresholds or ordinal scales.",62ac1b27d7333494a9f22628e2d2fcc6e7d32d19a33b00c87c85130bc7ddccce,62ac1b27d7333494a9f22628e2d2fcc6e7d32d19a33b00c87c85130bc7ddccce,pending,,,,,False,GLP-1 receptor agonists (including semaglutide),Monitor kidney function when initiating or escalating doses in individuals with kidney impairment reporting severe adverse GI reactions,Initiating or escalating doses,,"No dose adjustment for dulaglutide, liraglutide, or semaglutide; Monitor kidney function when initiating or escalating doses in individuals with kidney impairment reporting severe adverse GI reactions",Monitor kidney function when initiating or escalating doses in individuals with kidney impairment reporting severe adverse GI reactions,"• No dose adjustment for dulaglutide, liraglutide, or semaglutide • Monitor kidney function when initiating or escalating doses in individuals with kidney impairment reporting severe adverse GI reactions","[100.0,250.0,360.0,480.0]"
p012-page-012-tile-r01-c01::page-012-tile-r01-c01-actions-tile-r01-c01::action::action-004,page_012_tile_r01_c01,12,CONTROLLED_SOURCE_PDF/ADA principles for pharmacologic therapy.pdf,7c2913f79b61bc60f8f51327bb73b80391988fd277116b29e57df4242b2a2404,2827f69cbe55c85bc309ea480faff078e76c008ba8afce0bdf46a42d09594dbe,tile,"[0.0,0.0,360.0,360.0]",normalized_0_1000,CONTROLLED_SOURCE_IMAGE/ada_page_012_tile_r01_c01.png,OMITTED_RAW_MODEL_JSON/visual_logic_page_012_tile_r01_c01.json,extracted_unvalidated,page_012_tile_r01_c01__actions__tile_r01_c01,table,Pharmacologic Approaches to Glycemic Treatment,False,True,invalid,"duplicate action record within item: ('GLP-1 receptor agonists (including semaglutide)', 'Monitor kidney function when initiating or escalating doses in individuals with kidney impairment reporting severe adverse GI reactions', 'Initiating or escalating doses', 'No dose adjustment for dulaglutide, liraglutide, or semaglutide; Monitor kidney function when initiating or escalating doses in individuals with kidney impairment reporting severe adverse GI reactions', 'Monitor kidney function when initiating or escalating doses in individuals with kidney impairment reporting severe adverse GI reactions')","structure: The table is partially cut off at the bottom right corner, so some information may be missing.; structure: Some text in the table is too small to read clearly without zooming in.; actions: The table contains repeated entries for the same drug class (GLP-1 receptor agonists) with identical actions and triggers. This may indicate a formatting or data entry error in the source document.; actions: No explicit recommendation-strength words are visible in the extracted evidence, so they were left as empty strings.; symbols: No clinical guideline evidence was found in this asset. The table contains pharmacologic information but does not present formal clinical guidelines or evidence-based recommendations with specific thresholds or ordinal scales.",6a7c9d55e4fbcfab2720dbde63fa8d0181a66b4fd2af0250216ad4b1ae0104fd,6a7c9d55e4fbcfab2720dbde63fa8d0181a66b4fd2af0250216ad4b1ae0104fd,pending,,,,,False,GLP-1 receptor agonists (including semaglutide),Monitor kidney function when initiating or escalating doses in individuals with kidney impairment reporting severe adverse GI reactions,Initiating or escalating doses,,"No dose adjustment for dulaglutide, liraglutide, or semaglutide; Monitor kidney function when initiating or escalating doses in individuals with kidney impairment reporting severe adverse GI reactions",Monitor kidney function when initiating or escalating doses in individuals with kidney impairment reporting severe adverse GI reactions,"• No dose adjustment for dulaglutide, liraglutide, or semaglutide • Monitor kidney function when initiating or escalating doses in individuals with kidney impairment reporting severe adverse GI reactions","[100.0,250.0,360.0,480.0]"
p012-page-012-tile-r01-c01::page-012-tile-r01-c01-actions-tile-r01-c01::action::action-005,page_012_tile_r01_c01,12,CONTROLLED_SOURCE_PDF/ADA principles for pharmacologic therapy.pdf,7c2913f79b61bc60f8f51327bb73b80391988fd277116b29e57df4242b2a2404,2827f69cbe55c85bc309ea480faff078e76c008ba8afce0bdf46a42d09594dbe,tile,"[0.0,0.0,360.0,360.0]",normalized_0_1000,CONTROLLED_SOURCE_IMAGE/ada_page_012_tile_r01_c01.png,OMITTED_RAW_MODEL_JSON/visual_logic_page_012_tile_r01_c01.json,extracted_unvalidated,page_012_tile_r01_c01__actions__tile_r01_c01,table,Pharmacologic Approaches to Glycemic Treatment,False,True,invalid,"duplicate action record within item: ('GLP-1 receptor agonists (including semaglutide)', 'Monitor kidney function when initiating or escalating doses in individuals with kidney impairment reporting severe adverse GI reactions', 'Initiating or escalating doses', 'No dose adjustment for dulaglutide, liraglutide, or semaglutide; Monitor kidney function when initiating or escalating doses in individuals with kidney impairment reporting severe adverse GI reactions', 'Monitor kidney function when initiating or escalating doses in individuals with kidney impairment reporting severe adverse GI reactions')","structure: The table is partially cut off at the bottom right corner, so some information may be missing.; structure: Some text in the table is too small to read clearly without zooming in.; actions: The table contains repeated entries for the same drug class (GLP-1 receptor agonists) with identical actions and triggers. This may indicate a formatting or data entry error in the source document.; actions: No explicit recommendation-strength words are visible in the extracted evidence, so they were left as empty strings.; symbols: No clinical guideline evidence was found in this asset. The table contains pharmacologic information but does not present formal clinical guidelines or evidence-based recommendations with specific thresholds or ordinal scales.",f5e1a48833c6fb16caffd3de6536933d0136bc12a4475e0e114d886e9ef9ec4e,f5e1a48833c6fb16caffd3de6536933d0136bc12a4475e0e114d886e9ef9ec4e,pending,,,,,False,GLP-1 receptor agonists (including semaglutide),Monitor kidney function when initiating or escalating doses in individuals with kidney impairment reporting severe adverse GI reactions,Initiating or escalating doses,,"No dose adjustment for dulaglutide, liraglutide, or semaglutide; Monitor kidney function when initiating or escalating doses in individuals with kidney impairment reporting severe adverse GI reactions",Monitor kidney function when initiating or escalating doses in individuals with kidney impairment reporting severe adverse GI reactions,"• No dose adjustment for dulaglutide, liraglutide, or semaglutide • Monitor kidney function when initiating or escalating doses in individuals with kidney impairment reporting severe adverse GI reactions","[100.0,250.0,360.0,480.0]"
p012-page-012-tile-r01-c01::page-012-tile-r01-c01-actions-tile-r01-c01::action::action-006,page_012_tile_r01_c01,12,CONTROLLED_SOURCE_PDF/ADA principles for pharmacologic therapy.pdf,7c2913f79b61bc60f8f51327bb73b80391988fd277116b29e57df4242b2a2404,2827f69cbe55c85bc309ea480faff078e76c008ba8afce0bdf46a42d09594dbe,tile,"[0.0,0.0,360.0,360.0]",normalized_0_1000,CONTROLLED_SOURCE_IMAGE/ada_page_012_tile_r01_c01.png,OMITTED_RAW_MODEL_JSON/visual_logic_page_012_tile_r01_c01.json,extracted_unvalidated,page_012_tile_r01_c01__actions__tile_r01_c01,table,Pharmacologic Approaches to Glycemic Treatment,False,True,invalid,"duplicate action record within item: ('GLP-1 receptor agonists (including semaglutide)', 'Monitor kidney function when initiating or escalating doses in individuals with kidney impairment reporting severe adverse GI reactions', 'Initiating or escalating doses', 'No dose adjustment for dulaglutide, liraglutide, or semaglutide; Monitor kidney function when initiating or escalating doses in individuals with kidney impairment reporting severe adverse GI reactions', 'Monitor kidney function when initiating or escalating doses in individuals with kidney impairment reporting severe adverse GI reactions')","structure: The table is partially cut off at the bottom right corner, so some information may be missing.; structure: Some text in the table is too small to read clearly without zooming in.; actions: The table contains repeated entries for the same drug class (GLP-1 receptor agonists) with identical actions and triggers. This may indicate a formatting or data entry error in the source document.; actions: No explicit recommendation-strength words are visible in the extracted evidence, so they were left as empty strings.; symbols: No clinical guideline evidence was found in this asset. The table contains pharmacologic information but does not present formal clinical guidelines or evidence-based recommendations with specific thresholds or ordinal scales.",904766559abb1700ce4e6b5adebc583bf9419c2c55a2d23a2ca64bef964a640b,904766559abb1700ce4e6b5adebc583bf9419c2c55a2d23a2ca64bef964a640b,pending,,,,,False,GLP-1 receptor agonists (including semaglutide),Monitor kidney function when initiating or escalating doses in individuals with kidney impairment reporting severe adverse GI reactions,Initiating or escalating doses,,"No dose adjustment for dulaglutide, liraglutide, or semaglutide; Monitor kidney function when initiating or escalating doses in individuals with kidney impairment reporting severe adverse GI reactions",Monitor kidney function when initiating or escalating doses in individuals with kidney impairment reporting severe adverse GI reactions,"• No dose adjustment for dulaglutide, liraglutide, or semaglutide • Monitor kidney function when initiating or escalating doses in individuals with kidney impairment reporting severe adverse GI reactions","[100.0,250.0,360.0,480.0]"
p012-page-012-tile-r01-c01::page-012-tile-r01-c01-actions-tile-r01-c01::action::action-007,page_012_tile_r01_c01,12,CONTROLLED_SOURCE_PDF/ADA principles for pharmacologic therapy.pdf,7c2913f79b61bc60f8f51327bb73b80391988fd277116b29e57df4242b2a2404,2827f69cbe55c85bc309ea480faff078e76c008ba8afce0bdf46a42d09594dbe,tile,"[0.0,0.0,360.0,360.0]",normalized_0_1000,CONTROLLED_SOURCE_IMAGE/ada_page_012_tile_r01_c01.png,OMITTED_RAW_MODEL_JSON/visual_logic_page_012_tile_r01_c01.json,extracted_unvalidated,page_012_tile_r01_c01__actions__tile_r01_c01,table,Pharmacologic Approaches to Glycemic Treatment,False,True,invalid,"duplicate action record within item: ('GLP-1 receptor agonists (including semaglutide)', 'Monitor kidney function when initiating or escalating doses in individuals with kidney impairment reporting severe adverse GI reactions', 'Initiating or escalating doses', 'No dose adjustment for dulaglutide, liraglutide, or semaglutide; Monitor kidney function when initiating or escalating doses in individuals with kidney impairment reporting severe adverse GI reactions', 'Monitor kidney function when initiating or escalating doses in individuals with kidney impairment reporting severe adverse GI reactions')","structure: The table is partially cut off at the bottom right corner, so some information may be missing.; structure: Some text in the table is too small to read clearly without zooming in.; actions: The table contains repeated entries for the same drug class (GLP-1 receptor agonists) with identical actions and triggers. This may indicate a formatting or data entry error in the source document.; actions: No explicit recommendation-strength words are visible in the extracted evidence, so they were left as empty strings.; symbols: No clinical guideline evidence was found in this asset. The table contains pharmacologic information but does not present formal clinical guidelines or evidence-based recommendations with specific thresholds or ordinal scales.",93be7d2b6fc9918358f9f76e9028c08c531796f35476d012e328c77461cf0dd0,93be7d2b6fc9918358f9f76e9028c08c531796f35476d012e328c77461cf0dd0,pending,,,,,False,GLP-1 receptor agonists (including semaglutide),Monitor kidney function when initiating or escalating doses in individuals with kidney impairment reporting severe adverse GI reactions,Initiating or escalating doses,,"No dose adjustment for dulaglutide, liraglutide, or semaglutide; Monitor kidney function when initiating or escalating doses in individuals with kidney impairment reporting severe adverse GI reactions",Monitor kidney function when initiating or escalating doses in individuals with kidney impairment reporting severe adverse GI reactions,"• No dose adjustment for dulaglutide, liraglutide, or semaglutide • Monitor kidney function when initiating or escalating doses in individuals with kidney impairment reporting severe adverse GI reactions","[100.0,250.0,360.0,480.0]"
p012-page-012-tile-r01-c01::page-012-tile-r01-c01-actions-tile-r01-c01::action::action-008,page_012_tile_r01_c01,12,CONTROLLED_SOURCE_PDF/ADA principles for pharmacologic therapy.pdf,7c2913f79b61bc60f8f51327bb73b80391988fd277116b29e57df4242b2a2404,2827f69cbe55c85bc309ea480faff078e76c008ba8afce0bdf46a42d09594dbe,tile,"[0.0,0.0,360.0,360.0]",normalized_0_1000,CONTROLLED_SOURCE_IMAGE/ada_page_012_tile_r01_c01.png,OMITTED_RAW_MODEL_JSON/visual_logic_page_012_tile_r01_c01.json,extracted_unvalidated,page_012_tile_r01_c01__actions__tile_r01_c01,table,Pharmacologic Approaches to Glycemic Treatment,False,True,invalid,"duplicate action record within item: ('GLP-1 receptor agonists (including semaglutide)', 'Monitor kidney function when initiating or escalating doses in individuals with kidney impairment reporting severe adverse GI reactions', 'Initiating or escalating doses', 'No dose adjustment for dulaglutide, liraglutide, or semaglutide; Monitor kidney function when initiating or escalating doses in individuals with kidney impairment reporting severe adverse GI reactions', 'Monitor kidney function when initiating or escalating doses in individuals with kidney impairment reporting severe adverse GI reactions')","structure: The table is partially cut off at the bottom right corner, so some information may be missing.; structure: Some text in the table is too small to read clearly without zooming in.; actions: The table contains repeated entries for the same drug class (GLP-1 receptor agonists) with identical actions and triggers. This may indicate a formatting or data entry error in the source document.; actions: No explicit recommendation-strength words are visible in the extracted evidence, so they were left as empty strings.; symbols: No clinical guideline evidence was found in this asset. The table contains pharmacologic information but does not present formal clinical guidelines or evidence-based recommendations with specific thresholds or ordinal scales.",0466947a62d0540532534564dcafeb05e519616825f1d24a4c3a4976e1268d1c,0466947a62d0540532534564dcafeb05e519616825f1d24a4c3a4976e1268d1c,pending,,,,,False,GLP-1 receptor agonists (including semaglutide),Monitor kidney function when initiating or escalating doses in individuals with kidney impairment reporting severe adverse GI reactions,Initiating or escalating doses,,"No dose adjustment for dulaglutide, liraglutide, or semaglutide; Monitor kidney function when initiating or escalating doses in individuals with kidney impairment reporting severe adverse GI reactions",Monitor kidney function when initiating or escalating doses in individuals with kidney impairment reporting severe adverse GI reactions,"• No dose adjustment for dulaglutide, liraglutide, or semaglutide • Monitor kidney function when initiating or escalating doses in individuals with kidney impairment reporting severe adverse GI reactions","[100.0,250.0,360.0,480.0]"
p012-page-012-tile-r01-c01::page-012-tile-r01-c01-actions-tile-r01-c01::action::action-009,page_012_tile_r01_c01,12,CONTROLLED_SOURCE_PDF/ADA principles for pharmacologic therapy.pdf,7c2913f79b61bc60f8f51327bb73b80391988fd277116b29e57df4242b2a2404,2827f69cbe55c85bc309ea480faff078e76c008ba8afce0bdf46a42d09594dbe,tile,"[0.0,0.0,360.0,360.0]",normalized_0_1000,CONTROLLED_SOURCE_IMAGE/ada_page_012_tile_r01_c01.png,OMITTED_RAW_MODEL_JSON/visual_logic_page_012_tile_r01_c01.json,extracted_unvalidated,page_012_tile_r01_c01__actions__tile_r01_c01,table,Pharmacologic Approaches to Glycemic Treatment,False,True,invalid,"duplicate action record within item: ('GLP-1 receptor agonists (including semaglutide)', 'Monitor kidney function when initiating or escalating doses in individuals with kidney impairment reporting severe adverse GI reactions', 'Initiating or escalating doses', 'No dose adjustment for dulaglutide, liraglutide, or semaglutide; Monitor kidney function when initiating or escalating doses in individuals with kidney impairment reporting severe adverse GI reactions', 'Monitor kidney function when initiating or escalating doses in individuals with kidney impairment reporting severe adverse GI reactions')","structure: The table is partially cut off at the bottom right corner, so some information may be missing.; structure: Some text in the table is too small to read clearly without zooming in.; actions: The table contains repeated entries for the same drug class (GLP-1 receptor agonists) with identical actions and triggers. This may indicate a formatting or data entry error in the source document.; actions: No explicit recommendation-strength words are visible in the extracted evidence, so they were left as empty strings.; symbols: No clinical guideline evidence was found in this asset. The table contains pharmacologic information but does not present formal clinical guidelines or evidence-based recommendations with specific thresholds or ordinal scales.",46b1ceb08d36638b15537731e19b7231a98255e80512ed20371333ccb122cb62,46b1ceb08d36638b15537731e19b7231a98255e80512ed20371333ccb122cb62,pending,,,,,False,GLP-1 receptor agonists (including semaglutide),Monitor kidney function when initiating or escalating doses in individuals with kidney impairment reporting severe adverse GI reactions,Initiating or escalating doses,,"No dose adjustment for dulaglutide, liraglutide, or semaglutide; Monitor kidney function when initiating or escalating doses in individuals with kidney impairment reporting severe adverse GI reactions",Monitor kidney function when initiating or escalating doses in individuals with kidney impairment reporting severe adverse GI reactions,"• No dose adjustment for dulaglutide, liraglutide, or semaglutide • Monitor kidney function when initiating or escalating doses in individuals with kidney impairment reporting severe adverse GI reactions","[100.0,250.0,360.0,480.0]"
p012-page-012-tile-r01-c01::page-012-tile-r01-c01-actions-tile-r01-c01::action::action-010,page_012_tile_r01_c01,12,CONTROLLED_SOURCE_PDF/ADA principles for pharmacologic therapy.pdf,7c2913f79b61bc60f8f51327bb73b80391988fd277116b29e57df4242b2a2404,2827f69cbe55c85bc309ea480faff078e76c008ba8afce0bdf46a42d09594dbe,tile,"[0.0,0.0,360.0,360.0]",normalized_0_1000,CONTROLLED_SOURCE_IMAGE/ada_page_012_tile_r01_c01.png,OMITTED_RAW_MODEL_JSON/visual_logic_page_012_tile_r01_c01.json,extracted_unvalidated,page_012_tile_r01_c01__actions__tile_r01_c01,table,Pharmacologic Approaches to Glycemic Treatment,False,True,invalid,"duplicate action record within item: ('GLP-1 receptor agonists (including semaglutide)', 'Monitor kidney function when initiating or escalating doses in individuals with kidney impairment reporting severe adverse GI reactions', 'Initiating or escalating doses', 'No dose adjustment for dulaglutide, liraglutide, or semaglutide; Monitor kidney function when initiating or escalating doses in individuals with kidney impairment reporting severe adverse GI reactions', 'Monitor kidney function when initiating or escalating doses in individuals with kidney impairment reporting severe adverse GI reactions')","structure: The table is partially cut off at the bottom right corner, so some information may be missing.; structure: Some text in the table is too small to read clearly without zooming in.; actions: The table contains repeated entries for the same drug class (GLP-1 receptor agonists) with identical actions and triggers. This may indicate a formatting or data entry error in the source document.; actions: No explicit recommendation-strength words are visible in the extracted evidence, so they were left as empty strings.; symbols: No clinical guideline evidence was found in this asset. The table contains pharmacologic information but does not present formal clinical guidelines or evidence-based recommendations with specific thresholds or ordinal scales.",bc5ee6c4faf4ab5ae5fdf663bc709a7673cc4d494f2b7b5b898cb4f1d215da5b,bc5ee6c4faf4ab5ae5fdf663bc709a7673cc4d494f2b7b5b898cb4f1d215da5b,pending,,,,,False,GLP-1 receptor agonists (including semaglutide),Monitor kidney function when initiating or escalating doses in individuals with kidney impairment reporting severe adverse GI reactions,Initiating or escalating doses,,"No dose adjustment for dulaglutide, liraglutide, or semaglutide; Monitor kidney function when initiating or escalating doses in individuals with kidney impairment reporting severe adverse GI reactions",Monitor kidney function when initiating or escalating doses in individuals with kidney impairment reporting severe adverse GI reactions,"• No dose adjustment for dulaglutide, liraglutide, or semaglutide • Monitor kidney function when initiating or escalating doses in individuals with kidney impairment reporting severe adverse GI reactions","[100.0,250.0,360.0,480.0]"
p012-page-012-tile-r01-c01::page-012-tile-r01-c01-actions-tile-r01-c01::action::action-011,page_012_tile_r01_c01,12,CONTROLLED_SOURCE_PDF/ADA principles for pharmacologic therapy.pdf,7c2913f79b61bc60f8f51327bb73b80391988fd277116b29e57df4242b2a2404,2827f69cbe55c85bc309ea480faff078e76c008ba8afce0bdf46a42d09594dbe,tile,"[0.0,0.0,360.0,360.0]",normalized_0_1000,CONTROLLED_SOURCE_IMAGE/ada_page_012_tile_r01_c01.png,OMITTED_RAW_MODEL_JSON/visual_logic_page_012_tile_r01_c01.json,extracted_unvalidated,page_012_tile_r01_c01__actions__tile_r01_c01,table,Pharmacologic Approaches to Glycemic Treatment,False,True,invalid,"duplicate action record within item: ('GLP-1 receptor agonists (including semaglutide)', 'Monitor kidney function when initiating or escalating doses in individuals with kidney impairment reporting severe adverse GI reactions', 'Initiating or escalating doses', 'No dose adjustment for dulaglutide, liraglutide, or semaglutide; Monitor kidney function when initiating or escalating doses in individuals with kidney impairment reporting severe adverse GI reactions', 'Monitor kidney function when initiating or escalating doses in individuals with kidney impairment reporting severe adverse GI reactions')","structure: The table is partially cut off at the bottom right corner, so some information may be missing.; structure: Some text in the table is too small to read clearly without zooming in.; actions: The table contains repeated entries for the same drug class (GLP-1 receptor agonists) with identical actions and triggers. This may indicate a formatting or data entry error in the source document.; actions: No explicit recommendation-strength words are visible in the extracted evidence, so they were left as empty strings.; symbols: No clinical guideline evidence was found in this asset. The table contains pharmacologic information but does not present formal clinical guidelines or evidence-based recommendations with specific thresholds or ordinal scales.",e07e6d8e1207e7fa34e7bab4825091220721d94e72f5f1ad25ed3c976bc9ce8d,e07e6d8e1207e7fa34e7bab4825091220721d94e72f5f1ad25ed3c976bc9ce8d,pending,,,,,False,GLP-1 receptor agonists (including semaglutide),Monitor kidney function when initiating or escalating doses in individuals with kidney impairment reporting severe adverse GI reactions,Initiating or escalating doses,,"No dose adjustment for dulaglutide, liraglutide, or semaglutide; Monitor kidney function when initiating or escalating doses in individuals with kidney impairment reporting severe adverse GI reactions",Monitor kidney function when initiating or escalating doses in individuals with kidney impairment reporting severe adverse GI reactions,"• No dose adjustment for dulaglutide, liraglutide, or semaglutide • Monitor kidney function when initiating or escalating doses in individuals with kidney impairment reporting severe adverse GI reactions","[100.0,250.0,360.0,480.0]"
p012-page-012-tile-r01-c01::page-012-tile-r01-c01-actions-tile-r01-c01::action::action-012,page_012_tile_r01_c01,12,CONTROLLED_SOURCE_PDF/ADA principles for pharmacologic therapy.pdf,7c2913f79b61bc60f8f51327bb73b80391988fd277116b29e57df4242b2a2404,2827f69cbe55c85bc309ea480faff078e76c008ba8afce0bdf46a42d09594dbe,tile,"[0.0,0.0,360.0,360.0]",normalized_0_1000,CONTROLLED_SOURCE_IMAGE/ada_page_012_tile_r01_c01.png,OMITTED_RAW_MODEL_JSON/visual_logic_page_012_tile_r01_c01.json,extracted_unvalidated,page_012_tile_r01_c01__actions__tile_r01_c01,table,Pharmacologic Approaches to Glycemic Treatment,False,True,invalid,"duplicate action record within item: ('GLP-1 receptor agonists (including semaglutide)', 'Monitor kidney function when initiating or escalating doses in individuals with kidney impairment reporting severe adverse GI reactions', 'Initiating or escalating doses', 'No dose adjustment for dulaglutide, liraglutide, or semaglutide; Monitor kidney function when initiating or escalating doses in individuals with kidney impairment reporting severe adverse GI reactions', 'Monitor kidney function when initiating or escalating doses in individuals with kidney impairment reporting severe adverse GI reactions')","structure: The table is partially cut off at the bottom right corner, so some information may be missing.; structure: Some text in the table is too small to read clearly without zooming in.; actions: The table contains repeated entries for the same drug class (GLP-1 receptor agonists) with identical actions and triggers. This may indicate a formatting or data entry error in the source document.; actions: No explicit recommendation-strength words are visible in the extracted evidence, so they were left as empty strings.; symbols: No clinical guideline evidence was found in this asset. The table contains pharmacologic information but does not present formal clinical guidelines or evidence-based recommendations with specific thresholds or ordinal scales.",6258fd5e4291074b420b175c2d4e4ec95f6fd192dcf7b5daac174fa9ecc288d5,6258fd5e4291074b420b175c2d4e4ec95f6fd192dcf7b5daac174fa9ecc288d5,pending,,,,,False,GLP-1 receptor agonists (including semaglutide),Monitor kidney function when initiating or escalating doses in individuals with kidney impairment reporting severe adverse GI reactions,Initiating or escalating doses,,"No dose adjustment for dulaglutide, liraglutide, or semaglutide; Monitor kidney function when initiating or escalating doses in individuals with kidney impairment reporting severe adverse GI reactions",Monitor kidney function when initiating or escalating doses in individuals with kidney impairment reporting severe adverse GI reactions,"• No dose adjustment for dulaglutide, liraglutide, or semaglutide • Monitor kidney function when initiating or escalating doses in individuals with kidney impairment reporting severe adverse GI reactions","[100.0,250.0,360.0,480.0]"
p012-page-012-tile-r01-c01::page-012-tile-r01-c01-actions-tile-r01-c01::action::action-013,page_012_tile_r01_c01,12,CONTROLLED_SOURCE_PDF/ADA principles for pharmacologic therapy.pdf,7c2913f79b61bc60f8f51327bb73b80391988fd277116b29e57df4242b2a2404,2827f69cbe55c85bc309ea480faff078e76c008ba8afce0bdf46a42d09594dbe,tile,"[0.0,0.0,360.0,360.0]",normalized_0_1000,CONTROLLED_SOURCE_IMAGE/ada_page_012_tile_r01_c01.png,OMITTED_RAW_MODEL_JSON/visual_logic_page_012_tile_r01_c01.json,extracted_unvalidated,page_012_tile_r01_c01__actions__tile_r01_c01,table,Pharmacologic Approaches to Glycemic Treatment,False,True,invalid,"duplicate action record within item: ('GLP-1 receptor agonists (including semaglutide)', 'Monitor kidney function when initiating or escalating doses in individuals with kidney impairment reporting severe adverse GI reactions', 'Initiating or escalating doses', 'No dose adjustment for dulaglutide, liraglutide, or semaglutide; Monitor kidney function when initiating or escalating doses in individuals with kidney impairment reporting severe adverse GI reactions', 'Monitor kidney function when initiating or escalating doses in individuals with kidney impairment reporting severe adverse GI reactions')","structure: The table is partially cut off at the bottom right corner, so some information may be missing.; structure: Some text in the table is too small to read clearly without zooming in.; actions: The table contains repeated entries for the same drug class (GLP-1 receptor agonists) with identical actions and triggers. This may indicate a formatting or data entry error in the source document.; actions: No explicit recommendation-strength words are visible in the extracted evidence, so they were left as empty strings.; symbols: No clinical guideline evidence was found in this asset. The table contains pharmacologic information but does not present formal clinical guidelines or evidence-based recommendations with specific thresholds or ordinal scales.",8da49cd9fe79a451c743c5e37c73c2a40622c0679de9c45f9f3e5b6db9f14829,8da49cd9fe79a451c743c5e37c73c2a40622c0679de9c45f9f3e5b6db9f14829,pending,,,,,False,GLP-1 receptor agonists (including semaglutide),Monitor kidney function when initiating or escalating doses in individuals with kidney impairment reporting severe adverse GI reactions,Initiating or escalating doses,,"No dose adjustment for dulaglutide, liraglutide, or semaglutide; Monitor kidney function when initiating or escalating doses in individuals with kidney impairment reporting severe adverse GI reactions",Monitor kidney function when initiating or escalating doses in individuals with kidney impairment reporting severe adverse GI reactions,"• No dose adjustment for dulaglutide, liraglutide, or semaglutide • Monitor kidney function when initiating or escalating doses in individuals with kidney impairment reporting severe adverse GI reactions","[100.0,250.0,360.0,480.0]"
p012-page-012-tile-r01-c01::page-012-tile-r01-c01-actions-tile-r01-c01::action::action-014,page_012_tile_r01_c01,12,CONTROLLED_SOURCE_PDF/ADA principles for pharmacologic therapy.pdf,7c2913f79b61bc60f8f51327bb73b80391988fd277116b29e57df4242b2a2404,2827f69cbe55c85bc309ea480faff078e76c008ba8afce0bdf46a42d09594dbe,tile,"[0.0,0.0,360.0,360.0]",normalized_0_1000,CONTROLLED_SOURCE_IMAGE/ada_page_012_tile_r01_c01.png,OMITTED_RAW_MODEL_JSON/visual_logic_page_012_tile_r01_c01.json,extracted_unvalidated,page_012_tile_r01_c01__actions__tile_r01_c01,table,Pharmacologic Approaches to Glycemic Treatment,False,True,invalid,"duplicate action record within item: ('GLP-1 receptor agonists (including semaglutide)', 'Monitor kidney function when initiating or escalating doses in individuals with kidney impairment reporting severe adverse GI reactions', 'Initiating or escalating doses', 'No dose adjustment for dulaglutide, liraglutide, or semaglutide; Monitor kidney function when initiating or escalating doses in individuals with kidney impairment reporting severe adverse GI reactions', 'Monitor kidney function when initiating or escalating doses in individuals with kidney impairment reporting severe adverse GI reactions')","structure: The table is partially cut off at the bottom right corner, so some information may be missing.; structure: Some text in the table is too small to read clearly without zooming in.; actions: The table contains repeated entries for the same drug class (GLP-1 receptor agonists) with identical actions and triggers. This may indicate a formatting or data entry error in the source document.; actions: No explicit recommendation-strength words are visible in the extracted evidence, so they were left as empty strings.; symbols: No clinical guideline evidence was found in this asset. The table contains pharmacologic information but does not present formal clinical guidelines or evidence-based recommendations with specific thresholds or ordinal scales.",506703f7d389107ea1070f96525d5ec416e6c7ecffa5502511228b23227dfc7d,506703f7d389107ea1070f96525d5ec416e6c7ecffa5502511228b23227dfc7d,pending,,,,,False,GLP-1 receptor agonists (including semaglutide),Monitor kidney function when initiating or escalating doses in individuals with kidney impairment reporting severe adverse GI reactions,Initiating or escalating doses,,"No dose adjustment for dulaglutide, liraglutide, or semaglutide; Monitor kidney function when initiating or escalating doses in individuals with kidney impairment reporting severe adverse GI reactions",Monitor kidney function when initiating or escalating doses in individuals with kidney impairment reporting severe adverse GI reactions,"• No dose adjustment for dulaglutide, liraglutide, or semaglutide • Monitor kidney function when initiating or escalating doses in individuals with kidney impairment reporting severe adverse GI reactions","[100.0,250.0,360.0,480.0]"
p012-page-012-tile-r01-c01::page-012-tile-r01-c01-actions-tile-r01-c01::action::action-015,page_012_tile_r01_c01,12,CONTROLLED_SOURCE_PDF/ADA principles for pharmacologic therapy.pdf,7c2913f79b61bc60f8f51327bb73b80391988fd277116b29e57df4242b2a2404,2827f69cbe55c85bc309ea480faff078e76c008ba8afce0bdf46a42d09594dbe,tile,"[0.0,0.0,360.0,360.0]",normalized_0_1000,CONTROLLED_SOURCE_IMAGE/ada_page_012_tile_r01_c01.png,OMITTED_RAW_MODEL_JSON/visual_logic_page_012_tile_r01_c01.json,extracted_unvalidated,page_012_tile_r01_c01__actions__tile_r01_c01,table,Pharmacologic Approaches to Glycemic Treatment,False,True,invalid,"duplicate action record within item: ('GLP-1 receptor agonists (including semaglutide)', 'Monitor kidney function when initiating or escalating doses in individuals with kidney impairment reporting severe adverse GI reactions', 'Initiating or escalating doses', 'No dose adjustment for dulaglutide, liraglutide, or semaglutide; Monitor kidney function when initiating or escalating doses in individuals with kidney impairment reporting severe adverse GI reactions', 'Monitor kidney function when initiating or escalating doses in individuals with kidney impairment reporting severe adverse GI reactions')","structure: The table is partially cut off at the bottom right corner, so some information may be missing.; structure: Some text in the table is too small to read clearly without zooming in.; actions: The table contains repeated entries for the same drug class (GLP-1 receptor agonists) with identical actions and triggers. This may indicate a formatting or data entry error in the source document.; actions: No explicit recommendation-strength words are visible in the extracted evidence, so they were left as empty strings.; symbols: No clinical guideline evidence was found in this asset. The table contains pharmacologic information but does not present formal clinical guidelines or evidence-based recommendations with specific thresholds or ordinal scales.",707d593aa71edcdfaeff88ca1e88ff66b0507def487285af23f842ea5c22ff36,707d593aa71edcdfaeff88ca1e88ff66b0507def487285af23f842ea5c22ff36,pending,,,,,False,GLP-1 receptor agonists (including semaglutide),Monitor kidney function when initiating or escalating doses in individuals with kidney impairment reporting severe adverse GI reactions,Initiating or escalating doses,,"No dose adjustment for dulaglutide, liraglutide, or semaglutide; Monitor kidney function when initiating or escalating doses in individuals with kidney impairment reporting severe adverse GI reactions",Monitor kidney function when initiating or escalating doses in individuals with kidney impairment reporting severe adverse GI reactions,"• No dose adjustment for dulaglutide, liraglutide, or semaglutide • Monitor kidney function when initiating or escalating doses in individuals with kidney impairment reporting severe adverse GI reactions","[100.0,250.0,360.0,480.0]"
p012-page-012-tile-r01-c01::page-012-tile-r01-c01-actions-tile-r01-c01::action::action-016,page_012_tile_r01_c01,12,CONTROLLED_SOURCE_PDF/ADA principles for pharmacologic therapy.pdf,7c2913f79b61bc60f8f51327bb73b80391988fd277116b29e57df4242b2a2404,2827f69cbe55c85bc309ea480faff078e76c008ba8afce0bdf46a42d09594dbe,tile,"[0.0,0.0,360.0,360.0]",normalized_0_1000,CONTROLLED_SOURCE_IMAGE/ada_page_012_tile_r01_c01.png,OMITTED_RAW_MODEL_JSON/visual_logic_page_012_tile_r01_c01.json,extracted_unvalidated,page_012_tile_r01_c01__actions__tile_r01_c01,table,Pharmacologic Approaches to Glycemic Treatment,False,True,invalid,"duplicate action record within item: ('GLP-1 receptor agonists (including semaglutide)', 'Monitor kidney function when initiating or escalating doses in individuals with kidney impairment reporting severe adverse GI reactions', 'Initiating or escalating doses', 'No dose adjustment for dulaglutide, liraglutide, or semaglutide; Monitor kidney function when initiating or escalating doses in individuals with kidney impairment reporting severe adverse GI reactions', 'Monitor kidney function when initiating or escalating doses in individuals with kidney impairment reporting severe adverse GI reactions')","structure: The table is partially cut off at the bottom right corner, so some information may be missing.; structure: Some text in the table is too small to read clearly without zooming in.; actions: The table contains repeated entries for the same drug class (GLP-1 receptor agonists) with identical actions and triggers. This may indicate a formatting or data entry error in the source document.; actions: No explicit recommendation-strength words are visible in the extracted evidence, so they were left as empty strings.; symbols: No clinical guideline evidence was found in this asset. The table contains pharmacologic information but does not present formal clinical guidelines or evidence-based recommendations with specific thresholds or ordinal scales.",fefc29bb55317fd84df9da6b8fe344495b7fbd5920296137b0d6fb265f9b7ad3,fefc29bb55317fd84df9da6b8fe344495b7fbd5920296137b0d6fb265f9b7ad3,pending,,,,,False,GLP-1 receptor agonists (including semaglutide),Monitor kidney function when initiating or escalating doses in individuals with kidney impairment reporting severe adverse GI reactions,Initiating or escalating doses,,"No dose adjustment for dulaglutide, liraglutide, or semaglutide; Monitor kidney function when initiating or escalating doses in individuals with kidney impairment reporting severe adverse GI reactions",Monitor kidney function when initiating or escalating doses in individuals with kidney impairment reporting severe adverse GI reactions,"• No dose adjustment for dulaglutide, liraglutide, or semaglutide • Monitor kidney function when initiating or escalating doses in individuals with kidney impairment reporting severe adverse GI reactions","[100.0,250.0,360.0,480.0]"
p012-page-012-tile-r01-c02::page-012-tile-r01-c02-actions-tile-r01-c02::action::action-001,page_012_tile_r01_c02,12,CONTROLLED_SOURCE_PDF/ADA principles for pharmacologic therapy.pdf,7c2913f79b61bc60f8f51327bb73b80391988fd277116b29e57df4242b2a2404,32f3f43b420f45c338a8137f0ad729df5612332c540edfc2a13a253cb54d406b,tile,"[233.972,0.0,593.972,360.0]",normalized_0_1000,CONTROLLED_SOURCE_IMAGE/ada_page_012_tile_r01_c02.png,OMITTED_RAW_MODEL_JSON/visual_logic_page_012_tile_r01_c02.json,extracted_unvalidated,page_012_tile_r01_c02__actions__tile_r01_c02,table,"Diabetes Care Volume 49, Supplement 1, January 2026",False,True,invalid,drug_class is required,"structure: No decision nodes or recommendation edges are visible in this table.; structure: The table contains only textual information and does not include any graphical elements such as arrows or symbols that would indicate relationships between items.; actions: The provided image does not contain any explicit recommendation-strength words. Therefore, the strength field is left empty.; actions: No medication classes are explicitly mentioned in the visible text; therefore, the drug_class field is left empty for all entries.; symbols: No clinical guideline evidence matching the specified JSON Schema was found in this asset. The visible text is a list of considerations and potential benefits without decision nodes, arrows, or ordinal scales.",64679458fab8ee0e391638b41f92071fcf68d8576f988208e5e44fbe83064ec0,64679458fab8ee0e391638b41f92071fcf68d8576f988208e5e44fbe83064ec0,pending,,,,,False,,Monitor kidney function when initiating or escalating doses in individuals with kidney impairment.,Initiating or escalating doses,,No dose adjustment needed for kidney function; monitor instead.,,Monitor kidney function when initiating or escalating doses in individuals with kidney impairment: No dose adjustment needed for kidney function; monitor instead.,"[234.0,198.0,594.0,267.0]"
p012-page-012-tile-r01-c02::page-012-tile-r01-c02-actions-tile-r01-c02::action::action-002,page_012_tile_r01_c02,12,CONTROLLED_SOURCE_PDF/ADA principles for pharmacologic therapy.pdf,7c2913f79b61bc60f8f51327bb73b80391988fd277116b29e57df4242b2a2404,32f3f43b420f45c338a8137f0ad729df5612332c540edfc2a13a253cb54d406b,tile,"[233.972,0.0,593.972,360.0]",normalized_0_1000,CONTROLLED_SOURCE_IMAGE/ada_page_012_tile_r01_c02.png,OMITTED_RAW_MODEL_JSON/visual_logic_page_012_tile_r01_c02.json,extracted_unvalidated,page_012_tile_r01_c02__actions__tile_r01_c02,table,"Diabetes Care Volume 49, Supplement 1, January 2026",False,True,invalid,drug_class is required,"structure: No decision nodes or recommendation edges are visible in this table.; structure: The table contains only textual information and does not include any graphical elements such as arrows or symbols that would indicate relationships between items.; actions: The provided image does not contain any explicit recommendation-strength words. Therefore, the strength field is left empty.; actions: No medication classes are explicitly mentioned in the visible text; therefore, the drug_class field is left empty for all entries.; symbols: No clinical guideline evidence matching the specified JSON Schema was found in this asset. The visible text is a list of considerations and potential benefits without decision nodes, arrows, or ordinal scales.",55a19a5bf526188f982fc53fcae9c9d7b5628ed692ea242510086e1da38f766d,55a19a5bf526188f982fc53fcae9c9d7b5628ed692ea242510086e1da38f766d,pending,,,,,False,,Monitor for nonarteritic anterior ischemic optic neuropathy (NAION) reported (rare incidence); monitor eye examinations during drug administration.,Monitoring for NAION,,Monitor eye examinations during drug administration.,,Nonarteritic anterior ischemic optic neuropathy (NAION) reported (rare incidence); monitor for NAION: Monitor eye examinations during drug administration.,"[234.0,267.0,594.0,318.0]"
p012-page-012-tile-r01-c02::page-012-tile-r01-c02-actions-tile-r01-c02::action::action-003,page_012_tile_r01_c02,12,CONTROLLED_SOURCE_PDF/ADA principles for pharmacologic therapy.pdf,7c2913f79b61bc60f8f51327bb73b80391988fd277116b29e57df4242b2a2404,32f3f43b420f45c338a8137f0ad729df5612332c540edfc2a13a253cb54d406b,tile,"[233.972,0.0,593.972,360.0]",normalized_0_1000,CONTROLLED_SOURCE_IMAGE/ada_page_012_tile_r01_c02.png,OMITTED_RAW_MODEL_JSON/visual_logic_page_012_tile_r01_c02.json,extracted_unvalidated,page_012_tile_r01_c02__actions__tile_r01_c02,table,"Diabetes Care Volume 49, Supplement 1, January 2026",False,True,invalid,drug_class is required,"structure: No decision nodes or recommendation edges are visible in this table.; structure: The table contains only textual information and does not include any graphical elements such as arrows or symbols that would indicate relationships between items.; actions: The provided image does not contain any explicit recommendation-strength words. Therefore, the strength field is left empty.; actions: No medication classes are explicitly mentioned in the visible text; therefore, the drug_class field is left empty for all entries.; symbols: No clinical guideline evidence matching the specified JSON Schema was found in this asset. The visible text is a list of considerations and potential benefits without decision nodes, arrows, or ordinal scales.",fb39cc78d46583257ffc9c9fd5c217882336749409c6f490b15d893b6a7b68a8,fb39cc78d46583257ffc9c9fd5c217882336749409c6f490b15d893b6a7b68a8,pending,,,,,False,,Impact on drug absorption: orally administered drug absorption may be impaired during dose titration (including oral contraceptives).,Orally administered drug absorption,,Monitor for potential impact on drug absorption.,,Impact on drug absorption: orally administered drug absorption may be impaired during dose titration (including oral contraceptives).,"[234.0,318.0,594.0,360.0]"
p012-page-012-tile-r02-c01::page-012-tile-r02-c01-actions-tile-r02-c01::action::action-001,page_012_tile_r02_c01,12,CONTROLLED_SOURCE_PDF/ADA principles for pharmacologic therapy.pdf,7c2913f79b61bc60f8f51327bb73b80391988fd277116b29e57df4242b2a2404,8b273dcf90983c0ed7bccc297f0e9ed4fc845b5877a87fa215c45fe51c6167d2,tile,"[0.0,288.0,360.0,648.0]",normalized_0_1000,CONTROLLED_SOURCE_IMAGE/ada_page_012_tile_r02_c01.png,OMITTED_RAW_MODEL_JSON/visual_logic_page_012_tile_r02_c01.json,extracted_unvalidated,page_012_tile_r02_c01__actions__tile_r02_c01,table,Table 9.2,False,True,invalid,trigger is required,"structure: The table is partially cut off at the bottom right corner.; actions: The table is partially cut off at the bottom right corner. The full text of the last row may not be visible.; actions: Some evidence texts are truncated or abbreviated in the image, which may affect the completeness of the extracted information.; symbols: The table is partially cut off at the top and right edges. The full context of 'Hypoglycemia risk' as a column header is not fully visible.; symbols: Some text in the 'Dosing/use considerations' columns appears truncated or incomplete.; visual item title derived from manifest figure_ids/table_ids",a5e27d23c1b7e368464de6e0da0ff575549508be62a3248ecf6696c4c5e95e76,a5e27d23c1b7e368464de6e0da0ff575549508be62a3248ecf6696c4c5e95e76,pending,,,,,False,"GLP-1 receptor agonists (semaglutide, dulaglutide, liraglutide)",Benefit: Loss (intermediate to very high) for weight,,No,"• No dose adjustment required for dulaglutide or semaglutide in patients with CKD; however, monitor kidney function and adjust doses if eGFR <30 mL/min/1.73 m² (for dulaglutide) or <45 mL/min/1.73 m² (for liraglutide).",,Benefit: Loss (intermediate to very high),"[0.0,288.0,360.0,415.0]"
p012-page-012-tile-r02-c01::page-012-tile-r02-c01-actions-tile-r02-c01::action::action-002,page_012_tile_r02_c01,12,CONTROLLED_SOURCE_PDF/ADA principles for pharmacologic therapy.pdf,7c2913f79b61bc60f8f51327bb73b80391988fd277116b29e57df4242b2a2404,8b273dcf90983c0ed7bccc297f0e9ed4fc845b5877a87fa215c45fe51c6167d2,tile,"[0.0,288.0,360.0,648.0]",normalized_0_1000,CONTROLLED_SOURCE_IMAGE/ada_page_012_tile_r02_c01.png,OMITTED_RAW_MODEL_JSON/visual_logic_page_012_tile_r02_c01.json,extracted_unvalidated,page_012_tile_r02_c01__actions__tile_r02_c01,table,Table 9.2,False,True,invalid,trigger is required,"structure: The table is partially cut off at the bottom right corner.; actions: The table is partially cut off at the bottom right corner. The full text of the last row may not be visible.; actions: Some evidence texts are truncated or abbreviated in the image, which may affect the completeness of the extracted information.; symbols: The table is partially cut off at the top and right edges. The full context of 'Hypoglycemia risk' as a column header is not fully visible.; symbols: Some text in the 'Dosing/use considerations' columns appears truncated or incomplete.; visual item title derived from manifest figure_ids/table_ids",59baba6b9911dadd3565887f4d9fce6531c83d38848ea0fd8c02720b85e760b6,59baba6b9911dadd3565887f4d9fce6531c83d38848ea0fd8c02720b85e760b6,pending,,,,,False,"GLP-1 receptor agonists (semaglutide, dulaglutide, liraglutide)",Benefit: Neutral for CV outcomes,,Neutral,• Monitor kidney function and adjust doses if eGFR <30 mL/min/1.73 m² (for dulaglutide) or <45 mL/min/1.73 m² (for liraglutide).,,"Neutral: exenatide once weekly, lixisenatide","[0.0,415.0,360.0,528.0]"
p012-page-012-tile-r02-c01::page-012-tile-r02-c01-actions-tile-r02-c01::action::action-003,page_012_tile_r02_c01,12,CONTROLLED_SOURCE_PDF/ADA principles for pharmacologic therapy.pdf,7c2913f79b61bc60f8f51327bb73b80391988fd277116b29e57df4242b2a2404,8b273dcf90983c0ed7bccc297f0e9ed4fc845b5877a87fa215c45fe51c6167d2,tile,"[0.0,288.0,360.0,648.0]",normalized_0_1000,CONTROLLED_SOURCE_IMAGE/ada_page_012_tile_r02_c01.png,OMITTED_RAW_MODEL_JSON/visual_logic_page_012_tile_r02_c01.json,extracted_unvalidated,page_012_tile_r02_c01__actions__tile_r02_c01,table,Table 9.2,False,True,invalid,trigger is required,"structure: The table is partially cut off at the bottom right corner.; actions: The table is partially cut off at the bottom right corner. The full text of the last row may not be visible.; actions: Some evidence texts are truncated or abbreviated in the image, which may affect the completeness of the extracted information.; symbols: The table is partially cut off at the top and right edges. The full context of 'Hypoglycemia risk' as a column header is not fully visible.; symbols: Some text in the 'Dosing/use considerations' columns appears truncated or incomplete.; visual item title derived from manifest figure_ids/table_ids",eb738265c7af29d4eb5a34808f006a24d3990d801ba7e1ca2dfda9f8b4ca2c40,eb738265c7af29d4eb5a34808f006a24d3990d801ba7e1ca2dfda9f8b4ca2c40,pending,,,,,False,"GLP-1 receptor agonists (semaglutide, dulaglutide, liraglutide)",Benefit: Demonstrated benefit for progression of CKD,,Demonstrated benefit,• Monitor kidney function and adjust doses if eGFR <30 mL/min/1.73 m² (for dulaglutide) or <45 mL/min/1.73 m² (for liraglutide).,,Demonstrated benefit for progression of CKD for semaglutide (SQ),"[0.0,528.0,360.0,648.0]"
p012-page-012-tile-r02-c01::page-012-tile-r02-c01-actions-tile-r02-c01::action::action-004,page_012_tile_r02_c01,12,CONTROLLED_SOURCE_PDF/ADA principles for pharmacologic therapy.pdf,7c2913f79b61bc60f8f51327bb73b80391988fd277116b29e57df4242b2a2404,8b273dcf90983c0ed7bccc297f0e9ed4fc845b5877a87fa215c45fe51c6167d2,tile,"[0.0,288.0,360.0,648.0]",normalized_0_1000,CONTROLLED_SOURCE_IMAGE/ada_page_012_tile_r02_c01.png,OMITTED_RAW_MODEL_JSON/visual_logic_page_012_tile_r02_c01.json,extracted_unvalidated,page_012_tile_r02_c01__actions__tile_r02_c01,table,Table 9.2,False,True,invalid,trigger is required,"structure: The table is partially cut off at the bottom right corner.; actions: The table is partially cut off at the bottom right corner. The full text of the last row may not be visible.; actions: Some evidence texts are truncated or abbreviated in the image, which may affect the completeness of the extracted information.; symbols: The table is partially cut off at the top and right edges. The full context of 'Hypoglycemia risk' as a column header is not fully visible.; symbols: Some text in the 'Dosing/use considerations' columns appears truncated or incomplete.; visual item title derived from manifest figure_ids/table_ids",9f92022883afa696c55b62c74c981d72cddb6ea2bbe07261b54abfbe67c4774b,9f92022883afa696c55b62c74c981d72cddb6ea2bbe07261b54abfbe67c4774b,pending,,,,,False,"GLP-1 receptor agonists (semaglutide, dulaglutide, liraglutide)",Benefit: Potential benefit for tirzepatide,,Potential benefit,• Monitor kidney function and adjust doses if eGFR <30 mL/min/1.73 m² (for dulaglutide) or <45 mL/min/1.73 m² (for liraglutide).,,Potential benefit for tirzepatide,"[0.0,648.0,360.0,725.0]"
p012-page-012-tile-r02-c02::page-012-tile-r02-c02-actions-tile-r02-c02::action::action-001,page_012_tile_r02_c02,12,CONTROLLED_SOURCE_PDF/ADA principles for pharmacologic therapy.pdf,7c2913f79b61bc60f8f51327bb73b80391988fd277116b29e57df4242b2a2404,0b10c0d8095e179b9666ab9330f998052c4e1aef6ee1e69fc5996db3a3269a2e,tile,"[233.972,288.0,593.972,648.0]",normalized_0_1000,CONTROLLED_SOURCE_IMAGE/ada_page_012_tile_r02_c02.png,OMITTED_RAW_MODEL_JSON/visual_logic_page_012_tile_r02_c02.json,extracted_unvalidated,page_012_tile_r02_c02__actions__tile_r02_c02,table,Table 9.2,False,True,valid,,"structure: The table is partially cut off and incomplete. The full context or other rows are not visible.; structure: No arrows or decision nodes with branching logic are visible in this tile.; actions: The table is partially cut off at the top and bottom edges; some text may be truncated or missing.; actions: No explicit recommendation strength (e.g., 'Strongly Recommended', 'Conditional') is visible for any action in this asset.; symbols: The visible text is fragmented and incomplete, making full extraction impossible without manual review.; visual item title derived from manifest figure_ids/table_ids",f339bd73dd7d5707da5d59cfb0f857bc7f9a2b940586cff935b98c130c7df700,f339bd73dd7d5707da5d59cfb0f857bc7f9a2b940586cff935b98c130c7df700,pending,,,,,False,semaglutide (SQ),No dose adjustment when initiating therapy in patients with CKD,Initiating therapy in patients with CKD,,No dose adjustment required.,See label for additional information regarding use in patients with renal impairment. Monitor kidney function when initiating therapy.,• No dose adjustment needed • Monitor kidney function when initiating therapy,"[234.0,105.0,367.0,189.0]"
p012-page-012-tile-r02-c02::page-012-tile-r02-c02-actions-tile-r02-c02::action::action-002,page_012_tile_r02_c02,12,CONTROLLED_SOURCE_PDF/ADA principles for pharmacologic therapy.pdf,7c2913f79b61bc60f8f51327bb73b80391988fd277116b29e57df4242b2a2404,0b10c0d8095e179b9666ab9330f998052c4e1aef6ee1e69fc5996db3a3269a2e,tile,"[233.972,288.0,593.972,648.0]",normalized_0_1000,CONTROLLED_SOURCE_IMAGE/ada_page_012_tile_r02_c02.png,OMITTED_RAW_MODEL_JSON/visual_logic_page_012_tile_r02_c02.json,extracted_unvalidated,page_012_tile_r02_c02__actions__tile_r02_c02,table,Table 9.2,False,True,valid,,"structure: The table is partially cut off and incomplete. The full context or other rows are not visible.; structure: No arrows or decision nodes with branching logic are visible in this tile.; actions: The table is partially cut off at the top and bottom edges; some text may be truncated or missing.; actions: No explicit recommendation strength (e.g., 'Strongly Recommended', 'Conditional') is visible for any action in this asset.; symbols: The visible text is fragmented and incomplete, making full extraction impossible without manual review.; visual item title derived from manifest figure_ids/table_ids",845952215607ff84e45611358b74bf51040fab80a013f937eaba9beedc56a45b,845952215607ff84e45611358b74bf51040fab80a013f937eaba9beedc56a45b,pending,,,,,False,tirzepatide,No dose adjustment when initiating therapy in patients with CKD,Initiating therapy in patients with CKD,,No dose adjustment required.,See label for additional information regarding use in patients with renal impairment. Monitor kidney function when initiating therapy.,• No dose adjustment needed • Monitor kidney function when initiating therapy,"[234.0,105.0,367.0,189.0]"
p012-page-012-tile-r03-c01::page-012-tile-r03-c01-actions-table-9-2-continued::action::action-001,page_012_tile_r03_c01,12,CONTROLLED_SOURCE_PDF/ADA principles for pharmacologic therapy.pdf,7c2913f79b61bc60f8f51327bb73b80391988fd277116b29e57df4242b2a2404,26581b063f5c1a25a920d7724c68ddb037c1fe3dd41089fc5bd8d2b750844be9,tile,"[0.0,422.986,360.0,782.986]",normalized_0_1000,CONTROLLED_SOURCE_IMAGE/ada_page_012_tile_r03_c01.png,OMITTED_RAW_MODEL_JSON/visual_logic_page_012_tile_r03_c01.json,extracted_unvalidated,page_012_tile_r03_c01__actions__table_9_2_continued,table,Table 9.2—Continued,False,True,valid,,"structure: No decision nodes or recommendation edges are visible in this asset.; structure: The table contains clinical guideline evidence regarding the efficacy, safety, and benefits of various GLP-1 receptor agonists and dual GIP/GLP-1 receptor agonists for glucose-lowering, weight loss, and cardiovascular outcomes.; actions: The provided image asset appears to be an incomplete section of Table 9.2, with only partial data visible for the GLP-1 RAs and dual GIP/GLP-1 RA classes. The full context of clinical guidelines or specific recommendations is not available in this single tile.; symbols: The table is partially visible, with some columns cut off. The full clinical guideline evidence cannot be extracted without the complete table.",b0a6094c14a140a82ba60fa8862af27bc3b2f7ed397b412c3b23b26694a3eb88,b0a6094c14a140a82ba60fa8862af27bc3b2f7ed397b412c3b23b26694a3eb88,pending,,,,,False,GLP-1 RAs (SQ; semaglutide also available in oral formulation),High to very high glucose-lowering efficacy,Hypoglycemia risk: No,,"Loss (intermediate to very high) benefit for CV outcomes, including dulaglutide, liraglutide, semaglutide (SQ and oral)",,"Effect on MACE: Loss (intermediate to very high). Benefit: dulaglutide, liraglutide, semaglutide (SQ and oral).","[150.0,247.986,360.0,782.986]"
p012-page-012-tile-r03-c01::page-012-tile-r03-c01-actions-table-9-2-continued::action::action-002,page_012_tile_r03_c01,12,CONTROLLED_SOURCE_PDF/ADA principles for pharmacologic therapy.pdf,7c2913f79b61bc60f8f51327bb73b80391988fd277116b29e57df4242b2a2404,26581b063f5c1a25a920d7724c68ddb037c1fe3dd41089fc5bd8d2b750844be9,tile,"[0.0,422.986,360.0,782.986]",normalized_0_1000,CONTROLLED_SOURCE_IMAGE/ada_page_012_tile_r03_c01.png,OMITTED_RAW_MODEL_JSON/visual_logic_page_012_tile_r03_c01.json,extracted_unvalidated,page_012_tile_r03_c01__actions__table_9_2_continued,table,Table 9.2—Continued,False,True,valid,,"structure: No decision nodes or recommendation edges are visible in this asset.; structure: The table contains clinical guideline evidence regarding the efficacy, safety, and benefits of various GLP-1 receptor agonists and dual GIP/GLP-1 receptor agonists for glucose-lowering, weight loss, and cardiovascular outcomes.; actions: The provided image asset appears to be an incomplete section of Table 9.2, with only partial data visible for the GLP-1 RAs and dual GIP/GLP-1 RA classes. The full context of clinical guidelines or specific recommendations is not available in this single tile.; symbols: The table is partially visible, with some columns cut off. The full clinical guideline evidence cannot be extracted without the complete table.",2be2ae7e6612fb16d85f1a1227297faa7ded40bf35a193025cd19ff16a8837ba,2be2ae7e6612fb16d85f1a1227297faa7ded40bf35a193025cd19ff16a8837ba,pending,,,,,False,Dual GIP and GLP-1 RA (SQ),Very high glucose-lowering efficacy,Hypoglycemia risk: No,,"Loss (very high) benefit for CV outcomes, under investigation.",,Effect on MACE: Loss (very high). Benefit: Under investigation. tirzepa,"[360.0,247.986,570.0,782.986]"
p012-page-012-tile-r03-c02::page-012-tile-r03-c02-actions-tile-r03-c02::action::action-001,page_012_tile_r03_c02,12,CONTROLLED_SOURCE_PDF/ADA principles for pharmacologic therapy.pdf,7c2913f79b61bc60f8f51327bb73b80391988fd277116b29e57df4242b2a2404,c244adf1e10912dd13fb1665f645a3166d5217658821d6b3e779ef0590bd3b74,tile,"[233.972,422.986,593.972,782.986]",normalized_0_1000,CONTROLLED_SOURCE_IMAGE/ada_page_012_tile_r03_c02.png,OMITTED_RAW_MODEL_JSON/visual_logic_page_012_tile_r03_c02.json,extracted_unvalidated,page_012_tile_r03_c02__actions__tile_r03_c02,table,Table 9.2,True,True,invalid,trigger is required,"structure: No visible arrows or decision paths between nodes.; actions: The table is partially cut off at the bottom right corner, which may affect complete interpretation of any potential additional evidence.; actions: No explicit recommendation-strength words are visible in the provided text; only 'Very high' and 'No' are present as descriptors.; symbols: The table appears to be incomplete or cut off in this image asset.; visual item title derived from manifest figure_ids/table_ids",f77ec39f835f345b3834c6da3e4ad37fbf66cc45dfcfb4fc53ed013976708be7,f77ec39f835f345b3834c6da3e4ad37fbf66cc45dfcfb4fc53ed013976708be7,pending,,,,,False,Dual GIP and GLP-1 RA (SQ),Very high,,No,,,Dual GIP and GLP-1 RA (SQ) Very high No,"[234.0,657.986,593.972,782.986]"
p012-page-012-tile-r03-c02::page-012-tile-r03-c02-actions-tile-r03-c02::action::action-002,page_012_tile_r03_c02,12,CONTROLLED_SOURCE_PDF/ADA principles for pharmacologic therapy.pdf,7c2913f79b61bc60f8f51327bb73b80391988fd277116b29e57df4242b2a2404,c244adf1e10912dd13fb1665f645a3166d5217658821d6b3e779ef0590bd3b74,tile,"[233.972,422.986,593.972,782.986]",normalized_0_1000,CONTROLLED_SOURCE_IMAGE/ada_page_012_tile_r03_c02.png,OMITTED_RAW_MODEL_JSON/visual_logic_page_012_tile_r03_c02.json,extracted_unvalidated,page_012_tile_r03_c02__actions__tile_r03_c02,table,Table 9.2,True,True,invalid,trigger is required,"structure: No visible arrows or decision paths between nodes.; actions: The table is partially cut off at the bottom right corner, which may affect complete interpretation of any potential additional evidence.; actions: No explicit recommendation-strength words are visible in the provided text; only 'Very high' and 'No' are present as descriptors.; symbols: The table appears to be incomplete or cut off in this image asset.; visual item title derived from manifest figure_ids/table_ids",bc420fe5431c6efc56e70dfa5da305caa645eddec09708b96421a93189999bf0,bc420fe5431c6efc56e70dfa5da305caa645eddec09708b96421a93189999bf0,pending,,,,,False,tirzepa,Under investigation Benefit:,,,,,tirzepa Under investigation Benefit:,"[234.0,782.986,593.972,907.986]"
p013-page-013-tile-r01-c01::page-013-tile-r01-c01-actions-tile-r01-c01::action::action-001,page_013_tile_r01_c01,13,CONTROLLED_SOURCE_PDF/ADA principles for pharmacologic therapy.pdf,7c2913f79b61bc60f8f51327bb73b80391988fd277116b29e57df4242b2a2404,369f34fe74ff8589553d7d52ed3dee302203f9a057b88e94d303834a9e4063fb,tile,"[0.0,0.0,360.0,360.0]",normalized_0_1000,CONTROLLED_SOURCE_IMAGE/ada_page_013_tile_r01_c01.png,OMITTED_RAW_MODEL_JSON/visual_logic_page_013_tile_r01_c01.json,extracted_unvalidated,page_013_tile_r01_c01__actions__tile_r01_c01,table,Table 9.2,False,True,invalid,trigger is required,structure: No explicit arrows are drawn between nodes in the table. The relationships are implied by proximity and context.; structure: The table is structured as a decision tree with branching conditions based on clinical considerations.; actions: No explicit recommendation-strength word visible; using empty strength string.; actions: No evidence of arrows or directional relationships between nodes.; symbols: No explicit clinical guideline references are visible in the provided image asset.; visual item title derived from manifest figure_ids/table_ids,0938223ac2d46295a9dc9194104f38f0e5e8f8c9c598b5f0d230020afdb43bf8,0938223ac2d46295a9dc9194104f38f0e5e8f8c9c598b5f0d230020afdb43bf8,pending,,,,,False,"DPP-4 inhibitors (sitagliptin, saxagliptin, alogliptin)",Dose adjustment required based on kidney function,,,,,"• Dose adjustment required based on kidney function (sitagliptin, saxagliptin, alogliptin)","[480.0,596.0,720.0,630.0]"
p013-page-013-tile-r01-c01::page-013-tile-r01-c01-actions-tile-r01-c01::action::action-002,page_013_tile_r01_c01,13,CONTROLLED_SOURCE_PDF/ADA principles for pharmacologic therapy.pdf,7c2913f79b61bc60f8f51327bb73b80391988fd277116b29e57df4242b2a2404,369f34fe74ff8589553d7d52ed3dee302203f9a057b88e94d303834a9e4063fb,tile,"[0.0,0.0,360.0,360.0]",normalized_0_1000,CONTROLLED_SOURCE_IMAGE/ada_page_013_tile_r01_c01.png,OMITTED_RAW_MODEL_JSON/visual_logic_page_013_tile_r01_c01.json,extracted_unvalidated,page_013_tile_r01_c01__actions__tile_r01_c01,table,Table 9.2,False,True,invalid,trigger is required,structure: No explicit arrows are drawn between nodes in the table. The relationships are implied by proximity and context.; structure: The table is structured as a decision tree with branching conditions based on clinical considerations.; actions: No explicit recommendation-strength word visible; using empty strength string.; actions: No evidence of arrows or directional relationships between nodes.; symbols: No explicit clinical guideline references are visible in the provided image asset.; visual item title derived from manifest figure_ids/table_ids,ff125d2a653247ec75cb248e0097a6dfeb5b20b0809ecd792e8c64daa5aa097d,ff125d2a653247ec75cb248e0097a6dfeb5b20b0809ecd792e8c64daa5aa097d,pending,,,,,False,linaglptin,No dose adjustment required for linaglptin,,,,,• No dose adjustment required for linaglptin,"[480.0,630.0,720.0,650.0]"
p013-page-013-tile-r01-c01::page-013-tile-r01-c01-actions-tile-r01-c01::action::action-003,page_013_tile_r01_c01,13,CONTROLLED_SOURCE_PDF/ADA principles for pharmacologic therapy.pdf,7c2913f79b61bc60f8f51327bb73b80391988fd277116b29e57df4242b2a2404,369f34fe74ff8589553d7d52ed3dee302203f9a057b88e94d303834a9e4063fb,tile,"[0.0,0.0,360.0,360.0]",normalized_0_1000,CONTROLLED_SOURCE_IMAGE/ada_page_013_tile_r01_c01.png,OMITTED_RAW_MODEL_JSON/visual_logic_page_013_tile_r01_c01.json,extracted_unvalidated,page_013_tile_r01_c01__actions__tile_r01_c01,table,Table 9.2,False,True,invalid,drug_class is required; trigger is required,structure: No explicit arrows are drawn between nodes in the table. The relationships are implied by proximity and context.; structure: The table is structured as a decision tree with branching conditions based on clinical considerations.; actions: No explicit recommendation-strength word visible; using empty strength string.; actions: No evidence of arrows or directional relationships between nodes.; symbols: No explicit clinical guideline references are visible in the provided image asset.; visual item title derived from manifest figure_ids/table_ids,c83e1e26dc0d4fc7948461e92bbbcd176d270d67e5937a559e684f520fb011c7,c83e1e26dc0d4fc7948461e92bbbcd176d270d67e5937a559e684f520fb011c7,pending,,,,,False,,No dose adjustment required,,,,,• No dose adjustment required,"[720.0,596.0,840.0,610.0]"
p013-page-013-tile-r01-c01::page-013-tile-r01-c01-actions-tile-r01-c01::action::action-004,page_013_tile_r01_c01,13,CONTROLLED_SOURCE_PDF/ADA principles for pharmacologic therapy.pdf,7c2913f79b61bc60f8f51327bb73b80391988fd277116b29e57df4242b2a2404,369f34fe74ff8589553d7d52ed3dee302203f9a057b88e94d303834a9e4063fb,tile,"[0.0,0.0,360.0,360.0]",normalized_0_1000,CONTROLLED_SOURCE_IMAGE/ada_page_013_tile_r01_c01.png,OMITTED_RAW_MODEL_JSON/visual_logic_page_013_tile_r01_c01.json,extracted_unvalidated,page_013_tile_r01_c01__actions__tile_r01_c01,table,Table 9.2,False,True,invalid,drug_class is required; trigger is required,structure: No explicit arrows are drawn between nodes in the table. The relationships are implied by proximity and context.; structure: The table is structured as a decision tree with branching conditions based on clinical considerations.; actions: No explicit recommendation-strength word visible; using empty strength string.; actions: No evidence of arrows or directional relationships between nodes.; symbols: No explicit clinical guideline references are visible in the provided image asset.; visual item title derived from manifest figure_ids/table_ids,e8be3afa791dd0e9e6ea7f5d0ad25aef59398faece872812f44b43a4cbd98e7d,e8be3afa791dd0e9e6ea7f5d0ad25aef59398faece872812f44b43a4cbd98e7d,pending,,,,,False,,Generally not recommended in kidney impairment due to potential for fluid retention,,,,,• Generally not recommended in kidney impairment due to potential for fluid retention,"[720.0,610.0,840.0,630.0]"
p013-page-013-tile-r01-c02::page-013-tile-r01-c02-actions-tile-r01-c02::action::action-001,page_013_tile_r01_c02,13,CONTROLLED_SOURCE_PDF/ADA principles for pharmacologic therapy.pdf,7c2913f79b61bc60f8f51327bb73b80391988fd277116b29e57df4242b2a2404,f3efc3b15895546cdbfedcb444bd539ed8d9d791fb77c9b03b54bd224ab6be43,tile,"[233.972,0.0,593.972,360.0]",normalized_0_1000,CONTROLLED_SOURCE_IMAGE/ada_page_013_tile_r01_c02.png,OMITTED_RAW_MODEL_JSON/visual_logic_page_013_tile_r01_c02.json,extracted_unvalidated,page_013_tile_r01_c02__actions__tile_r01_c02,table,Pharmacologic Approaches to Glycemic Treatment,True,True,valid,,"structure: No clinical guideline evidence visible in this single image asset. Asset ID: page_013_tile_r01_c02. PDF page: 13. Asset type: tile. Source-page bounding box: ['233.972', '0.0', '593.972', '360.0']. Preserve exact thresholds, logical alternatives (AND/OR), priority language, arrow direction, medication-class distinctions, and uncertainty. Extract all visible decision nodes and directed arrows. Use short, unique node IDs. Populate decision_nodes and recommendation_edges; leave ordinal_symbols and drug_actions empty unless essential to name a node. Return at most one aggregate visual item for this asset and pass; put every visible record of the requested types into that item's child arrays. Evidence bounding boxes use Qwen3-VL's normalized 0-1000 coordinate grid, not source pixels; use [] when uncertain. Every child record needs a nonempty evidence_text that quotes or closely transcribes visible local wording. For an arrow, evidence_text may briefly identify the visible source label, arrow, and target label. For a tile, do not invent off-tile nodes or arrow endpoints: retain visible evidence and set requires_manual_review=true for any boundary-crossing relationship. Return only data matching the supplied JSON Schema.; actions: The provided image is a single tile from a larger document and does not contain the full context of clinical guidelines or decision trees.; actions: Some information may require manual review for accuracy, especially regarding drug interactions and contraindications that are not explicitly stated in this excerpt.; symbols: No explicit clinical guideline evidence is visible in this asset. The content appears to be a summary table from a pharmacologic treatment guide, not an extractable set of clinical guidelines with structured decision rules or evidence-based recommendations.; symbols: The text includes FDA warnings and risk assessments but does not present them as formal clinical guidelines with hierarchical structure or evidence levels.",b23b918007d20bdd127122c464a5745c18d7460d8e4311be10bcb3a144eb8d39,b23b918007d20bdd127122c464a5745c18d7460d8e4311be10bcb3a144eb8d39,pending,,,,,False,linagliptin,discontinue if debilitating and other treatment options are feasible) and bullous pemphigoid (discontinue if suspected) reversible upon discontinuation,deleterious effects or contraindications,,,,discontinuing if debilitating and other treatment options are feasible) and bullous pemphigoid (discontinue if suspected) reversible upon discontinuation,"[0.0,233.972,148.56,360.0]"
p013-page-013-tile-r01-c02::page-013-tile-r01-c02-actions-tile-r01-c02::action::action-002,page_013_tile_r01_c02,13,CONTROLLED_SOURCE_PDF/ADA principles for pharmacologic therapy.pdf,7c2913f79b61bc60f8f51327bb73b80391988fd277116b29e57df4242b2a2404,f3efc3b15895546cdbfedcb444bd539ed8d9d791fb77c9b03b54bd224ab6be43,tile,"[233.972,0.0,593.972,360.0]",normalized_0_1000,CONTROLLED_SOURCE_IMAGE/ada_page_013_tile_r01_c02.png,OMITTED_RAW_MODEL_JSON/visual_logic_page_013_tile_r01_c02.json,extracted_unvalidated,page_013_tile_r01_c02__actions__tile_r01_c02,table,Pharmacologic Approaches to Glycemic Treatment,False,True,invalid,trigger is required,"structure: No clinical guideline evidence visible in this single image asset. Asset ID: page_013_tile_r01_c02. PDF page: 13. Asset type: tile. Source-page bounding box: ['233.972', '0.0', '593.972', '360.0']. Preserve exact thresholds, logical alternatives (AND/OR), priority language, arrow direction, medication-class distinctions, and uncertainty. Extract all visible decision nodes and directed arrows. Use short, unique node IDs. Populate decision_nodes and recommendation_edges; leave ordinal_symbols and drug_actions empty unless essential to name a node. Return at most one aggregate visual item for this asset and pass; put every visible record of the requested types into that item's child arrays. Evidence bounding boxes use Qwen3-VL's normalized 0-1000 coordinate grid, not source pixels; use [] when uncertain. Every child record needs a nonempty evidence_text that quotes or closely transcribes visible local wording. For an arrow, evidence_text may briefly identify the visible source label, arrow, and target label. For a tile, do not invent off-tile nodes or arrow endpoints: retain visible evidence and set requires_manual_review=true for any boundary-crossing relationship. Return only data matching the supplied JSON Schema.; actions: The provided image is a single tile from a larger document and does not contain the full context of clinical guidelines or decision trees.; actions: Some information may require manual review for accuracy, especially regarding drug interactions and contraindications that are not explicitly stated in this excerpt.; symbols: No explicit clinical guideline evidence is visible in this asset. The content appears to be a summary table from a pharmacologic treatment guide, not an extractable set of clinical guidelines with structured decision rules or evidence-based recommendations.; symbols: The text includes FDA warnings and risk assessments but does not present them as formal clinical guidelines with hierarchical structure or evidence levels.",d34b19ab1bd84c25f83598f5e7d868ef97d9230afb6de3643708f3768ed60700,d34b19ab1bd84c25f83598f5e7d868ef97d9230afb6de3643708f3768ed60700,pending,,,,,False,linagliptin,No dose adjustment required,,,,,No dose adjustment required,"[148.56,233.972,200.0,360.0]"
p013-page-013-tile-r01-c02::page-013-tile-r01-c02-actions-tile-r01-c02::action::action-003,page_013_tile_r01_c02,13,CONTROLLED_SOURCE_PDF/ADA principles for pharmacologic therapy.pdf,7c2913f79b61bc60f8f51327bb73b80391988fd277116b29e57df4242b2a2404,f3efc3b15895546cdbfedcb444bd539ed8d9d791fb77c9b03b54bd224ab6be43,tile,"[233.972,0.0,593.972,360.0]",normalized_0_1000,CONTROLLED_SOURCE_IMAGE/ada_page_013_tile_r01_c02.png,OMITTED_RAW_MODEL_JSON/visual_logic_page_013_tile_r01_c02.json,extracted_unvalidated,page_013_tile_r01_c02__actions__tile_r01_c02,table,Pharmacologic Approaches to Glycemic Treatment,False,True,invalid,trigger is required,"structure: No clinical guideline evidence visible in this single image asset. Asset ID: page_013_tile_r01_c02. PDF page: 13. Asset type: tile. Source-page bounding box: ['233.972', '0.0', '593.972', '360.0']. Preserve exact thresholds, logical alternatives (AND/OR), priority language, arrow direction, medication-class distinctions, and uncertainty. Extract all visible decision nodes and directed arrows. Use short, unique node IDs. Populate decision_nodes and recommendation_edges; leave ordinal_symbols and drug_actions empty unless essential to name a node. Return at most one aggregate visual item for this asset and pass; put every visible record of the requested types into that item's child arrays. Evidence bounding boxes use Qwen3-VL's normalized 0-1000 coordinate grid, not source pixels; use [] when uncertain. Every child record needs a nonempty evidence_text that quotes or closely transcribes visible local wording. For an arrow, evidence_text may briefly identify the visible source label, arrow, and target label. For a tile, do not invent off-tile nodes or arrow endpoints: retain visible evidence and set requires_manual_review=true for any boundary-crossing relationship. Return only data matching the supplied JSON Schema.; actions: The provided image is a single tile from a larger document and does not contain the full context of clinical guidelines or decision trees.; actions: Some information may require manual review for accuracy, especially regarding drug interactions and contraindications that are not explicitly stated in this excerpt.; symbols: No explicit clinical guideline evidence is visible in this asset. The content appears to be a summary table from a pharmacologic treatment guide, not an extractable set of clinical guidelines with structured decision rules or evidence-based recommendations.; symbols: The text includes FDA warnings and risk assessments but does not present them as formal clinical guidelines with hierarchical structure or evidence levels.",6fc34092a1b95f32dc21ba3fa375bef0b4746ec5043df6a41a04f8fa89c8e46c,6fc34092a1b95f32dc21ba3fa375bef0b4746ec5043df6a41a04f8fa89c8e46c,pending,,,,,False,linagliptin,Generally not recommended in kidney impairment due to potential for fluid retention,,,,,Generally not recommended in kidney impairment due to potential for fluid retention,"[200.0,233.972,251.48,360.0]"
p013-page-013-tile-r01-c02::page-013-tile-r01-c02-actions-tile-r01-c02::action::action-004,page_013_tile_r01_c02,13,CONTROLLED_SOURCE_PDF/ADA principles for pharmacologic therapy.pdf,7c2913f79b61bc60f8f51327bb73b80391988fd277116b29e57df4242b2a2404,f3efc3b15895546cdbfedcb444bd539ed8d9d791fb77c9b03b54bd224ab6be43,tile,"[233.972,0.0,593.972,360.0]",normalized_0_1000,CONTROLLED_SOURCE_IMAGE/ada_page_013_tile_r01_c02.png,OMITTED_RAW_MODEL_JSON/visual_logic_page_013_tile_r01_c02.json,extracted_unvalidated,page_013_tile_r01_c02__actions__tile_r01_c02,table,Pharmacologic Approaches to Glycemic Treatment,False,True,invalid,trigger is required,"structure: No clinical guideline evidence visible in this single image asset. Asset ID: page_013_tile_r01_c02. PDF page: 13. Asset type: tile. Source-page bounding box: ['233.972', '0.0', '593.972', '360.0']. Preserve exact thresholds, logical alternatives (AND/OR), priority language, arrow direction, medication-class distinctions, and uncertainty. Extract all visible decision nodes and directed arrows. Use short, unique node IDs. Populate decision_nodes and recommendation_edges; leave ordinal_symbols and drug_actions empty unless essential to name a node. Return at most one aggregate visual item for this asset and pass; put every visible record of the requested types into that item's child arrays. Evidence bounding boxes use Qwen3-VL's normalized 0-1000 coordinate grid, not source pixels; use [] when uncertain. Every child record needs a nonempty evidence_text that quotes or closely transcribes visible local wording. For an arrow, evidence_text may briefly identify the visible source label, arrow, and target label. For a tile, do not invent off-tile nodes or arrow endpoints: retain visible evidence and set requires_manual_review=true for any boundary-crossing relationship. Return only data matching the supplied JSON Schema.; actions: The provided image is a single tile from a larger document and does not contain the full context of clinical guidelines or decision trees.; actions: Some information may require manual review for accuracy, especially regarding drug interactions and contraindications that are not explicitly stated in this excerpt.; symbols: No explicit clinical guideline evidence is visible in this asset. The content appears to be a summary table from a pharmacologic treatment guide, not an extractable set of clinical guidelines with structured decision rules or evidence-based recommendations.; symbols: The text includes FDA warnings and risk assessments but does not present them as formal clinical guidelines with hierarchical structure or evidence levels.",280420c8424bbe1c3fefac6c3fe028ad0f454176103bbdb7fb0358e92d1844cf,280420c8424bbe1c3fefac6c3fe028ad0f454176103bbdb7fb0358e92d1844cf,pending,,,,,False,linagliptin,Increased risk of HF and fluid retention; do not use in setting of HF,,,,,Increased risk of HF and fluid retention; do not use in setting of HF,"[251.48,233.972,302.96,360.0]"
p013-page-013-tile-r01-c02::page-013-tile-r01-c02-actions-tile-r01-c02::action::action-005,page_013_tile_r01_c02,13,CONTROLLED_SOURCE_PDF/ADA principles for pharmacologic therapy.pdf,7c2913f79b61bc60f8f51327bb73b80391988fd277116b29e57df4242b2a2404,f3efc3b15895546cdbfedcb444bd539ed8d9d791fb77c9b03b54bd224ab6be43,tile,"[233.972,0.0,593.972,360.0]",normalized_0_1000,CONTROLLED_SOURCE_IMAGE/ada_page_013_tile_r01_c02.png,OMITTED_RAW_MODEL_JSON/visual_logic_page_013_tile_r01_c02.json,extracted_unvalidated,page_013_tile_r01_c02__actions__tile_r01_c02,table,Pharmacologic Approaches to Glycemic Treatment,False,True,invalid,trigger is required,"structure: No clinical guideline evidence visible in this single image asset. Asset ID: page_013_tile_r01_c02. PDF page: 13. Asset type: tile. Source-page bounding box: ['233.972', '0.0', '593.972', '360.0']. Preserve exact thresholds, logical alternatives (AND/OR), priority language, arrow direction, medication-class distinctions, and uncertainty. Extract all visible decision nodes and directed arrows. Use short, unique node IDs. Populate decision_nodes and recommendation_edges; leave ordinal_symbols and drug_actions empty unless essential to name a node. Return at most one aggregate visual item for this asset and pass; put every visible record of the requested types into that item's child arrays. Evidence bounding boxes use Qwen3-VL's normalized 0-1000 coordinate grid, not source pixels; use [] when uncertain. Every child record needs a nonempty evidence_text that quotes or closely transcribes visible local wording. For an arrow, evidence_text may briefly identify the visible source label, arrow, and target label. For a tile, do not invent off-tile nodes or arrow endpoints: retain visible evidence and set requires_manual_review=true for any boundary-crossing relationship. Return only data matching the supplied JSON Schema.; actions: The provided image is a single tile from a larger document and does not contain the full context of clinical guidelines or decision trees.; actions: Some information may require manual review for accuracy, especially regarding drug interactions and contraindications that are not explicitly stated in this excerpt.; symbols: No explicit clinical guideline evidence is visible in this asset. The content appears to be a summary table from a pharmacologic treatment guide, not an extractable set of clinical guidelines with structured decision rules or evidence-based recommendations.; symbols: The text includes FDA warnings and risk assessments but does not present them as formal clinical guidelines with hierarchical structure or evidence levels.",b4eb7766f9ed360b6402576d9bbd7512ff8947b795490918b0640fc7e38629e4,b4eb7766f9ed360b6402576d9bbd7512ff8947b795490918b0640fc7e38629e4,pending,,,,,False,linagliptin,Risk of bone fractures,,,,,Risk of bone fractures,"[302.96,233.972,354.44,360.0]"
p013-page-013-tile-r01-c02::page-013-tile-r01-c02-actions-tile-r01-c02::action::action-006,page_013_tile_r01_c02,13,CONTROLLED_SOURCE_PDF/ADA principles for pharmacologic therapy.pdf,7c2913f79b61bc60f8f51327bb73b80391988fd277116b29e57df4242b2a2404,f3efc3b15895546cdbfedcb444bd539ed8d9d791fb77c9b03b54bd224ab6be43,tile,"[233.972,0.0,593.972,360.0]",normalized_0_1000,CONTROLLED_SOURCE_IMAGE/ada_page_013_tile_r01_c02.png,OMITTED_RAW_MODEL_JSON/visual_logic_page_013_tile_r01_c02.json,extracted_unvalidated,page_013_tile_r01_c02__actions__tile_r01_c02,table,Pharmacologic Approaches to Glycemic Treatment,False,True,invalid,trigger is required,"structure: No clinical guideline evidence visible in this single image asset. Asset ID: page_013_tile_r01_c02. PDF page: 13. Asset type: tile. Source-page bounding box: ['233.972', '0.0', '593.972', '360.0']. Preserve exact thresholds, logical alternatives (AND/OR), priority language, arrow direction, medication-class distinctions, and uncertainty. Extract all visible decision nodes and directed arrows. Use short, unique node IDs. Populate decision_nodes and recommendation_edges; leave ordinal_symbols and drug_actions empty unless essential to name a node. Return at most one aggregate visual item for this asset and pass; put every visible record of the requested types into that item's child arrays. Evidence bounding boxes use Qwen3-VL's normalized 0-1000 coordinate grid, not source pixels; use [] when uncertain. Every child record needs a nonempty evidence_text that quotes or closely transcribes visible local wording. For an arrow, evidence_text may briefly identify the visible source label, arrow, and target label. For a tile, do not invent off-tile nodes or arrow endpoints: retain visible evidence and set requires_manual_review=true for any boundary-crossing relationship. Return only data matching the supplied JSON Schema.; actions: The provided image is a single tile from a larger document and does not contain the full context of clinical guidelines or decision trees.; actions: Some information may require manual review for accuracy, especially regarding drug interactions and contraindications that are not explicitly stated in this excerpt.; symbols: No explicit clinical guideline evidence is visible in this asset. The content appears to be a summary table from a pharmacologic treatment guide, not an extractable set of clinical guidelines with structured decision rules or evidence-based recommendations.; symbols: The text includes FDA warnings and risk assessments but does not present them as formal clinical guidelines with hierarchical structure or evidence levels.",1d218754ebe45f416fe46ca52d6b571427b5e65a67ec9afc015c900fe2d3c4ec,1d218754ebe45f416fe46ca52d6b571427b5e65a67ec9afc015c900fe2d3c4ec,pending,,,,,False,linagliptin,"Bladder cancer: do not use in individuals with active bladder cancer, and use caution in those with prior history of bladder cancer;",,,,,"Bladder cancer: do not use in individuals with active bladder cancer, and use caution in those with prior history of bladder cancer;","[354.44,233.972,405.92,360.0]"
p013-page-013-tile-r01-c02::page-013-tile-r01-c02-actions-tile-r01-c02::action::action-007,page_013_tile_r01_c02,13,CONTROLLED_SOURCE_PDF/ADA principles for pharmacologic therapy.pdf,7c2913f79b61bc60f8f51327bb73b80391988fd277116b29e57df4242b2a2404,f3efc3b15895546cdbfedcb444bd539ed8d9d791fb77c9b03b54bd224ab6be43,tile,"[233.972,0.0,593.972,360.0]",normalized_0_1000,CONTROLLED_SOURCE_IMAGE/ada_page_013_tile_r01_c02.png,OMITTED_RAW_MODEL_JSON/visual_logic_page_013_tile_r01_c02.json,extracted_unvalidated,page_013_tile_r01_c02__actions__tile_r01_c02,table,Pharmacologic Approaches to Glycemic Treatment,False,True,invalid,trigger is required,"structure: No clinical guideline evidence visible in this single image asset. Asset ID: page_013_tile_r01_c02. PDF page: 13. Asset type: tile. Source-page bounding box: ['233.972', '0.0', '593.972', '360.0']. Preserve exact thresholds, logical alternatives (AND/OR), priority language, arrow direction, medication-class distinctions, and uncertainty. Extract all visible decision nodes and directed arrows. Use short, unique node IDs. Populate decision_nodes and recommendation_edges; leave ordinal_symbols and drug_actions empty unless essential to name a node. Return at most one aggregate visual item for this asset and pass; put every visible record of the requested types into that item's child arrays. Evidence bounding boxes use Qwen3-VL's normalized 0-1000 coordinate grid, not source pixels; use [] when uncertain. Every child record needs a nonempty evidence_text that quotes or closely transcribes visible local wording. For an arrow, evidence_text may briefly identify the visible source label, arrow, and target label. For a tile, do not invent off-tile nodes or arrow endpoints: retain visible evidence and set requires_manual_review=true for any boundary-crossing relationship. Return only data matching the supplied JSON Schema.; actions: The provided image is a single tile from a larger document and does not contain the full context of clinical guidelines or decision trees.; actions: Some information may require manual review for accuracy, especially regarding drug interactions and contraindications that are not explicitly stated in this excerpt.; symbols: No explicit clinical guideline evidence is visible in this asset. The content appears to be a summary table from a pharmacologic treatment guide, not an extractable set of clinical guidelines with structured decision rules or evidence-based recommendations.; symbols: The text includes FDA warnings and risk assessments but does not present them as formal clinical guidelines with hierarchical structure or evidence levels.",456e8072b03851626137cea471ce5fba23ff9f233059c983cc78aead6bfd0643,456e8072b03851626137cea471ce5fba23ff9f233059c983cc78aead6bfd0643,pending,,,,,False,linagliptin,"association observed with higher cumulative exposure (e.g., longer duration, higher doses)",,,,,"association observed with higher cumulative exposure (e.g., longer duration, higher doses)","[405.92,233.972,457.4,360.0]"
p013-page-013-tile-r01-c02::page-013-tile-r01-c02-actions-tile-r01-c02::action::action-008,page_013_tile_r01_c02,13,CONTROLLED_SOURCE_PDF/ADA principles for pharmacologic therapy.pdf,7c2913f79b61bc60f8f51327bb73b80391988fd277116b29e57df4242b2a2404,f3efc3b15895546cdbfedcb444bd539ed8d9d791fb77c9b03b54bd224ab6be43,tile,"[233.972,0.0,593.972,360.0]",normalized_0_1000,CONTROLLED_SOURCE_IMAGE/ada_page_013_tile_r01_c02.png,OMITTED_RAW_MODEL_JSON/visual_logic_page_013_tile_r01_c02.json,extracted_unvalidated,page_013_tile_r01_c02__actions__tile_r01_c02,table,Pharmacologic Approaches to Glycemic Treatment,False,True,invalid,trigger is required,"structure: No clinical guideline evidence visible in this single image asset. Asset ID: page_013_tile_r01_c02. PDF page: 13. Asset type: tile. Source-page bounding box: ['233.972', '0.0', '593.972', '360.0']. Preserve exact thresholds, logical alternatives (AND/OR), priority language, arrow direction, medication-class distinctions, and uncertainty. Extract all visible decision nodes and directed arrows. Use short, unique node IDs. Populate decision_nodes and recommendation_edges; leave ordinal_symbols and drug_actions empty unless essential to name a node. Return at most one aggregate visual item for this asset and pass; put every visible record of the requested types into that item's child arrays. Evidence bounding boxes use Qwen3-VL's normalized 0-1000 coordinate grid, not source pixels; use [] when uncertain. Every child record needs a nonempty evidence_text that quotes or closely transcribes visible local wording. For an arrow, evidence_text may briefly identify the visible source label, arrow, and target label. For a tile, do not invent off-tile nodes or arrow endpoints: retain visible evidence and set requires_manual_review=true for any boundary-crossing relationship. Return only data matching the supplied JSON Schema.; actions: The provided image is a single tile from a larger document and does not contain the full context of clinical guidelines or decision trees.; actions: Some information may require manual review for accuracy, especially regarding drug interactions and contraindications that are not explicitly stated in this excerpt.; symbols: No explicit clinical guideline evidence is visible in this asset. The content appears to be a summary table from a pharmacologic treatment guide, not an extractable set of clinical guidelines with structured decision rules or evidence-based recommendations.; symbols: The text includes FDA warnings and risk assessments but does not present them as formal clinical guidelines with hierarchical structure or evidence levels.",b60775a957115c0214c0b54e76b831b66378bde8d7ee77c2b218cf3be4b98018,b60775a957115c0214c0b54e76b831b66378bde8d7ee77c2b218cf3be4b98018,pending,,,,,False,linagliptin,FDA Special Warning on increased risk of CV mortality based on studies of an older sulfonylurea (tolbutamide); glimepiride shown to be CV safe (see text),,,,,FDA Special Warning on increased risk of CV mortality based on studies of an older sulfonylurea (tolbutamide); glimepiride shown to be CV safe (see text),"[457.4,233.972,508.88,360.0]"
p013-page-013-tile-r01-c02::page-013-tile-r01-c02-actions-tile-r01-c02::action::action-009,page_013_tile_r01_c02,13,CONTROLLED_SOURCE_PDF/ADA principles for pharmacologic therapy.pdf,7c2913f79b61bc60f8f51327bb73b80391988fd277116b29e57df4242b2a2404,f3efc3b15895546cdbfedcb444bd539ed8d9d791fb77c9b03b54bd224ab6be43,tile,"[233.972,0.0,593.972,360.0]",normalized_0_1000,CONTROLLED_SOURCE_IMAGE/ada_page_013_tile_r01_c02.png,OMITTED_RAW_MODEL_JSON/visual_logic_page_013_tile_r01_c02.json,extracted_unvalidated,page_013_tile_r01_c02__actions__tile_r01_c02,table,Pharmacologic Approaches to Glycemic Treatment,False,True,invalid,trigger is required,"structure: No clinical guideline evidence visible in this single image asset. Asset ID: page_013_tile_r01_c02. PDF page: 13. Asset type: tile. Source-page bounding box: ['233.972', '0.0', '593.972', '360.0']. Preserve exact thresholds, logical alternatives (AND/OR), priority language, arrow direction, medication-class distinctions, and uncertainty. Extract all visible decision nodes and directed arrows. Use short, unique node IDs. Populate decision_nodes and recommendation_edges; leave ordinal_symbols and drug_actions empty unless essential to name a node. Return at most one aggregate visual item for this asset and pass; put every visible record of the requested types into that item's child arrays. Evidence bounding boxes use Qwen3-VL's normalized 0-1000 coordinate grid, not source pixels; use [] when uncertain. Every child record needs a nonempty evidence_text that quotes or closely transcribes visible local wording. For an arrow, evidence_text may briefly identify the visible source label, arrow, and target label. For a tile, do not invent off-tile nodes or arrow endpoints: retain visible evidence and set requires_manual_review=true for any boundary-crossing relationship. Return only data matching the supplied JSON Schema.; actions: The provided image is a single tile from a larger document and does not contain the full context of clinical guidelines or decision trees.; actions: Some information may require manual review for accuracy, especially regarding drug interactions and contraindications that are not explicitly stated in this excerpt.; symbols: No explicit clinical guideline evidence is visible in this asset. The content appears to be a summary table from a pharmacologic treatment guide, not an extractable set of clinical guidelines with structured decision rules or evidence-based recommendations.; symbols: The text includes FDA warnings and risk assessments but does not present them as formal clinical guidelines with hierarchical structure or evidence levels.",c0f061bd0ef619ce972f8dc4a698250723efc3d72f4a8557fe897154540215fa,c0f061bd0ef619ce972f8dc4a698250723efc3d72f4a8557fe897154540215fa,pending,,,,,False,linagliptin,"Use with caution in individuals at risk for hypoglycemia, particularly if in combination with insulin",,,,,"Use with caution in individuals at risk for hypoglycemia, particularly if in combination with insulin","[508.88,233.972,560.36,360.0]"
p013-page-013-tile-r01-c02::page-013-tile-r01-c02-actions-tile-r01-c02::action::action-010,page_013_tile_r01_c02,13,CONTROLLED_SOURCE_PDF/ADA principles for pharmacologic therapy.pdf,7c2913f79b61bc60f8f51327bb73b80391988fd277116b29e57df4242b2a2404,f3efc3b15895546cdbfedcb444bd539ed8d9d791fb77c9b03b54bd224ab6be43,tile,"[233.972,0.0,593.972,360.0]",normalized_0_1000,CONTROLLED_SOURCE_IMAGE/ada_page_013_tile_r01_c02.png,OMITTED_RAW_MODEL_JSON/visual_logic_page_013_tile_r01_c02.json,extracted_unvalidated,page_013_tile_r01_c02__actions__tile_r01_c02,table,Pharmacologic Approaches to Glycemic Treatment,False,True,invalid,trigger is required,"structure: No clinical guideline evidence visible in this single image asset. Asset ID: page_013_tile_r01_c02. PDF page: 13. Asset type: tile. Source-page bounding box: ['233.972', '0.0', '593.972', '360.0']. Preserve exact thresholds, logical alternatives (AND/OR), priority language, arrow direction, medication-class distinctions, and uncertainty. Extract all visible decision nodes and directed arrows. Use short, unique node IDs. Populate decision_nodes and recommendation_edges; leave ordinal_symbols and drug_actions empty unless essential to name a node. Return at most one aggregate visual item for this asset and pass; put every visible record of the requested types into that item's child arrays. Evidence bounding boxes use Qwen3-VL's normalized 0-1000 coordinate grid, not source pixels; use [] when uncertain. Every child record needs a nonempty evidence_text that quotes or closely transcribes visible local wording. For an arrow, evidence_text may briefly identify the visible source label, arrow, and target label. For a tile, do not invent off-tile nodes or arrow endpoints: retain visible evidence and set requires_manual_review=true for any boundary-crossing relationship. Return only data matching the supplied JSON Schema.; actions: The provided image is a single tile from a larger document and does not contain the full context of clinical guidelines or decision trees.; actions: Some information may require manual review for accuracy, especially regarding drug interactions and contraindications that are not explicitly stated in this excerpt.; symbols: No explicit clinical guideline evidence is visible in this asset. The content appears to be a summary table from a pharmacologic treatment guide, not an extractable set of clinical guidelines with structured decision rules or evidence-based recommendations.; symbols: The text includes FDA warnings and risk assessments but does not present them as formal clinical guidelines with hierarchical structure or evidence levels.",f89650ff902c99aea32630ddaa7f8b6325034e2666c1602e90731c69c1dbf295,f89650ff902c99aea32630ddaa7f8b6325034e2666c1602e90731c69c1dbf295,pending,,,,,False,linagliptin,Continued on p. S196,,,,,Continued on p. S196,"[560.36,233.972,611.84,360.0]"
p013-page-013-tile-r02-c01::page-013-tile-r02-c01-actions-tile-r02-c01::action::action-001,page_013_tile_r02_c01,13,CONTROLLED_SOURCE_PDF/ADA principles for pharmacologic therapy.pdf,7c2913f79b61bc60f8f51327bb73b80391988fd277116b29e57df4242b2a2404,4d4b09502aa8814aa21a223a495388d035742a0b2c738fcd17fd03afa50bfd5f,tile,"[0.0,288.0,360.0,648.0]",normalized_0_1000,CONTROLLED_SOURCE_IMAGE/ada_page_013_tile_r02_c01.png,OMITTED_RAW_MODEL_JSON/visual_logic_page_013_tile_r02_c01.json,extracted_unvalidated,page_013_tile_r02_c01__actions__tile_r02_c01,table,Table 9.2,True,True,valid,,"structure: The provided image is a cropped section of a larger table. The visible portion does not contain any decision nodes or recommendation edges; it only presents comparative data in tabular form.; actions: No explicit recommendation-strength word visible; using empty strength string.; symbols: The provided image does not contain any clinical guideline evidence. It appears to be a table summarizing the effects of DPP-4 inhibitors on various parameters such as cardiovascular outcomes, weight, hypoglycemia risk, kidney function, and dosing considerations.; visual item title derived from manifest figure_ids/table_ids",4ec354ed0f8432cb3e2284363f228cb3494b9bb3da8c7849a5c706f7366d75f9,4ec354ed0f8432cb3e2284363f228cb3494b9bb3da8c7849a5c706f7366d75f9,pending,,,,,False,DPP-4 inhibitors,No dose adjustment required for patients with moderate to severe renal impairment (except sitagliptin),Renal function status,,"• No dose adjustment required for alogliptin and linaglptin • Dose adjustment required for sitagliptin in patients with moderate to severe renal impairment (e.g., CrCl <50 mL/min)",,"Dose adjustment required based on kidney function: • No dose adjustment required for alogliptin and linaglptin • Dose adjustment required for sitagliptin (kidney function-dependent) • Generally, no dose adjustment required for saxagliptin","[0.0,288.0,360.0,648.0]"
p013-page-013-tile-r02-c02::page-013-tile-r02-c02-actions-tile-r02-c02::action::action-001,page_013_tile_r02_c02,13,CONTROLLED_SOURCE_PDF/ADA principles for pharmacologic therapy.pdf,7c2913f79b61bc60f8f51327bb73b80391988fd277116b29e57df4242b2a2404,316ceeb13b608d604e6a9dd48559fbdac12ac4050f59e08fe34ed29ee2f25609,tile,"[233.972,288.0,593.972,648.0]",normalized_0_1000,CONTROLLED_SOURCE_IMAGE/ada_page_013_tile_r02_c02.png,OMITTED_RAW_MODEL_JSON/visual_logic_page_013_tile_r02_c02.json,extracted_unvalidated,page_013_tile_r02_c02__actions__tile_r02_c02,table,Table 9.2,True,True,valid,,"structure: The table structure appears to be incomplete or corrupted in this image asset.; structure: No explicit arrows or decision nodes are visible; only text-based conditions and outcomes are present.; actions: The table contains multiple rows that are partially cut off or obscured in the image, making it difficult to extract complete information.; actions: Some text within the table may be misaligned or slightly blurred due to the quality of the scanned document.; symbols: The provided image does not contain any visible arrows or flowchart elements that would require extraction of decision nodes, edges, or actions. The table is structured with rows for 'No' and 'Yes' gain scenarios and columns for potential benefit, risk, and specific drug-related information.; visual item title derived from manifest figure_ids/table_ids",c21c5f8489a188ef5ebe5160817ab969674ac3067de8aec06bfc875e4b1507cb,c21c5f8489a188ef5ebe5160817ab969674ac3067de8aec06bfc875e4b1507cb,pending,,,,,False,linagliptin,No dose adjustment required,In patients with CKD (including those on dialysis),,Generally recommended in impaired renal function; potential for retention of drug.,,No dose adjustment required. Generally recommended in impaired renal function; potential for retention of drug.,"[234.0,288.0,594.0,648.0]"
p013-page-013-tile-r02-c02::page-013-tile-r02-c02-actions-tile-r02-c02::action::action-002,page_013_tile_r02_c02,13,CONTROLLED_SOURCE_PDF/ADA principles for pharmacologic therapy.pdf,7c2913f79b61bc60f8f51327bb73b80391988fd277116b29e57df4242b2a2404,316ceeb13b608d604e6a9dd48559fbdac12ac4050f59e08fe34ed29ee2f25609,tile,"[233.972,288.0,593.972,648.0]",normalized_0_1000,CONTROLLED_SOURCE_IMAGE/ada_page_013_tile_r02_c02.png,OMITTED_RAW_MODEL_JSON/visual_logic_page_013_tile_r02_c02.json,extracted_unvalidated,page_013_tile_r02_c02__actions__tile_r02_c02,table,Table 9.2,True,True,valid,,"structure: The table structure appears to be incomplete or corrupted in this image asset.; structure: No explicit arrows or decision nodes are visible; only text-based conditions and outcomes are present.; actions: The table contains multiple rows that are partially cut off or obscured in the image, making it difficult to extract complete information.; actions: Some text within the table may be misaligned or slightly blurred due to the quality of the scanned document.; symbols: The provided image does not contain any visible arrows or flowchart elements that would require extraction of decision nodes, edges, or actions. The table is structured with rows for 'No' and 'Yes' gain scenarios and columns for potential benefit, risk, and specific drug-related information.; visual item title derived from manifest figure_ids/table_ids",352dfe8506c68a518135c7a91c03fbbdcac2ced5b50eb9fd7e1d0c6828cafd6e,352dfe8506c68a518135c7a91c03fbbdcac2ced5b50eb9fd7e1d0c6828cafd6e,pending,,,,,False,Glyburide,Not recommended,In patients with CKD (including those on dialysis),,,Avoid use in patients with CKD.,Glyburide: not recommended for use in patients with CKD. Avoid use in patients with CKD.,"[234.0,288.0,594.0,648.0]"
p013-page-013-tile-r02-c02::page-013-tile-r02-c02-actions-tile-r02-c02::action::action-003,page_013_tile_r02_c02,13,CONTROLLED_SOURCE_PDF/ADA principles for pharmacologic therapy.pdf,7c2913f79b61bc60f8f51327bb73b80391988fd277116b29e57df4242b2a2404,316ceeb13b608d604e6a9dd48559fbdac12ac4050f59e08fe34ed29ee2f25609,tile,"[233.972,288.0,593.972,648.0]",normalized_0_1000,CONTROLLED_SOURCE_IMAGE/ada_page_013_tile_r02_c02.png,OMITTED_RAW_MODEL_JSON/visual_logic_page_013_tile_r02_c02.json,extracted_unvalidated,page_013_tile_r02_c02__actions__tile_r02_c02,table,Table 9.2,True,True,valid,,"structure: The table structure appears to be incomplete or corrupted in this image asset.; structure: No explicit arrows or decision nodes are visible; only text-based conditions and outcomes are present.; actions: The table contains multiple rows that are partially cut off or obscured in the image, making it difficult to extract complete information.; actions: Some text within the table may be misaligned or slightly blurred due to the quality of the scanned document.; symbols: The provided image does not contain any visible arrows or flowchart elements that would require extraction of decision nodes, edges, or actions. The table is structured with rows for 'No' and 'Yes' gain scenarios and columns for potential benefit, risk, and specific drug-related information.; visual item title derived from manifest figure_ids/table_ids",a545f5c3b1f08d98d08cfedfaece43226b3d06264b5f19dd190942629f4981e0,a545f5c3b1f08d98d08cfedfaece43226b3d06264b5f19dd190942629f4981e0,pending,,,,,False,Glipizide,Initiate cautiously,In patients with CKD (including those on dialysis),,Start at lower dose and titrate slowly to avoid hypoglycemia.,Avoid use in patients with severe renal impairment or end-stage renal disease.,Glipizide: initiate cautiously. Start at lower dose and titrate slowly to avoid hypoglycemia. Avoid use in patients with severe renal impairment or end-stage renal disease.,"[234.0,288.0,594.0,648.0]"
p013-page-013-tile-r03-c01::page-013-tile-r03-c01-actions-table-92-continued::action::action-001,page_013_tile_r03_c01,13,CONTROLLED_SOURCE_PDF/ADA principles for pharmacologic therapy.pdf,7c2913f79b61bc60f8f51327bb73b80391988fd277116b29e57df4242b2a2404,cae23fe251f4f6ee32c6e90277f9293fd969edc6f6740153778500412e409dc6,tile,"[0.0,422.986,360.0,782.986]",normalized_0_1000,CONTROLLED_SOURCE_IMAGE/ada_page_013_tile_r03_c01.png,OMITTED_RAW_MODEL_JSON/visual_logic_page_013_tile_r03_c01.json,extracted_unvalidated,page_013_tile_r03_c01__actions__table_92_continued,table,Table 9.2—Continued,True,True,valid,,"structure: No decision nodes or recommendation edges are visible in this table section.; structure: The table does not contain any arrows or directed relationships between clinical guideline elements.; structure: All evidence is contained within the tabular structure and column headers, which do not represent actionable guidelines or decision points.; actions: The provided image is a partial view of Table 9.2—Continued and does not contain the full context for making definitive clinical guideline recommendations.; actions: No explicit recommendation-strength words are visible in this asset; therefore, strength fields are left empty.; symbols: The table is partially visible; some columns may be incomplete or cut off.",389e35c4995888b363b5cb669569e3fde812b1b63d25b755f2dc6eec28646f23,389e35c4995888b363b5cb669569e3fde812b1b63d25b755f2dc6eec28646f23,pending,,,,,False,DPP-4 inhibitors (oral),Neutral effect on CV outcomes,No significant benefit or harm observed in clinical trials.,,Intermediate glucose-lowering efficacy; weight effects are neutral.,No specific contraindications noted for DPP-4 inhibitors (oral).,DPP-4 inhibitors (oral) — Glucose-lowering efficacy: Intermediate. Weight effects: Neutral. CV effects: Neutral (potential benefit with saxagliptin). Effect on MACE: No.,"[130.0,275.0,860.0,490.0]"
p013-page-013-tile-r03-c01::page-013-tile-r03-c01-actions-table-92-continued::action::action-002,page_013_tile_r03_c01,13,CONTROLLED_SOURCE_PDF/ADA principles for pharmacologic therapy.pdf,7c2913f79b61bc60f8f51327bb73b80391988fd277116b29e57df4242b2a2404,cae23fe251f4f6ee32c6e90277f9293fd969edc6f6740153778500412e409dc6,tile,"[0.0,422.986,360.0,782.986]",normalized_0_1000,CONTROLLED_SOURCE_IMAGE/ada_page_013_tile_r03_c01.png,OMITTED_RAW_MODEL_JSON/visual_logic_page_013_tile_r03_c01.json,extracted_unvalidated,page_013_tile_r03_c01__actions__table_92_continued,table,Table 9.2—Continued,True,True,valid,,"structure: No decision nodes or recommendation edges are visible in this table section.; structure: The table does not contain any arrows or directed relationships between clinical guideline elements.; structure: All evidence is contained within the tabular structure and column headers, which do not represent actionable guidelines or decision points.; actions: The provided image is a partial view of Table 9.2—Continued and does not contain the full context for making definitive clinical guideline recommendations.; actions: No explicit recommendation-strength words are visible in this asset; therefore, strength fields are left empty.; symbols: The table is partially visible; some columns may be incomplete or cut off.",363893b4e27cbf4b152ed8a884e029c30cd484edaf58e0bb101725c86f063d5e,363893b4e27cbf4b152ed8a884e029c30cd484edaf58e0bb101725c86f063d5e,pending,,,,,False,Pioglitazone (oral),Increased CV risk,Associated with increased risk of heart failure and potential benefit in reducing cardiovascular events.,,High glucose-lowering efficacy; weight gain is a common side effect.,Contraindicated in patients with severe heart failure or those at high risk for myocardial infarction.,Pioglitazone (oral) — Glucose-lowering efficacy: High. Weight effects: Gain. CV effects: Increased. Effect on MACE: Potential benefit.,"[130.0,490.0,860.0,725.0]"
p013-page-013-tile-r03-c02::page-013-tile-r03-c02-actions-tile-r03-c02::action::action-001,page_013_tile_r03_c02,13,CONTROLLED_SOURCE_PDF/ADA principles for pharmacologic therapy.pdf,7c2913f79b61bc60f8f51327bb73b80391988fd277116b29e57df4242b2a2404,336ba11c11e116337789838a68c85271493095fa4b522d63e8c9725ed8553c2b,tile,"[233.972,422.986,593.972,782.986]",normalized_0_1000,CONTROLLED_SOURCE_IMAGE/ada_page_013_tile_r03_c02.png,OMITTED_RAW_MODEL_JSON/visual_logic_page_013_tile_r03_c02.json,extracted_unvalidated,page_013_tile_r03_c02__actions__tile_r03_c02,table,Table 9.2,True,True,valid,,"structure: The visible evidence in this asset does not include any directed arrows or explicit decision nodes that indicate a logical flow. All information is presented as static data points within the table structure.; structure: No clinical guideline evidence with directional relationships (arrows) was found to extract.; actions: The table appears to be cut off at the bottom; some information may not be fully captured.; actions: No explicit recommendation-strength words are visible in the provided image asset, so they were left as empty strings.; symbols: No clinical guideline evidence visible in this single image asset.; symbols: Asset ID: page_013_tile_r03_c02. PDF page: 13. Asset type: tile. Source-page bounding box: ['233.972', '422.986', '593.972', '782.986']. Preserve exact thresholds, logical alternatives (AND/OR), priority language, arrow direction, medication-class distinctions, and uncertainty. Only repeated '+' or '$' scales use symbol_role=ordinal_scale. Populate symbols_or_footnotes and ordinal_symbols; leave nodes, edges, and actions empty. Return only data matching the supplied JSON Schema.; visual item title derived from manifest figure_ids/table_ids",946e5d7af18e910791d78ec1da753795ca2538f4ded81624f5522e6b2b109901,946e5d7af18e910791d78ec1da753795ca2538f4ded81624f5522e6b2b109901,pending,,,,,False,Pioglitazone (oral),High,No,,Gain,Increased,Pioglitazone (oral) High No Gain Increased,"[234.0,783.0,594.0,816.0]"
p013-page-013-tile-r03-c02::page-013-tile-r03-c02-actions-tile-r03-c02::action::action-002,page_013_tile_r03_c02,13,CONTROLLED_SOURCE_PDF/ADA principles for pharmacologic therapy.pdf,7c2913f79b61bc60f8f51327bb73b80391988fd277116b29e57df4242b2a2404,336ba11c11e116337789838a68c85271493095fa4b522d63e8c9725ed8553c2b,tile,"[233.972,422.986,593.972,782.986]",normalized_0_1000,CONTROLLED_SOURCE_IMAGE/ada_page_013_tile_r03_c02.png,OMITTED_RAW_MODEL_JSON/visual_logic_page_013_tile_r03_c02.json,extracted_unvalidated,page_013_tile_r03_c02__actions__tile_r03_c02,table,Table 9.2,True,True,valid,,"structure: The visible evidence in this asset does not include any directed arrows or explicit decision nodes that indicate a logical flow. All information is presented as static data points within the table structure.; structure: No clinical guideline evidence with directional relationships (arrows) was found to extract.; actions: The table appears to be cut off at the bottom; some information may not be fully captured.; actions: No explicit recommendation-strength words are visible in the provided image asset, so they were left as empty strings.; symbols: No clinical guideline evidence visible in this single image asset.; symbols: Asset ID: page_013_tile_r03_c02. PDF page: 13. Asset type: tile. Source-page bounding box: ['233.972', '422.986', '593.972', '782.986']. Preserve exact thresholds, logical alternatives (AND/OR), priority language, arrow direction, medication-class distinctions, and uncertainty. Only repeated '+' or '$' scales use symbol_role=ordinal_scale. Populate symbols_or_footnotes and ordinal_symbols; leave nodes, edges, and actions empty. Return only data matching the supplied JSON Schema.; visual item title derived from manifest figure_ids/table_ids",775b92618d9605f2758718276f4b30bbbf41d14e227ea52a7970af5b357a00d5,775b92618d9605f2758718276f4b30bbbf41d14e227ea52a7970af5b357a00d5,pending,,,,,False,Sulfonylureas (2nd generation) (oral),High,Yes,,Gain,Neutral,Sulfonylureas (2nd generation) (oral) High Yes Gain Neutral,"[594.0,783.0,614.0,816.0]"
p014-page-014-tile-r01-c01::page-014-tile-r01-c01-actions-tile-r01-c01::action::action-001,page_014_tile_r01_c01,14,CONTROLLED_SOURCE_PDF/ADA principles for pharmacologic therapy.pdf,7c2913f79b61bc60f8f51327bb73b80391988fd277116b29e57df4242b2a2404,3eb354228aa145a560b3e745fb5ebcbd0b21549ec83340b3c648916562b50077,tile,"[0.0,0.0,360.0,360.0]",normalized_0_1000,CONTROLLED_SOURCE_IMAGE/ada_page_014_tile_r01_c01.png,OMITTED_RAW_MODEL_JSON/visual_logic_page_014_tile_r01_c01.json,extracted_unvalidated,page_014_tile_r01_c01__actions__tile_r01_c01,table,Pharmacologic Approaches to Glycemic Treatment,True,True,valid,,"structure: The table is not fully visible in the provided image. Some information may be cut off or incomplete.; structure: The text mentions 'MASH effects' as unknown, but does not provide further details on what MASH refers to.; actions: The table is partially visible; some content may be cut off or incomplete.; actions: Some evidence text may require manual review for accuracy due to partial visibility or ambiguity.; symbols: The table is partially visible and may not contain all information from the original document.; symbols: Some text in the table appears truncated or incomplete.",a529bf0cfccf8f137ce676164cf7ff38ea98ee79d3c7f1d477cea58489590e5d,a529bf0cfccf8f137ce676164cf7ff38ea98ee79d3c7f1d477cea58489590e5d,pending,,,,,False,Insulin,Lower insulin doses required with a decrease in eGFR; titrate per clinical response.,Decreased estimated glomerular filtration rate (eGFR).,,"Dosing should be reduced as renal function declines. Titration must be based on individual clinical response, not solely on eGFR values.","Not specified in this excerpt; however, the context implies that insulin dosing adjustments are necessary for patients with impaired kidney function (e.g., decreased eGFR).",Lower insulin doses required with a decrease in eGFR; titrate per clinical response.,"[360.0,196.0,485.0,270.0]"
p014-page-014-tile-r01-c01::page-014-tile-r01-c01-actions-tile-r01-c01::action::action-002,page_014_tile_r01_c01,14,CONTROLLED_SOURCE_PDF/ADA principles for pharmacologic therapy.pdf,7c2913f79b61bc60f8f51327bb73b80391988fd277116b29e57df4242b2a2404,3eb354228aa145a560b3e745fb5ebcbd0b21549ec83340b3c648916562b50077,tile,"[0.0,0.0,360.0,360.0]",normalized_0_1000,CONTROLLED_SOURCE_IMAGE/ada_page_014_tile_r01_c01.png,OMITTED_RAW_MODEL_JSON/visual_logic_page_014_tile_r01_c01.json,extracted_unvalidated,page_014_tile_r01_c01__actions__tile_r01_c01,table,Pharmacologic Approaches to Glycemic Treatment,True,True,valid,,"structure: The table is not fully visible in the provided image. Some information may be cut off or incomplete.; structure: The text mentions 'MASH effects' as unknown, but does not provide further details on what MASH refers to.; actions: The table is partially visible; some content may be cut off or incomplete.; actions: Some evidence text may require manual review for accuracy due to partial visibility or ambiguity.; symbols: The table is partially visible and may not contain all information from the original document.; symbols: Some text in the table appears truncated or incomplete.",e06081dc295a7cc78565396a433c89a2ffca7e7b0fa1e3352d80e85c1b2da54e,e06081dc295a7cc78565396a433c89a2ffca7e7b0fa1e3352d80e85c1b2da54e,pending,,,,,False,Insulin,Injection site reactions: Higher risk of hypoglycemia with human insulin (NPH or premixed formulations) vs. analogs.,Use of human insulin versus insulin analogs.,,"Human insulins (like NPH and premixed formulations) carry a higher risk for hypoglycemia compared to insulin analogs, which may influence choice based on patient-specific factors such as injection site reaction risk or preference.",Higher risk of hypoglycemia with human insulins. This is an important consideration when selecting between different types of insulin for patients who are at higher risk for low blood sugar events.,Injection site reactions • Higher risk of hypoglycemia with human insulin (NPH or premixed formulations) vs. analogs,"[485.0,196.0,600.0,270.0]"
p014-page-014-tile-r01-c01::page-014-tile-r01-c01-actions-tile-r01-c01::action::action-003,page_014_tile_r01_c01,14,CONTROLLED_SOURCE_PDF/ADA principles for pharmacologic therapy.pdf,7c2913f79b61bc60f8f51327bb73b80391988fd277116b29e57df4242b2a2404,3eb354228aa145a560b3e745fb5ebcbd0b21549ec83340b3c648916562b50077,tile,"[0.0,0.0,360.0,360.0]",normalized_0_1000,CONTROLLED_SOURCE_IMAGE/ada_page_014_tile_r01_c01.png,OMITTED_RAW_MODEL_JSON/visual_logic_page_014_tile_r01_c01.json,extracted_unvalidated,page_014_tile_r01_c01__actions__tile_r01_c01,table,Pharmacologic Approaches to Glycemic Treatment,True,True,valid,,"structure: The table is not fully visible in the provided image. Some information may be cut off or incomplete.; structure: The text mentions 'MASH effects' as unknown, but does not provide further details on what MASH refers to.; actions: The table is partially visible; some content may be cut off or incomplete.; actions: Some evidence text may require manual review for accuracy due to partial visibility or ambiguity.; symbols: The table is partially visible and may not contain all information from the original document.; symbols: Some text in the table appears truncated or incomplete.",0b3375e91d0b8c937d7ab2c03303a39d11a33493aa18d5229ad1b62dfb3e30ae,0b3375e91d0b8c937d7ab2c03303a39d11a33493aa18d5229ad1b62dfb3e30ae,pending,,,,,False,Insulin,Risk of hypoglycemia and duration of activity increases with severity of impaired kidney function.,"Impaired kidney function (e.g., decreased eGFR).",,"As renal function declines, the risk for hypoglycemia and the duration of insulin action increase. This necessitates careful dose adjustment to avoid complications such as severe hypoglycemia.",Increased risk of hypoglycemia with worsening kidney disease. Dose adjustments are required based on renal function status.,Risk of hypoglycemia and duration of activity increases with severity of impaired kidney function,"[600.0,196.0,725.0,270.0]"
p014-page-014-tile-r01-c01::page-014-tile-r01-c01-actions-tile-r01-c01::action::action-004,page_014_tile_r01_c01,14,CONTROLLED_SOURCE_PDF/ADA principles for pharmacologic therapy.pdf,7c2913f79b61bc60f8f51327bb73b80391988fd277116b29e57df4242b2a2404,3eb354228aa145a560b3e745fb5ebcbd0b21549ec83340b3c648916562b50077,tile,"[0.0,0.0,360.0,360.0]",normalized_0_1000,CONTROLLED_SOURCE_IMAGE/ada_page_014_tile_r01_c01.png,OMITTED_RAW_MODEL_JSON/visual_logic_page_014_tile_r01_c01.json,extracted_unvalidated,page_014_tile_r01_c01__actions__tile_r01_c01,table,Pharmacologic Approaches to Glycemic Treatment,True,True,valid,,"structure: The table is not fully visible in the provided image. Some information may be cut off or incomplete.; structure: The text mentions 'MASH effects' as unknown, but does not provide further details on what MASH refers to.; actions: The table is partially visible; some content may be cut off or incomplete.; actions: Some evidence text may require manual review for accuracy due to partial visibility or ambiguity.; symbols: The table is partially visible and may not contain all information from the original document.; symbols: Some text in the table appears truncated or incomplete.",7ea8f5469bc56edc8b50df79dc40306edfbf55acf853b9cb65d5030831bc033a,7ea8f5469bc56edc8b50df79dc40306edfbf55acf853b9cb65d5030831bc033a,pending,,,,,False,Insulin,"Refer to device-specific instructions for insulins compatible with different delivery systems (i.e., pumps, connected insulin pens, insulin patches).",Use of various insulin delivery devices.,,"Instructions for using insulin may vary depending on the delivery system. For example, some insulin formulations are not compatible with certain infusion sets or pumps. Always refer to device-specific instructions.",Device compatibility is critical; failure to follow specific instructions could lead to improper dosing or administration errors.,"Refer to device-specific instructions for insulins compatible with different delivery systems (i.e., pumps, connected insulin pens, insulin patches)","[725.0,196.0,840.0,270.0]"
p014-page-014-tile-r01-c01::page-014-tile-r01-c01-actions-tile-r01-c01::action::action-005,page_014_tile_r01_c01,14,CONTROLLED_SOURCE_PDF/ADA principles for pharmacologic therapy.pdf,7c2913f79b61bc60f8f51327bb73b80391988fd277116b29e57df4242b2a2404,3eb354228aa145a560b3e745fb5ebcbd0b21549ec83340b3c648916562b50077,tile,"[0.0,0.0,360.0,360.0]",normalized_0_1000,CONTROLLED_SOURCE_IMAGE/ada_page_014_tile_r01_c01.png,OMITTED_RAW_MODEL_JSON/visual_logic_page_014_tile_r01_c01.json,extracted_unvalidated,page_014_tile_r01_c01__actions__tile_r01_c01,table,Pharmacologic Approaches to Glycemic Treatment,True,True,valid,,"structure: The table is not fully visible in the provided image. Some information may be cut off or incomplete.; structure: The text mentions 'MASH effects' as unknown, but does not provide further details on what MASH refers to.; actions: The table is partially visible; some content may be cut off or incomplete.; actions: Some evidence text may require manual review for accuracy due to partial visibility or ambiguity.; symbols: The table is partially visible and may not contain all information from the original document.; symbols: Some text in the table appears truncated or incomplete.",8db511485e5cde655416bf4ff30baddb4aa785e577846ea117a0c32b83babb25,8db511485e5cde655416bf4ff30baddb4aa785e577846ea117a0c32b83babb25,pending,,,,,False,Insulin,MASH effects: Unknown.,Metabolic and adverse effects (MASH) related to insulin therapy.,,The metabolic and adverse effect profile of insulin is not fully characterized in this context. This may imply that further research or clinical data are needed for specific patient populations or scenarios.,"MASH effects are unknown, which suggests a lack of comprehensive safety data regarding long-term use or specific subpopulations (e.g., those with renal impairment).",MASH effects Unknown,"[840.0,196.0,925.0,270.0]"
p014-page-014-tile-r01-c01::page-014-tile-r01-c01-actions-tile-r01-c01::action::action-006,page_014_tile_r01_c01,14,CONTROLLED_SOURCE_PDF/ADA principles for pharmacologic therapy.pdf,7c2913f79b61bc60f8f51327bb73b80391988fd277116b29e57df4242b2a2404,3eb354228aa145a560b3e745fb5ebcbd0b21549ec83340b3c648916562b50077,tile,"[0.0,0.0,360.0,360.0]",normalized_0_1000,CONTROLLED_SOURCE_IMAGE/ada_page_014_tile_r01_c01.png,OMITTED_RAW_MODEL_JSON/visual_logic_page_014_tile_r01_c01.json,extracted_unvalidated,page_014_tile_r01_c01__actions__tile_r01_c01,table,Pharmacologic Approaches to Glycemic Treatment,True,True,valid,,"structure: The table is not fully visible in the provided image. Some information may be cut off or incomplete.; structure: The text mentions 'MASH effects' as unknown, but does not provide further details on what MASH refers to.; actions: The table is partially visible; some content may be cut off or incomplete.; actions: Some evidence text may require manual review for accuracy due to partial visibility or ambiguity.; symbols: The table is partially visible and may not contain all information from the original document.; symbols: Some text in the table appears truncated or incomplete.",620110993442d20e7bd64ab8768d8f235e2697752b44f32b3176d2b80bfe1b53,620110993442d20e7bd64ab8768d8f235e2697752b44f32b3176d2b80bfe1b53,pending,,,,,False,Insulin,"FDA, U.S. Food and Drug Administration; GL, gastro-oesophageal reflux disease (GERD); MACE, major adverse cardiovascular events; MASH, metabolic dysfunction-associated steatotic liver disease.",Abbreviations used in the context of insulin therapy or related conditions.,,"These are standard abbreviations used to describe clinical outcomes and conditions relevant to glycemic treatment. They do not directly influence dosing but provide context for understanding risk profiles (e.g., MACE, MASH).",None; these are definitions of commonly used terms in the field.,"FDA, U.S. Food and Drug Administration; GL, gastro-oesophageal reflux disease (GERD); MACE, major adverse cardiovascular events; MASH, metabolic dysfunction-associated steatotic liver disease.","[925.0,196.0,980.0,340.0]"
p014-page-014-tile-r01-c02::page-014-tile-r01-c02-actions-page-014-tile-r01-c02::action::action-001,page_014_tile_r01_c02,14,CONTROLLED_SOURCE_PDF/ADA principles for pharmacologic therapy.pdf,7c2913f79b61bc60f8f51327bb73b80391988fd277116b29e57df4242b2a2404,4222c0f06e35793f86dc0ef492eb9da6f498b0fa694439049776da93f692d0ba,tile,"[233.972,0.0,593.972,360.0]",normalized_0_1000,CONTROLLED_SOURCE_IMAGE/ada_page_014_tile_r01_c02.png,OMITTED_RAW_MODEL_JSON/visual_logic_page_014_tile_r01_c02.json,extracted_unvalidated,page_014_tile_r01_c02__actions__page_014_tile_r01_c02,table,Table 9.2,True,True,invalid,drug_class is required; trigger is required,"structure: No visible arrows or decision nodes with explicit directional relationships between them.; symbols: No visual elements such as arrows, nodes, or decision trees are present in this tile to extract relationships between clinical guidelines and evidence.; symbols: The text is purely descriptive and does not contain any graphical representations that would require manual review for boundary-crossing relationships.; visual item title derived from manifest figure_ids/table_ids",10dd0ecaec8022bfaf63768b549629938f20c6cdee64d54938a94b0fee8cfa73,10dd0ecaec8022bfaf63768b549629938f20c6cdee64d54938a94b0fee8cfa73,pending,,,,,False,,"treatment plan should include agents that reduce cardiovascular and kidney disease risk (Fig. 9.4 and Table 9.2) (see also section 10, “Cardiovascular Disease and Risk Management,” and section 11, “Chronic Kidney Disease and Risk Management”).",,,,,"treatment plan should include agents that reduce cardiovascular and kidney disease risk (Fig. 9.4 and Table 9.2) (see also section 10, “Cardiovascular Disease and Risk Management,” and section 11, “Chronic Kidney Disease and Risk Management”).","[437.0,196.0,859.0,412.0]"
p014-page-014-tile-r01-c02::page-014-tile-r01-c02-actions-page-014-tile-r01-c02::action::action-002,page_014_tile_r01_c02,14,CONTROLLED_SOURCE_PDF/ADA principles for pharmacologic therapy.pdf,7c2913f79b61bc60f8f51327bb73b80391988fd277116b29e57df4242b2a2404,4222c0f06e35793f86dc0ef492eb9da6f498b0fa694439049776da93f692d0ba,tile,"[233.972,0.0,593.972,360.0]",normalized_0_1000,CONTROLLED_SOURCE_IMAGE/ada_page_014_tile_r01_c02.png,OMITTED_RAW_MODEL_JSON/visual_logic_page_014_tile_r01_c02.json,extracted_unvalidated,page_014_tile_r01_c02__actions__page_014_tile_r01_c02,table,Table 9.2,True,True,invalid,drug_class is required; trigger is required,"structure: No visible arrows or decision nodes with explicit directional relationships between them.; symbols: No visual elements such as arrows, nodes, or decision trees are present in this tile to extract relationships between clinical guidelines and evidence.; symbols: The text is purely descriptive and does not contain any graphical representations that would require manual review for boundary-crossing relationships.; visual item title derived from manifest figure_ids/table_ids",8f9422902d5759f3d5e8da2f060ed43a61ee880911dd1f543e15283a087156f7,8f9422902d5759f3d5e8da2f060ed43a61ee880911dd1f543e15283a087156f7,pending,,,,,False,,"In individuals without ASCVD, HF, or CKD, choice of therapy should be informed by considerations of weight management (see section 8, “Obesity and Weight Management for the Prevention and Treatment of Diabetes”), mitigation of metabolic dysfunction-associated steatotic liver disease (MASLD) or metabolic dysfunction-associated steatohepatitis (MASH) risk (see section 4, “Comprehensive Medical Evaluation and Assessment of Comorbidities”), and achievement and maintenance of individualized glycemic goals.",,,,,"In individuals without ASCVD, HF, or CKD, choice of therapy should be informed by considerations of weight management (see section 8, “Obesity and Weight Management for the Prevention and Treatment of Diabetes”), mitigation of metabolic dysfunction-associated steatotic liver disease (MASLD) or metabolic dysfunction-associated steatohepatitis (MASH) risk (see section 4, “Comprehensive Medical Evaluation and Assessment of Comorbidities”), and achievement and maintenance of individualized glycemic goals.","[437.0,412.0,859.0,600.0]"
p014-page-014-tile-r01-c02::page-014-tile-r01-c02-actions-page-014-tile-r01-c02::action::action-003,page_014_tile_r01_c02,14,CONTROLLED_SOURCE_PDF/ADA principles for pharmacologic therapy.pdf,7c2913f79b61bc60f8f51327bb73b80391988fd277116b29e57df4242b2a2404,4222c0f06e35793f86dc0ef492eb9da6f498b0fa694439049776da93f692d0ba,tile,"[233.972,0.0,593.972,360.0]",normalized_0_1000,CONTROLLED_SOURCE_IMAGE/ada_page_014_tile_r01_c02.png,OMITTED_RAW_MODEL_JSON/visual_logic_page_014_tile_r01_c02.json,extracted_unvalidated,page_014_tile_r01_c02__actions__page_014_tile_r01_c02,table,Table 9.2,True,True,invalid,drug_class is required; trigger is required,"structure: No visible arrows or decision nodes with explicit directional relationships between them.; symbols: No visual elements such as arrows, nodes, or decision trees are present in this tile to extract relationships between clinical guidelines and evidence.; symbols: The text is purely descriptive and does not contain any graphical representations that would require manual review for boundary-crossing relationships.; visual item title derived from manifest figure_ids/table_ids",cc2773a355cffbb6df14ed6b43115154f26912bf540aaddb1abddde24ac210d2,cc2773a355cffbb6df14ed6b43115154f26912bf540aaddb1abddde24ac210d2,pending,,,,,False,,"In general, higher-efficacy approaches, including combination therapy, have greater likelihood of achieving treatment goals.",,,,,"In general, higher-efficacy approaches, including combination therapy, have greater likelihood of achieving treatment goals.","[437.0,600.0,859.0,642.0]"
p014-page-014-tile-r01-c02::page-014-tile-r01-c02-actions-page-014-tile-r01-c02::action::action-004,page_014_tile_r01_c02,14,CONTROLLED_SOURCE_PDF/ADA principles for pharmacologic therapy.pdf,7c2913f79b61bc60f8f51327bb73b80391988fd277116b29e57df4242b2a2404,4222c0f06e35793f86dc0ef492eb9da6f498b0fa694439049776da93f692d0ba,tile,"[233.972,0.0,593.972,360.0]",normalized_0_1000,CONTROLLED_SOURCE_IMAGE/ada_page_014_tile_r01_c02.png,OMITTED_RAW_MODEL_JSON/visual_logic_page_014_tile_r01_c02.json,extracted_unvalidated,page_014_tile_r01_c02__actions__page_014_tile_r01_c02,table,Table 9.2,True,True,invalid,drug_class is required; trigger is required,"structure: No visible arrows or decision nodes with explicit directional relationships between them.; symbols: No visual elements such as arrows, nodes, or decision trees are present in this tile to extract relationships between clinical guidelines and evidence.; symbols: The text is purely descriptive and does not contain any graphical representations that would require manual review for boundary-crossing relationships.; visual item title derived from manifest figure_ids/table_ids",d2febb4fbe959ff5dd9d92c906c740e3bcb550fdd0ee3e767cc5f12f146595d8,d2febb4fbe959ff5dd9d92c906c740e3bcb550fdd0ee3e767cc5f12f146595d8,pending,,,,,False,,"Weight management is a distinct treatment goal, along with glycemic management.",,,,,"Weight management is a distinct treatment goal, along with glycemic management.","[437.0,642.0,859.0,680.0]"
p014-page-014-tile-r02-c01::page-014-tile-r02-c01-actions-tile-r02-c01::action::action-001,page_014_tile_r02_c01,14,CONTROLLED_SOURCE_PDF/ADA principles for pharmacologic therapy.pdf,7c2913f79b61bc60f8f51327bb73b80391988fd277116b29e57df4242b2a2404,f77304343933a47c7c8444b6c164011c0692072ed51b616f8803bd6e2a345ca5,tile,"[0.0,288.0,360.0,648.0]",normalized_0_1000,CONTROLLED_SOURCE_IMAGE/ada_page_014_tile_r02_c01.png,OMITTED_RAW_MODEL_JSON/visual_logic_page_014_tile_r02_c01.json,extracted_unvalidated,page_014_tile_r02_c01__actions__tile_r02_c01,table,Table 9.2,True,True,invalid,drug_class is required; trigger is required,"structure: No clinical guideline evidence visible in this single image asset. Asset ID: page_014_tile_r02_c01. PDF page: 14. Asset type: tile. Source-page bounding box: ['0.0', '288.0', '360.0', '648.0']. Preserve exact thresholds, logical alternatives (AND/OR), priority language, arrow direction, medication-class distinctions, and uncertainty. Do not turn alternatives into separate mandatory recommendations. Extract all visible decision nodes and directed arrows. Use short, unique node IDs. Populate decision_nodes and recommendation_edges; leave ordinal_symbols and drug_actions empty unless essential to name a node. Return at most one aggregate visual item for this asset and pass; put every visible record of the requested types into that item's child arrays. Evidence bounding boxes use Qwen3-VL's normalized 0-1000 coordinate grid, not source pixels; use [] when uncertain. Every child record needs a nonempty evidence_text that quotes or closely transcribes visible local wording. For an arrow, evidence_text may briefly identify the visible source label, arrow, and target label. For a tile, do not invent off-tile nodes or arrow endpoints: retain visible evidence and set requires_manual_review=true for any boundary-crossing relationship. Return only data matching the supplied JSON Schema.; actions: The table does not contain explicit clinical guideline evidence such as 'strongly recommended' or 'not recommended'. The information is presented as observational data with neutral effects for most outcomes. The only specific action mentioned is a lower insulin requirement when using SGLT2 inhibitors, which may necessitate a decrease in the insulin titrate per response.; symbols: The provided image does not contain any visible clinical guideline evidence in the form of arrows, decision nodes, or recommendation edges as requested by the schema.; visual item title derived from manifest figure_ids/table_ids",5d544e4b0f78b271a9e529d2ceb061e48bb6173a1e04c92a3c7698ac7c3f733d,5d544e4b0f78b271a9e529d2ceb061e48bb6173a1e04c92a3c7698ac7c3f733d,pending,,,,,False,,Lower insulin required when using SGLT2 inhibitors,,,Decrease insulin titrate per response,,• Lower insulin required when using SGLT2 inhibitors; decrease insulin titrate per response,"[360.0,148.0,576.0,296.0]"
p014-page-014-tile-r02-c02::page-014-tile-r02-c02-actions-page-014-tile-r02-c02::action::action-001,page_014_tile_r02_c02,14,CONTROLLED_SOURCE_PDF/ADA principles for pharmacologic therapy.pdf,7c2913f79b61bc60f8f51327bb73b80391988fd277116b29e57df4242b2a2404,344a985048e367ad68cd7d786866f7ede64ee47e58fc131a2a21876b8a942f46,tile,"[233.972,288.0,593.972,648.0]",normalized_0_1000,CONTROLLED_SOURCE_IMAGE/ada_page_014_tile_r02_c02.png,OMITTED_RAW_MODEL_JSON/visual_logic_page_014_tile_r02_c02.json,extracted_unvalidated,page_014_tile_r02_c02__actions__page_014_tile_r02_c02,table,Table 9.2,True,True,valid,,"structure: No explicit decision nodes or directed arrows are visible in this tile; only a single recommendation statement is present.; structure: The text does not contain any logical alternatives (AND/OR) or priority language that would require additional parsing for decision trees.; actions: No explicit recommendation strength word was visible; used empty string for strength.; actions: No arrows or decision nodes were visible; returned empty arrays for those fields.; symbols: No clinical guideline evidence visible in this single image asset. Asset ID: page_014_tile_r02_c02. PDF page: 14. Asset type: tile. Source-page bounding box: ['233.972', '288.0', '593.972', '648.0']. Preserve exact thresholds, logical alternatives (AND/OR), priority language, arrow direction, medication-class distinctions, and uncertainty. Extract special symbols and their exact local evidence. A single leading '+' in a flowchart label such as '+HF' or '+CKD' uses symbol_type=presence_marker, symbol_role=presence_marker, symbol_count=1, ordinal_level=unknown, and direction=not_applicable; it is not an ordinal score. Only repeated '+' or '$' scales use symbol_role=ordinal_scale. Populate symbols_or_footnotes and ordinal_symbols; leave nodes, edges, and actions empty. Return only data matching the supplied JSON Schema.; visual item title derived from manifest figure_ids/table_ids",fd1b63478cde6c2faf0fd3e66c8b48e02d84063e872626d87a0ba18b829873e9,fd1b63478cde6c2faf0fd3e66c8b48e02d84063e872626d87a0ba18b829873e9,pending,,,,,False,Metformin,First-line therapy for glucose lowering in T2D,For individuals with type 2 diabetes who require initiation or intensification of glucose-lowering therapy to achieve and/or maintain individualized glycemic goals and who do not have additional considerations informing choice of therapy beyond need for glucose lowering.,,Available in immediate-release form (twice-daily dosing) or extended-release form (once daily).,"Weight neutral, does not cause hypoglycemia, reduces cardiovascular mortality.","For individuals with type 2 diabetes who require initiation or intensification of glucose-lowering therapy to achieve and/or maintain individualized glycemic goals and who do not have additional considerations informing choice of therapy beyond need for glucose lowering, metformin is a commonly used medication that historically has been the first-line treatment for type 2 diabetes (93,94). Metformin is effective and safe, is inexpensive and widely available, and reduces risks of microvascular complications, cardiovascular events, and death (93,95,96). Metformin is available in an immediate-release form for twice-daily dosing or as an extended-release form that can be given once daily. Compared with sulfonylureas, metformin as first-line therapy has beneficial effects on A1C, is weight neutral, does not cause hypoglycemia, and reduces cardiovascular mortality.","[437.0,289.0,593.0,648.0]"
p014-page-014-tile-r03-c01::page-014-tile-r03-c01-actions-table-92-continued::action::action-001,page_014_tile_r03_c01,14,CONTROLLED_SOURCE_PDF/ADA principles for pharmacologic therapy.pdf,7c2913f79b61bc60f8f51327bb73b80391988fd277116b29e57df4242b2a2404,08908abddf0a607bfaebc87232783bf89089b427668ed7147eee4bab1b306dad,tile,"[0.0,422.986,360.0,782.986]",normalized_0_1000,CONTROLLED_SOURCE_IMAGE/ada_page_014_tile_r03_c01.png,OMITTED_RAW_MODEL_JSON/visual_logic_page_014_tile_r03_c01.json,extracted_unvalidated,page_014_tile_r03_c01__actions__table_92_continued,table,Table 9.2—Continued,True,True,valid,,"structure: No clinical guideline evidence is present in the provided image asset as it contains only a continuation of Table 9.2 with medication data and definitions, not decision trees or arrows indicating guidelines.; actions: No explicit recommendation-strength words were visible in the provided image asset.; symbols: No clinical guidelines or decision trees are visible in this asset.",7a5f62becf61f2e8a339909709a05e346786f693d481d4e4c797c2c393c04490,7a5f62becf61f2e8a339909709a05e346786f693d481d4e4c797c2c393c04490,pending,,,,,False,Insulin (human),Glucose-lowering efficacy,High to very high,,Available as SQ; regular insulin also available as inhaled formulation,Hypoglycemia risk: Yes,Glucose-lowering efficacy¹ High to very high Hypoglycemia risk Yes,"[360.0,422.986,500.0,782.986]"
p014-page-014-tile-r03-c01::page-014-tile-r03-c01-actions-table-92-continued::action::action-002,page_014_tile_r03_c01,14,CONTROLLED_SOURCE_PDF/ADA principles for pharmacologic therapy.pdf,7c2913f79b61bc60f8f51327bb73b80391988fd277116b29e57df4242b2a2404,08908abddf0a607bfaebc87232783bf89089b427668ed7147eee4bab1b306dad,tile,"[0.0,422.986,360.0,782.986]",normalized_0_1000,CONTROLLED_SOURCE_IMAGE/ada_page_014_tile_r03_c01.png,OMITTED_RAW_MODEL_JSON/visual_logic_page_014_tile_r03_c01.json,extracted_unvalidated,page_014_tile_r03_c01__actions__table_92_continued,table,Table 9.2—Continued,True,True,valid,,"structure: No clinical guideline evidence is present in the provided image asset as it contains only a continuation of Table 9.2 with medication data and definitions, not decision trees or arrows indicating guidelines.; actions: No explicit recommendation-strength words were visible in the provided image asset.; symbols: No clinical guidelines or decision trees are visible in this asset.",d98044b75923f9f1bbf0a994bb2bcceb7083b8f8b64e49a98c6adeaaf04e208d,d98044b75923f9f1bbf0a994bb2bcceb7083b8f8b64e49a98c6adeaaf04e208d,pending,,,,,False,Insulin (analogs),Glucose-lowering efficacy,High to very high,,(SQ),Hypoglycemia risk: Yes,Insulin (analogs) (SQ),"[500.0,422.986,630.0,782.986]"
p014-page-014-tile-r03-c02::page-014-tile-r03-c02-actions-tile-r03-c02::action::action-001,page_014_tile_r03_c02,14,CONTROLLED_SOURCE_PDF/ADA principles for pharmacologic therapy.pdf,7c2913f79b61bc60f8f51327bb73b80391988fd277116b29e57df4242b2a2404,869a35951ffde4367efcc075da2f6fe1d42dff15fed871e3de02d73dc235a4bf,tile,"[233.972,422.986,593.972,782.986]",normalized_0_1000,CONTROLLED_SOURCE_IMAGE/ada_page_014_tile_r03_c02.png,OMITTED_RAW_MODEL_JSON/visual_logic_page_014_tile_r03_c02.json,extracted_unvalidated,page_014_tile_r03_c02__actions__tile_r03_c02,table,Table 9.2,True,True,valid,,"structure: The text does not contain any explicit decision nodes or arrows. The relationships are implied by the logical flow of the paragraph.; structure: No drug actions or ordinal symbols are visible in this asset.; actions: No explicit recommendation-strength words were found in the text; strength is left empty.; actions: The evidence bounding boxes provided are approximate and based on visual layout. Actual coordinates may vary slightly depending on document rendering.; symbols: No visual elements (arrows, nodes) are present in this asset to extract relationships or actions.; symbols: The text is a paragraph describing metformin's role and properties; no structured decision tree or flowchart exists for extraction.; visual item title derived from manifest figure_ids/table_ids",571d445416fad1536800399353c89fb8b3b4e3a451580bf32f6aad8173714145,571d445416fad1536800399353c89fb8b3b4e3a451580bf32f6aad8173714145,pending,,,,,False,Metformin,First-line therapy to achieve and/or maintain individualized glycemic goals,Patients who do not have additional considerations informing choice of therapy beyond need for glucose lowering,,Available in immediate-release form (twice-daily dosing) or extended-release form (once daily).,"Principal side effects are gastrointestinal intolerance due to bloating, abdominal discomfort, and diarrhea; these can be mitigated by gradual dose titration and/or using extended-release forms.","Metformin is a commonly used medication that historically has been the first-line treatment for type 2 diabetes (93,94). Metformin is effective and safe, is inexpensive and widely available, and reduces risks of microvascular complications, cardiovascular events, and death (93,95,96).","[437.0,12.0,870.0,782.0]"
p014-page-014-tile-r03-c02::page-014-tile-r03-c02-actions-tile-r03-c02::action::action-002,page_014_tile_r03_c02,14,CONTROLLED_SOURCE_PDF/ADA principles for pharmacologic therapy.pdf,7c2913f79b61bc60f8f51327bb73b80391988fd277116b29e57df4242b2a2404,869a35951ffde4367efcc075da2f6fe1d42dff15fed871e3de02d73dc235a4bf,tile,"[233.972,422.986,593.972,782.986]",normalized_0_1000,CONTROLLED_SOURCE_IMAGE/ada_page_014_tile_r03_c02.png,OMITTED_RAW_MODEL_JSON/visual_logic_page_014_tile_r03_c02.json,extracted_unvalidated,page_014_tile_r03_c02__actions__tile_r03_c02,table,Table 9.2,True,True,invalid,trigger is required,"structure: The text does not contain any explicit decision nodes or arrows. The relationships are implied by the logical flow of the paragraph.; structure: No drug actions or ordinal symbols are visible in this asset.; actions: No explicit recommendation-strength words were found in the text; strength is left empty.; actions: The evidence bounding boxes provided are approximate and based on visual layout. Actual coordinates may vary slightly depending on document rendering.; symbols: No visual elements (arrows, nodes) are present in this asset to extract relationships or actions.; symbols: The text is a paragraph describing metformin's role and properties; no structured decision tree or flowchart exists for extraction.; visual item title derived from manifest figure_ids/table_ids",5275e7895c2bb1625f23235cb773cd70e5a8287468106d46cccb1b74f6b22d3f,5275e7895c2bb1625f23235cb773cd70e5a8287468106d46cccb1b74f6b22d3f,pending,,,,,False,Metformin,"Compared with sulfonylureas, as first-line therapy",,,,,"Compared with sulfonylureas, metformin as first-line therapy has beneficial effects on A1C, is weight neutral, does not cause hypoglycemia, and reduces cardiovascular mortality (97).","[437.0,528.0,870.0,650.0]"
p014-page-014-tile-r03-c02::page-014-tile-r03-c02-actions-tile-r03-c02::action::action-003,page_014_tile_r03_c02,14,CONTROLLED_SOURCE_PDF/ADA principles for pharmacologic therapy.pdf,7c2913f79b61bc60f8f51327bb73b80391988fd277116b29e57df4242b2a2404,869a35951ffde4367efcc075da2f6fe1d42dff15fed871e3de02d73dc235a4bf,tile,"[233.972,422.986,593.972,782.986]",normalized_0_1000,CONTROLLED_SOURCE_IMAGE/ada_page_014_tile_r03_c02.png,OMITTED_RAW_MODEL_JSON/visual_logic_page_014_tile_r03_c02.json,extracted_unvalidated,page_014_tile_r03_c02__actions__tile_r03_c02,table,Table 9.2,True,True,invalid,trigger is required,"structure: The text does not contain any explicit decision nodes or arrows. The relationships are implied by the logical flow of the paragraph.; structure: No drug actions or ordinal symbols are visible in this asset.; actions: No explicit recommendation-strength words were found in the text; strength is left empty.; actions: The evidence bounding boxes provided are approximate and based on visual layout. Actual coordinates may vary slightly depending on document rendering.; symbols: No visual elements (arrows, nodes) are present in this asset to extract relationships or actions.; symbols: The text is a paragraph describing metformin's role and properties; no structured decision tree or flowchart exists for extraction.; visual item title derived from manifest figure_ids/table_ids",e0f44fac9068c3ead1b5386eba1c0b9c512b565ad70544090ed881961edb3c13,e0f44fac9068c3ead1b5386eba1c0b9c512b565ad70544090ed881961edb3c13,pending,,,,,False,Metformin,"Compared with dipeptidyl peptidase 4 (DPP-4) inhibitors, as monotherapy",,,,,Metformin is also more effective than dipeptidyl peptidase 4 (DPP-4) inhibitors in lowering A1C and weight when used as monotherapy (98).,"[437.0,650.0,870.0,782.0]"
p016-page-016-tile-r01-c01::page-016-tile-r01-c01-actions-s198-patient-treatment-flow::action::action-001,page_016_tile_r01_c01,16,CONTROLLED_SOURCE_PDF/ADA principles for pharmacologic therapy.pdf,7c2913f79b61bc60f8f51327bb73b80391988fd277116b29e57df4242b2a2404,d850c41ab1506eb8c63dab03c386e6ec32615a0e553ba2cafb87df4ac5a4dc93,tile,"[0.0,0.0,360.0,360.0]",normalized_0_1000,CONTROLLED_SOURCE_IMAGE/ada_page_016_tile_r01_c01.png,OMITTED_RAW_MODEL_JSON/visual_logic_page_016_tile_r01_c01.json,extracted_unvalidated,page_016_tile_r01_c01__actions__S198_PATIENT_TREATMENT_FLOW,flowchart,Pharmacologic Approaches to Glycemic Treatment,False,True,valid,,"structure: The image contains text that may be truncated or partially obscured.; structure: Some nodes may have additional information not captured in this extraction.; actions: The image contains text that may be truncated or partially obscured in the provided bounding box.; actions: Some arrows are not fully visible within the specified bounding box, so their endpoints cannot be precisely determined.; symbols: No evidence of clinical guideline evidence visible in this single image asset.; symbols: The flowchart is a visual representation of the guidelines but does not contain explicit clinical guideline evidence such as specific drug names, dosages, or evidence-based algorithms beyond what is described.",cd442d952d1c2cfa3f4816c19836552a640d9a3b6f760d0112fdce773273309a,cd442d952d1c2cfa3f4816c19836552a640d9a3b6f760d0112fdce773273309a,pending,,,,,False,GLP-1 RA or dual GIP and GLP-1 RA,Consider in most individuals prior to insulin,If injectable therapy is needed to attain glycemic goals,,Initiate appropriate starting dose for agent selected (varies within class); Titrate to maintenance dose (varies within class),,Consider GLP-1 RA or dual GIP and GLP-1 RA in most individuals prior to insulin^2,"[308.0,427.0,956.0,470.0]"
p016-page-016-tile-r01-c01::page-016-tile-r01-c01-actions-s198-patient-treatment-flow::action::action-002,page_016_tile_r01_c01,16,CONTROLLED_SOURCE_PDF/ADA principles for pharmacologic therapy.pdf,7c2913f79b61bc60f8f51327bb73b80391988fd277116b29e57df4242b2a2404,d850c41ab1506eb8c63dab03c386e6ec32615a0e553ba2cafb87df4ac5a4dc93,tile,"[0.0,0.0,360.0,360.0]",normalized_0_1000,CONTROLLED_SOURCE_IMAGE/ada_page_016_tile_r01_c01.png,OMITTED_RAW_MODEL_JSON/visual_logic_page_016_tile_r01_c01.json,extracted_unvalidated,page_016_tile_r01_c01__actions__S198_PATIENT_TREATMENT_FLOW,flowchart,Pharmacologic Approaches to Glycemic Treatment,False,True,valid,,"structure: The image contains text that may be truncated or partially obscured.; structure: Some nodes may have additional information not captured in this extraction.; actions: The image contains text that may be truncated or partially obscured in the provided bounding box.; actions: Some arrows are not fully visible within the specified bounding box, so their endpoints cannot be precisely determined.; symbols: No evidence of clinical guideline evidence visible in this single image asset.; symbols: The flowchart is a visual representation of the guidelines but does not contain explicit clinical guideline evidence such as specific drug names, dosages, or evidence-based algorithms beyond what is described.",a4e1ef765106fb27daf8a3acb919b9f691438d2c9e0a3159c75daf7bfda15358,a4e1ef765106fb27daf8a3acb919b9f691438d2c9e0a3159c75daf7bfda15358,pending,,,,,False,Basal Insulin (basal analog or bedtime NPH insulin),Initiation and titration,If glycemia is above goal,,"Start 10 units per day or 0.1–0.2 units/kg per day; Set FPG goal (see section 6, ""Glycemic Goals, Hypoglycemia, and Hyperglycemic Control""); Choose evidence-based titration algorithm, e.g., increase 2 units every 3 days to reach fasting plasma glucose goal without hypoglycemia; For hypoglycemia: determine cause; if no clear reason, lower dose by 10–20%",,"Initiation and titration of basal analog or bedtime NPH insulin^4 INITIATION Start 10 units per day or 0.1–0.2 units/kg per day TITRATION • Set FPG goal (see section 6, ""Glycemic Goals, Hypoglycemia, and Hyperglycemic Control"") • Choose evidence-based titration algorithm, e.g., increase 2 units every 3 days to reach fasting plasma glucose goal without hypoglycemia • For hypoglycemia: determine cause; if no clear reason, lower dose by 10–20%","[308.0,719.0,956.0,840.0]"
p016-page-016-tile-r01-c02::page-016-tile-r01-c02-actions-tile-r01-c02::action::action-001,page_016_tile_r01_c02,16,CONTROLLED_SOURCE_PDF/ADA principles for pharmacologic therapy.pdf,7c2913f79b61bc60f8f51327bb73b80391988fd277116b29e57df4242b2a2404,81a3d24fd82a123a33c82efc918dc6cd04dacaee7180b66afbacfb9d38b6e5f2,tile,"[233.972,0.0,593.972,360.0]",normalized_0_1000,CONTROLLED_SOURCE_IMAGE/ada_page_016_tile_r01_c02.png,OMITTED_RAW_MODEL_JSON/visual_logic_page_016_tile_r01_c02.json,extracted_unvalidated,page_016_tile_r01_c02__actions__tile_r01_c02,flowchart,"Diabetes Care Volume 49, Supplement 1, January 2026",True,True,valid,,"structure: The flowchart is a simplified representation of complex clinical decision-making; real-world application requires integration with patient-specific data, provider judgment, and up-to-date guidelines.; structure: Some text in the image may be truncated or partially obscured due to resolution limits. The extracted evidence attempts to capture visible content accurately.; actions: The flowchart is a visual representation of clinical guidelines; it does not contain explicit strength indicators (e.g., 'strongly recommend', 'recommend') beyond the implicit structure.; actions: Some text in the diagram may be truncated or partially obscured, but all visible content has been extracted.; symbols: No clinical guideline evidence was found in this asset that matches the requested types (symbols, footnotes, ordinal scales).",34c0d74127867db4d4ae9f6e74eed13751b4a5dab83b3f9a9a55d35e28f19f1e,34c0d74127867db4d4ae9f6e74eed13751b4a5dab83b3f9a9a55d35e28f19f1e,pending,,,,,False,GLP-1 RA,Initiate GLP-1 RA in most individuals prior to insulin,If glycemia is above goal and behavioral interventions are insufficient,,Dose varies within class; refer to agent-specific guidelines,Not appropriate if already on dual GIP and GLP-1 RA or insulin preferred,Initiate GLP-1 RA in most individuals prior to insulin^2 (varies within class),"[0.0,360.0,593.972,480.0]"
p016-page-016-tile-r01-c02::page-016-tile-r01-c02-actions-tile-r01-c02::action::action-002,page_016_tile_r01_c02,16,CONTROLLED_SOURCE_PDF/ADA principles for pharmacologic therapy.pdf,7c2913f79b61bc60f8f51327bb73b80391988fd277116b29e57df4242b2a2404,81a3d24fd82a123a33c82efc918dc6cd04dacaee7180b66afbacfb9d38b6e5f2,tile,"[233.972,0.0,593.972,360.0]",normalized_0_1000,CONTROLLED_SOURCE_IMAGE/ada_page_016_tile_r01_c02.png,OMITTED_RAW_MODEL_JSON/visual_logic_page_016_tile_r01_c02.json,extracted_unvalidated,page_016_tile_r01_c02__actions__tile_r01_c02,flowchart,"Diabetes Care Volume 49, Supplement 1, January 2026",True,True,valid,,"structure: The flowchart is a simplified representation of complex clinical decision-making; real-world application requires integration with patient-specific data, provider judgment, and up-to-date guidelines.; structure: Some text in the image may be truncated or partially obscured due to resolution limits. The extracted evidence attempts to capture visible content accurately.; actions: The flowchart is a visual representation of clinical guidelines; it does not contain explicit strength indicators (e.g., 'strongly recommend', 'recommend') beyond the implicit structure.; actions: Some text in the diagram may be truncated or partially obscured, but all visible content has been extracted.; symbols: No clinical guideline evidence was found in this asset that matches the requested types (symbols, footnotes, ordinal scales).",4b3faf6a63941e88a1632d75040f5ee091c5d67c8277dffc11fa6416682bc23f,4b3faf6a63941e88a1632d75040f5ee091c5d67c8277dffc11fa6416682bc23f,pending,,,,,False,Basal Insulin,Add basal insulin,If glycemia is above goal and GLP-1 RA not appropriate or preferred,,"Consider person-specific considerations including cost; refer to algorithm for titration (e.g., increase 2 units every 3 days)",Prescribe glucagon for emergent hypoglycemia; consider adding CGM,"Add basal insulin^3 (person-specific considerations, including cost. Refer to algorithm for prescription of glucagon for emergent hypoglycemia. Consider adding CGM.)","[0.0,480.0,593.972,600.0]"
p016-page-016-tile-r01-c02::page-016-tile-r01-c02-actions-tile-r01-c02::action::action-003,page_016_tile_r01_c02,16,CONTROLLED_SOURCE_PDF/ADA principles for pharmacologic therapy.pdf,7c2913f79b61bc60f8f51327bb73b80391988fd277116b29e57df4242b2a2404,81a3d24fd82a123a33c82efc918dc6cd04dacaee7180b66afbacfb9d38b6e5f2,tile,"[233.972,0.0,593.972,360.0]",normalized_0_1000,CONTROLLED_SOURCE_IMAGE/ada_page_016_tile_r01_c02.png,OMITTED_RAW_MODEL_JSON/visual_logic_page_016_tile_r01_c02.json,extracted_unvalidated,page_016_tile_r01_c02__actions__tile_r01_c02,flowchart,"Diabetes Care Volume 49, Supplement 1, January 2026",True,True,valid,,"structure: The flowchart is a simplified representation of complex clinical decision-making; real-world application requires integration with patient-specific data, provider judgment, and up-to-date guidelines.; structure: Some text in the image may be truncated or partially obscured due to resolution limits. The extracted evidence attempts to capture visible content accurately.; actions: The flowchart is a visual representation of clinical guidelines; it does not contain explicit strength indicators (e.g., 'strongly recommend', 'recommend') beyond the implicit structure.; actions: Some text in the diagram may be truncated or partially obscured, but all visible content has been extracted.; symbols: No clinical guideline evidence was found in this asset that matches the requested types (symbols, footnotes, ordinal scales).",23884d0d30e2611a772aff660f8029f85c387c47baba191fb1a4b34e5b2b1554,23884d0d30e2611a772aff660f8029f85c387c47baba191fb1a4b34e5b2b1554,pending,,,,,False,Basal Analogs or NPH Insulin,Use basal analog or bedtime NPH insulin,If glycemia is above goal and basal insulin added,,"Titration algorithm: increase 2 units every 3 days to glucose goal without hypoglycemia; if no clear reason, lower dose by 10–20%",Avoid overbasalization; consider adjunctive therapy for high variability,"Use basal analog or bedtime NPH insulin^4 (titration algorithm, e.g., increase 2 units every 3 days to glucose goal without hypoglycemia. If no clear reason, lower dose by 10–20%.)","[0.0,600.0,593.972,720.0]"
p016-page-016-tile-r01-c02::page-016-tile-r01-c02-actions-tile-r01-c02::action::action-004,page_016_tile_r01_c02,16,CONTROLLED_SOURCE_PDF/ADA principles for pharmacologic therapy.pdf,7c2913f79b61bc60f8f51327bb73b80391988fd277116b29e57df4242b2a2404,81a3d24fd82a123a33c82efc918dc6cd04dacaee7180b66afbacfb9d38b6e5f2,tile,"[233.972,0.0,593.972,360.0]",normalized_0_1000,CONTROLLED_SOURCE_IMAGE/ada_page_016_tile_r01_c02.png,OMITTED_RAW_MODEL_JSON/visual_logic_page_016_tile_r01_c02.json,extracted_unvalidated,page_016_tile_r01_c02__actions__tile_r01_c02,flowchart,"Diabetes Care Volume 49, Supplement 1, January 2026",True,True,valid,,"structure: The flowchart is a simplified representation of complex clinical decision-making; real-world application requires integration with patient-specific data, provider judgment, and up-to-date guidelines.; structure: Some text in the image may be truncated or partially obscured due to resolution limits. The extracted evidence attempts to capture visible content accurately.; actions: The flowchart is a visual representation of clinical guidelines; it does not contain explicit strength indicators (e.g., 'strongly recommend', 'recommend') beyond the implicit structure.; actions: Some text in the diagram may be truncated or partially obscured, but all visible content has been extracted.; symbols: No clinical guideline evidence was found in this asset that matches the requested types (symbols, footnotes, ordinal scales).",6b6424d3d8188ef43274fd29adc40f55e4c13f712b00698549a88177c52dff25,6b6424d3d8188ef43274fd29adc40f55e4c13f712b00698549a88177c52dff25,pending,,,,,False,Insulin Dose Adjustment,Adjust insulin dose at every visit,If glycemia is above goal and basal analog or NPH insulin used,,Avoid overbasalization; consider adjunctive therapy for high variability,Consider postprandial-to-preprandial variability or unaware hypoglycemia,"Adjust insulin dose at every visit (avoid overbasalization and need to consider adjunctive therapy [e.g., for postprandial-to-preprandial variability or unaware], high glucose variability)","[0.0,720.0,593.972,840.0]"
p016-page-016-tile-r02-c01::page-016-tile-r02-c01-actions-asset-page-016-tile-r02-c01::action::action-001,page_016_tile_r02_c01,16,CONTROLLED_SOURCE_PDF/ADA principles for pharmacologic therapy.pdf,7c2913f79b61bc60f8f51327bb73b80391988fd277116b29e57df4242b2a2404,ccce6deda1722bc0d79f8651e2c15da7aee0156e3cddab5d7bf21c7a77628d65,tile,"[0.0,288.0,360.0,648.0]",normalized_0_1000,CONTROLLED_SOURCE_IMAGE/ada_page_016_tile_r02_c01.png,OMITTED_RAW_MODEL_JSON/visual_logic_page_016_tile_r02_c01.json,extracted_unvalidated,page_016_tile_r02_c01__actions__asset_page_016_tile_r02_c01,flowchart,Figure 9.5,True,True,valid,,"structure: The image is partially cut off at the top and bottom, so some text may be incomplete.; structure: Some arrows are not fully visible in the provided bounding box, but their logical flow can be inferred from context.; actions: The provided image is a flowchart with multiple decision points and actions, but the extraction process has been simplified to focus on drug actions. Some clinical guidelines may be missing or not fully captured due to the complexity of the visual layout.; symbols: The provided image is incomplete; it appears to be a cropped section of a larger flowchart. Some nodes and arrows may not be fully visible or connected as intended in the original document.; symbols: Some text within the flowchart is cut off, making complete extraction difficult (e.g., '...10–20%...' for hypoglycemia management).; symbols: The exact bounding box coordinates are estimated based on visual inspection and may not be precise.; visual item title derived from manifest figure_ids/table_ids",e219e88427c453a605bcf3226cebe2a0339b333e9a80db39f6ac8d4c05fe36c6,e219e88427c453a605bcf3226cebe2a0339b333e9a80db39f6ac8d4c05fe36c6,pending,,,,,False,Insulin,Initiation and titration of prandial insulin,If glycemia is above goal,,"Usually one dose with the largest meal or meal with greatest PPG excursion; prandial insulin can be dosed individually or mixed with NPH as appropriate. INITIATION: 4 units per day or 10% of basal insulin dose. If A1C <8% (<64 mmol/mol), consider lowering the basal dose by 4 units per day or 10% of basal dose. TITRATION: Increase dose by 1–2 units insulin dose or 10–15% twice weekly. For hypoglycemia: determine cause; if no clear reason, lower corresponding dose by 10–20%.",,"Initiation and titration of prandial insulin^5,6 Usually one dose with the largest meal or meal with greatest PPG excursion; prandial insulin can be dosed individually or mixed with NPH as appropriate INITIATION • 4 units per day or 10% of basal insulin dose • If A1C <8% (<64 mmol/mol), consider lowering the basal dose by 4 units per day or 10% of basal dose TITRATION • Increase dose by 1–2 units insulin dose or 10–15% twice weekly • For hypoglycemia: determine cause; if no clear reason, lower corresponding dose by 10–20%","[314.8,337.6,999.0,515.2]"
p016-page-016-tile-r02-c01::page-016-tile-r02-c01-actions-asset-page-016-tile-r02-c01::action::action-002,page_016_tile_r02_c01,16,CONTROLLED_SOURCE_PDF/ADA principles for pharmacologic therapy.pdf,7c2913f79b61bc60f8f51327bb73b80391988fd277116b29e57df4242b2a2404,ccce6deda1722bc0d79f8651e2c15da7aee0156e3cddab5d7bf21c7a77628d65,tile,"[0.0,288.0,360.0,648.0]",normalized_0_1000,CONTROLLED_SOURCE_IMAGE/ada_page_016_tile_r02_c01.png,OMITTED_RAW_MODEL_JSON/visual_logic_page_016_tile_r02_c01.json,extracted_unvalidated,page_016_tile_r02_c01__actions__asset_page_016_tile_r02_c01,flowchart,Figure 9.5,True,True,valid,,"structure: The image is partially cut off at the top and bottom, so some text may be incomplete.; structure: Some arrows are not fully visible in the provided bounding box, but their logical flow can be inferred from context.; actions: The provided image is a flowchart with multiple decision points and actions, but the extraction process has been simplified to focus on drug actions. Some clinical guidelines may be missing or not fully captured due to the complexity of the visual layout.; symbols: The provided image is incomplete; it appears to be a cropped section of a larger flowchart. Some nodes and arrows may not be fully visible or connected as intended in the original document.; symbols: Some text within the flowchart is cut off, making complete extraction difficult (e.g., '...10–20%...' for hypoglycemia management).; symbols: The exact bounding box coordinates are estimated based on visual inspection and may not be precise.; visual item title derived from manifest figure_ids/table_ids",549fe737e2c7b7b4e29fd44d88f7896f30920821a90f35ac53b0e150ec6f5d3c,549fe737e2c7b7b4e29fd44d88f7896f30920821a90f35ac53b0e150ec6f5d3c,pending,,,,,False,GLP-1 Receptor Agonists (GLP-1 RA),Consider these classes in combination and with insulin,If glycemia is above goal and the individual is not already on a GLP-1 RA or dual GIP and GLP-1 receptor agonist,,,,"• If glycemia is above goal and the individual is not already on a GLP-1 RA or dual GIP and GLP-1 receptor agonist, consider these classes in combination and with insulin (may use fixed-ratio product, if available and appropriate)^3","[314.8,217.6,999.0,305.2]"
p016-page-016-tile-r02-c01::page-016-tile-r02-c01-actions-asset-page-016-tile-r02-c01::action::action-003,page_016_tile_r02_c01,16,CONTROLLED_SOURCE_PDF/ADA principles for pharmacologic therapy.pdf,7c2913f79b61bc60f8f51327bb73b80391988fd277116b29e57df4242b2a2404,ccce6deda1722bc0d79f8651e2c15da7aee0156e3cddab5d7bf21c7a77628d65,tile,"[0.0,288.0,360.0,648.0]",normalized_0_1000,CONTROLLED_SOURCE_IMAGE/ada_page_016_tile_r02_c01.png,OMITTED_RAW_MODEL_JSON/visual_logic_page_016_tile_r02_c01.json,extracted_unvalidated,page_016_tile_r02_c01__actions__asset_page_016_tile_r02_c01,flowchart,Figure 9.5,True,True,valid,,"structure: The image is partially cut off at the top and bottom, so some text may be incomplete.; structure: Some arrows are not fully visible in the provided bounding box, but their logical flow can be inferred from context.; actions: The provided image is a flowchart with multiple decision points and actions, but the extraction process has been simplified to focus on drug actions. Some clinical guidelines may be missing or not fully captured due to the complexity of the visual layout.; symbols: The provided image is incomplete; it appears to be a cropped section of a larger flowchart. Some nodes and arrows may not be fully visible or connected as intended in the original document.; symbols: Some text within the flowchart is cut off, making complete extraction difficult (e.g., '...10–20%...' for hypoglycemia management).; symbols: The exact bounding box coordinates are estimated based on visual inspection and may not be precise.; visual item title derived from manifest figure_ids/table_ids",699be6643f7f0ceeeffece9bf75835420580a49b15f08018db00ee74dad5cf6c,699be6643f7f0ceeeffece9bf75835420580a49b15f08018db00ee74dad5cf6c,pending,,,,,False,Insulin (NPH and short/rapid-acting),Consider self-mixed/split insulin plan,If glycemia is above goal,,"INITIATION: Total NPH dose = 80% of current NPH dose at the same total daily dose. 2/3 given before breakfast, 1/3 given before dinner. Add 4 units of short/rapid-acting insulin to each injection or reduce NPH dose. TITRATION: Titrate each component of the plan based on individualized response.",,Consider self-mixed/split insulin plan Can adjust NPH and short/rapid-acting insulins separately INITIATION • Total NPH dose = 80% of current NPH dose at the same total daily dose • 2/3 given before breakfast • 1/3 given before dinner • Add 4 units of short/rapid-acting insulin to each injection or reduce NPH dose TITRATION • Titrate each component of the plan based on individualized response,"[560.8,627.6,999.0,843.2]"
p016-page-016-tile-r02-c01::page-016-tile-r02-c01-actions-asset-page-016-tile-r02-c01::action::action-004,page_016_tile_r02_c01,16,CONTROLLED_SOURCE_PDF/ADA principles for pharmacologic therapy.pdf,7c2913f79b61bc60f8f51327bb73b80391988fd277116b29e57df4242b2a2404,ccce6deda1722bc0d79f8651e2c15da7aee0156e3cddab5d7bf21c7a77628d65,tile,"[0.0,288.0,360.0,648.0]",normalized_0_1000,CONTROLLED_SOURCE_IMAGE/ada_page_016_tile_r02_c01.png,OMITTED_RAW_MODEL_JSON/visual_logic_page_016_tile_r02_c01.json,extracted_unvalidated,page_016_tile_r02_c01__actions__asset_page_016_tile_r02_c01,flowchart,Figure 9.5,True,True,valid,,"structure: The image is partially cut off at the top and bottom, so some text may be incomplete.; structure: Some arrows are not fully visible in the provided bounding box, but their logical flow can be inferred from context.; actions: The provided image is a flowchart with multiple decision points and actions, but the extraction process has been simplified to focus on drug actions. Some clinical guidelines may be missing or not fully captured due to the complexity of the visual layout.; symbols: The provided image is incomplete; it appears to be a cropped section of a larger flowchart. Some nodes and arrows may not be fully visible or connected as intended in the original document.; symbols: Some text within the flowchart is cut off, making complete extraction difficult (e.g., '...10–20%...' for hypoglycemia management).; symbols: The exact bounding box coordinates are estimated based on visual inspection and may not be precise.; visual item title derived from manifest figure_ids/table_ids",15901f202097d98da372b74067e9b72676065b3869cfe0305de0b87f1b55f416,15901f202097d98da372b74067e9b72676065b3869cfe0305de0b87f1b55f416,pending,,,,,False,Insulin (basal and prandial),Proceed to full basal-bolus plan,After stepwise doses of prandial insulin,,,,"Proceed to full basal-bolus plan (i.e., basal insulin and prandial insulin with each meal)","[234.8,750.6,519.0,800.2]"
p016-page-016-tile-r02-c02::page-016-tile-r02-c02-actions-tile-r02-c02::action::action-001,page_016_tile_r02_c02,16,CONTROLLED_SOURCE_PDF/ADA principles for pharmacologic therapy.pdf,7c2913f79b61bc60f8f51327bb73b80391988fd277116b29e57df4242b2a2404,a27cdba8ff2cf5319432911a83c311d8ee007fce5d98d9876db31897949a8e49,tile,"[233.972,288.0,593.972,648.0]",normalized_0_1000,CONTROLLED_SOURCE_IMAGE/ada_page_016_tile_r02_c02.png,OMITTED_RAW_MODEL_JSON/visual_logic_page_016_tile_r02_c02.json,extracted_unvalidated,page_016_tile_r02_c02__actions__tile_r02_c02,flowchart,Figure 9.5,True,True,valid,,"structure: The flowchart is partially cut off at the bottom of the image. The full context may not be visible.; structure: Some text within nodes is truncated due to image resolution or cropping.; actions: The flowchart is complex and may require manual review to ensure all connections are correctly interpreted.; actions: Some text in the image appears cut off or partially obscured, which may affect accuracy of extracted content.; symbols: The provided image is a flowchart with multiple decision points, but no specific clinical guideline evidence such as citations or references to external guidelines are visible within this single tile. The text includes superscripts like '5,6' indicating potential references, but these are not fully rendered in the visual asset and cannot be extracted without additional context.; symbols: The algorithm contains conditional logic (e.g., 'If glycemia is above goal') which requires manual review to ensure accurate interpretation of flow direction and decision branching.; visual item title derived from manifest figure_ids/table_ids",6329f2601ee17ff90e3ef08241dc3eda6e2c2cbb4d44136a4d6473c3bca96202,6329f2601ee17ff90e3ef08241dc3eda6e2c2cbb4d44136a4d6473c3bca96202,pending,,,,,False,insulin,titrate dose at every visit,if glycemia is above goal,,"increase 2 units every 3 days to glucose goal without hypoglycemia; if no clear reason, lower dose by 10–20%","consider overbasalization and need to consider adjunctive (e.g., preprandial-to-postprandial) for unaware or aware patients with high glucose variability","of insulin dose at every visit overbasalization and need to consider adjunctive to-morning and/or postprandial-to-preprandial aware or unaware], high glucose variability)","[0.0,128.567,403.972,188.0]"
p016-page-016-tile-r02-c02::page-016-tile-r02-c02-actions-tile-r02-c02::action::action-002,page_016_tile_r02_c02,16,CONTROLLED_SOURCE_PDF/ADA principles for pharmacologic therapy.pdf,7c2913f79b61bc60f8f51327bb73b80391988fd277116b29e57df4242b2a2404,a27cdba8ff2cf5319432911a83c311d8ee007fce5d98d9876db31897949a8e49,tile,"[233.972,288.0,593.972,648.0]",normalized_0_1000,CONTROLLED_SOURCE_IMAGE/ada_page_016_tile_r02_c02.png,OMITTED_RAW_MODEL_JSON/visual_logic_page_016_tile_r02_c02.json,extracted_unvalidated,page_016_tile_r02_c02__actions__tile_r02_c02,flowchart,Figure 9.5,True,True,valid,,"structure: The flowchart is partially cut off at the bottom of the image. The full context may not be visible.; structure: Some text within nodes is truncated due to image resolution or cropping.; actions: The flowchart is complex and may require manual review to ensure all connections are correctly interpreted.; actions: Some text in the image appears cut off or partially obscured, which may affect accuracy of extracted content.; symbols: The provided image is a flowchart with multiple decision points, but no specific clinical guideline evidence such as citations or references to external guidelines are visible within this single tile. The text includes superscripts like '5,6' indicating potential references, but these are not fully rendered in the visual asset and cannot be extracted without additional context.; symbols: The algorithm contains conditional logic (e.g., 'If glycemia is above goal') which requires manual review to ensure accurate interpretation of flow direction and decision branching.; visual item title derived from manifest figure_ids/table_ids",9f7256d0abc8becd2730e38ea1593e4874adeef7041cf2fffcf853bd17b430ff,9f7256d0abc8becd2730e38ea1593e4874adeef7041cf2fffcf853bd17b430ff,pending,,,,,False,GLP-1 RA or dual GIP and GLP-1 RA,add with insulin,if patient is not already on a GLP-1 RA or dual GIP and GLP-1 RA,,"may use fixed-ratio product, if available",,"al is not already on a GLP-1 RA or dual GIP and GLP-1 RA, with insulin (may use fixed-ratio product, if available)","[0.0,208.567,403.972,268.0]"
p016-page-016-tile-r02-c02::page-016-tile-r02-c02-actions-tile-r02-c02::action::action-003,page_016_tile_r02_c02,16,CONTROLLED_SOURCE_PDF/ADA principles for pharmacologic therapy.pdf,7c2913f79b61bc60f8f51327bb73b80391988fd277116b29e57df4242b2a2404,a27cdba8ff2cf5319432911a83c311d8ee007fce5d98d9876db31897949a8e49,tile,"[233.972,288.0,593.972,648.0]",normalized_0_1000,CONTROLLED_SOURCE_IMAGE/ada_page_016_tile_r02_c02.png,OMITTED_RAW_MODEL_JSON/visual_logic_page_016_tile_r02_c02.json,extracted_unvalidated,page_016_tile_r02_c02__actions__tile_r02_c02,flowchart,Figure 9.5,True,True,valid,,"structure: The flowchart is partially cut off at the bottom of the image. The full context may not be visible.; structure: Some text within nodes is truncated due to image resolution or cropping.; actions: The flowchart is complex and may require manual review to ensure all connections are correctly interpreted.; actions: Some text in the image appears cut off or partially obscured, which may affect accuracy of extracted content.; symbols: The provided image is a flowchart with multiple decision points, but no specific clinical guideline evidence such as citations or references to external guidelines are visible within this single tile. The text includes superscripts like '5,6' indicating potential references, but these are not fully rendered in the visual asset and cannot be extracted without additional context.; symbols: The algorithm contains conditional logic (e.g., 'If glycemia is above goal') which requires manual review to ensure accurate interpretation of flow direction and decision branching.; visual item title derived from manifest figure_ids/table_ids",ad0c37561dd7fe63ab5969d54a8a1acc3f3c62d7275b7ad7c0cb38a0a3add84b,ad0c37561dd7fe63ab5969d54a8a1acc3f3c62d7275b7ad7c0cb38a0a3add84b,pending,,,,,False,prandial insulin,titrate prandial insulin dose,if glycemia is above goal and patient is not on GLP-1 RA or dual GIP and GLP-1 RA,,"increase dose by 1–2 units insulin dose or 10–15% twice weekly; for hypoglycemia: determine cause; if no clear reason, lower corresponding dose by 10–20%",,"ration of prandial insulin at meal or meal with greatest PPG excursion; individually or mixed with NPH as appropriate TITRATION • Increase dose by 1–2 units insulin dose or 10–15% twice weekly • For hypoglycemia: determine cause; if no clear reason, lower corresponding dose by 10–20%","[0.0,348.567,403.972,408.0]"
p016-page-016-tile-r02-c02::page-016-tile-r02-c02-actions-tile-r02-c02::action::action-004,page_016_tile_r02_c02,16,CONTROLLED_SOURCE_PDF/ADA principles for pharmacologic therapy.pdf,7c2913f79b61bc60f8f51327bb73b80391988fd277116b29e57df4242b2a2404,a27cdba8ff2cf5319432911a83c311d8ee007fce5d98d9876db31897949a8e49,tile,"[233.972,288.0,593.972,648.0]",normalized_0_1000,CONTROLLED_SOURCE_IMAGE/ada_page_016_tile_r02_c02.png,OMITTED_RAW_MODEL_JSON/visual_logic_page_016_tile_r02_c02.json,extracted_unvalidated,page_016_tile_r02_c02__actions__tile_r02_c02,flowchart,Figure 9.5,True,True,valid,,"structure: The flowchart is partially cut off at the bottom of the image. The full context may not be visible.; structure: Some text within nodes is truncated due to image resolution or cropping.; actions: The flowchart is complex and may require manual review to ensure all connections are correctly interpreted.; actions: Some text in the image appears cut off or partially obscured, which may affect accuracy of extracted content.; symbols: The provided image is a flowchart with multiple decision points, but no specific clinical guideline evidence such as citations or references to external guidelines are visible within this single tile. The text includes superscripts like '5,6' indicating potential references, but these are not fully rendered in the visual asset and cannot be extracted without additional context.; symbols: The algorithm contains conditional logic (e.g., 'If glycemia is above goal') which requires manual review to ensure accurate interpretation of flow direction and decision branching.; visual item title derived from manifest figure_ids/table_ids",a50e083804cc1cbe4867d9d4dbc443d2266d6bdc4b5c70ae86c4d75ccd052a3f,a50e083804cc1cbe4867d9d4dbc443d2266d6bdc4b5c70ae86c4d75ccd052a3f,pending,,,,,False,bedtime NPH,convert to twice-daily NPH plan,if on bedtime NPH and glycemia is above goal,,"total dose = 80% of current bedtime NPH dose; 2/3 given in the morning, 1/3 given at bedtime; titrate based on individualized needs",,"If on bedtime NPH, consider converting to twice-daily NPH plan Conversion based on individual needs and current glycemic management. The following is one possible approach: INITIATION • Total dose = 80% of current bedtime NPH dose • 2/3 given in the morning • 1/3 given at bedtime TITRATION • Titrate based on individualized needs","[456.972,288.0,783.972,348.0]"
p016-page-016-tile-r02-c02::page-016-tile-r02-c02-actions-tile-r02-c02::action::action-005,page_016_tile_r02_c02,16,CONTROLLED_SOURCE_PDF/ADA principles for pharmacologic therapy.pdf,7c2913f79b61bc60f8f51327bb73b80391988fd277116b29e57df4242b2a2404,a27cdba8ff2cf5319432911a83c311d8ee007fce5d98d9876db31897949a8e49,tile,"[233.972,288.0,593.972,648.0]",normalized_0_1000,CONTROLLED_SOURCE_IMAGE/ada_page_016_tile_r02_c02.png,OMITTED_RAW_MODEL_JSON/visual_logic_page_016_tile_r02_c02.json,extracted_unvalidated,page_016_tile_r02_c02__actions__tile_r02_c02,flowchart,Figure 9.5,True,True,valid,,"structure: The flowchart is partially cut off at the bottom of the image. The full context may not be visible.; structure: Some text within nodes is truncated due to image resolution or cropping.; actions: The flowchart is complex and may require manual review to ensure all connections are correctly interpreted.; actions: Some text in the image appears cut off or partially obscured, which may affect accuracy of extracted content.; symbols: The provided image is a flowchart with multiple decision points, but no specific clinical guideline evidence such as citations or references to external guidelines are visible within this single tile. The text includes superscripts like '5,6' indicating potential references, but these are not fully rendered in the visual asset and cannot be extracted without additional context.; symbols: The algorithm contains conditional logic (e.g., 'If glycemia is above goal') which requires manual review to ensure accurate interpretation of flow direction and decision branching.; visual item title derived from manifest figure_ids/table_ids",2ace30a01904ac4b9242d5446e0421833ff5ab30de09c82e34d7b1fb53a6aaf8,2ace30a01904ac4b9242d5446e0421833ff5ab30de09c82e34d7b1fb53a6aaf8,pending,,,,,False,self-mixed/split insulin plan,consider self-mixed/split insulin plan,if glycemia is above goal and patient is not on GLP-1 RA or dual GIP and GLP-1 RA,,total dose = 80% of current NPH dose at the same total before breakfast; before dinner: add short/rapid-acting insulin to each injection or 10% of NPH dose; titrate each component based on individualized needs,,Consider self-mixed/split insulin plan just NPH and short/rapid-acting insulins separately dose = 80% of current NPH dose at the same total before breakfast before dinner 10% of NPH dose ach component of the plan based on individualized needs,"[0.0,468.567,403.972,528.0]"
p016-page-016-tile-r02-c02::page-016-tile-r02-c02-actions-tile-r02-c02::action::action-006,page_016_tile_r02_c02,16,CONTROLLED_SOURCE_PDF/ADA principles for pharmacologic therapy.pdf,7c2913f79b61bc60f8f51327bb73b80391988fd277116b29e57df4242b2a2404,a27cdba8ff2cf5319432911a83c311d8ee007fce5d98d9876db31897949a8e49,tile,"[233.972,288.0,593.972,648.0]",normalized_0_1000,CONTROLLED_SOURCE_IMAGE/ada_page_016_tile_r02_c02.png,OMITTED_RAW_MODEL_JSON/visual_logic_page_016_tile_r02_c02.json,extracted_unvalidated,page_016_tile_r02_c02__actions__tile_r02_c02,flowchart,Figure 9.5,True,True,valid,,"structure: The flowchart is partially cut off at the bottom of the image. The full context may not be visible.; structure: Some text within nodes is truncated due to image resolution or cropping.; actions: The flowchart is complex and may require manual review to ensure all connections are correctly interpreted.; actions: Some text in the image appears cut off or partially obscured, which may affect accuracy of extracted content.; symbols: The provided image is a flowchart with multiple decision points, but no specific clinical guideline evidence such as citations or references to external guidelines are visible within this single tile. The text includes superscripts like '5,6' indicating potential references, but these are not fully rendered in the visual asset and cannot be extracted without additional context.; symbols: The algorithm contains conditional logic (e.g., 'If glycemia is above goal') which requires manual review to ensure accurate interpretation of flow direction and decision branching.; visual item title derived from manifest figure_ids/table_ids",04dfaa838e14dfb282afa75e87768813a5395905cac80d845a71b2facd7b94c8,04dfaa838e14dfb282afa75e87768813a5395905cac80d845a71b2facd7b94c8,pending,,,,,False,twice-daily premixed insulin plan,consider twice-daily premixed insulin plan,if glycemia is above goal and patient is not on GLP-1 RA or dual GIP and GLP-1 RA,,"usually unit per unit at the same total insulin dose, but may require adjustment to individual needs; titrate based on individualized needs",,"Consider twice-daily premixed insulin plan INITIATION • Usually unit per unit at the same total insulin dose, but may require adjustment to individual needs TITRATION • Titrate based on individualized needs","[456.972,408.0,783.972,468.0]"
p016-page-016-tile-r03-c01::page-016-tile-r03-c01-actions-figure-95::action::action-001,page_016_tile_r03_c01,16,CONTROLLED_SOURCE_PDF/ADA principles for pharmacologic therapy.pdf,7c2913f79b61bc60f8f51327bb73b80391988fd277116b29e57df4242b2a2404,261a22de3ea4dd739c4ea54401373f7095a181f29eccf2ad65f6e59c8356f15a,tile,"[0.0,422.986,360.0,782.986]",normalized_0_1000,CONTROLLED_SOURCE_IMAGE/ada_page_016_tile_r03_c01.png,OMITTED_RAW_MODEL_JSON/visual_logic_page_016_tile_r03_c01.json,extracted_unvalidated,page_016_tile_r03_c01__actions__figure_95,figure,Figure 9.5—Intensifying to injectable therapies in type 2 diabetes.,False,True,valid,,"structure: The visible text in the image is not fully legible or complete for some nodes and edges.; structure: Some arrows may be truncated or partially obscured.; actions: The figure contains a flowchart with decision nodes and arrows that are not fully captured in this extraction due to limitations in parsing visual relationships. The text-based recommendations are extracted accurately, but the graphical structure is not represented here.; actions: Some dose logic (e.g., 'Increase dose by 1-2 units insulin dose or 10–15% twice weekly') is present but may be contextually dependent on specific patient scenarios and is not fully captured in this structured extraction.; symbols: No visible clinical guideline evidence was extracted for this asset.",c1d3919af22571e577c73e19c4df7ab371c4f735e360ddb0a68bff251f383fd7,c1d3919af22571e577c73e19c4df7ab371c4f735e360ddb0a68bff251f383fd7,pending,,,,,False,Insulin,"Consider insulin as the first injectable if symptoms of hyperglycemia are present, when A1C or blood glucose ≥300 mg/dL (≥16.7 mmol/L), or when a diagnosis of type 1 diabetes is a possibility.",Symptoms of hyperglycemia OR A1C or blood glucose ≥300 mg/dL (≥16.7 mmol/L) OR possible type 1 diabetes,,,,"Consider insulin as the first injectable if symptoms of hyperglycemia are present, when A1C or blood glucose ≥300 mg/dL (≥16.7 mmol/L), or when a diagnosis of type 1 diabetes is a possibility.","[245.0,508.0,999.0,530.0]"
p016-page-016-tile-r03-c01::page-016-tile-r03-c01-actions-figure-95::action::action-002,page_016_tile_r03_c01,16,CONTROLLED_SOURCE_PDF/ADA principles for pharmacologic therapy.pdf,7c2913f79b61bc60f8f51327bb73b80391988fd277116b29e57df4242b2a2404,261a22de3ea4dd739c4ea54401373f7095a181f29eccf2ad65f6e59c8356f15a,tile,"[0.0,422.986,360.0,782.986]",normalized_0_1000,CONTROLLED_SOURCE_IMAGE/ada_page_016_tile_r03_c01.png,OMITTED_RAW_MODEL_JSON/visual_logic_page_016_tile_r03_c01.json,extracted_unvalidated,page_016_tile_r03_c01__actions__figure_95,figure,Figure 9.5—Intensifying to injectable therapies in type 2 diabetes.,False,True,invalid,trigger is required,"structure: The visible text in the image is not fully legible or complete for some nodes and edges.; structure: Some arrows may be truncated or partially obscured.; actions: The figure contains a flowchart with decision nodes and arrows that are not fully captured in this extraction due to limitations in parsing visual relationships. The text-based recommendations are extracted accurately, but the graphical structure is not represented here.; actions: Some dose logic (e.g., 'Increase dose by 1-2 units insulin dose or 10–15% twice weekly') is present but may be contextually dependent on specific patient scenarios and is not fully captured in this structured extraction.; symbols: No visible clinical guideline evidence was extracted for this asset.",5c32eec922240bd7a8c49f022fb6f63d41975f29e71174a107d950e8df16880a,5c32eec922240bd7a8c49f022fb6f63d41975f29e71174a107d950e8df16880a,pending,,,,,False,GLP-1 RA,"When selecting GLP-1 RAs, consider individual preference, glycemic lowering, weight-lowering effect, and proven CVD benefit; oral or injectable GLP-1 RAs are appropriate.",,,,,"When selecting GLP-1 RAs, consider individual preference, glycemic lowering, weight-lowering effect, and proven CVD benefit; oral or injectable GLP-1 RAs are appropriate.","[245.0,530.0,999.0,550.0]"
p016-page-016-tile-r03-c01::page-016-tile-r03-c01-actions-figure-95::action::action-003,page_016_tile_r03_c01,16,CONTROLLED_SOURCE_PDF/ADA principles for pharmacologic therapy.pdf,7c2913f79b61bc60f8f51327bb73b80391988fd277116b29e57df4242b2a2404,261a22de3ea4dd739c4ea54401373f7095a181f29eccf2ad65f6e59c8356f15a,tile,"[0.0,422.986,360.0,782.986]",normalized_0_1000,CONTROLLED_SOURCE_IMAGE/ada_page_016_tile_r03_c01.png,OMITTED_RAW_MODEL_JSON/visual_logic_page_016_tile_r03_c01.json,extracted_unvalidated,page_016_tile_r03_c01__actions__figure_95,figure,Figure 9.5—Intensifying to injectable therapies in type 2 diabetes.,False,True,invalid,trigger is required,"structure: The visible text in the image is not fully legible or complete for some nodes and edges.; structure: Some arrows may be truncated or partially obscured.; actions: The figure contains a flowchart with decision nodes and arrows that are not fully captured in this extraction due to limitations in parsing visual relationships. The text-based recommendations are extracted accurately, but the graphical structure is not represented here.; actions: Some dose logic (e.g., 'Increase dose by 1-2 units insulin dose or 10–15% twice weekly') is present but may be contextually dependent on specific patient scenarios and is not fully captured in this structured extraction.; symbols: No visible clinical guideline evidence was extracted for this asset.",20156b47a98596a1b015443065f1be9637e2b1fa4978ad50c8195b841693d3a6,20156b47a98596a1b015443065f1be9637e2b1fa4978ad50c8195b841693d3a6,pending,,,,,False,GLP-1 RA + Basal Insulin,"For people on GLP-1 RA and basal insulin combination, consider use of a fixed-ratio combination product.",,,,,"For people on GLP-1 RA and basal insulin combination, consider use of a fixed-ratio combination product.","[245.0,550.0,999.0,570.0]"
p016-page-016-tile-r03-c01::page-016-tile-r03-c01-actions-figure-95::action::action-004,page_016_tile_r03_c01,16,CONTROLLED_SOURCE_PDF/ADA principles for pharmacologic therapy.pdf,7c2913f79b61bc60f8f51327bb73b80391988fd277116b29e57df4242b2a2404,261a22de3ea4dd739c4ea54401373f7095a181f29eccf2ad65f6e59c8356f15a,tile,"[0.0,422.986,360.0,782.986]",normalized_0_1000,CONTROLLED_SOURCE_IMAGE/ada_page_016_tile_r03_c01.png,OMITTED_RAW_MODEL_JSON/visual_logic_page_016_tile_r03_c01.json,extracted_unvalidated,page_016_tile_r03_c01__actions__figure_95,figure,Figure 9.5—Intensifying to injectable therapies in type 2 diabetes.,False,True,valid,,"structure: The visible text in the image is not fully legible or complete for some nodes and edges.; structure: Some arrows may be truncated or partially obscured.; actions: The figure contains a flowchart with decision nodes and arrows that are not fully captured in this extraction due to limitations in parsing visual relationships. The text-based recommendations are extracted accurately, but the graphical structure is not represented here.; actions: Some dose logic (e.g., 'Increase dose by 1-2 units insulin dose or 10–15% twice weekly') is present but may be contextually dependent on specific patient scenarios and is not fully captured in this structured extraction.; symbols: No visible clinical guideline evidence was extracted for this asset.",789990101b469babc5f07b0a644736d814baf9f0e9e7c3cb41a30fca6db337cc,789990101b469babc5f07b0a644736d814baf9f0e9e7c3cb41a30fca6db337cc,pending,,,,,False,NPH,Consider switching from evening NPH to a basal analog if the individual develops hypoglycemia and/or fasting glucose is better managed with a morning dose of a long-acting basal insulin. Consider dosing NPH in the morning.,Hypoglycemia AND/OR fasting glucose not well controlled,,Switch to basal analog; consider morning NPH,,Consider switching from evening NPH to a basal analog if the individual develops hypoglycemia and/or fasting glucose is better managed with a morning dose of a long-acting basal insulin. Consider dosing NPH in the morning.,"[245.0,570.0,999.0,590.0]"
p016-page-016-tile-r03-c01::page-016-tile-r03-c01-actions-figure-95::action::action-005,page_016_tile_r03_c01,16,CONTROLLED_SOURCE_PDF/ADA principles for pharmacologic therapy.pdf,7c2913f79b61bc60f8f51327bb73b80391988fd277116b29e57df4242b2a2404,261a22de3ea4dd739c4ea54401373f7095a181f29eccf2ad65f6e59c8356f15a,tile,"[0.0,422.986,360.0,782.986]",normalized_0_1000,CONTROLLED_SOURCE_IMAGE/ada_page_016_tile_r03_c01.png,OMITTED_RAW_MODEL_JSON/visual_logic_page_016_tile_r03_c01.json,extracted_unvalidated,page_016_tile_r03_c01__actions__figure_95,figure,Figure 9.5—Intensifying to injectable therapies in type 2 diabetes.,False,True,invalid,trigger is required,"structure: The visible text in the image is not fully legible or complete for some nodes and edges.; structure: Some arrows may be truncated or partially obscured.; actions: The figure contains a flowchart with decision nodes and arrows that are not fully captured in this extraction due to limitations in parsing visual relationships. The text-based recommendations are extracted accurately, but the graphical structure is not represented here.; actions: Some dose logic (e.g., 'Increase dose by 1-2 units insulin dose or 10–15% twice weekly') is present but may be contextually dependent on specific patient scenarios and is not fully captured in this structured extraction.; symbols: No visible clinical guideline evidence was extracted for this asset.",f5a337ed296d8c934ab0b93939003ca1fec7fc0dbd49947fde3eecab5df21e7c,f5a337ed296d8c934ab0b93939003ca1fec7fc0dbd49947fde3eecab5df21e7c,pending,,,,,False,Prandial Insulin,"Prandial insulin options include injectable rapid- and ultra-rapid-acting analog insulins, injectable short-acting insulins.",,,,,"Prandial insulin options include injectable rapid- and ultra-rapid-acting analog insulins, injectable short-acting insulins.","[245.0,590.0,999.0,610.0]"
p016-page-016-tile-r03-c01::page-016-tile-r03-c01-actions-figure-95::action::action-006,page_016_tile_r03_c01,16,CONTROLLED_SOURCE_PDF/ADA principles for pharmacologic therapy.pdf,7c2913f79b61bc60f8f51327bb73b80391988fd277116b29e57df4242b2a2404,261a22de3ea4dd739c4ea54401373f7095a181f29eccf2ad65f6e59c8356f15a,tile,"[0.0,422.986,360.0,782.986]",normalized_0_1000,CONTROLLED_SOURCE_IMAGE/ada_page_016_tile_r03_c01.png,OMITTED_RAW_MODEL_JSON/visual_logic_page_016_tile_r03_c01.json,extracted_unvalidated,page_016_tile_r03_c01__actions__figure_95,figure,Figure 9.5—Intensifying to injectable therapies in type 2 diabetes.,False,True,invalid,trigger is required,"structure: The visible text in the image is not fully legible or complete for some nodes and edges.; structure: Some arrows may be truncated or partially obscured.; actions: The figure contains a flowchart with decision nodes and arrows that are not fully captured in this extraction due to limitations in parsing visual relationships. The text-based recommendations are extracted accurately, but the graphical structure is not represented here.; actions: Some dose logic (e.g., 'Increase dose by 1-2 units insulin dose or 10–15% twice weekly') is present but may be contextually dependent on specific patient scenarios and is not fully captured in this structured extraction.; symbols: No visible clinical guideline evidence was extracted for this asset.",110982a043f5507f19a76f184f66fa94a2d13713e1104e8e8740e1d7b76d7dee,110982a043f5507f19a76f184f66fa94a2d13713e1104e8e8740e1d7b76d7dee,pending,,,,,False,Prandial Insulin + NPH,"If adding prandial insulin to NPH, consider initiation of a self-mixed or premixed insulin plan to decrease the risk of hypoglycemia.",,,Initiate self-mixed or premixed insulin plan,To decrease risk of hypoglycemia,"If adding prandial insulin to NPH, consider initiation of a self-mixed or premixed insulin plan to decrease the risk of hypoglycemia.","[245.0,610.0,999.0,630.0]"
p016-page-016-tile-r03-c02::page-016-tile-r03-c02-actions-tile-r03-c02::action::action-001,page_016_tile_r03_c02,16,CONTROLLED_SOURCE_PDF/ADA principles for pharmacologic therapy.pdf,7c2913f79b61bc60f8f51327bb73b80391988fd277116b29e57df4242b2a2404,460881c76000908bd06cfa8334dfc551a9266b16ed527bd8539d26164692086b,tile,"[233.972,422.986,593.972,782.986]",normalized_0_1000,CONTROLLED_SOURCE_IMAGE/ada_page_016_tile_r03_c02.png,OMITTED_RAW_MODEL_JSON/visual_logic_page_016_tile_r03_c02.json,extracted_unvalidated,page_016_tile_r03_c02__actions__tile_r03_c02,flowchart,Figure 9.5,True,True,invalid,"duplicate action record within item: ('NPH insulin', 'Initiation: Total dose = 80% of current bedtime NPH dose; 2/3 given in the morning, 1/3 given at bedtime.', 'If glycemia is above goal', 'Titration based on individualized needs.', '')","structure: The image contains partial text that may not be fully captured in the bounding boxes provided.; structure: Some nodes are visually connected but their exact relationships might require manual review for accuracy.; actions: The provided image asset contains a flowchart with multiple decision points and recommendations for insulin therapy in type 2 diabetes. The visible text includes specific dosing strategies, titration guidelines, and considerations for different patient scenarios (e.g., hypoglycemia, hyperglycemia). However, the exact clinical guideline evidence is not explicitly stated as 'strong' or 'weak', nor are there clear indications of priority language or logical alternatives. The flowchart suggests a structured approach to insulin therapy but does not provide explicit strength indicators for each recommendation.; symbols: The provided image is a cropped section of a larger document; some context may be missing. The visible text includes partial sentences and fragmented guidelines.; symbols: Some arrows in the flowchart are not fully connected or labeled, making complete interpretation difficult without additional context.; visual item title derived from manifest figure_ids/table_ids",f57e6052168c75166ab6bf645020980303886ad1056e34ba1c36968983cf4c81,f57e6052168c75166ab6bf645020980303886ad1056e34ba1c36968983cf4c81,pending,,,,,False,NPH insulin,"Initiation: Total dose = 80% of current bedtime NPH dose; 2/3 given in the morning, 1/3 given at bedtime.",If glycemia is above goal,,Titration based on individualized needs.,,one possible approach: INITIATION • Total dose = 80% of current bedtime NPH dose • 2/3 given in the morning • 1/3 given at bedtime TITRATION • Titrate based on individualized needs,"[457.972,0.0,763.972,138.986]"
p016-page-016-tile-r03-c02::page-016-tile-r03-c02-actions-tile-r03-c02::action::action-002,page_016_tile_r03_c02,16,CONTROLLED_SOURCE_PDF/ADA principles for pharmacologic therapy.pdf,7c2913f79b61bc60f8f51327bb73b80391988fd277116b29e57df4242b2a2404,460881c76000908bd06cfa8334dfc551a9266b16ed527bd8539d26164692086b,tile,"[233.972,422.986,593.972,782.986]",normalized_0_1000,CONTROLLED_SOURCE_IMAGE/ada_page_016_tile_r03_c02.png,OMITTED_RAW_MODEL_JSON/visual_logic_page_016_tile_r03_c02.json,extracted_unvalidated,page_016_tile_r03_c02__actions__tile_r03_c02,flowchart,Figure 9.5,True,True,invalid,"duplicate action record within item: ('NPH insulin', 'Initiation: Total dose = 80% of current bedtime NPH dose; 2/3 given in the morning, 1/3 given at bedtime.', 'If glycemia is above goal', 'Titration based on individualized needs.', '')","structure: The image contains partial text that may not be fully captured in the bounding boxes provided.; structure: Some nodes are visually connected but their exact relationships might require manual review for accuracy.; actions: The provided image asset contains a flowchart with multiple decision points and recommendations for insulin therapy in type 2 diabetes. The visible text includes specific dosing strategies, titration guidelines, and considerations for different patient scenarios (e.g., hypoglycemia, hyperglycemia). However, the exact clinical guideline evidence is not explicitly stated as 'strong' or 'weak', nor are there clear indications of priority language or logical alternatives. The flowchart suggests a structured approach to insulin therapy but does not provide explicit strength indicators for each recommendation.; symbols: The provided image is a cropped section of a larger document; some context may be missing. The visible text includes partial sentences and fragmented guidelines.; symbols: Some arrows in the flowchart are not fully connected or labeled, making complete interpretation difficult without additional context.; visual item title derived from manifest figure_ids/table_ids",dee9fcd1ab0182ad997eae65f7bb7ed6846334228555344d9afc97fe4cea9db1,dee9fcd1ab0182ad997eae65f7bb7ed6846334228555344d9afc97fe4cea9db1,pending,,,,,False,NPH insulin,"Initiation: Total dose = 80% of current bedtime NPH dose; 2/3 given in the morning, 1/3 given at bedtime.",If glycemia is above goal,,Titration based on individualized needs.,,one possible approach: INITIATION • Total dose = 80% of current bedtime NPH dose • 2/3 given in the morning • 1/3 given at bedtime TITRATION • Titrate based on individualized needs,"[457.972,0.0,763.972,138.986]"
p016-page-016-tile-r03-c02::page-016-tile-r03-c02-actions-tile-r03-c02::action::action-003,page_016_tile_r03_c02,16,CONTROLLED_SOURCE_PDF/ADA principles for pharmacologic therapy.pdf,7c2913f79b61bc60f8f51327bb73b80391988fd277116b29e57df4242b2a2404,460881c76000908bd06cfa8334dfc551a9266b16ed527bd8539d26164692086b,tile,"[233.972,422.986,593.972,782.986]",normalized_0_1000,CONTROLLED_SOURCE_IMAGE/ada_page_016_tile_r03_c02.png,OMITTED_RAW_MODEL_JSON/visual_logic_page_016_tile_r03_c02.json,extracted_unvalidated,page_016_tile_r03_c02__actions__tile_r03_c02,flowchart,Figure 9.5,True,True,invalid,"duplicate action record within item: ('NPH insulin', 'Initiation: Total dose = 80% of current bedtime NPH dose; 2/3 given in the morning, 1/3 given at bedtime.', 'If glycemia is above goal', 'Titration based on individualized needs.', '')","structure: The image contains partial text that may not be fully captured in the bounding boxes provided.; structure: Some nodes are visually connected but their exact relationships might require manual review for accuracy.; actions: The provided image asset contains a flowchart with multiple decision points and recommendations for insulin therapy in type 2 diabetes. The visible text includes specific dosing strategies, titration guidelines, and considerations for different patient scenarios (e.g., hypoglycemia, hyperglycemia). However, the exact clinical guideline evidence is not explicitly stated as 'strong' or 'weak', nor are there clear indications of priority language or logical alternatives. The flowchart suggests a structured approach to insulin therapy but does not provide explicit strength indicators for each recommendation.; symbols: The provided image is a cropped section of a larger document; some context may be missing. The visible text includes partial sentences and fragmented guidelines.; symbols: Some arrows in the flowchart are not fully connected or labeled, making complete interpretation difficult without additional context.; visual item title derived from manifest figure_ids/table_ids",bdbb841251f3d5c5a12a057c06ea2aeaeed64a09225dd28fd59f3b1b48d00643,bdbb841251f3d5c5a12a057c06ea2aeaeed64a09225dd28fd59f3b1b48d00643,pending,,,,,False,NPH insulin,"Initiation: Total dose = 80% of current bedtime NPH dose; 2/3 given in the morning, 1/3 given at bedtime.",If glycemia is above goal,,Titration based on individualized needs.,,one possible approach: INITIATION • Total dose = 80% of current bedtime NPH dose • 2/3 given in the morning • 1/3 given at bedtime TITRATION • Titrate based on individualized needs,"[457.972,0.0,763.972,138.986]"
p016-page-016-tile-r03-c02::page-016-tile-r03-c02-actions-tile-r03-c02::action::action-004,page_016_tile_r03_c02,16,CONTROLLED_SOURCE_PDF/ADA principles for pharmacologic therapy.pdf,7c2913f79b61bc60f8f51327bb73b80391988fd277116b29e57df4242b2a2404,460881c76000908bd06cfa8334dfc551a9266b16ed527bd8539d26164692086b,tile,"[233.972,422.986,593.972,782.986]",normalized_0_1000,CONTROLLED_SOURCE_IMAGE/ada_page_016_tile_r03_c02.png,OMITTED_RAW_MODEL_JSON/visual_logic_page_016_tile_r03_c02.json,extracted_unvalidated,page_016_tile_r03_c02__actions__tile_r03_c02,flowchart,Figure 9.5,True,True,invalid,"duplicate action record within item: ('NPH insulin', 'Initiation: Total dose = 80% of current bedtime NPH dose; 2/3 given in the morning, 1/3 given at bedtime.', 'If glycemia is above goal', 'Titration based on individualized needs.', '')","structure: The image contains partial text that may not be fully captured in the bounding boxes provided.; structure: Some nodes are visually connected but their exact relationships might require manual review for accuracy.; actions: The provided image asset contains a flowchart with multiple decision points and recommendations for insulin therapy in type 2 diabetes. The visible text includes specific dosing strategies, titration guidelines, and considerations for different patient scenarios (e.g., hypoglycemia, hyperglycemia). However, the exact clinical guideline evidence is not explicitly stated as 'strong' or 'weak', nor are there clear indications of priority language or logical alternatives. The flowchart suggests a structured approach to insulin therapy but does not provide explicit strength indicators for each recommendation.; symbols: The provided image is a cropped section of a larger document; some context may be missing. The visible text includes partial sentences and fragmented guidelines.; symbols: Some arrows in the flowchart are not fully connected or labeled, making complete interpretation difficult without additional context.; visual item title derived from manifest figure_ids/table_ids",f4dbdf5d81da36413dff8eeea8f5b019816c984f803147fdc16f4e84c856ff0e,f4dbdf5d81da36413dff8eeea8f5b019816c984f803147fdc16f4e84c856ff0e,pending,,,,,False,NPH insulin,"Initiation: Total dose = 80% of current bedtime NPH dose; 2/3 given in the morning, 1/3 given at bedtime.",If glycemia is above goal,,Titration based on individualized needs.,,one possible approach: INITIATION • Total dose = 80% of current bedtime NPH dose • 2/3 given in the morning • 1/3 given at bedtime TITRATION • Titrate based on individualized needs,"[457.972,0.0,763.972,138.986]"
p016-page-016-tile-r03-c02::page-016-tile-r03-c02-actions-tile-r03-c02::action::action-005,page_016_tile_r03_c02,16,CONTROLLED_SOURCE_PDF/ADA principles for pharmacologic therapy.pdf,7c2913f79b61bc60f8f51327bb73b80391988fd277116b29e57df4242b2a2404,460881c76000908bd06cfa8334dfc551a9266b16ed527bd8539d26164692086b,tile,"[233.972,422.986,593.972,782.986]",normalized_0_1000,CONTROLLED_SOURCE_IMAGE/ada_page_016_tile_r03_c02.png,OMITTED_RAW_MODEL_JSON/visual_logic_page_016_tile_r03_c02.json,extracted_unvalidated,page_016_tile_r03_c02__actions__tile_r03_c02,flowchart,Figure 9.5,True,True,invalid,"duplicate action record within item: ('NPH insulin', 'Initiation: Total dose = 80% of current bedtime NPH dose; 2/3 given in the morning, 1/3 given at bedtime.', 'If glycemia is above goal', 'Titration based on individualized needs.', '')","structure: The image contains partial text that may not be fully captured in the bounding boxes provided.; structure: Some nodes are visually connected but their exact relationships might require manual review for accuracy.; actions: The provided image asset contains a flowchart with multiple decision points and recommendations for insulin therapy in type 2 diabetes. The visible text includes specific dosing strategies, titration guidelines, and considerations for different patient scenarios (e.g., hypoglycemia, hyperglycemia). However, the exact clinical guideline evidence is not explicitly stated as 'strong' or 'weak', nor are there clear indications of priority language or logical alternatives. The flowchart suggests a structured approach to insulin therapy but does not provide explicit strength indicators for each recommendation.; symbols: The provided image is a cropped section of a larger document; some context may be missing. The visible text includes partial sentences and fragmented guidelines.; symbols: Some arrows in the flowchart are not fully connected or labeled, making complete interpretation difficult without additional context.; visual item title derived from manifest figure_ids/table_ids",0c6092f1139e64b8635450e6bce22d0d924d597f817d1f905471df6916a75c1e,0c6092f1139e64b8635450e6bce22d0d924d597f817d1f905471df6916a75c1e,pending,,,,,False,NPH insulin,"Initiation: Total dose = 80% of current bedtime NPH dose; 2/3 given in the morning, 1/3 given at bedtime.",If glycemia is above goal,,Titration based on individualized needs.,,one possible approach: INITIATION • Total dose = 80% of current bedtime NPH dose • 2/3 given in the morning • 1/3 given at bedtime TITRATION • Titrate based on individualized needs,"[457.972,0.0,763.972,138.986]"
p016-page-016-tile-r03-c02::page-016-tile-r03-c02-actions-tile-r03-c02::action::action-006,page_016_tile_r03_c02,16,CONTROLLED_SOURCE_PDF/ADA principles for pharmacologic therapy.pdf,7c2913f79b61bc60f8f51327bb73b80391988fd277116b29e57df4242b2a2404,460881c76000908bd06cfa8334dfc551a9266b16ed527bd8539d26164692086b,tile,"[233.972,422.986,593.972,782.986]",normalized_0_1000,CONTROLLED_SOURCE_IMAGE/ada_page_016_tile_r03_c02.png,OMITTED_RAW_MODEL_JSON/visual_logic_page_016_tile_r03_c02.json,extracted_unvalidated,page_016_tile_r03_c02__actions__tile_r03_c02,flowchart,Figure 9.5,True,True,invalid,"duplicate action record within item: ('NPH insulin', 'Initiation: Total dose = 80% of current bedtime NPH dose; 2/3 given in the morning, 1/3 given at bedtime.', 'If glycemia is above goal', 'Titration based on individualized needs.', '')","structure: The image contains partial text that may not be fully captured in the bounding boxes provided.; structure: Some nodes are visually connected but their exact relationships might require manual review for accuracy.; actions: The provided image asset contains a flowchart with multiple decision points and recommendations for insulin therapy in type 2 diabetes. The visible text includes specific dosing strategies, titration guidelines, and considerations for different patient scenarios (e.g., hypoglycemia, hyperglycemia). However, the exact clinical guideline evidence is not explicitly stated as 'strong' or 'weak', nor are there clear indications of priority language or logical alternatives. The flowchart suggests a structured approach to insulin therapy but does not provide explicit strength indicators for each recommendation.; symbols: The provided image is a cropped section of a larger document; some context may be missing. The visible text includes partial sentences and fragmented guidelines.; symbols: Some arrows in the flowchart are not fully connected or labeled, making complete interpretation difficult without additional context.; visual item title derived from manifest figure_ids/table_ids",3e588d7c1d9d41c62b016bb70ae2a2b8f525ac049746d2d3b9f3a4691e2d445f,3e588d7c1d9d41c62b016bb70ae2a2b8f525ac049746d2d3b9f3a4691e2d445f,pending,,,,,False,NPH insulin,"Initiation: Total dose = 80% of current bedtime NPH dose; 2/3 given in the morning, 1/3 given at bedtime.",If glycemia is above goal,,Titration based on individualized needs.,,one possible approach: INITIATION • Total dose = 80% of current bedtime NPH dose • 2/3 given in the morning • 1/3 given at bedtime TITRATION • Titrate based on individualized needs,"[457.972,0.0,763.972,138.986]"
p016-page-016-tile-r03-c02::page-016-tile-r03-c02-actions-tile-r03-c02::action::action-007,page_016_tile_r03_c02,16,CONTROLLED_SOURCE_PDF/ADA principles for pharmacologic therapy.pdf,7c2913f79b61bc60f8f51327bb73b80391988fd277116b29e57df4242b2a2404,460881c76000908bd06cfa8334dfc551a9266b16ed527bd8539d26164692086b,tile,"[233.972,422.986,593.972,782.986]",normalized_0_1000,CONTROLLED_SOURCE_IMAGE/ada_page_016_tile_r03_c02.png,OMITTED_RAW_MODEL_JSON/visual_logic_page_016_tile_r03_c02.json,extracted_unvalidated,page_016_tile_r03_c02__actions__tile_r03_c02,flowchart,Figure 9.5,True,True,invalid,"duplicate action record within item: ('NPH insulin', 'Initiation: Total dose = 80% of current bedtime NPH dose; 2/3 given in the morning, 1/3 given at bedtime.', 'If glycemia is above goal', 'Titration based on individualized needs.', '')","structure: The image contains partial text that may not be fully captured in the bounding boxes provided.; structure: Some nodes are visually connected but their exact relationships might require manual review for accuracy.; actions: The provided image asset contains a flowchart with multiple decision points and recommendations for insulin therapy in type 2 diabetes. The visible text includes specific dosing strategies, titration guidelines, and considerations for different patient scenarios (e.g., hypoglycemia, hyperglycemia). However, the exact clinical guideline evidence is not explicitly stated as 'strong' or 'weak', nor are there clear indications of priority language or logical alternatives. The flowchart suggests a structured approach to insulin therapy but does not provide explicit strength indicators for each recommendation.; symbols: The provided image is a cropped section of a larger document; some context may be missing. The visible text includes partial sentences and fragmented guidelines.; symbols: Some arrows in the flowchart are not fully connected or labeled, making complete interpretation difficult without additional context.; visual item title derived from manifest figure_ids/table_ids",f2f16fbb1aedbe160052699fbadb64da2348deb92039b5ee73a92a85616226bf,f2f16fbb1aedbe160052699fbadb64da2348deb92039b5ee73a92a85616226bf,pending,,,,,False,NPH insulin,"Initiation: Total dose = 80% of current bedtime NPH dose; 2/3 given in the morning, 1/3 given at bedtime.",If glycemia is above goal,,Titration based on individualized needs.,,one possible approach: INITIATION • Total dose = 80% of current bedtime NPH dose • 2/3 given in the morning • 1/3 given at bedtime TITRATION • Titrate based on individualized needs,"[457.972,0.0,763.972,138.986]"
p016-page-016-tile-r03-c02::page-016-tile-r03-c02-actions-tile-r03-c02::action::action-008,page_016_tile_r03_c02,16,CONTROLLED_SOURCE_PDF/ADA principles for pharmacologic therapy.pdf,7c2913f79b61bc60f8f51327bb73b80391988fd277116b29e57df4242b2a2404,460881c76000908bd06cfa8334dfc551a9266b16ed527bd8539d26164692086b,tile,"[233.972,422.986,593.972,782.986]",normalized_0_1000,CONTROLLED_SOURCE_IMAGE/ada_page_016_tile_r03_c02.png,OMITTED_RAW_MODEL_JSON/visual_logic_page_016_tile_r03_c02.json,extracted_unvalidated,page_016_tile_r03_c02__actions__tile_r03_c02,flowchart,Figure 9.5,True,True,invalid,"duplicate action record within item: ('NPH insulin', 'Initiation: Total dose = 80% of current bedtime NPH dose; 2/3 given in the morning, 1/3 given at bedtime.', 'If glycemia is above goal', 'Titration based on individualized needs.', '')","structure: The image contains partial text that may not be fully captured in the bounding boxes provided.; structure: Some nodes are visually connected but their exact relationships might require manual review for accuracy.; actions: The provided image asset contains a flowchart with multiple decision points and recommendations for insulin therapy in type 2 diabetes. The visible text includes specific dosing strategies, titration guidelines, and considerations for different patient scenarios (e.g., hypoglycemia, hyperglycemia). However, the exact clinical guideline evidence is not explicitly stated as 'strong' or 'weak', nor are there clear indications of priority language or logical alternatives. The flowchart suggests a structured approach to insulin therapy but does not provide explicit strength indicators for each recommendation.; symbols: The provided image is a cropped section of a larger document; some context may be missing. The visible text includes partial sentences and fragmented guidelines.; symbols: Some arrows in the flowchart are not fully connected or labeled, making complete interpretation difficult without additional context.; visual item title derived from manifest figure_ids/table_ids",ca7660ef61821b9d8a16fc88682dbf43044bc8fb10dc5b1b3bf1562aa089c5f8,ca7660ef61821b9d8a16fc88682dbf43044bc8fb10dc5b1b3bf1562aa089c5f8,pending,,,,,False,NPH insulin,"Initiation: Total dose = 80% of current bedtime NPH dose; 2/3 given in the morning, 1/3 given at bedtime.",If glycemia is above goal,,Titration based on individualized needs.,,one possible approach: INITIATION • Total dose = 80% of current bedtime NPH dose • 2/3 given in the morning • 1/3 given at bedtime TITRATION • Titrate based on individualized needs,"[457.972,0.0,763.972,138.986]"
p016-page-016-tile-r03-c02::page-016-tile-r03-c02-actions-tile-r03-c02::action::action-009,page_016_tile_r03_c02,16,CONTROLLED_SOURCE_PDF/ADA principles for pharmacologic therapy.pdf,7c2913f79b61bc60f8f51327bb73b80391988fd277116b29e57df4242b2a2404,460881c76000908bd06cfa8334dfc551a9266b16ed527bd8539d26164692086b,tile,"[233.972,422.986,593.972,782.986]",normalized_0_1000,CONTROLLED_SOURCE_IMAGE/ada_page_016_tile_r03_c02.png,OMITTED_RAW_MODEL_JSON/visual_logic_page_016_tile_r03_c02.json,extracted_unvalidated,page_016_tile_r03_c02__actions__tile_r03_c02,flowchart,Figure 9.5,True,True,invalid,"duplicate action record within item: ('NPH insulin', 'Initiation: Total dose = 80% of current bedtime NPH dose; 2/3 given in the morning, 1/3 given at bedtime.', 'If glycemia is above goal', 'Titration based on individualized needs.', '')","structure: The image contains partial text that may not be fully captured in the bounding boxes provided.; structure: Some nodes are visually connected but their exact relationships might require manual review for accuracy.; actions: The provided image asset contains a flowchart with multiple decision points and recommendations for insulin therapy in type 2 diabetes. The visible text includes specific dosing strategies, titration guidelines, and considerations for different patient scenarios (e.g., hypoglycemia, hyperglycemia). However, the exact clinical guideline evidence is not explicitly stated as 'strong' or 'weak', nor are there clear indications of priority language or logical alternatives. The flowchart suggests a structured approach to insulin therapy but does not provide explicit strength indicators for each recommendation.; symbols: The provided image is a cropped section of a larger document; some context may be missing. The visible text includes partial sentences and fragmented guidelines.; symbols: Some arrows in the flowchart are not fully connected or labeled, making complete interpretation difficult without additional context.; visual item title derived from manifest figure_ids/table_ids",7be5f8567ec95455b8e77c083fc514290b1eb3cde30323107384f2b489bf9f1e,7be5f8567ec95455b8e77c083fc514290b1eb3cde30323107384f2b489bf9f1e,pending,,,,,False,NPH insulin,"Initiation: Total dose = 80% of current bedtime NPH dose; 2/3 given in the morning, 1/3 given at bedtime.",If glycemia is above goal,,Titration based on individualized needs.,,one possible approach: INITIATION • Total dose = 80% of current bedtime NPH dose • 2/3 given in the morning • 1/3 given at bedtime TITRATION • Titrate based on individualized needs,"[457.972,0.0,763.972,138.986]"
p016-page-016-tile-r03-c02::page-016-tile-r03-c02-actions-tile-r03-c02::action::action-010,page_016_tile_r03_c02,16,CONTROLLED_SOURCE_PDF/ADA principles for pharmacologic therapy.pdf,7c2913f79b61bc60f8f51327bb73b80391988fd277116b29e57df4242b2a2404,460881c76000908bd06cfa8334dfc551a9266b16ed527bd8539d26164692086b,tile,"[233.972,422.986,593.972,782.986]",normalized_0_1000,CONTROLLED_SOURCE_IMAGE/ada_page_016_tile_r03_c02.png,OMITTED_RAW_MODEL_JSON/visual_logic_page_016_tile_r03_c02.json,extracted_unvalidated,page_016_tile_r03_c02__actions__tile_r03_c02,flowchart,Figure 9.5,True,True,invalid,"duplicate action record within item: ('NPH insulin', 'Initiation: Total dose = 80% of current bedtime NPH dose; 2/3 given in the morning, 1/3 given at bedtime.', 'If glycemia is above goal', 'Titration based on individualized needs.', '')","structure: The image contains partial text that may not be fully captured in the bounding boxes provided.; structure: Some nodes are visually connected but their exact relationships might require manual review for accuracy.; actions: The provided image asset contains a flowchart with multiple decision points and recommendations for insulin therapy in type 2 diabetes. The visible text includes specific dosing strategies, titration guidelines, and considerations for different patient scenarios (e.g., hypoglycemia, hyperglycemia). However, the exact clinical guideline evidence is not explicitly stated as 'strong' or 'weak', nor are there clear indications of priority language or logical alternatives. The flowchart suggests a structured approach to insulin therapy but does not provide explicit strength indicators for each recommendation.; symbols: The provided image is a cropped section of a larger document; some context may be missing. The visible text includes partial sentences and fragmented guidelines.; symbols: Some arrows in the flowchart are not fully connected or labeled, making complete interpretation difficult without additional context.; visual item title derived from manifest figure_ids/table_ids",499652c98e5781e0d37f00ade1ee51cd0d73c2ba298efabb2ffb7713e33cb612,499652c98e5781e0d37f00ade1ee51cd0d73c2ba298efabb2ffb7713e33cb612,pending,,,,,False,NPH insulin,"Initiation: Total dose = 80% of current bedtime NPH dose; 2/3 given in the morning, 1/3 given at bedtime.",If glycemia is above goal,,Titration based on individualized needs.,,one possible approach: INITIATION • Total dose = 80% of current bedtime NPH dose • 2/3 given in the morning • 1/3 given at bedtime TITRATION • Titrate based on individualized needs,"[457.972,0.0,763.972,138.986]"
p016-page-016-tile-r03-c02::page-016-tile-r03-c02-actions-tile-r03-c02::action::action-011,page_016_tile_r03_c02,16,CONTROLLED_SOURCE_PDF/ADA principles for pharmacologic therapy.pdf,7c2913f79b61bc60f8f51327bb73b80391988fd277116b29e57df4242b2a2404,460881c76000908bd06cfa8334dfc551a9266b16ed527bd8539d26164692086b,tile,"[233.972,422.986,593.972,782.986]",normalized_0_1000,CONTROLLED_SOURCE_IMAGE/ada_page_016_tile_r03_c02.png,OMITTED_RAW_MODEL_JSON/visual_logic_page_016_tile_r03_c02.json,extracted_unvalidated,page_016_tile_r03_c02__actions__tile_r03_c02,flowchart,Figure 9.5,True,True,invalid,"duplicate action record within item: ('NPH insulin', 'Initiation: Total dose = 80% of current bedtime NPH dose; 2/3 given in the morning, 1/3 given at bedtime.', 'If glycemia is above goal', 'Titration based on individualized needs.', '')","structure: The image contains partial text that may not be fully captured in the bounding boxes provided.; structure: Some nodes are visually connected but their exact relationships might require manual review for accuracy.; actions: The provided image asset contains a flowchart with multiple decision points and recommendations for insulin therapy in type 2 diabetes. The visible text includes specific dosing strategies, titration guidelines, and considerations for different patient scenarios (e.g., hypoglycemia, hyperglycemia). However, the exact clinical guideline evidence is not explicitly stated as 'strong' or 'weak', nor are there clear indications of priority language or logical alternatives. The flowchart suggests a structured approach to insulin therapy but does not provide explicit strength indicators for each recommendation.; symbols: The provided image is a cropped section of a larger document; some context may be missing. The visible text includes partial sentences and fragmented guidelines.; symbols: Some arrows in the flowchart are not fully connected or labeled, making complete interpretation difficult without additional context.; visual item title derived from manifest figure_ids/table_ids",f6662a391a40179423a285e23f2c1a63d04b108ab3b0b764d72a2218a599e590,f6662a391a40179423a285e23f2c1a63d04b108ab3b0b764d72a2218a599e590,pending,,,,,False,NPH insulin,"Initiation: Total dose = 80% of current bedtime NPH dose; 2/3 given in the morning, 1/3 given at bedtime.",If glycemia is above goal,,Titration based on individualized needs.,,one possible approach: INITIATION • Total dose = 80% of current bedtime NPH dose • 2/3 given in the morning • 1/3 given at bedtime TITRATION • Titrate based on individualized needs,"[457.972,0.0,763.972,138.986]"
p016-page-016-tile-r03-c02::page-016-tile-r03-c02-actions-tile-r03-c02::action::action-012,page_016_tile_r03_c02,16,CONTROLLED_SOURCE_PDF/ADA principles for pharmacologic therapy.pdf,7c2913f79b61bc60f8f51327bb73b80391988fd277116b29e57df4242b2a2404,460881c76000908bd06cfa8334dfc551a9266b16ed527bd8539d26164692086b,tile,"[233.972,422.986,593.972,782.986]",normalized_0_1000,CONTROLLED_SOURCE_IMAGE/ada_page_016_tile_r03_c02.png,OMITTED_RAW_MODEL_JSON/visual_logic_page_016_tile_r03_c02.json,extracted_unvalidated,page_016_tile_r03_c02__actions__tile_r03_c02,flowchart,Figure 9.5,True,True,invalid,"duplicate action record within item: ('NPH insulin', 'Initiation: Total dose = 80% of current bedtime NPH dose; 2/3 given in the morning, 1/3 given at bedtime.', 'If glycemia is above goal', 'Titration based on individualized needs.', '')","structure: The image contains partial text that may not be fully captured in the bounding boxes provided.; structure: Some nodes are visually connected but their exact relationships might require manual review for accuracy.; actions: The provided image asset contains a flowchart with multiple decision points and recommendations for insulin therapy in type 2 diabetes. The visible text includes specific dosing strategies, titration guidelines, and considerations for different patient scenarios (e.g., hypoglycemia, hyperglycemia). However, the exact clinical guideline evidence is not explicitly stated as 'strong' or 'weak', nor are there clear indications of priority language or logical alternatives. The flowchart suggests a structured approach to insulin therapy but does not provide explicit strength indicators for each recommendation.; symbols: The provided image is a cropped section of a larger document; some context may be missing. The visible text includes partial sentences and fragmented guidelines.; symbols: Some arrows in the flowchart are not fully connected or labeled, making complete interpretation difficult without additional context.; visual item title derived from manifest figure_ids/table_ids",c041a2c1607b12bc1f87900a37f35be5ba9fe6ced155f8fb4a0095dfcff0407a,c041a2c1607b12bc1f87900a37f35be5ba9fe6ced155f8fb4a0095dfcff0407a,pending,,,,,False,NPH insulin,"Initiation: Total dose = 80% of current bedtime NPH dose; 2/3 given in the morning, 1/3 given at bedtime.",If glycemia is above goal,,Titration based on individualized needs.,,one possible approach: INITIATION • Total dose = 80% of current bedtime NPH dose • 2/3 given in the morning • 1/3 given at bedtime TITRATION • Titrate based on individualized needs,"[457.972,0.0,763.972,138.986]"
p016-page-016-tile-r03-c02::page-016-tile-r03-c02-actions-tile-r03-c02::action::action-013,page_016_tile_r03_c02,16,CONTROLLED_SOURCE_PDF/ADA principles for pharmacologic therapy.pdf,7c2913f79b61bc60f8f51327bb73b80391988fd277116b29e57df4242b2a2404,460881c76000908bd06cfa8334dfc551a9266b16ed527bd8539d26164692086b,tile,"[233.972,422.986,593.972,782.986]",normalized_0_1000,CONTROLLED_SOURCE_IMAGE/ada_page_016_tile_r03_c02.png,OMITTED_RAW_MODEL_JSON/visual_logic_page_016_tile_r03_c02.json,extracted_unvalidated,page_016_tile_r03_c02__actions__tile_r03_c02,flowchart,Figure 9.5,True,True,invalid,"duplicate action record within item: ('NPH insulin', 'Initiation: Total dose = 80% of current bedtime NPH dose; 2/3 given in the morning, 1/3 given at bedtime.', 'If glycemia is above goal', 'Titration based on individualized needs.', '')","structure: The image contains partial text that may not be fully captured in the bounding boxes provided.; structure: Some nodes are visually connected but their exact relationships might require manual review for accuracy.; actions: The provided image asset contains a flowchart with multiple decision points and recommendations for insulin therapy in type 2 diabetes. The visible text includes specific dosing strategies, titration guidelines, and considerations for different patient scenarios (e.g., hypoglycemia, hyperglycemia). However, the exact clinical guideline evidence is not explicitly stated as 'strong' or 'weak', nor are there clear indications of priority language or logical alternatives. The flowchart suggests a structured approach to insulin therapy but does not provide explicit strength indicators for each recommendation.; symbols: The provided image is a cropped section of a larger document; some context may be missing. The visible text includes partial sentences and fragmented guidelines.; symbols: Some arrows in the flowchart are not fully connected or labeled, making complete interpretation difficult without additional context.; visual item title derived from manifest figure_ids/table_ids",e9aee76f1d888d7b5582c29c9fd430d0a4cb6f51074f0584a54880d8847a81b6,e9aee76f1d888d7b5582c29c9fd430d0a4cb6f51074f0584a54880d8847a81b6,pending,,,,,False,NPH insulin,"Initiation: Total dose = 80% of current bedtime NPH dose; 2/3 given in the morning, 1/3 given at bedtime.",If glycemia is above goal,,Titration based on individualized needs.,,one possible approach: INITIATION • Total dose = 80% of current bedtime NPH dose • 2/3 given in the morning • 1/3 given at bedtime TITRATION • Titrate based on individualized needs,"[457.972,0.0,763.972,138.986]"
p016-page-016-tile-r03-c02::page-016-tile-r03-c02-actions-tile-r03-c02::action::action-014,page_016_tile_r03_c02,16,CONTROLLED_SOURCE_PDF/ADA principles for pharmacologic therapy.pdf,7c2913f79b61bc60f8f51327bb73b80391988fd277116b29e57df4242b2a2404,460881c76000908bd06cfa8334dfc551a9266b16ed527bd8539d26164692086b,tile,"[233.972,422.986,593.972,782.986]",normalized_0_1000,CONTROLLED_SOURCE_IMAGE/ada_page_016_tile_r03_c02.png,OMITTED_RAW_MODEL_JSON/visual_logic_page_016_tile_r03_c02.json,extracted_unvalidated,page_016_tile_r03_c02__actions__tile_r03_c02,flowchart,Figure 9.5,True,True,invalid,"duplicate action record within item: ('NPH insulin', 'Initiation: Total dose = 80% of current bedtime NPH dose; 2/3 given in the morning, 1/3 given at bedtime.', 'If glycemia is above goal', 'Titration based on individualized needs.', '')","structure: The image contains partial text that may not be fully captured in the bounding boxes provided.; structure: Some nodes are visually connected but their exact relationships might require manual review for accuracy.; actions: The provided image asset contains a flowchart with multiple decision points and recommendations for insulin therapy in type 2 diabetes. The visible text includes specific dosing strategies, titration guidelines, and considerations for different patient scenarios (e.g., hypoglycemia, hyperglycemia). However, the exact clinical guideline evidence is not explicitly stated as 'strong' or 'weak', nor are there clear indications of priority language or logical alternatives. The flowchart suggests a structured approach to insulin therapy but does not provide explicit strength indicators for each recommendation.; symbols: The provided image is a cropped section of a larger document; some context may be missing. The visible text includes partial sentences and fragmented guidelines.; symbols: Some arrows in the flowchart are not fully connected or labeled, making complete interpretation difficult without additional context.; visual item title derived from manifest figure_ids/table_ids",6de8c6b54207392df9c04381b972bd19673098ded23870ec43c11be30a2c7b9c,6de8c6b54207392df9c04381b972bd19673098ded23870ec43c11be30a2c7b9c,pending,,,,,False,NPH insulin,"Initiation: Total dose = 80% of current bedtime NPH dose; 2/3 given in the morning, 1/3 given at bedtime.",If glycemia is above goal,,Titration based on individualized needs.,,one possible approach: INITIATION • Total dose = 80% of current bedtime NPH dose • 2/3 given in the morning • 1/3 given at bedtime TITRATION • Titrate based on individualized needs,"[457.972,0.0,763.972,138.986]"
p016-page-016-tile-r03-c02::page-016-tile-r03-c02-actions-tile-r03-c02::action::action-015,page_016_tile_r03_c02,16,CONTROLLED_SOURCE_PDF/ADA principles for pharmacologic therapy.pdf,7c2913f79b61bc60f8f51327bb73b80391988fd277116b29e57df4242b2a2404,460881c76000908bd06cfa8334dfc551a9266b16ed527bd8539d26164692086b,tile,"[233.972,422.986,593.972,782.986]",normalized_0_1000,CONTROLLED_SOURCE_IMAGE/ada_page_016_tile_r03_c02.png,OMITTED_RAW_MODEL_JSON/visual_logic_page_016_tile_r03_c02.json,extracted_unvalidated,page_016_tile_r03_c02__actions__tile_r03_c02,flowchart,Figure 9.5,True,True,invalid,"duplicate action record within item: ('NPH insulin', 'Initiation: Total dose = 80% of current bedtime NPH dose; 2/3 given in the morning, 1/3 given at bedtime.', 'If glycemia is above goal', 'Titration based on individualized needs.', '')","structure: The image contains partial text that may not be fully captured in the bounding boxes provided.; structure: Some nodes are visually connected but their exact relationships might require manual review for accuracy.; actions: The provided image asset contains a flowchart with multiple decision points and recommendations for insulin therapy in type 2 diabetes. The visible text includes specific dosing strategies, titration guidelines, and considerations for different patient scenarios (e.g., hypoglycemia, hyperglycemia). However, the exact clinical guideline evidence is not explicitly stated as 'strong' or 'weak', nor are there clear indications of priority language or logical alternatives. The flowchart suggests a structured approach to insulin therapy but does not provide explicit strength indicators for each recommendation.; symbols: The provided image is a cropped section of a larger document; some context may be missing. The visible text includes partial sentences and fragmented guidelines.; symbols: Some arrows in the flowchart are not fully connected or labeled, making complete interpretation difficult without additional context.; visual item title derived from manifest figure_ids/table_ids",fa21d5464e6f88c335e2d6f4def739cf160fa1e58f3c318b2df2f95b2e0895c8,fa21d5464e6f88c335e2d6f4def739cf160fa1e58f3c318b2df2f95b2e0895c8,pending,,,,,False,NPH insulin,"Initiation: Total dose = 80% of current bedtime NPH dose; 2/3 given in the morning, 1/3 given at bedtime.",If glycemia is above goal,,Titration based on individualized needs.,,one possible approach: INITIATION • Total dose = 80% of current bedtime NPH dose • 2/3 given in the morning • 1/3 given at bedtime TITRATION • Titrate based on individualized needs,"[457.972,0.0,763.972,138.986]"
p016-page-016-tile-r03-c02::page-016-tile-r03-c02-actions-tile-r03-c02::action::action-016,page_016_tile_r03_c02,16,CONTROLLED_SOURCE_PDF/ADA principles for pharmacologic therapy.pdf,7c2913f79b61bc60f8f51327bb73b80391988fd277116b29e57df4242b2a2404,460881c76000908bd06cfa8334dfc551a9266b16ed527bd8539d26164692086b,tile,"[233.972,422.986,593.972,782.986]",normalized_0_1000,CONTROLLED_SOURCE_IMAGE/ada_page_016_tile_r03_c02.png,OMITTED_RAW_MODEL_JSON/visual_logic_page_016_tile_r03_c02.json,extracted_unvalidated,page_016_tile_r03_c02__actions__tile_r03_c02,flowchart,Figure 9.5,True,True,invalid,"duplicate action record within item: ('NPH insulin', 'Initiation: Total dose = 80% of current bedtime NPH dose; 2/3 given in the morning, 1/3 given at bedtime.', 'If glycemia is above goal', 'Titration based on individualized needs.', '')","structure: The image contains partial text that may not be fully captured in the bounding boxes provided.; structure: Some nodes are visually connected but their exact relationships might require manual review for accuracy.; actions: The provided image asset contains a flowchart with multiple decision points and recommendations for insulin therapy in type 2 diabetes. The visible text includes specific dosing strategies, titration guidelines, and considerations for different patient scenarios (e.g., hypoglycemia, hyperglycemia). However, the exact clinical guideline evidence is not explicitly stated as 'strong' or 'weak', nor are there clear indications of priority language or logical alternatives. The flowchart suggests a structured approach to insulin therapy but does not provide explicit strength indicators for each recommendation.; symbols: The provided image is a cropped section of a larger document; some context may be missing. The visible text includes partial sentences and fragmented guidelines.; symbols: Some arrows in the flowchart are not fully connected or labeled, making complete interpretation difficult without additional context.; visual item title derived from manifest figure_ids/table_ids",f0f592e9a53685044f1812ce59c38bd9952d29bb4d47105131dc605d888fb817,f0f592e9a53685044f1812ce59c38bd9952d29bb4d47105131dc605d888fb817,pending,,,,,False,NPH insulin,"Initiation: Total dose = 80% of current bedtime NPH dose; 2/3 given in the morning, 1/3 given at bedtime.",If glycemia is above goal,,Titration based on individualized needs.,,one possible approach: INITIATION • Total dose = 80% of current bedtime NPH dose • 2/3 given in the morning • 1/3 given at bedtime TITRATION • Titrate based on individualized needs,"[457.972,0.0,763.972,138.986]"
p021-page-021-tile-r01-c01::page-021-tile-r01-c01-actions-table-93::action::action-001,page_021_tile_r01_c01,21,CONTROLLED_SOURCE_PDF/ADA principles for pharmacologic therapy.pdf,7c2913f79b61bc60f8f51327bb73b80391988fd277116b29e57df4242b2a2404,1cb8ea35e623dfd0d10b90b6dca2b16f06408151760a26c996136baf728b7e8b,tile,"[0.0,0.0,360.0,360.0]",normalized_0_1000,CONTROLLED_SOURCE_IMAGE/ada_page_021_tile_r01_c01.png,OMITTED_RAW_MODEL_JSON/visual_logic_page_021_tile_r01_c01.json,extracted_unvalidated,page_021_tile_r01_c01__actions__table_93,table,Table 9.3—Median monthly (30-day) AWP and NADAC of maximum approved daily doses for agents in the U.S.,False,True,invalid,trigger is required,"structure: This asset contains no decision nodes or recommendation edges as it is purely informational (a table of drug dosages).; structure: The table does not contain any clinical guidelines, recommendations, or evidence-based statements for treatment decisions.; structure: No arrows or directed relationships are present in the visual asset.; actions: No explicit clinical guideline evidence (e.g., recommendations with strength words like 'strongly recommend' or 'avoid') is visible in this table. The table only provides dosing information.; actions: The table does not contain any arrows, triggers, cautions, or modifying footnotes beyond the listed dosage strengths and maximum daily doses.; symbols: No clinical guideline evidence (e.g., arrows, decision nodes, recommendation edges) is visible in this table asset. The content consists solely of tabular data on medication dosages.; symbols: The table does not contain any special symbols or footnotes that would require extraction as per the schema.",1575a300a742e40fe02b475661424d66c7c16545c5dc4c76427c412c8fe65b18,1575a300a742e40fe02b475661424d66c7c16545c5dc4c76427c412c8fe65b18,pending,,,,,False,Biguanides,"Metformin (500 mg IR) — Maximum approved daily dose: 2,000 mg",,,"Maximum approved daily dose is 2,000 mg for all listed Metformin formulations.",,"Metformin — 500 mg (IR) — 2,000 mg","[137.0,346.0,987.0,370.0]"
p021-page-021-tile-r01-c01::page-021-tile-r01-c01-actions-table-93::action::action-002,page_021_tile_r01_c01,21,CONTROLLED_SOURCE_PDF/ADA principles for pharmacologic therapy.pdf,7c2913f79b61bc60f8f51327bb73b80391988fd277116b29e57df4242b2a2404,1cb8ea35e623dfd0d10b90b6dca2b16f06408151760a26c996136baf728b7e8b,tile,"[0.0,0.0,360.0,360.0]",normalized_0_1000,CONTROLLED_SOURCE_IMAGE/ada_page_021_tile_r01_c01.png,OMITTED_RAW_MODEL_JSON/visual_logic_page_021_tile_r01_c01.json,extracted_unvalidated,page_021_tile_r01_c01__actions__table_93,table,Table 9.3—Median monthly (30-day) AWP and NADAC of maximum approved daily doses for agents in the U.S.,False,True,invalid,trigger is required,"structure: This asset contains no decision nodes or recommendation edges as it is purely informational (a table of drug dosages).; structure: The table does not contain any clinical guidelines, recommendations, or evidence-based statements for treatment decisions.; structure: No arrows or directed relationships are present in the visual asset.; actions: No explicit clinical guideline evidence (e.g., recommendations with strength words like 'strongly recommend' or 'avoid') is visible in this table. The table only provides dosing information.; actions: The table does not contain any arrows, triggers, cautions, or modifying footnotes beyond the listed dosage strengths and maximum daily doses.; symbols: No clinical guideline evidence (e.g., arrows, decision nodes, recommendation edges) is visible in this table asset. The content consists solely of tabular data on medication dosages.; symbols: The table does not contain any special symbols or footnotes that would require extraction as per the schema.",830d0d71d17bd3faf0fdfa284ade60e8089fa9e1ced3dc170ce405e33e9acfbc,830d0d71d17bd3faf0fdfa284ade60e8089fa9e1ced3dc170ce405e33e9acfbc,pending,,,,,False,Biguanides,"Metformin (500 mg ER) — Maximum approved daily dose: 2,000 mg",,,"Maximum approved daily dose is 2,000 mg for all listed Metformin formulations.",,"Metformin — 500 mg (ER) — 2,000 mg","[137.0,370.0,987.0,394.0]"
p021-page-021-tile-r01-c01::page-021-tile-r01-c01-actions-table-93::action::action-003,page_021_tile_r01_c01,21,CONTROLLED_SOURCE_PDF/ADA principles for pharmacologic therapy.pdf,7c2913f79b61bc60f8f51327bb73b80391988fd277116b29e57df4242b2a2404,1cb8ea35e623dfd0d10b90b6dca2b16f06408151760a26c996136baf728b7e8b,tile,"[0.0,0.0,360.0,360.0]",normalized_0_1000,CONTROLLED_SOURCE_IMAGE/ada_page_021_tile_r01_c01.png,OMITTED_RAW_MODEL_JSON/visual_logic_page_021_tile_r01_c01.json,extracted_unvalidated,page_021_tile_r01_c01__actions__table_93,table,Table 9.3—Median monthly (30-day) AWP and NADAC of maximum approved daily doses for agents in the U.S.,False,True,invalid,trigger is required,"structure: This asset contains no decision nodes or recommendation edges as it is purely informational (a table of drug dosages).; structure: The table does not contain any clinical guidelines, recommendations, or evidence-based statements for treatment decisions.; structure: No arrows or directed relationships are present in the visual asset.; actions: No explicit clinical guideline evidence (e.g., recommendations with strength words like 'strongly recommend' or 'avoid') is visible in this table. The table only provides dosing information.; actions: The table does not contain any arrows, triggers, cautions, or modifying footnotes beyond the listed dosage strengths and maximum daily doses.; symbols: No clinical guideline evidence (e.g., arrows, decision nodes, recommendation edges) is visible in this table asset. The content consists solely of tabular data on medication dosages.; symbols: The table does not contain any special symbols or footnotes that would require extraction as per the schema.",5e3bf5a4ae706cef830d5a5977b876b75ef7b7d78a1d92885106fa5f4e9d1e83,5e3bf5a4ae706cef830d5a5977b876b75ef7b7d78a1d92885106fa5f4e9d1e83,pending,,,,,False,Biguanides,"Metformin (850 mg IR) — Maximum approved daily dose: 2,550 mg",,,"Maximum approved daily dose is 2,550 mg for this formulation.",,"Metformin — 850 mg (IR) — 2,550 mg","[137.0,394.0,987.0,418.0]"
p021-page-021-tile-r01-c01::page-021-tile-r01-c01-actions-table-93::action::action-004,page_021_tile_r01_c01,21,CONTROLLED_SOURCE_PDF/ADA principles for pharmacologic therapy.pdf,7c2913f79b61bc60f8f51327bb73b80391988fd277116b29e57df4242b2a2404,1cb8ea35e623dfd0d10b90b6dca2b16f06408151760a26c996136baf728b7e8b,tile,"[0.0,0.0,360.0,360.0]",normalized_0_1000,CONTROLLED_SOURCE_IMAGE/ada_page_021_tile_r01_c01.png,OMITTED_RAW_MODEL_JSON/visual_logic_page_021_tile_r01_c01.json,extracted_unvalidated,page_021_tile_r01_c01__actions__table_93,table,Table 9.3—Median monthly (30-day) AWP and NADAC of maximum approved daily doses for agents in the U.S.,False,True,invalid,trigger is required,"structure: This asset contains no decision nodes or recommendation edges as it is purely informational (a table of drug dosages).; structure: The table does not contain any clinical guidelines, recommendations, or evidence-based statements for treatment decisions.; structure: No arrows or directed relationships are present in the visual asset.; actions: No explicit clinical guideline evidence (e.g., recommendations with strength words like 'strongly recommend' or 'avoid') is visible in this table. The table only provides dosing information.; actions: The table does not contain any arrows, triggers, cautions, or modifying footnotes beyond the listed dosage strengths and maximum daily doses.; symbols: No clinical guideline evidence (e.g., arrows, decision nodes, recommendation edges) is visible in this table asset. The content consists solely of tabular data on medication dosages.; symbols: The table does not contain any special symbols or footnotes that would require extraction as per the schema.",7c54c0bf1b0df8500e9e524be1a118c088343047d7ef376b5ecda4b41afb3acd,7c54c0bf1b0df8500e9e524be1a118c088343047d7ef376b5ecda4b41afb3acd,pending,,,,,False,Biguanides,"Metformin (1,000 mg IR) — Maximum approved daily dose: 2,000 mg",,,"Maximum approved daily dose is 2,000 mg for this formulation.",,"Metformin — 1,000 mg (IR) — 2,000 mg","[137.0,418.0,987.0,442.0]"
p021-page-021-tile-r01-c01::page-021-tile-r01-c01-actions-table-93::action::action-005,page_021_tile_r01_c01,21,CONTROLLED_SOURCE_PDF/ADA principles for pharmacologic therapy.pdf,7c2913f79b61bc60f8f51327bb73b80391988fd277116b29e57df4242b2a2404,1cb8ea35e623dfd0d10b90b6dca2b16f06408151760a26c996136baf728b7e8b,tile,"[0.0,0.0,360.0,360.0]",normalized_0_1000,CONTROLLED_SOURCE_IMAGE/ada_page_021_tile_r01_c01.png,OMITTED_RAW_MODEL_JSON/visual_logic_page_021_tile_r01_c01.json,extracted_unvalidated,page_021_tile_r01_c01__actions__table_93,table,Table 9.3—Median monthly (30-day) AWP and NADAC of maximum approved daily doses for agents in the U.S.,False,True,invalid,trigger is required,"structure: This asset contains no decision nodes or recommendation edges as it is purely informational (a table of drug dosages).; structure: The table does not contain any clinical guidelines, recommendations, or evidence-based statements for treatment decisions.; structure: No arrows or directed relationships are present in the visual asset.; actions: No explicit clinical guideline evidence (e.g., recommendations with strength words like 'strongly recommend' or 'avoid') is visible in this table. The table only provides dosing information.; actions: The table does not contain any arrows, triggers, cautions, or modifying footnotes beyond the listed dosage strengths and maximum daily doses.; symbols: No clinical guideline evidence (e.g., arrows, decision nodes, recommendation edges) is visible in this table asset. The content consists solely of tabular data on medication dosages.; symbols: The table does not contain any special symbols or footnotes that would require extraction as per the schema.",e82928240d0cec54ef640e180f9f2b4930508278e813c33132f8b81af900848d,e82928240d0cec54ef640e180f9f2b4930508278e813c33132f8b81af900848d,pending,,,,,False,Biguanides,"Metformin (1,000 mg ER) — Maximum approved daily dose: 2,000 mg",,,"Maximum approved daily dose is 2,000 mg for this formulation.",,"Metformin — 1,000 mg (ER) — 2,000 mg","[137.0,442.0,987.0,466.0]"
p021-page-021-tile-r01-c01::page-021-tile-r01-c01-actions-table-93::action::action-006,page_021_tile_r01_c01,21,CONTROLLED_SOURCE_PDF/ADA principles for pharmacologic therapy.pdf,7c2913f79b61bc60f8f51327bb73b80391988fd277116b29e57df4242b2a2404,1cb8ea35e623dfd0d10b90b6dca2b16f06408151760a26c996136baf728b7e8b,tile,"[0.0,0.0,360.0,360.0]",normalized_0_1000,CONTROLLED_SOURCE_IMAGE/ada_page_021_tile_r01_c01.png,OMITTED_RAW_MODEL_JSON/visual_logic_page_021_tile_r01_c01.json,extracted_unvalidated,page_021_tile_r01_c01__actions__table_93,table,Table 9.3—Median monthly (30-day) AWP and NADAC of maximum approved daily doses for agents in the U.S.,False,True,invalid,trigger is required,"structure: This asset contains no decision nodes or recommendation edges as it is purely informational (a table of drug dosages).; structure: The table does not contain any clinical guidelines, recommendations, or evidence-based statements for treatment decisions.; structure: No arrows or directed relationships are present in the visual asset.; actions: No explicit clinical guideline evidence (e.g., recommendations with strength words like 'strongly recommend' or 'avoid') is visible in this table. The table only provides dosing information.; actions: The table does not contain any arrows, triggers, cautions, or modifying footnotes beyond the listed dosage strengths and maximum daily doses.; symbols: No clinical guideline evidence (e.g., arrows, decision nodes, recommendation edges) is visible in this table asset. The content consists solely of tabular data on medication dosages.; symbols: The table does not contain any special symbols or footnotes that would require extraction as per the schema.",83327318963cc2ef63915431a3cf751d084461ed9de180ac2616deea90a7be1c,83327318963cc2ef63915431a3cf751d084461ed9de180ac2616deea90a7be1c,pending,,,,,False,Biguanides,"Metformin (500 mg Sol) — Maximum approved daily dose: 2,000 mg",,,"Maximum approved daily dose is 2,000 mg for this formulation.",,"Metformin — 500 mg (Sol) — 2,000 mg","[137.0,466.0,987.0,490.0]"
p021-page-021-tile-r01-c01::page-021-tile-r01-c01-actions-table-93::action::action-007,page_021_tile_r01_c01,21,CONTROLLED_SOURCE_PDF/ADA principles for pharmacologic therapy.pdf,7c2913f79b61bc60f8f51327bb73b80391988fd277116b29e57df4242b2a2404,1cb8ea35e623dfd0d10b90b6dca2b16f06408151760a26c996136baf728b7e8b,tile,"[0.0,0.0,360.0,360.0]",normalized_0_1000,CONTROLLED_SOURCE_IMAGE/ada_page_021_tile_r01_c01.png,OMITTED_RAW_MODEL_JSON/visual_logic_page_021_tile_r01_c01.json,extracted_unvalidated,page_021_tile_r01_c01__actions__table_93,table,Table 9.3—Median monthly (30-day) AWP and NADAC of maximum approved daily doses for agents in the U.S.,False,True,invalid,trigger is required,"structure: This asset contains no decision nodes or recommendation edges as it is purely informational (a table of drug dosages).; structure: The table does not contain any clinical guidelines, recommendations, or evidence-based statements for treatment decisions.; structure: No arrows or directed relationships are present in the visual asset.; actions: No explicit clinical guideline evidence (e.g., recommendations with strength words like 'strongly recommend' or 'avoid') is visible in this table. The table only provides dosing information.; actions: The table does not contain any arrows, triggers, cautions, or modifying footnotes beyond the listed dosage strengths and maximum daily doses.; symbols: No clinical guideline evidence (e.g., arrows, decision nodes, recommendation edges) is visible in this table asset. The content consists solely of tabular data on medication dosages.; symbols: The table does not contain any special symbols or footnotes that would require extraction as per the schema.",3831d1a71d0bb16c56972a0291bafc4cbe262b8915ac3f6c66434c2575107edd,3831d1a71d0bb16c56972a0291bafc4cbe262b8915ac3f6c66434c2575107edd,pending,,,,,False,Sulfonylureas (2nd generation),Glimepiride — Maximum approved daily dose: 8 mg,,,Maximum approved daily dose is 8 mg.,,Glimepiride — 4 mg — 8 mg,"[137.0,520.0,987.0,544.0]"
p021-page-021-tile-r01-c01::page-021-tile-r01-c01-actions-table-93::action::action-008,page_021_tile_r01_c01,21,CONTROLLED_SOURCE_PDF/ADA principles for pharmacologic therapy.pdf,7c2913f79b61bc60f8f51327bb73b80391988fd277116b29e57df4242b2a2404,1cb8ea35e623dfd0d10b90b6dca2b16f06408151760a26c996136baf728b7e8b,tile,"[0.0,0.0,360.0,360.0]",normalized_0_1000,CONTROLLED_SOURCE_IMAGE/ada_page_021_tile_r01_c01.png,OMITTED_RAW_MODEL_JSON/visual_logic_page_021_tile_r01_c01.json,extracted_unvalidated,page_021_tile_r01_c01__actions__table_93,table,Table 9.3—Median monthly (30-day) AWP and NADAC of maximum approved daily doses for agents in the U.S.,False,True,invalid,trigger is required,"structure: This asset contains no decision nodes or recommendation edges as it is purely informational (a table of drug dosages).; structure: The table does not contain any clinical guidelines, recommendations, or evidence-based statements for treatment decisions.; structure: No arrows or directed relationships are present in the visual asset.; actions: No explicit clinical guideline evidence (e.g., recommendations with strength words like 'strongly recommend' or 'avoid') is visible in this table. The table only provides dosing information.; actions: The table does not contain any arrows, triggers, cautions, or modifying footnotes beyond the listed dosage strengths and maximum daily doses.; symbols: No clinical guideline evidence (e.g., arrows, decision nodes, recommendation edges) is visible in this table asset. The content consists solely of tabular data on medication dosages.; symbols: The table does not contain any special symbols or footnotes that would require extraction as per the schema.",a9b3c308ed43726929bf00baf1fca89b04569044ddb0fc13a439a779172099eb,a9b3c308ed43726929bf00baf1fca89b04569044ddb0fc13a439a779172099eb,pending,,,,,False,Sulfonylureas (2nd generation),Glipizide — Maximum approved daily dose: 40 mg,,,Maximum approved daily dose is 40 mg for IR form; 20 mg for XL/ER form.,,Glipizide — 10 mg (IR) — 40 mg,"[137.0,544.0,987.0,568.0]"
p021-page-021-tile-r01-c01::page-021-tile-r01-c01-actions-table-93::action::action-009,page_021_tile_r01_c01,21,CONTROLLED_SOURCE_PDF/ADA principles for pharmacologic therapy.pdf,7c2913f79b61bc60f8f51327bb73b80391988fd277116b29e57df4242b2a2404,1cb8ea35e623dfd0d10b90b6dca2b16f06408151760a26c996136baf728b7e8b,tile,"[0.0,0.0,360.0,360.0]",normalized_0_1000,CONTROLLED_SOURCE_IMAGE/ada_page_021_tile_r01_c01.png,OMITTED_RAW_MODEL_JSON/visual_logic_page_021_tile_r01_c01.json,extracted_unvalidated,page_021_tile_r01_c01__actions__table_93,table,Table 9.3—Median monthly (30-day) AWP and NADAC of maximum approved daily doses for agents in the U.S.,False,True,invalid,trigger is required,"structure: This asset contains no decision nodes or recommendation edges as it is purely informational (a table of drug dosages).; structure: The table does not contain any clinical guidelines, recommendations, or evidence-based statements for treatment decisions.; structure: No arrows or directed relationships are present in the visual asset.; actions: No explicit clinical guideline evidence (e.g., recommendations with strength words like 'strongly recommend' or 'avoid') is visible in this table. The table only provides dosing information.; actions: The table does not contain any arrows, triggers, cautions, or modifying footnotes beyond the listed dosage strengths and maximum daily doses.; symbols: No clinical guideline evidence (e.g., arrows, decision nodes, recommendation edges) is visible in this table asset. The content consists solely of tabular data on medication dosages.; symbols: The table does not contain any special symbols or footnotes that would require extraction as per the schema.",90369af6f9a48b52704f4953a0c287f0c8084da11c864dd07277be7d75833901,90369af6f9a48b52704f4953a0c287f0c8084da11c864dd07277be7d75833901,pending,,,,,False,Sulfonylureas (2nd generation),Glipizide — Maximum approved daily dose: 20 mg,,,Maximum approved daily dose is 40 mg for IR form; 20 mg for XL/ER form.,,Glipizide — 10 mg (XL/ER) — 20 mg,"[137.0,568.0,987.0,592.0]"
p021-page-021-tile-r01-c01::page-021-tile-r01-c01-actions-table-93::action::action-010,page_021_tile_r01_c01,21,CONTROLLED_SOURCE_PDF/ADA principles for pharmacologic therapy.pdf,7c2913f79b61bc60f8f51327bb73b80391988fd277116b29e57df4242b2a2404,1cb8ea35e623dfd0d10b90b6dca2b16f06408151760a26c996136baf728b7e8b,tile,"[0.0,0.0,360.0,360.0]",normalized_0_1000,CONTROLLED_SOURCE_IMAGE/ada_page_021_tile_r01_c01.png,OMITTED_RAW_MODEL_JSON/visual_logic_page_021_tile_r01_c01.json,extracted_unvalidated,page_021_tile_r01_c01__actions__table_93,table,Table 9.3—Median monthly (30-day) AWP and NADAC of maximum approved daily doses for agents in the U.S.,False,True,invalid,trigger is required,"structure: This asset contains no decision nodes or recommendation edges as it is purely informational (a table of drug dosages).; structure: The table does not contain any clinical guidelines, recommendations, or evidence-based statements for treatment decisions.; structure: No arrows or directed relationships are present in the visual asset.; actions: No explicit clinical guideline evidence (e.g., recommendations with strength words like 'strongly recommend' or 'avoid') is visible in this table. The table only provides dosing information.; actions: The table does not contain any arrows, triggers, cautions, or modifying footnotes beyond the listed dosage strengths and maximum daily doses.; symbols: No clinical guideline evidence (e.g., arrows, decision nodes, recommendation edges) is visible in this table asset. The content consists solely of tabular data on medication dosages.; symbols: The table does not contain any special symbols or footnotes that would require extraction as per the schema.",1d1f5a50b3b6f19263c6d88fd85f859fe0dd1d1fbab8bba8301cc4337b689223,1d1f5a50b3b6f19263c6d88fd85f859fe0dd1d1fbab8bba8301cc4337b689223,pending,,,,,False,Sulfonylureas (2nd generation),Glyburide — Maximum approved daily dose: 12 mg,,,Maximum approved daily dose is 12 mg for micronized form; 20 mg for standard form.,,Glyburide — 6 mg (micronized) — 12 mg,"[137.0,592.0,987.0,616.0]"
p021-page-021-tile-r01-c01::page-021-tile-r01-c01-actions-table-93::action::action-011,page_021_tile_r01_c01,21,CONTROLLED_SOURCE_PDF/ADA principles for pharmacologic therapy.pdf,7c2913f79b61bc60f8f51327bb73b80391988fd277116b29e57df4242b2a2404,1cb8ea35e623dfd0d10b90b6dca2b16f06408151760a26c996136baf728b7e8b,tile,"[0.0,0.0,360.0,360.0]",normalized_0_1000,CONTROLLED_SOURCE_IMAGE/ada_page_021_tile_r01_c01.png,OMITTED_RAW_MODEL_JSON/visual_logic_page_021_tile_r01_c01.json,extracted_unvalidated,page_021_tile_r01_c01__actions__table_93,table,Table 9.3—Median monthly (30-day) AWP and NADAC of maximum approved daily doses for agents in the U.S.,False,True,invalid,trigger is required,"structure: This asset contains no decision nodes or recommendation edges as it is purely informational (a table of drug dosages).; structure: The table does not contain any clinical guidelines, recommendations, or evidence-based statements for treatment decisions.; structure: No arrows or directed relationships are present in the visual asset.; actions: No explicit clinical guideline evidence (e.g., recommendations with strength words like 'strongly recommend' or 'avoid') is visible in this table. The table only provides dosing information.; actions: The table does not contain any arrows, triggers, cautions, or modifying footnotes beyond the listed dosage strengths and maximum daily doses.; symbols: No clinical guideline evidence (e.g., arrows, decision nodes, recommendation edges) is visible in this table asset. The content consists solely of tabular data on medication dosages.; symbols: The table does not contain any special symbols or footnotes that would require extraction as per the schema.",5852242c83160382f56a467b22c0317bd0fa0aa4f85bc13838b041fe078dddd2,5852242c83160382f56a467b22c0317bd0fa0aa4f85bc13838b041fe078dddd2,pending,,,,,False,Sulfonylureas (2nd generation),Glyburide — Maximum approved daily dose: 20 mg,,,Maximum approved daily dose is 12 mg for micronized form; 20 mg for standard form.,,Glyburide — 5 mg — 20 mg,"[137.0,616.0,987.0,640.0]"
p021-page-021-tile-r01-c01::page-021-tile-r01-c01-actions-table-93::action::action-012,page_021_tile_r01_c01,21,CONTROLLED_SOURCE_PDF/ADA principles for pharmacologic therapy.pdf,7c2913f79b61bc60f8f51327bb73b80391988fd277116b29e57df4242b2a2404,1cb8ea35e623dfd0d10b90b6dca2b16f06408151760a26c996136baf728b7e8b,tile,"[0.0,0.0,360.0,360.0]",normalized_0_1000,CONTROLLED_SOURCE_IMAGE/ada_page_021_tile_r01_c01.png,OMITTED_RAW_MODEL_JSON/visual_logic_page_021_tile_r01_c01.json,extracted_unvalidated,page_021_tile_r01_c01__actions__table_93,table,Table 9.3—Median monthly (30-day) AWP and NADAC of maximum approved daily doses for agents in the U.S.,False,True,invalid,trigger is required,"structure: This asset contains no decision nodes or recommendation edges as it is purely informational (a table of drug dosages).; structure: The table does not contain any clinical guidelines, recommendations, or evidence-based statements for treatment decisions.; structure: No arrows or directed relationships are present in the visual asset.; actions: No explicit clinical guideline evidence (e.g., recommendations with strength words like 'strongly recommend' or 'avoid') is visible in this table. The table only provides dosing information.; actions: The table does not contain any arrows, triggers, cautions, or modifying footnotes beyond the listed dosage strengths and maximum daily doses.; symbols: No clinical guideline evidence (e.g., arrows, decision nodes, recommendation edges) is visible in this table asset. The content consists solely of tabular data on medication dosages.; symbols: The table does not contain any special symbols or footnotes that would require extraction as per the schema.",bba2bd012e9ef29d8b700fd87959bddae30ca668f65d2c19a6cfec5b46f5c169,bba2bd012e9ef29d8b700fd87959bddae30ca668f65d2c19a6cfec5b46f5c169,pending,,,,,False,Thiazolidinedione,Pioglitazone — Maximum approved daily dose: 45 mg,,,Maximum approved daily dose is 45 mg.,,Pioglitazone — 45 mg — 45 mg,"[137.0,670.0,987.0,694.0]"
p021-page-021-tile-r01-c01::page-021-tile-r01-c01-actions-table-93::action::action-013,page_021_tile_r01_c01,21,CONTROLLED_SOURCE_PDF/ADA principles for pharmacologic therapy.pdf,7c2913f79b61bc60f8f51327bb73b80391988fd277116b29e57df4242b2a2404,1cb8ea35e623dfd0d10b90b6dca2b16f06408151760a26c996136baf728b7e8b,tile,"[0.0,0.0,360.0,360.0]",normalized_0_1000,CONTROLLED_SOURCE_IMAGE/ada_page_021_tile_r01_c01.png,OMITTED_RAW_MODEL_JSON/visual_logic_page_021_tile_r01_c01.json,extracted_unvalidated,page_021_tile_r01_c01__actions__table_93,table,Table 9.3—Median monthly (30-day) AWP and NADAC of maximum approved daily doses for agents in the U.S.,False,True,invalid,trigger is required,"structure: This asset contains no decision nodes or recommendation edges as it is purely informational (a table of drug dosages).; structure: The table does not contain any clinical guidelines, recommendations, or evidence-based statements for treatment decisions.; structure: No arrows or directed relationships are present in the visual asset.; actions: No explicit clinical guideline evidence (e.g., recommendations with strength words like 'strongly recommend' or 'avoid') is visible in this table. The table only provides dosing information.; actions: The table does not contain any arrows, triggers, cautions, or modifying footnotes beyond the listed dosage strengths and maximum daily doses.; symbols: No clinical guideline evidence (e.g., arrows, decision nodes, recommendation edges) is visible in this table asset. The content consists solely of tabular data on medication dosages.; symbols: The table does not contain any special symbols or footnotes that would require extraction as per the schema.",52a590531d39cc8ed1c10e2cef8dd84a2e06a787d618650cf53050588bfb1535,52a590531d39cc8ed1c10e2cef8dd84a2e06a787d618650cf53050588bfb1535,pending,,,,,False,α-Glucosidase inhibitors,Acarbose — Maximum approved daily dose: 300 mg,,,Maximum approved daily dose is 300 mg.,,Acarbose — 100 mg — 300 mg,"[137.0,724.0,987.0,748.0]"
p021-page-021-tile-r01-c01::page-021-tile-r01-c01-actions-table-93::action::action-014,page_021_tile_r01_c01,21,CONTROLLED_SOURCE_PDF/ADA principles for pharmacologic therapy.pdf,7c2913f79b61bc60f8f51327bb73b80391988fd277116b29e57df4242b2a2404,1cb8ea35e623dfd0d10b90b6dca2b16f06408151760a26c996136baf728b7e8b,tile,"[0.0,0.0,360.0,360.0]",normalized_0_1000,CONTROLLED_SOURCE_IMAGE/ada_page_021_tile_r01_c01.png,OMITTED_RAW_MODEL_JSON/visual_logic_page_021_tile_r01_c01.json,extracted_unvalidated,page_021_tile_r01_c01__actions__table_93,table,Table 9.3—Median monthly (30-day) AWP and NADAC of maximum approved daily doses for agents in the U.S.,False,True,invalid,trigger is required,"structure: This asset contains no decision nodes or recommendation edges as it is purely informational (a table of drug dosages).; structure: The table does not contain any clinical guidelines, recommendations, or evidence-based statements for treatment decisions.; structure: No arrows or directed relationships are present in the visual asset.; actions: No explicit clinical guideline evidence (e.g., recommendations with strength words like 'strongly recommend' or 'avoid') is visible in this table. The table only provides dosing information.; actions: The table does not contain any arrows, triggers, cautions, or modifying footnotes beyond the listed dosage strengths and maximum daily doses.; symbols: No clinical guideline evidence (e.g., arrows, decision nodes, recommendation edges) is visible in this table asset. The content consists solely of tabular data on medication dosages.; symbols: The table does not contain any special symbols or footnotes that would require extraction as per the schema.",0273f2697d0a91054dbabffcb4202d03e8e9800c6cc2057e6b68f36930a49a7d,0273f2697d0a91054dbabffcb4202d03e8e9800c6cc2057e6b68f36930a49a7d,pending,,,,,False,α-Glucosidase inhibitors,Miglitol — Maximum approved daily dose: 300 mg,,,Maximum approved daily dose is 300 mg.,,Miglitol — 100 mg — 300 mg,"[137.0,748.0,987.0,772.0]"
p021-page-021-tile-r01-c01::page-021-tile-r01-c01-actions-table-93::action::action-015,page_021_tile_r01_c01,21,CONTROLLED_SOURCE_PDF/ADA principles for pharmacologic therapy.pdf,7c2913f79b61bc60f8f51327bb73b80391988fd277116b29e57df4242b2a2404,1cb8ea35e623dfd0d10b90b6dca2b16f06408151760a26c996136baf728b7e8b,tile,"[0.0,0.0,360.0,360.0]",normalized_0_1000,CONTROLLED_SOURCE_IMAGE/ada_page_021_tile_r01_c01.png,OMITTED_RAW_MODEL_JSON/visual_logic_page_021_tile_r01_c01.json,extracted_unvalidated,page_021_tile_r01_c01__actions__table_93,table,Table 9.3—Median monthly (30-day) AWP and NADAC of maximum approved daily doses for agents in the U.S.,False,True,invalid,trigger is required,"structure: This asset contains no decision nodes or recommendation edges as it is purely informational (a table of drug dosages).; structure: The table does not contain any clinical guidelines, recommendations, or evidence-based statements for treatment decisions.; structure: No arrows or directed relationships are present in the visual asset.; actions: No explicit clinical guideline evidence (e.g., recommendations with strength words like 'strongly recommend' or 'avoid') is visible in this table. The table only provides dosing information.; actions: The table does not contain any arrows, triggers, cautions, or modifying footnotes beyond the listed dosage strengths and maximum daily doses.; symbols: No clinical guideline evidence (e.g., arrows, decision nodes, recommendation edges) is visible in this table asset. The content consists solely of tabular data on medication dosages.; symbols: The table does not contain any special symbols or footnotes that would require extraction as per the schema.",33959b492f207f7cf8350bbfda7d77ab481d949d3d5797f0be14c4c55ba44d69,33959b492f207f7cf8350bbfda7d77ab481d949d3d5797f0be14c4c55ba44d69,pending,,,,,False,Meglitinides,Nateglinide — Maximum approved daily dose: 360 mg,,,Maximum approved daily dose is 360 mg.,,Nateglinide — 120 mg — 360 mg,"[137.0,802.0,987.0,826.0]"
p021-page-021-tile-r01-c01::page-021-tile-r01-c01-actions-table-93::action::action-016,page_021_tile_r01_c01,21,CONTROLLED_SOURCE_PDF/ADA principles for pharmacologic therapy.pdf,7c2913f79b61bc60f8f51327bb73b80391988fd277116b29e57df4242b2a2404,1cb8ea35e623dfd0d10b90b6dca2b16f06408151760a26c996136baf728b7e8b,tile,"[0.0,0.0,360.0,360.0]",normalized_0_1000,CONTROLLED_SOURCE_IMAGE/ada_page_021_tile_r01_c01.png,OMITTED_RAW_MODEL_JSON/visual_logic_page_021_tile_r01_c01.json,extracted_unvalidated,page_021_tile_r01_c01__actions__table_93,table,Table 9.3—Median monthly (30-day) AWP and NADAC of maximum approved daily doses for agents in the U.S.,False,True,invalid,trigger is required,"structure: This asset contains no decision nodes or recommendation edges as it is purely informational (a table of drug dosages).; structure: The table does not contain any clinical guidelines, recommendations, or evidence-based statements for treatment decisions.; structure: No arrows or directed relationships are present in the visual asset.; actions: No explicit clinical guideline evidence (e.g., recommendations with strength words like 'strongly recommend' or 'avoid') is visible in this table. The table only provides dosing information.; actions: The table does not contain any arrows, triggers, cautions, or modifying footnotes beyond the listed dosage strengths and maximum daily doses.; symbols: No clinical guideline evidence (e.g., arrows, decision nodes, recommendation edges) is visible in this table asset. The content consists solely of tabular data on medication dosages.; symbols: The table does not contain any special symbols or footnotes that would require extraction as per the schema.",471c104995c12475caa1a1b3f9f1952658396702836317c95b933173ec78c252,471c104995c12475caa1a1b3f9f1952658396702836317c95b933173ec78c252,pending,,,,,False,Meglitinides,Repaglinide — Maximum approved daily dose: 16 mg,,,Maximum approved daily dose is 16 mg.,,Repaglinide — 2 mg — 16 mg,"[137.0,826.0,987.0,850.0]"
p021-page-021-tile-r01-c02::page-021-tile-r01-c02-actions-tile-r01-c02::action::action-001,page_021_tile_r01_c02,21,CONTROLLED_SOURCE_PDF/ADA principles for pharmacologic therapy.pdf,7c2913f79b61bc60f8f51327bb73b80391988fd277116b29e57df4242b2a2404,6d80b6127200fbbeb1e788072ccccbcf673edf9a00074a246edd6701d9097f61,tile,"[233.972,0.0,593.972,360.0]",normalized_0_1000,CONTROLLED_SOURCE_IMAGE/ada_page_021_tile_r01_c02.png,OMITTED_RAW_MODEL_JSON/visual_logic_page_021_tile_r01_c02.json,extracted_unvalidated,page_021_tile_r01_c02__actions__tile_r01_c02,table,NADAC of maximum approved daily dose of noninsulin glucose-lowering,True,True,valid,,"structure: No clinical guideline evidence was found within the provided image asset. The content consists solely of a tabular presentation of drug dosage, cost data, and maximum approved daily doses without any decision nodes or recommendation edges.; actions: No explicit clinical guideline evidence (recommendations or decision rules) is visible in this table. The data presented are purely pharmacoeconomic metrics (AWP, NADAC) linked to dosage strength and maximum approved daily dose.; actions: The table does not contain any arrows, decision nodes, or recommendation edges that would constitute clinical guideline evidence.; symbols: No clinical guideline evidence was found within the provided image asset that matches the requested extraction criteria (clinical guidelines, decision nodes, recommendation edges, drug actions). The table contains pharmacoeconomic data but does not contain explicit clinical guideline recommendations or decision-making structures.",d97c35f84edb9b9ce84ac5a4e1931b3e9d0342dd5845358782d058da40ef072a,d97c35f84edb9b9ce84ac5a4e1931b3e9d0342dd5845358782d058da40ef072a,pending,,,,,False,Noninsulin glucose-lowering agents,Dose adjustment based on NADAC and AWP values,"Based on maximum approved daily dose, median AWP, and median NADAC",,"Maximum approved daily dose (mg), Median AWP ($ min, max), Median NADAC ($ min, max)",NADAC values may vary by product formulation and dosage strength.,"Dosage strength/product (if applicable) | Maximum approved daily dose† | Median AWP (min, max)* | Median NADAC (min, max)*","[234.0,280.0,593.0,316.0]"
p021-page-021-tile-r02-c01::page-021-tile-r02-c01-actions-tile-r02-c01::action::action-001,page_021_tile_r02_c01,21,CONTROLLED_SOURCE_PDF/ADA principles for pharmacologic therapy.pdf,7c2913f79b61bc60f8f51327bb73b80391988fd277116b29e57df4242b2a2404,d3a7bd7426ca7c79a75a06e769e9959c44e30b14ce9198346d0506368f6b9231,tile,"[0.0,288.0,360.0,648.0]",normalized_0_1000,CONTROLLED_SOURCE_IMAGE/ada_page_021_tile_r02_c01.png,OMITTED_RAW_MODEL_JSON/visual_logic_page_021_tile_r02_c01.json,extracted_unvalidated,page_021_tile_r02_c01__actions__tile_r02_c01,table,Table 9.3,False,True,invalid,action is required; trigger is required,"structure: No clinical guideline evidence (decision nodes or recommendation edges) was found in this asset. The content consists solely of a tabular listing of diabetes medications with their dosage forms and pricing information, including footnotes explaining calculation methods and price adjustments. This is not structured as a decision tree or flowchart.; actions: No explicit clinical guideline evidence is visible in this asset. The table provides medication class, dosages, and formulations but does not contain any recommendation-strength words, triggers, cautions, or dose/use logic that would constitute clinical guidelines.; symbols: No clinical guidelines (recommendations, decision trees, etc.) were found in this asset. Only a medication pricing table is present.; symbols: The table includes dosage information and pricing data but does not contain any explicit clinical guideline evidence such as 'Recommendation: Use X drug for Y condition' or flowchart-based decisions.; visual item title derived from manifest figure_ids/table_ids",d8f3a93202edede5ccf495be706612056a95e3aab42ae3df0b36543ab7457ddc,d8f3a93202edede5ccf495be706612056a95e3aab42ae3df0b36543ab7457ddc,pending,,,,,False,Meglitinides,,,,Repaglinide 2 mg; 16 mg (max),,• Repaglinide 2 mg 16 mg,"[130.0,14.0,987.0,45.0]"
p021-page-021-tile-r02-c01::page-021-tile-r02-c01-actions-tile-r02-c01::action::action-002,page_021_tile_r02_c01,21,CONTROLLED_SOURCE_PDF/ADA principles for pharmacologic therapy.pdf,7c2913f79b61bc60f8f51327bb73b80391988fd277116b29e57df4242b2a2404,d3a7bd7426ca7c79a75a06e769e9959c44e30b14ce9198346d0506368f6b9231,tile,"[0.0,288.0,360.0,648.0]",normalized_0_1000,CONTROLLED_SOURCE_IMAGE/ada_page_021_tile_r02_c01.png,OMITTED_RAW_MODEL_JSON/visual_logic_page_021_tile_r02_c01.json,extracted_unvalidated,page_021_tile_r02_c01__actions__tile_r02_c01,table,Table 9.3,False,True,invalid,action is required; trigger is required,"structure: No clinical guideline evidence (decision nodes or recommendation edges) was found in this asset. The content consists solely of a tabular listing of diabetes medications with their dosage forms and pricing information, including footnotes explaining calculation methods and price adjustments. This is not structured as a decision tree or flowchart.; actions: No explicit clinical guideline evidence is visible in this asset. The table provides medication class, dosages, and formulations but does not contain any recommendation-strength words, triggers, cautions, or dose/use logic that would constitute clinical guidelines.; symbols: No clinical guidelines (recommendations, decision trees, etc.) were found in this asset. Only a medication pricing table is present.; symbols: The table includes dosage information and pricing data but does not contain any explicit clinical guideline evidence such as 'Recommendation: Use X drug for Y condition' or flowchart-based decisions.; visual item title derived from manifest figure_ids/table_ids",cf1dcc5e76ec0a9d6035ea075ad5002c4388ed61af72ee7bc3fff6e54687c5d9,cf1dcc5e76ec0a9d6035ea075ad5002c4388ed61af72ee7bc3fff6e54687c5d9,pending,,,,,False,DPP-4 inhibitors,,,,Alogliptin 25 mg; Linagliptin 5 mg; Saxagliptin 5 mg; Sitagliptin 100 mg (25 mg/mL),,• Alogliptin 25 mg 25 mg • Linagliptin 5 mg 5 mg • Saxagliptin 5 mg 5 mg • Sitagliptin 100 mg 100 mg 25 mg/mL 100 mg,"[130.0,46.0,987.0,190.0]"
p021-page-021-tile-r02-c01::page-021-tile-r02-c01-actions-tile-r02-c01::action::action-003,page_021_tile_r02_c01,21,CONTROLLED_SOURCE_PDF/ADA principles for pharmacologic therapy.pdf,7c2913f79b61bc60f8f51327bb73b80391988fd277116b29e57df4242b2a2404,d3a7bd7426ca7c79a75a06e769e9959c44e30b14ce9198346d0506368f6b9231,tile,"[0.0,288.0,360.0,648.0]",normalized_0_1000,CONTROLLED_SOURCE_IMAGE/ada_page_021_tile_r02_c01.png,OMITTED_RAW_MODEL_JSON/visual_logic_page_021_tile_r02_c01.json,extracted_unvalidated,page_021_tile_r02_c01__actions__tile_r02_c01,table,Table 9.3,False,True,invalid,action is required; trigger is required,"structure: No clinical guideline evidence (decision nodes or recommendation edges) was found in this asset. The content consists solely of a tabular listing of diabetes medications with their dosage forms and pricing information, including footnotes explaining calculation methods and price adjustments. This is not structured as a decision tree or flowchart.; actions: No explicit clinical guideline evidence is visible in this asset. The table provides medication class, dosages, and formulations but does not contain any recommendation-strength words, triggers, cautions, or dose/use logic that would constitute clinical guidelines.; symbols: No clinical guidelines (recommendations, decision trees, etc.) were found in this asset. Only a medication pricing table is present.; symbols: The table includes dosage information and pricing data but does not contain any explicit clinical guideline evidence such as 'Recommendation: Use X drug for Y condition' or flowchart-based decisions.; visual item title derived from manifest figure_ids/table_ids",480c5bfc2c5aa204c6c966a5886ef8cf60dc202ca9b040cac63ced402c5e810d,480c5bfc2c5aa204c6c966a5886ef8cf60dc202ca9b040cac63ced402c5e810d,pending,,,,,False,SGLT2 inhibitors,,,,Bexagliflozin 20 mg; Canagliflozin 300 mg; Dapagliflozin 10 mg; Empagliflozin 25 mg; Ertugliflozin 15 mg,,• Bexagliflozin 20 mg 20 mg • Canagliflozin 300 mg 300 mg • Dapagliflozin 10 mg 10 mg • Empagliflozin 25 mg 25 mg • Ertugliflozin 15 mg 15 mg,"[130.0,191.0,987.0,346.0]"
p021-page-021-tile-r02-c01::page-021-tile-r02-c01-actions-tile-r02-c01::action::action-004,page_021_tile_r02_c01,21,CONTROLLED_SOURCE_PDF/ADA principles for pharmacologic therapy.pdf,7c2913f79b61bc60f8f51327bb73b80391988fd277116b29e57df4242b2a2404,d3a7bd7426ca7c79a75a06e769e9959c44e30b14ce9198346d0506368f6b9231,tile,"[0.0,288.0,360.0,648.0]",normalized_0_1000,CONTROLLED_SOURCE_IMAGE/ada_page_021_tile_r02_c01.png,OMITTED_RAW_MODEL_JSON/visual_logic_page_021_tile_r02_c01.json,extracted_unvalidated,page_021_tile_r02_c01__actions__tile_r02_c01,table,Table 9.3,False,True,invalid,action is required; trigger is required,"structure: No clinical guideline evidence (decision nodes or recommendation edges) was found in this asset. The content consists solely of a tabular listing of diabetes medications with their dosage forms and pricing information, including footnotes explaining calculation methods and price adjustments. This is not structured as a decision tree or flowchart.; actions: No explicit clinical guideline evidence is visible in this asset. The table provides medication class, dosages, and formulations but does not contain any recommendation-strength words, triggers, cautions, or dose/use logic that would constitute clinical guidelines.; symbols: No clinical guidelines (recommendations, decision trees, etc.) were found in this asset. Only a medication pricing table is present.; symbols: The table includes dosage information and pricing data but does not contain any explicit clinical guideline evidence such as 'Recommendation: Use X drug for Y condition' or flowchart-based decisions.; visual item title derived from manifest figure_ids/table_ids",3f9d4905b96eb5132e232e94307b34da6801cbb40924a3bdd6b4bc582d7e1f07,3f9d4905b96eb5132e232e94307b34da6801cbb40924a3bdd6b4bc582d7e1f07,pending,,,,,False,GLP-1 RAs,,,,Dulaglutide 4.5 mg pen; Liraglutide 18 mg/3 mL pen; Semaglutide 2 mg pen (14 mg tablet),,• Dulaglutide 4.5 mg pen 4.5 mg† • Liraglutide 18 mg/3 mL pen 1.8 mg‡ • Semaglutide 2 mg pen 2 mg‡ 14 mg (tablet) 14 mg,"[130.0,347.0,987.0,475.0]"
p021-page-021-tile-r02-c01::page-021-tile-r02-c01-actions-tile-r02-c01::action::action-005,page_021_tile_r02_c01,21,CONTROLLED_SOURCE_PDF/ADA principles for pharmacologic therapy.pdf,7c2913f79b61bc60f8f51327bb73b80391988fd277116b29e57df4242b2a2404,d3a7bd7426ca7c79a75a06e769e9959c44e30b14ce9198346d0506368f6b9231,tile,"[0.0,288.0,360.0,648.0]",normalized_0_1000,CONTROLLED_SOURCE_IMAGE/ada_page_021_tile_r02_c01.png,OMITTED_RAW_MODEL_JSON/visual_logic_page_021_tile_r02_c01.json,extracted_unvalidated,page_021_tile_r02_c01__actions__tile_r02_c01,table,Table 9.3,False,True,invalid,action is required; trigger is required,"structure: No clinical guideline evidence (decision nodes or recommendation edges) was found in this asset. The content consists solely of a tabular listing of diabetes medications with their dosage forms and pricing information, including footnotes explaining calculation methods and price adjustments. This is not structured as a decision tree or flowchart.; actions: No explicit clinical guideline evidence is visible in this asset. The table provides medication class, dosages, and formulations but does not contain any recommendation-strength words, triggers, cautions, or dose/use logic that would constitute clinical guidelines.; symbols: No clinical guidelines (recommendations, decision trees, etc.) were found in this asset. Only a medication pricing table is present.; symbols: The table includes dosage information and pricing data but does not contain any explicit clinical guideline evidence such as 'Recommendation: Use X drug for Y condition' or flowchart-based decisions.; visual item title derived from manifest figure_ids/table_ids",6807ee5156f891e3eeac89e476e2a036c464d1a9c3a3e61b5bcadf06b4fa05b7,6807ee5156f891e3eeac89e476e2a036c464d1a9c3a3e61b5bcadf06b4fa05b7,pending,,,,,False,Dual GIP and GLP-1 RA,,,,Tirzepatide 15 mg pen,,• Tirzepatide 15 mg pen 15 mg‡,"[130.0,476.0,987.0,507.0]"
p021-page-021-tile-r02-c01::page-021-tile-r02-c01-actions-tile-r02-c01::action::action-006,page_021_tile_r02_c01,21,CONTROLLED_SOURCE_PDF/ADA principles for pharmacologic therapy.pdf,7c2913f79b61bc60f8f51327bb73b80391988fd277116b29e57df4242b2a2404,d3a7bd7426ca7c79a75a06e769e9959c44e30b14ce9198346d0506368f6b9231,tile,"[0.0,288.0,360.0,648.0]",normalized_0_1000,CONTROLLED_SOURCE_IMAGE/ada_page_021_tile_r02_c01.png,OMITTED_RAW_MODEL_JSON/visual_logic_page_021_tile_r02_c01.json,extracted_unvalidated,page_021_tile_r02_c01__actions__tile_r02_c01,table,Table 9.3,False,True,invalid,action is required; trigger is required,"structure: No clinical guideline evidence (decision nodes or recommendation edges) was found in this asset. The content consists solely of a tabular listing of diabetes medications with their dosage forms and pricing information, including footnotes explaining calculation methods and price adjustments. This is not structured as a decision tree or flowchart.; actions: No explicit clinical guideline evidence is visible in this asset. The table provides medication class, dosages, and formulations but does not contain any recommendation-strength words, triggers, cautions, or dose/use logic that would constitute clinical guidelines.; symbols: No clinical guidelines (recommendations, decision trees, etc.) were found in this asset. Only a medication pricing table is present.; symbols: The table includes dosage information and pricing data but does not contain any explicit clinical guideline evidence such as 'Recommendation: Use X drug for Y condition' or flowchart-based decisions.; visual item title derived from manifest figure_ids/table_ids",54fc311789f0c3f41ef42be2db1a2acc2a489bd29881bdc2bdf4f82ec6f86e4a,54fc311789f0c3f41ef42be2db1a2acc2a489bd29881bdc2bdf4f82ec6f86e4a,pending,,,,,False,Bile acid sequestrant,,,,Colesevelam 625 mg tabs; 3.75 g suspension,,• Colesevelam 625 mg tabs 3.75 g suspension 3.75 g,"[130.0,508.0,987.0,574.0]"
p021-page-021-tile-r02-c01::page-021-tile-r02-c01-actions-tile-r02-c01::action::action-007,page_021_tile_r02_c01,21,CONTROLLED_SOURCE_PDF/ADA principles for pharmacologic therapy.pdf,7c2913f79b61bc60f8f51327bb73b80391988fd277116b29e57df4242b2a2404,d3a7bd7426ca7c79a75a06e769e9959c44e30b14ce9198346d0506368f6b9231,tile,"[0.0,288.0,360.0,648.0]",normalized_0_1000,CONTROLLED_SOURCE_IMAGE/ada_page_021_tile_r02_c01.png,OMITTED_RAW_MODEL_JSON/visual_logic_page_021_tile_r02_c01.json,extracted_unvalidated,page_021_tile_r02_c01__actions__tile_r02_c01,table,Table 9.3,False,True,invalid,action is required; trigger is required,"structure: No clinical guideline evidence (decision nodes or recommendation edges) was found in this asset. The content consists solely of a tabular listing of diabetes medications with their dosage forms and pricing information, including footnotes explaining calculation methods and price adjustments. This is not structured as a decision tree or flowchart.; actions: No explicit clinical guideline evidence is visible in this asset. The table provides medication class, dosages, and formulations but does not contain any recommendation-strength words, triggers, cautions, or dose/use logic that would constitute clinical guidelines.; symbols: No clinical guidelines (recommendations, decision trees, etc.) were found in this asset. Only a medication pricing table is present.; symbols: The table includes dosage information and pricing data but does not contain any explicit clinical guideline evidence such as 'Recommendation: Use X drug for Y condition' or flowchart-based decisions.; visual item title derived from manifest figure_ids/table_ids",f8f4efbb75fd551e6048a75cf8ba4e802464e19f403493aaa5afbd064a1ad123,f8f4efbb75fd551e6048a75cf8ba4e802464e19f403493aaa5afbd064a1ad123,pending,,,,,False,Dopamine-2 agonist,,,,Bromocriptine 0.8 mg; 4.8 mg,,• Bromocriptine 0.8 mg 4.8 mg,"[130.0,575.0,987.0,620.0]"
p021-page-021-tile-r03-c01::page-021-tile-r03-c01-actions-page-021-tile-r03-c01::action::action-001,page_021_tile_r03_c01,21,CONTROLLED_SOURCE_PDF/ADA principles for pharmacologic therapy.pdf,7c2913f79b61bc60f8f51327bb73b80391988fd277116b29e57df4242b2a2404,68c5cdab186ed708ab6e0055d50ffb5d5106a2e799d4de1593469d61e3b4dbb4,tile,"[0.0,422.986,360.0,782.986]",normalized_0_1000,CONTROLLED_SOURCE_IMAGE/ada_page_021_tile_r03_c01.png,OMITTED_RAW_MODEL_JSON/visual_logic_page_021_tile_r03_c01.json,extracted_unvalidated,page_021_tile_r03_c01__actions__page_021_tile_r03_c01,table,Table 9.3,True,True,invalid,action is required; trigger is required,"structure: No clinical guideline evidence (decision nodes, recommendation edges) is present in the provided image asset. The content consists of a medication cost table and explanatory text about insulin costs and access strategies for people with diabetes.; actions: The provided image asset is a table listing medications with their dosages and prices; it does not contain any visible clinical guideline evidence such as specific treatment algorithms, indications, contraindications, or strength-based recommendations. The text below the table discusses cost-related issues for diabetes medication but does not provide clinical guidelines.; symbols: No clinical guideline evidence (such as arrows, decision nodes, or recommendation edges) is visible in this asset. The content consists primarily of a table listing medications and their costs, along with explanatory text about cost-related challenges for people with diabetes.; symbols: The table includes footnotes explaining abbreviations but does not contain any visual elements that represent clinical guidelines (e.g., arrows, decision nodes).; symbols: No ordinal symbols or presence markers are visible in this asset.; visual item title derived from manifest figure_ids/table_ids",9309f08fd28f514f9c9f324a5cc7633c5ccdc6669178be5f397acae5574b5c2d,9309f08fd28f514f9c9f324a5cc7633c5ccdc6669178be5f397acae5574b5c2d,pending,,,,,False,DPP-4 inhibitors,,,,,,• Sitagliptin 100 mg tablet (AWP $2.50; NADAC $2.49),"[136.0,0.0,360.0,87.0]"
p021-page-021-tile-r03-c01::page-021-tile-r03-c01-actions-page-021-tile-r03-c01::action::action-002,page_021_tile_r03_c01,21,CONTROLLED_SOURCE_PDF/ADA principles for pharmacologic therapy.pdf,7c2913f79b61bc60f8f51327bb73b80391988fd277116b29e57df4242b2a2404,68c5cdab186ed708ab6e0055d50ffb5d5106a2e799d4de1593469d61e3b4dbb4,tile,"[0.0,422.986,360.0,782.986]",normalized_0_1000,CONTROLLED_SOURCE_IMAGE/ada_page_021_tile_r03_c01.png,OMITTED_RAW_MODEL_JSON/visual_logic_page_021_tile_r03_c01.json,extracted_unvalidated,page_021_tile_r03_c01__actions__page_021_tile_r03_c01,table,Table 9.3,True,True,invalid,"action is required; trigger is required; duplicate action record within item: ('GLP-1 RA', '', '', '', '')","structure: No clinical guideline evidence (decision nodes, recommendation edges) is present in the provided image asset. The content consists of a medication cost table and explanatory text about insulin costs and access strategies for people with diabetes.; actions: The provided image asset is a table listing medications with their dosages and prices; it does not contain any visible clinical guideline evidence such as specific treatment algorithms, indications, contraindications, or strength-based recommendations. The text below the table discusses cost-related issues for diabetes medication but does not provide clinical guidelines.; symbols: No clinical guideline evidence (such as arrows, decision nodes, or recommendation edges) is visible in this asset. The content consists primarily of a table listing medications and their costs, along with explanatory text about cost-related challenges for people with diabetes.; symbols: The table includes footnotes explaining abbreviations but does not contain any visual elements that represent clinical guidelines (e.g., arrows, decision nodes).; symbols: No ordinal symbols or presence markers are visible in this asset.; visual item title derived from manifest figure_ids/table_ids",211972be5bd6d9579cbd500d361bc63edd1d2b187f8f783cc9343455453431b9,211972be5bd6d9579cbd500d361bc63edd1d2b187f8f783cc9343455453431b9,pending,,,,,False,GLP-1 RA,,,,,,• Liraglutide 18 mg/3 mL pen (AWP $1.80; NADAC $1.79),"[136.0,87.0,360.0,124.0]"
p021-page-021-tile-r03-c01::page-021-tile-r03-c01-actions-page-021-tile-r03-c01::action::action-003,page_021_tile_r03_c01,21,CONTROLLED_SOURCE_PDF/ADA principles for pharmacologic therapy.pdf,7c2913f79b61bc60f8f51327bb73b80391988fd277116b29e57df4242b2a2404,68c5cdab186ed708ab6e0055d50ffb5d5106a2e799d4de1593469d61e3b4dbb4,tile,"[0.0,422.986,360.0,782.986]",normalized_0_1000,CONTROLLED_SOURCE_IMAGE/ada_page_021_tile_r03_c01.png,OMITTED_RAW_MODEL_JSON/visual_logic_page_021_tile_r03_c01.json,extracted_unvalidated,page_021_tile_r03_c01__actions__page_021_tile_r03_c01,table,Table 9.3,True,True,invalid,"action is required; trigger is required; duplicate action record within item: ('GLP-1 RA', '', '', '', '')","structure: No clinical guideline evidence (decision nodes, recommendation edges) is present in the provided image asset. The content consists of a medication cost table and explanatory text about insulin costs and access strategies for people with diabetes.; actions: The provided image asset is a table listing medications with their dosages and prices; it does not contain any visible clinical guideline evidence such as specific treatment algorithms, indications, contraindications, or strength-based recommendations. The text below the table discusses cost-related issues for diabetes medication but does not provide clinical guidelines.; symbols: No clinical guideline evidence (such as arrows, decision nodes, or recommendation edges) is visible in this asset. The content consists primarily of a table listing medications and their costs, along with explanatory text about cost-related challenges for people with diabetes.; symbols: The table includes footnotes explaining abbreviations but does not contain any visual elements that represent clinical guidelines (e.g., arrows, decision nodes).; symbols: No ordinal symbols or presence markers are visible in this asset.; visual item title derived from manifest figure_ids/table_ids",1056cf82142c84c0a541cf98bcb450b717400563386356bd19ad17f75d71130a,1056cf82142c84c0a541cf98bcb450b717400563386356bd19ad17f75d71130a,pending,,,,,False,GLP-1 RA,,,,,,• Semaglutide 2 mg pen (AWP $2.00; NADAC $1.98),"[136.0,124.0,360.0,157.0]"
p021-page-021-tile-r03-c01::page-021-tile-r03-c01-actions-page-021-tile-r03-c01::action::action-004,page_021_tile_r03_c01,21,CONTROLLED_SOURCE_PDF/ADA principles for pharmacologic therapy.pdf,7c2913f79b61bc60f8f51327bb73b80391988fd277116b29e57df4242b2a2404,68c5cdab186ed708ab6e0055d50ffb5d5106a2e799d4de1593469d61e3b4dbb4,tile,"[0.0,422.986,360.0,782.986]",normalized_0_1000,CONTROLLED_SOURCE_IMAGE/ada_page_021_tile_r03_c01.png,OMITTED_RAW_MODEL_JSON/visual_logic_page_021_tile_r03_c01.json,extracted_unvalidated,page_021_tile_r03_c01__actions__page_021_tile_r03_c01,table,Table 9.3,True,True,invalid,action is required; trigger is required,"structure: No clinical guideline evidence (decision nodes, recommendation edges) is present in the provided image asset. The content consists of a medication cost table and explanatory text about insulin costs and access strategies for people with diabetes.; actions: The provided image asset is a table listing medications with their dosages and prices; it does not contain any visible clinical guideline evidence such as specific treatment algorithms, indications, contraindications, or strength-based recommendations. The text below the table discusses cost-related issues for diabetes medication but does not provide clinical guidelines.; symbols: No clinical guideline evidence (such as arrows, decision nodes, or recommendation edges) is visible in this asset. The content consists primarily of a table listing medications and their costs, along with explanatory text about cost-related challenges for people with diabetes.; symbols: The table includes footnotes explaining abbreviations but does not contain any visual elements that represent clinical guidelines (e.g., arrows, decision nodes).; symbols: No ordinal symbols or presence markers are visible in this asset.; visual item title derived from manifest figure_ids/table_ids",cfbf9ead6da45c473570e4999669535f96a6a004010cda8a48e42e4b06fb5555,cfbf9ead6da45c473570e4999669535f96a6a004010cda8a48e42e4b06fb5555,pending,,,,,False,Dual GIP and GLP-1 RA,,,,,,• Tirzepatide 15 mg pen (AWP $15.00; NADAC $14.98),"[136.0,157.0,360.0,200.0]"
p021-page-021-tile-r03-c01::page-021-tile-r03-c01-actions-page-021-tile-r03-c01::action::action-005,page_021_tile_r03_c01,21,CONTROLLED_SOURCE_PDF/ADA principles for pharmacologic therapy.pdf,7c2913f79b61bc60f8f51327bb73b80391988fd277116b29e57df4242b2a2404,68c5cdab186ed708ab6e0055d50ffb5d5106a2e799d4de1593469d61e3b4dbb4,tile,"[0.0,422.986,360.0,782.986]",normalized_0_1000,CONTROLLED_SOURCE_IMAGE/ada_page_021_tile_r03_c01.png,OMITTED_RAW_MODEL_JSON/visual_logic_page_021_tile_r03_c01.json,extracted_unvalidated,page_021_tile_r03_c01__actions__page_021_tile_r03_c01,table,Table 9.3,True,True,invalid,action is required; trigger is required,"structure: No clinical guideline evidence (decision nodes, recommendation edges) is present in the provided image asset. The content consists of a medication cost table and explanatory text about insulin costs and access strategies for people with diabetes.; actions: The provided image asset is a table listing medications with their dosages and prices; it does not contain any visible clinical guideline evidence such as specific treatment algorithms, indications, contraindications, or strength-based recommendations. The text below the table discusses cost-related issues for diabetes medication but does not provide clinical guidelines.; symbols: No clinical guideline evidence (such as arrows, decision nodes, or recommendation edges) is visible in this asset. The content consists primarily of a table listing medications and their costs, along with explanatory text about cost-related challenges for people with diabetes.; symbols: The table includes footnotes explaining abbreviations but does not contain any visual elements that represent clinical guidelines (e.g., arrows, decision nodes).; symbols: No ordinal symbols or presence markers are visible in this asset.; visual item title derived from manifest figure_ids/table_ids",3074efe519ced3e6ee6d92ae501b6d896c8ae29823704fe2bf588d58c8f9ba9a,3074efe519ced3e6ee6d92ae501b6d896c8ae29823704fe2bf588d58c8f9ba9a,pending,,,,,False,Bile acid sequestrant,,,,,,• Colesevelam 625 mg tabs (AWP $3.75; NADAC $3.74),"[136.0,200.0,360.0,238.0]"
p021-page-021-tile-r03-c01::page-021-tile-r03-c01-actions-page-021-tile-r03-c01::action::action-006,page_021_tile_r03_c01,21,CONTROLLED_SOURCE_PDF/ADA principles for pharmacologic therapy.pdf,7c2913f79b61bc60f8f51327bb73b80391988fd277116b29e57df4242b2a2404,68c5cdab186ed708ab6e0055d50ffb5d5106a2e799d4de1593469d61e3b4dbb4,tile,"[0.0,422.986,360.0,782.986]",normalized_0_1000,CONTROLLED_SOURCE_IMAGE/ada_page_021_tile_r03_c01.png,OMITTED_RAW_MODEL_JSON/visual_logic_page_021_tile_r03_c01.json,extracted_unvalidated,page_021_tile_r03_c01__actions__page_021_tile_r03_c01,table,Table 9.3,True,True,invalid,action is required; trigger is required,"structure: No clinical guideline evidence (decision nodes, recommendation edges) is present in the provided image asset. The content consists of a medication cost table and explanatory text about insulin costs and access strategies for people with diabetes.; actions: The provided image asset is a table listing medications with their dosages and prices; it does not contain any visible clinical guideline evidence such as specific treatment algorithms, indications, contraindications, or strength-based recommendations. The text below the table discusses cost-related issues for diabetes medication but does not provide clinical guidelines.; symbols: No clinical guideline evidence (such as arrows, decision nodes, or recommendation edges) is visible in this asset. The content consists primarily of a table listing medications and their costs, along with explanatory text about cost-related challenges for people with diabetes.; symbols: The table includes footnotes explaining abbreviations but does not contain any visual elements that represent clinical guidelines (e.g., arrows, decision nodes).; symbols: No ordinal symbols or presence markers are visible in this asset.; visual item title derived from manifest figure_ids/table_ids",49132810998731bf1727afe69622d176aa98e4eb404961f0b6d520d07f0e57dd,49132810998731bf1727afe69622d176aa98e4eb404961f0b6d520d07f0e57dd,pending,,,,,False,Dopamine-2 agonist,,,,,,• Bromocriptine 0.8 mg (AWP $4.80; NADAC $4.79),"[136.0,238.0,360.0,275.0]"
