chunk_id,record_id,source_pdf,source_pdf_sha256,image_sha256,asset_id,asset_type,asset_bbox,evidence_bbox_space,page_number,section_title,content_type,table_or_figure_id,type2_relevance_score,drug_class_tags,topic_tags,retrieval_text,evidence_text,evidence_bbox,image_path,source_json,extraction_status,validation_status,review_status,reviewer,reviewed_at,human_approved,approval_status,release_status,approved_by,approved_at,content_sha256,effective_content_sha256,requires_manual_review
visual_p002-page-002-tile-r01-c01::page-002-tile-r01-c01-structure-tile-0::node::dcct-node,p002-page-002-tile-r01-c01::page-002-tile-r01-c01-structure-tile-0::node::dcct-node,CONTROLLED_SOURCE_PDF/ADA principles for pharmacologic therapy.pdf,7c2913f79b61bc60f8f51327bb73b80391988fd277116b29e57df4242b2a2404,60267ead4957d41459a2d97fc92488544c8215720a8e2e5eca70d29fee452ec7,page_002_tile_r01_c01,tile,"[0.0,0.0,360.0,360.0]",normalized_0_1000,2,S184 Pharmacologic Approaches to Glycemic Treatment,visual_node,S184 Pharmacologic Approaches to Glycemic Treatment,3,,visual_logic; decision_node,S184 Pharmacologic Approaches to Glycemic Treatment; Decision node; DCCT_node; The Diabetes Control and Complications Trial (DCCT); intensive therapy with multiple daily injections or continuous subcutaneous insulin infusion (CSII) reduced A1C and was associated with improved long-term outcomes,The Diabetes Control and Complications Trial (DCCT) demonstrated that intensive therapy with multiple daily injections or continuous subcutaneous insulin infusion (CSII) reduced A1C and was associated with improved long-term outcomes (1–3).,"[158.0,207.0,604.0,999.0]",CONTROLLED_SOURCE_IMAGE/ada_page_002_tile_r01_c01.png,OMITTED_RAW_MODEL_JSON/visual_logic_page_002_tile_r01_c01.json,extracted_unvalidated,valid,pending,,,False,pending,unreleased,,,f77b83d0dc6b5aab435cbb09267b764d0437ea66d9c9e8a40e4dac2f3a59ff50,f77b83d0dc6b5aab435cbb09267b764d0437ea66d9c9e8a40e4dac2f3a59ff50,True
visual_p002-page-002-tile-r02-c01::page-002-tile-r02-c01-structure-tile-r02-c01::node::mdi-laa-raa-uraa,p002-page-002-tile-r02-c01::page-002-tile-r02-c01-structure-tile-r02-c01::node::mdi-laa-raa-uraa,CONTROLLED_SOURCE_PDF/ADA principles for pharmacologic therapy.pdf,7c2913f79b61bc60f8f51327bb73b80391988fd277116b29e57df4242b2a2404,ece0396f5c3d6926929a1797003165ca8252d32e06aae7c44c3346a1c598af52,page_002_tile_r02_c01,tile,"[0.0,288.0,360.0,648.0]",normalized_0_1000,2,Representative relative attributes of insulin approaches in people with type 1 diabetes,visual_node,Representative relative attributes of insulin approaches in people with type 1 diabetes,3,,visual_logic; decision_node,Representative relative attributes of insulin approaches in people with type 1 diabetes; Decision node; MDI_LAA_RAA_URAA; Insulin plans: MDI with LAA + RAA or URAA,MDI with LAA + RAA or URAA +++,"[390.0,478.0,562.0,518.0]",CONTROLLED_SOURCE_IMAGE/ada_page_002_tile_r02_c01.png,OMITTED_RAW_MODEL_JSON/visual_logic_page_002_tile_r02_c01.json,extracted_unvalidated,valid,pending,,,False,pending,unreleased,,,ca4ba8455ff9cf8b35b27dedc575829486d8c23b1609ae38bb3aec2a34a2007f,ca4ba8455ff9cf8b35b27dedc575829486d8c23b1609ae38bb3aec2a34a2007f,True
visual_p002-page-002-tile-r02-c01::page-002-tile-r02-c01-structure-tile-r02-c01::node::mdi-nph-raa-uraa,p002-page-002-tile-r02-c01::page-002-tile-r02-c01-structure-tile-r02-c01::node::mdi-nph-raa-uraa,CONTROLLED_SOURCE_PDF/ADA principles for pharmacologic therapy.pdf,7c2913f79b61bc60f8f51327bb73b80391988fd277116b29e57df4242b2a2404,ece0396f5c3d6926929a1797003165ca8252d32e06aae7c44c3346a1c598af52,page_002_tile_r02_c01,tile,"[0.0,288.0,360.0,648.0]",normalized_0_1000,2,Representative relative attributes of insulin approaches in people with type 1 diabetes,visual_node,Representative relative attributes of insulin approaches in people with type 1 diabetes,3,,visual_logic; decision_node,Representative relative attributes of insulin approaches in people with type 1 diabetes; Decision node; MDI_NPH_RAA_URAA; Insulin plans: MDI with NPH + RAA or URAA,MDI with NPH + RAA or URAA ++,"[390.0,612.0,562.0,648.0]",CONTROLLED_SOURCE_IMAGE/ada_page_002_tile_r02_c01.png,OMITTED_RAW_MODEL_JSON/visual_logic_page_002_tile_r02_c01.json,extracted_unvalidated,valid,pending,,,False,pending,unreleased,,,a167ea1245e79b1e2218b3ae0256ec8a80d181bf1b0a36ed1995af4677803714,a167ea1245e79b1e2218b3ae0256ec8a80d181bf1b0a36ed1995af4677803714,True
visual_p002-page-002-tile-r02-c01::page-002-tile-r02-c01-structure-tile-r02-c01::node::mdi-nph-regular,p002-page-002-tile-r02-c01::page-002-tile-r02-c01-structure-tile-r02-c01::node::mdi-nph-regular,CONTROLLED_SOURCE_PDF/ADA principles for pharmacologic therapy.pdf,7c2913f79b61bc60f8f51327bb73b80391988fd277116b29e57df4242b2a2404,ece0396f5c3d6926929a1797003165ca8252d32e06aae7c44c3346a1c598af52,page_002_tile_r02_c01,tile,"[0.0,288.0,360.0,648.0]",normalized_0_1000,2,Representative relative attributes of insulin approaches in people with type 1 diabetes,visual_node,Representative relative attributes of insulin approaches in people with type 1 diabetes,3,,visual_logic; decision_node,Representative relative attributes of insulin approaches in people with type 1 diabetes; Decision node; MDI_NPH_regular; Insulin plans: MDI with NPH + short-acting (regular) insulin,MDI with NPH + short-acting (regular) insulin ++,"[390.0,658.0,562.0,701.0]",CONTROLLED_SOURCE_IMAGE/ada_page_002_tile_r02_c01.png,OMITTED_RAW_MODEL_JSON/visual_logic_page_002_tile_r02_c01.json,extracted_unvalidated,valid,pending,,,False,pending,unreleased,,,ad14a093254daf75f4ec63b62eaf67d643993af36fd4b493771fc1dc6d1258d0,ad14a093254daf75f4ec63b62eaf67d643993af36fd4b493771fc1dc6d1258d0,True
visual_p002-page-002-tile-r02-c01::page-002-tile-r02-c01-structure-tile-r02-c01::node::two-injections-nph-regular-premixed,p002-page-002-tile-r02-c01::page-002-tile-r02-c01-structure-tile-r02-c01::node::two-injections-nph-regular-premixed,CONTROLLED_SOURCE_PDF/ADA principles for pharmacologic therapy.pdf,7c2913f79b61bc60f8f51327bb73b80391988fd277116b29e57df4242b2a2404,ece0396f5c3d6926929a1797003165ca8252d32e06aae7c44c3346a1c598af52,page_002_tile_r02_c01,tile,"[0.0,288.0,360.0,648.0]",normalized_0_1000,2,Representative relative attributes of insulin approaches in people with type 1 diabetes,visual_node,Representative relative attributes of insulin approaches in people with type 1 diabetes,3,,visual_logic; decision_node,Representative relative attributes of insulin approaches in people with type 1 diabetes; Decision node; Two_injections_NPH_regular_premixed; Insulin plans: Two daily injections with NPH + short-acting (regular) insulin or premixed,Two daily injections with NPH + short-acting (regular) insulin or premixed +,"[390.0,712.0,562.0,804.0]",CONTROLLED_SOURCE_IMAGE/ada_page_002_tile_r02_c01.png,OMITTED_RAW_MODEL_JSON/visual_logic_page_002_tile_r02_c01.json,extracted_unvalidated,valid,pending,,,False,pending,unreleased,,,fc43978a7d623cb814ac667475386c45376ebbc38182e202f355c8e6adf380e4,fc43978a7d623cb814ac667475386c45376ebbc38182e202f355c8e6adf380e4,True
visual_p002-page-002-tile-r02-c01::page-002-tile-r02-c01-structure-tile-r02-c01::node::automated-insulin-delivery-systems,p002-page-002-tile-r02-c01::page-002-tile-r02-c01-structure-tile-r02-c01::node::automated-insulin-delivery-systems,CONTROLLED_SOURCE_PDF/ADA principles for pharmacologic therapy.pdf,7c2913f79b61bc60f8f51327bb73b80391988fd277116b29e57df4242b2a2404,ece0396f5c3d6926929a1797003165ca8252d32e06aae7c44c3346a1c598af52,page_002_tile_r02_c01,tile,"[0.0,288.0,360.0,648.0]",normalized_0_1000,2,Representative relative attributes of insulin approaches in people with type 1 diabetes,visual_node,Representative relative attributes of insulin approaches in people with type 1 diabetes,3,,visual_logic; decision_node,Representative relative attributes of insulin approaches in people with type 1 diabetes; Decision node; Automated_insulin_delivery_systems; Insulin plans: Automated insulin delivery systems,Automated insulin delivery systems +++++,"[390.0,872.0,562.0,914.0]",CONTROLLED_SOURCE_IMAGE/ada_page_002_tile_r02_c01.png,OMITTED_RAW_MODEL_JSON/visual_logic_page_002_tile_r02_c01.json,extracted_unvalidated,valid,pending,,,False,pending,unreleased,,,a80f5a3477c42a36a31593618f7a8617abcb92404a9266314cb267480c937a63,a80f5a3477c42a36a31593618f7a8617abcb92404a9266314cb267480c937a63,True
visual_p002-page-002-tile-r02-c02::page-002-tile-r02-c02-structure-tile-001::node::node-001,p002-page-002-tile-r02-c02::page-002-tile-r02-c02-structure-tile-001::node::node-001,CONTROLLED_SOURCE_PDF/ADA principles for pharmacologic therapy.pdf,7c2913f79b61bc60f8f51327bb73b80391988fd277116b29e57df4242b2a2404,f761a65d6e49e7b14cdc072a399201a2178c180e4fa6a3adb1a8adf76a3734a3,page_002_tile_r02_c02,tile,"[233.972,288.0,593.972,648.0]",normalized_0_1000,2,Relative attributes of insulin delivery approaches in people with type 1 diabetes,visual_node,Relative attributes of insulin delivery approaches in people with type 1 diabetes,3,,visual_logic; decision_node,Relative attributes of insulin delivery approaches in people with type 1 diabetes; Decision node; node_001; Greater flexibility,Greater flexibility,"[234.972,386.0,315.972,436.0]",CONTROLLED_SOURCE_IMAGE/ada_page_002_tile_r02_c02.png,OMITTED_RAW_MODEL_JSON/visual_logic_page_002_tile_r02_c02.json,extracted_unvalidated,valid,pending,,,False,pending,unreleased,,,e3e058ed1470f350b4dacd7ad1084b8468628b6e30766ac2d9d9a521386f08cf,e3e058ed1470f350b4dacd7ad1084b8468628b6e30766ac2d9d9a521386f08cf,True
visual_p002-page-002-tile-r02-c02::page-002-tile-r02-c02-structure-tile-001::node::node-002,p002-page-002-tile-r02-c02::page-002-tile-r02-c02-structure-tile-001::node::node-002,CONTROLLED_SOURCE_PDF/ADA principles for pharmacologic therapy.pdf,7c2913f79b61bc60f8f51327bb73b80391988fd277116b29e57df4242b2a2404,f761a65d6e49e7b14cdc072a399201a2178c180e4fa6a3adb1a8adf76a3734a3,page_002_tile_r02_c02,tile,"[233.972,288.0,593.972,648.0]",normalized_0_1000,2,Relative attributes of insulin delivery approaches in people with type 1 diabetes,visual_node,Relative attributes of insulin delivery approaches in people with type 1 diabetes,3,,visual_logic; decision_node,Relative attributes of insulin delivery approaches in people with type 1 diabetes; Decision node; node_002; Lower risk of hypoglycemia,Lower risk of hypoglycemia,"[326.972,386.0,451.972,436.0]",CONTROLLED_SOURCE_IMAGE/ada_page_002_tile_r02_c02.png,OMITTED_RAW_MODEL_JSON/visual_logic_page_002_tile_r02_c02.json,extracted_unvalidated,valid,pending,,,False,pending,unreleased,,,dc125d0068960b131a0d5ec6eee85bee5ed4e5eeb18f3d958e420aeab1325829,dc125d0068960b131a0d5ec6eee85bee5ed4e5eeb18f3d958e420aeab1325829,True
visual_p002-page-002-tile-r02-c02::page-002-tile-r02-c02-structure-tile-001::node::node-003,p002-page-002-tile-r02-c02::page-002-tile-r02-c02-structure-tile-001::node::node-003,CONTROLLED_SOURCE_PDF/ADA principles for pharmacologic therapy.pdf,7c2913f79b61bc60f8f51327bb73b80391988fd277116b29e57df4242b2a2404,f761a65d6e49e7b14cdc072a399201a2178c180e4fa6a3adb1a8adf76a3734a3,page_002_tile_r02_c02,tile,"[233.972,288.0,593.972,648.0]",normalized_0_1000,2,Relative attributes of insulin delivery approaches in people with type 1 diabetes,visual_node,Relative attributes of insulin delivery approaches in people with type 1 diabetes,3,,visual_logic; decision_node,Relative attributes of insulin delivery approaches in people with type 1 diabetes; Decision node; node_003; Higher costs,Higher costs,"[461.972,386.0,593.972,436.0]",CONTROLLED_SOURCE_IMAGE/ada_page_002_tile_r02_c02.png,OMITTED_RAW_MODEL_JSON/visual_logic_page_002_tile_r02_c02.json,extracted_unvalidated,valid,pending,,,False,pending,unreleased,,,4e29c90551c7e5a7de63db482055e4896b55e9e7d75f26dab49893f8fd2ba391,4e29c90551c7e5a7de63db482055e4896b55e9e7d75f26dab49893f8fd2ba391,True
visual_p006-page-006-tile-r01-c01::page-006-tile-r01-c01-structure-tile-0::node::d1,p006-page-006-tile-r01-c01::page-006-tile-r01-c01-structure-tile-0::node::d1,CONTROLLED_SOURCE_PDF/ADA principles for pharmacologic therapy.pdf,7c2913f79b61bc60f8f51327bb73b80391988fd277116b29e57df4242b2a2404,171481028df5f80b30a55353193e91568bfbd66504987ba8db080982192a624b,page_006_tile_r01_c01,tile,"[0.0,0.0,360.0,360.0]",normalized_0_1000,6,Initiation and adjustment of insulin using multiple daily dosing,visual_node,Initiation and adjustment of insulin using multiple daily dosing,3,,visual_logic; decision_node,"Initiation and adjustment of insulin using multiple daily dosing; Decision node; D1; If A1C, CGM metrics, or SMBG not at goal; If hypoglycemia is present...; If hyperglycemia is present...","If A1C, CGM metrics, or SMBG not at goal","[360.0,845.0,960.0,875.0]",CONTROLLED_SOURCE_IMAGE/ada_page_006_tile_r01_c01.png,OMITTED_RAW_MODEL_JSON/visual_logic_page_006_tile_r01_c01.json,extracted_unvalidated,valid,pending,,,False,pending,unreleased,,,06c8afbf1dcc313e4f05df719d55bcecf317f54f1c58d70a6fa28e7901eba55a,06c8afbf1dcc313e4f05df719d55bcecf317f54f1c58d70a6fa28e7901eba55a,True
visual_p006-page-006-tile-r01-c02::page-006-tile-r01-c02-structure-tile-r01-c02::node::n0,p006-page-006-tile-r01-c02::page-006-tile-r01-c02-structure-tile-r01-c02::node::n0,CONTROLLED_SOURCE_PDF/ADA principles for pharmacologic therapy.pdf,7c2913f79b61bc60f8f51327bb73b80391988fd277116b29e57df4242b2a2404,8dd16976076c4dc0b61fc940193599a3ad60084cff0f56c431772b1a0295828f,page_006_tile_r01_c02,tile,"[233.972,0.0,593.972,360.0]",normalized_0_1000,6,Using multiple daily dosing in individuals with type 1 diabetes,visual_node,Using multiple daily dosing in individuals with type 1 diabetes,3,,visual_logic; decision_node,Using multiple daily dosing in individuals with type 1 diabetes; Decision node; n0; Deliver diabetes self-management education and adjust treatment goals based on health status.; n1,deliver diabetes self-management education and ... to meet individualized treatment goals,"[0.0,297.0,584.0,360.0]",CONTROLLED_SOURCE_IMAGE/ada_page_006_tile_r01_c02.png,OMITTED_RAW_MODEL_JSON/visual_logic_page_006_tile_r01_c02.json,extracted_unvalidated,valid,pending,,,False,pending,unreleased,,,bdc2d3bc93f8fc8f79c9ea6e7aac4aa9842f12eef0918453094e716b086af5b7,bdc2d3bc93f8fc8f79c9ea6e7aac4aa9842f12eef0918453094e716b086af5b7,True
visual_p006-page-006-tile-r01-c02::page-006-tile-r01-c02-structure-tile-r01-c02::node::n1,p006-page-006-tile-r01-c02::page-006-tile-r01-c02-structure-tile-r01-c02::node::n1,CONTROLLED_SOURCE_PDF/ADA principles for pharmacologic therapy.pdf,7c2913f79b61bc60f8f51327bb73b80391988fd277116b29e57df4242b2a2404,8dd16976076c4dc0b61fc940193599a3ad60084cff0f56c431772b1a0295828f,page_006_tile_r01_c02,tile,"[233.972,0.0,593.972,360.0]",normalized_0_1000,6,Using multiple daily dosing in individuals with type 1 diabetes,visual_node,Using multiple daily dosing in individuals with type 1 diabetes,3,,visual_logic; decision_node,Using multiple daily dosing in individuals with type 1 diabetes; Decision node; n1; Criteria for starting insulin.; Insulin deficiency; Initial presentation with DKA; Overweight or obesity; n2,Criteria for starting insulin ... should be based on person-specific considerations ... and/or overweight or obesity,"[0.0,417.0,584.0,536.0]",CONTROLLED_SOURCE_IMAGE/ada_page_006_tile_r01_c02.png,OMITTED_RAW_MODEL_JSON/visual_logic_page_006_tile_r01_c02.json,extracted_unvalidated,valid,pending,,,False,pending,unreleased,,,5510ab0fc1f2cf8a0eb854900876cc3f85a8743c7407419fafc63abf2760fe84,5510ab0fc1f2cf8a0eb854900876cc3f85a8743c7407419fafc63abf2760fe84,True
visual_p006-page-006-tile-r01-c02::page-006-tile-r01-c02-structure-tile-r01-c02::node::n2,p006-page-006-tile-r01-c02::page-006-tile-r01-c02-structure-tile-r01-c02::node::n2,CONTROLLED_SOURCE_PDF/ADA principles for pharmacologic therapy.pdf,7c2913f79b61bc60f8f51327bb73b80391988fd277116b29e57df4242b2a2404,8dd16976076c4dc0b61fc940193599a3ad60084cff0f56c431772b1a0295828f,page_006_tile_r01_c02,tile,"[233.972,0.0,593.972,360.0]",normalized_0_1000,6,Using multiple daily dosing in individuals with type 1 diabetes,visual_node,Using multiple daily dosing in individuals with type 1 diabetes,3,,visual_logic; decision_node,Using multiple daily dosing in individuals with type 1 diabetes; Decision node; n2; Initial titration of insulin.; Basal and prandial coverage; SMBG; n3,Initial titration of insulin ... equally between basal and prandial² coverage ... adjusting basal and prandial doses based on ... and SMBG,"[0.0,546.0,584.0,701.0]",CONTROLLED_SOURCE_IMAGE/ada_page_006_tile_r01_c02.png,OMITTED_RAW_MODEL_JSON/visual_logic_page_006_tile_r01_c02.json,extracted_unvalidated,valid,pending,,,False,pending,unreleased,,,fd26ec053e37ff4ff4ec558fa95ca4a1f06dc6412a4bb7ee273c457157bc07c9,fd26ec053e37ff4ff4ec558fa95ca4a1f06dc6412a4bb7ee273c457157bc07c9,True
visual_p006-page-006-tile-r01-c02::page-006-tile-r01-c02-structure-tile-r01-c02::node::n3,p006-page-006-tile-r01-c02::page-006-tile-r01-c02-structure-tile-r01-c02::node::n3,CONTROLLED_SOURCE_PDF/ADA principles for pharmacologic therapy.pdf,7c2913f79b61bc60f8f51327bb73b80391988fd277116b29e57df4242b2a2404,8dd16976076c4dc0b61fc940193599a3ad60084cff0f56c431772b1a0295828f,page_006_tile_r01_c02,tile,"[233.972,0.0,593.972,360.0]",normalized_0_1000,6,Using multiple daily dosing in individuals with type 1 diabetes,visual_node,Using multiple daily dosing in individuals with type 1 diabetes,3,,visual_logic; decision_node,Using multiple daily dosing in individuals with type 1 diabetes; Decision node; n3; Use CGM and/or SMBG to determine basal and prandial dosing balance.; n4,Use CGM and/or SMBG to determine ... basal and prandial dosing balance,"[0.0,712.0,584.0,803.0]",CONTROLLED_SOURCE_IMAGE/ada_page_006_tile_r01_c02.png,OMITTED_RAW_MODEL_JSON/visual_logic_page_006_tile_r01_c02.json,extracted_unvalidated,valid,pending,,,False,pending,unreleased,,,f8b2b5772cb9215d7475bb2eec21e13b945055644598133d38c0749c394c2d4e,f8b2b5772cb9215d7475bb2eec21e13b945055644598133d38c0749c394c2d4e,True
visual_p006-page-006-tile-r01-c02::page-006-tile-r01-c02-structure-tile-r01-c02::node::n4,p006-page-006-tile-r01-c02::page-006-tile-r01-c02-structure-tile-r01-c02::node::n4,CONTROLLED_SOURCE_PDF/ADA principles for pharmacologic therapy.pdf,7c2913f79b61bc60f8f51327bb73b80391988fd277116b29e57df4242b2a2404,8dd16976076c4dc0b61fc940193599a3ad60084cff0f56c431772b1a0295828f,page_006_tile_r01_c02,tile,"[233.972,0.0,593.972,360.0]",normalized_0_1000,6,Using multiple daily dosing in individuals with type 1 diabetes,visual_node,Using multiple daily dosing in individuals with type 1 diabetes,3,,visual_logic; decision_node,Using multiple daily dosing in individuals with type 1 diabetes; Decision node; n4; If CGM or SMBG not at goal.; n5,"CGMs, or SMBG not at goal","[0.0,814.0,584.0,876.0]",CONTROLLED_SOURCE_IMAGE/ada_page_006_tile_r01_c02.png,OMITTED_RAW_MODEL_JSON/visual_logic_page_006_tile_r01_c02.json,extracted_unvalidated,valid,pending,,,False,pending,unreleased,,,dd33df863ceb3010c462e330547a7b88d718f20cac43bdca3be54e3ca08c08ae,dd33df863ceb3010c462e330547a7b88d718f20cac43bdca3be54e3ca08c08ae,True
visual_p006-page-006-tile-r01-c02::page-006-tile-r01-c02-structure-tile-r01-c02::node::n5,p006-page-006-tile-r01-c02::page-006-tile-r01-c02-structure-tile-r01-c02::node::n5,CONTROLLED_SOURCE_PDF/ADA principles for pharmacologic therapy.pdf,7c2913f79b61bc60f8f51327bb73b80391988fd277116b29e57df4242b2a2404,8dd16976076c4dc0b61fc940193599a3ad60084cff0f56c431772b1a0295828f,page_006_tile_r01_c02,tile,"[233.972,0.0,593.972,360.0]",normalized_0_1000,6,Using multiple daily dosing in individuals with type 1 diabetes,visual_node,Using multiple daily dosing in individuals with type 1 diabetes,3,,visual_logic; decision_node,Using multiple daily dosing in individuals with type 1 diabetes; Decision node; n5; If hyperglycemia is present.; Timing and extent of hyperglycemia,"If hyperglycemia is present, adjust basal and/or prandial insulin based on the timing ... (e.g., 1–4)","[0.0,876.0,584.0,999.0]",CONTROLLED_SOURCE_IMAGE/ada_page_006_tile_r01_c02.png,OMITTED_RAW_MODEL_JSON/visual_logic_page_006_tile_r01_c02.json,extracted_unvalidated,valid,pending,,,False,pending,unreleased,,,f78284317bbba56a129dae8edf12c5ba1ae452778b78292bdd171da96bd83a87,f78284317bbba56a129dae8edf12c5ba1ae452778b78292bdd171da96bd83a87,True
visual_p006-page-006-tile-r02-c01::page-006-tile-r02-c01-structure-tile-001::node::n0,p006-page-006-tile-r02-c01::page-006-tile-r02-c01-structure-tile-001::node::n0,CONTROLLED_SOURCE_PDF/ADA principles for pharmacologic therapy.pdf,7c2913f79b61bc60f8f51327bb73b80391988fd277116b29e57df4242b2a2404,0929ca38ad29f903468637f26d74c7aa2879fd4c3c802648076823db14825893,page_006_tile_r02_c01,tile,"[0.0,288.0,360.0,648.0]",normalized_0_1000,6,Insulin Initiation and Adjustment for Type 1 Diabetes with CGM,visual_node,Insulin Initiation and Adjustment for Type 1 Diabetes with CGM,3,,visual_logic; decision_node,"Insulin Initiation and Adjustment for Type 1 Diabetes with CGM; Decision node; N0; If A1C, CGM metrics, or SMBG not at goal; A1C; CGM metrics; SMBG; N1; N2","If A1C, CGM metrics, or SMBG not at goal","[370.5,46.8,960.0,86.4]",CONTROLLED_SOURCE_IMAGE/ada_page_006_tile_r02_c01.png,OMITTED_RAW_MODEL_JSON/visual_logic_page_006_tile_r02_c01.json,extracted_unvalidated,valid,pending,,,False,pending,unreleased,,,19617eb428159aef643d899ef54d588d1869fda37d5294f1db781ed5e7151c59,19617eb428159aef643d899ef54d588d1869fda37d5294f1db781ed5e7151c59,True
visual_p006-page-006-tile-r02-c01::page-006-tile-r02-c01-structure-tile-001::node::n1,p006-page-006-tile-r02-c01::page-006-tile-r02-c01-structure-tile-001::node::n1,CONTROLLED_SOURCE_PDF/ADA principles for pharmacologic therapy.pdf,7c2913f79b61bc60f8f51327bb73b80391988fd277116b29e57df4242b2a2404,0929ca38ad29f903468637f26d74c7aa2879fd4c3c802648076823db14825893,page_006_tile_r02_c01,tile,"[0.0,288.0,360.0,648.0]",normalized_0_1000,6,Insulin Initiation and Adjustment for Type 1 Diabetes with CGM,visual_node,Insulin Initiation and Adjustment for Type 1 Diabetes with CGM,3,,visual_logic; decision_node,Insulin Initiation and Adjustment for Type 1 Diabetes with CGM; Decision node; N1; If hypoglycemia is present; hypoglycemia; N3; N4,"If hypoglycemia is present, adjust basal and/or prandial insulin based on the timing of the hypoglycemia (e.g., 1-4 units or 5-10% dosage adjustments)","[172.8,136.8,594.0,244.8]",CONTROLLED_SOURCE_IMAGE/ada_page_006_tile_r02_c01.png,OMITTED_RAW_MODEL_JSON/visual_logic_page_006_tile_r02_c01.json,extracted_unvalidated,valid,pending,,,False,pending,unreleased,,,4977d71d53d28094092fbcc3205f3cd094b8c8cd5b5860cc1da6ce0367bb3dcc,4977d71d53d28094092fbcc3205f3cd094b8c8cd5b5860cc1da6ce0367bb3dcc,True
visual_p006-page-006-tile-r02-c01::page-006-tile-r02-c01-structure-tile-001::node::n2,p006-page-006-tile-r02-c01::page-006-tile-r02-c01-structure-tile-001::node::n2,CONTROLLED_SOURCE_PDF/ADA principles for pharmacologic therapy.pdf,7c2913f79b61bc60f8f51327bb73b80391988fd277116b29e57df4242b2a2404,0929ca38ad29f903468637f26d74c7aa2879fd4c3c802648076823db14825893,page_006_tile_r02_c01,tile,"[0.0,288.0,360.0,648.0]",normalized_0_1000,6,Insulin Initiation and Adjustment for Type 1 Diabetes with CGM,visual_node,Insulin Initiation and Adjustment for Type 1 Diabetes with CGM,3,,visual_logic; decision_node,Insulin Initiation and Adjustment for Type 1 Diabetes with CGM; Decision node; N2; If hyperglycemia is present; hyperglycemia; N5; N6,"If hyperglycemia is present, adjust basal and/or prandial insulin based on the timing of the hyperglycemia (e.g., 1-4 units or 5-10% dosage adjustments)","[732.0,136.8,999.0,244.8]",CONTROLLED_SOURCE_IMAGE/ada_page_006_tile_r02_c01.png,OMITTED_RAW_MODEL_JSON/visual_logic_page_006_tile_r02_c01.json,extracted_unvalidated,valid,pending,,,False,pending,unreleased,,,9896ae00ccb270cb909dcf96045deb035c8bcbcb9751ebead21f4d68655939a0,9896ae00ccb270cb909dcf96045deb035c8bcbcb9751ebead21f4d68655939a0,True
visual_p006-page-006-tile-r02-c01::page-006-tile-r02-c01-structure-tile-001::node::n3,p006-page-006-tile-r02-c01::page-006-tile-r02-c01-structure-tile-001::node::n3,CONTROLLED_SOURCE_PDF/ADA principles for pharmacologic therapy.pdf,7c2913f79b61bc60f8f51327bb73b80391988fd277116b29e57df4242b2a2404,0929ca38ad29f903468637f26d74c7aa2879fd4c3c802648076823db14825893,page_006_tile_r02_c01,tile,"[0.0,288.0,360.0,648.0]",normalized_0_1000,6,Insulin Initiation and Adjustment for Type 1 Diabetes with CGM,visual_node,Insulin Initiation and Adjustment for Type 1 Diabetes with CGM,3,,visual_logic; decision_node,Insulin Initiation and Adjustment for Type 1 Diabetes with CGM; Decision node; N3; Adjust basal and/or prandial insulin based on timing of hypoglycemia,"adjust basal and/or prandial insulin based on the timing of the hypoglycemia (e.g., 1-4 units or 5-10% dosage adjustments)","[237.6,189.6,504.0,223.2]",CONTROLLED_SOURCE_IMAGE/ada_page_006_tile_r02_c01.png,OMITTED_RAW_MODEL_JSON/visual_logic_page_006_tile_r02_c01.json,extracted_unvalidated,valid,pending,,,False,pending,unreleased,,,e6d2d929897acc204de015bc137db6291883a336cb57d76d02db397ec0dfe2ea,e6d2d929897acc204de015bc137db6291883a336cb57d76d02db397ec0dfe2ea,True
visual_p006-page-006-tile-r02-c01::page-006-tile-r02-c01-structure-tile-001::node::n4,p006-page-006-tile-r02-c01::page-006-tile-r02-c01-structure-tile-001::node::n4,CONTROLLED_SOURCE_PDF/ADA principles for pharmacologic therapy.pdf,7c2913f79b61bc60f8f51327bb73b80391988fd277116b29e57df4242b2a2404,0929ca38ad29f903468637f26d74c7aa2879fd4c3c802648076823db14825893,page_006_tile_r02_c01,tile,"[0.0,288.0,360.0,648.0]",normalized_0_1000,6,Insulin Initiation and Adjustment for Type 1 Diabetes with CGM,visual_node,Insulin Initiation and Adjustment for Type 1 Diabetes with CGM,3,,visual_logic; decision_node,Insulin Initiation and Adjustment for Type 1 Diabetes with CGM; Decision node; N4; Adjust basal and/or prandial insulin based on timing of hyperglycemia,"adjust basal and/or prandial insulin based on the timing of the hyperglycemia (e.g., 1-4 units or 5-10% dosage adjustments)","[763.2,189.6,999.0,223.2]",CONTROLLED_SOURCE_IMAGE/ada_page_006_tile_r02_c01.png,OMITTED_RAW_MODEL_JSON/visual_logic_page_006_tile_r02_c01.json,extracted_unvalidated,valid,pending,,,False,pending,unreleased,,,534f44050bcbfefaadeea0299b7bad0d21f810d083b647f31c364506c1ffa0c9,534f44050bcbfefaadeea0299b7bad0d21f810d083b647f31c364506c1ffa0c9,True
visual_p006-page-006-tile-r02-c01::page-006-tile-r02-c01-structure-tile-001::node::n5,p006-page-006-tile-r02-c01::page-006-tile-r02-c01-structure-tile-001::node::n5,CONTROLLED_SOURCE_PDF/ADA principles for pharmacologic therapy.pdf,7c2913f79b61bc60f8f51327bb73b80391988fd277116b29e57df4242b2a2404,0929ca38ad29f903468637f26d74c7aa2879fd4c3c802648076823db14825893,page_006_tile_r02_c01,tile,"[0.0,288.0,360.0,648.0]",normalized_0_1000,6,Insulin Initiation and Adjustment for Type 1 Diabetes with CGM,visual_node,Insulin Initiation and Adjustment for Type 1 Diabetes with CGM,3,,visual_logic; decision_node,Insulin Initiation and Adjustment for Type 1 Diabetes with CGM; Decision node; N5; If fasting hyperglycemia is present; fasting hyperglycemia; N7,"If fasting hyperglycemia is present, review overnight glucose pattern (using CGM, if available) and adjust basal insulin, if appropriate","[624.0,302.4,936.0,410.4]",CONTROLLED_SOURCE_IMAGE/ada_page_006_tile_r02_c01.png,OMITTED_RAW_MODEL_JSON/visual_logic_page_006_tile_r02_c01.json,extracted_unvalidated,valid,pending,,,False,pending,unreleased,,,24ce11f7b6fa4af1578dd8284addce0f26837ae1bfa9463b646632c9a5fd44e7,24ce11f7b6fa4af1578dd8284addce0f26837ae1bfa9463b646632c9a5fd44e7,True
visual_p006-page-006-tile-r02-c01::page-006-tile-r02-c01-structure-tile-001::node::n6,p006-page-006-tile-r02-c01::page-006-tile-r02-c01-structure-tile-001::node::n6,CONTROLLED_SOURCE_PDF/ADA principles for pharmacologic therapy.pdf,7c2913f79b61bc60f8f51327bb73b80391988fd277116b29e57df4242b2a2404,0929ca38ad29f903468637f26d74c7aa2879fd4c3c802648076823db14825893,page_006_tile_r02_c01,tile,"[0.0,288.0,360.0,648.0]",normalized_0_1000,6,Insulin Initiation and Adjustment for Type 1 Diabetes with CGM,visual_node,Insulin Initiation and Adjustment for Type 1 Diabetes with CGM,3,,visual_logic; decision_node,Insulin Initiation and Adjustment for Type 1 Diabetes with CGM; Decision node; N6; If postprandial hyperglycemia is present; postprandial hyperglycemia,"adjust basal and/or prandial insulin based on the timing of the hyperglycemia (e.g., 1-4 units or 5-10% dosage adjustments)","[960.0,302.4,999.0,410.4]",CONTROLLED_SOURCE_IMAGE/ada_page_006_tile_r02_c01.png,OMITTED_RAW_MODEL_JSON/visual_logic_page_006_tile_r02_c01.json,extracted_unvalidated,valid,pending,,,False,pending,unreleased,,,2344c3841192d752fcea166bfacd491fd34e2a9b5ec5f70b7cd72d5d174dcaf8,2344c3841192d752fcea166bfacd491fd34e2a9b5ec5f70b7cd72d5d174dcaf8,True
visual_p006-page-006-tile-r02-c01::page-006-tile-r02-c01-structure-tile-001::node::n7,p006-page-006-tile-r02-c01::page-006-tile-r02-c01-structure-tile-001::node::n7,CONTROLLED_SOURCE_PDF/ADA principles for pharmacologic therapy.pdf,7c2913f79b61bc60f8f51327bb73b80391988fd277116b29e57df4242b2a2404,0929ca38ad29f903468637f26d74c7aa2879fd4c3c802648076823db14825893,page_006_tile_r02_c01,tile,"[0.0,288.0,360.0,648.0]",normalized_0_1000,6,Insulin Initiation and Adjustment for Type 1 Diabetes with CGM,visual_node,Insulin Initiation and Adjustment for Type 1 Diabetes with CGM,3,,visual_logic; decision_node,Insulin Initiation and Adjustment for Type 1 Diabetes with CGM; Decision node; N7; Review overnight glucose pattern and adjust basal insulin if appropriate,"review overnight glucose pattern (using CGM, if available) and adjust basal insulin, if appropriate","[672.0,355.2,918.0,388.8]",CONTROLLED_SOURCE_IMAGE/ada_page_006_tile_r02_c01.png,OMITTED_RAW_MODEL_JSON/visual_logic_page_006_tile_r02_c01.json,extracted_unvalidated,valid,pending,,,False,pending,unreleased,,,9e5df9f38037d93f61afda8ef8ffc611b98b9609c24f5027d36f0fa2a4be73ac,9e5df9f38037d93f61afda8ef8ffc611b98b9609c24f5027d36f0fa2a4be73ac,True
visual_p006-page-006-tile-r02-c02::page-006-tile-r02-c02-structure-tile-r02-c02::node::n0,p006-page-006-tile-r02-c02::page-006-tile-r02-c02-structure-tile-r02-c02::node::n0,CONTROLLED_SOURCE_PDF/ADA principles for pharmacologic therapy.pdf,7c2913f79b61bc60f8f51327bb73b80391988fd277116b29e57df4242b2a2404,189f76f27515916f3d3411dc8fd87f721266516d5734c1334b0faa8013a5aa29,page_006_tile_r02_c02,tile,"[233.972,288.0,593.972,648.0]",normalized_0_1000,6,Figure 9.2,visual_node,Figure 9.2,3,,visual_logic; decision_node,"Figure 9.2; Decision node; N0; If hyperglycemia is present, adjust basal and/or prandial insulin based on the timing and extent of hyperglycemia (e.g., 1–4 units or 5–10% dosage adjustments); N1; N2","If hyperglycemia is present, adjust basal and/or prandial insulin based on the timing and extent of hyperglycemia (e.g., 1–4 units or 5–10% dosage adjustments)3,4","[92.76,138.0,512.76,248.0]",CONTROLLED_SOURCE_IMAGE/ada_page_006_tile_r02_c02.png,OMITTED_RAW_MODEL_JSON/visual_logic_page_006_tile_r02_c02.json,extracted_unvalidated,valid,pending,,,False,pending,unreleased,,,aaa5714c382a0dcc919c27e07ae971d0f717428aeaa95adb2dd6b0e819830d11,aaa5714c382a0dcc919c27e07ae971d0f717428aeaa95adb2dd6b0e819830d11,True
visual_p006-page-006-tile-r02-c02::page-006-tile-r02-c02-structure-tile-r02-c02::node::n1,p006-page-006-tile-r02-c02::page-006-tile-r02-c02-structure-tile-r02-c02::node::n1,CONTROLLED_SOURCE_PDF/ADA principles for pharmacologic therapy.pdf,7c2913f79b61bc60f8f51327bb73b80391988fd277116b29e57df4242b2a2404,189f76f27515916f3d3411dc8fd87f721266516d5734c1334b0faa8013a5aa29,page_006_tile_r02_c02,tile,"[233.972,288.0,593.972,648.0]",normalized_0_1000,6,Figure 9.2,visual_node,Figure 9.2,3,,visual_logic; decision_node,"Figure 9.2; Decision node; N1; If fasting hyperglycemia is present, review overnight glucose pattern (using CGM, if available) and adjust basal insulin, if appropriate","If fasting hyperglycemia is present, review overnight glucose pattern (using CGM, if available) and adjust basal insulin, if appropriate","[0.76,298.0,285.76,413.0]",CONTROLLED_SOURCE_IMAGE/ada_page_006_tile_r02_c02.png,OMITTED_RAW_MODEL_JSON/visual_logic_page_006_tile_r02_c02.json,extracted_unvalidated,valid,pending,,,False,pending,unreleased,,,fb95e23418e5b22bc29b1a92ce2d03a46a54dcba9fa1bc870e9398feaf4832a4,fb95e23418e5b22bc29b1a92ce2d03a46a54dcba9fa1bc870e9398feaf4832a4,True
visual_p006-page-006-tile-r02-c02::page-006-tile-r02-c02-structure-tile-r02-c02::node::n2,p006-page-006-tile-r02-c02::page-006-tile-r02-c02-structure-tile-r02-c02::node::n2,CONTROLLED_SOURCE_PDF/ADA principles for pharmacologic therapy.pdf,7c2913f79b61bc60f8f51327bb73b80391988fd277116b29e57df4242b2a2404,189f76f27515916f3d3411dc8fd87f721266516d5734c1334b0faa8013a5aa29,page_006_tile_r02_c02,tile,"[233.972,288.0,593.972,648.0]",normalized_0_1000,6,Figure 9.2,visual_node,Figure 9.2,3,,visual_logic; decision_node,"Figure 9.2; Decision node; N2; If postprandial hyperglycemia is present, assess and educate to ensure prandial administration is appropriately timed and adjusted for nutrient intake (dosing may be fixed based on general intake or variable based on macronutrient and/or glycemic trends, depending on individual preference and ability)","If postprandial hyperglycemia is present, assess and educate to ensure prandial administration is appropriately timed and adjusted for nutrient intake (dosing may be fixed based on general intake or variable based on macronutrient and/or glycemic trends, depending on individual preference and ability)","[315.76,298.0,640.76,503.0]",CONTROLLED_SOURCE_IMAGE/ada_page_006_tile_r02_c02.png,OMITTED_RAW_MODEL_JSON/visual_logic_page_006_tile_r02_c02.json,extracted_unvalidated,valid,pending,,,False,pending,unreleased,,,feeb2fd34160a20535bde96b6a57e7ba449a0953a0c7ed6500caa259d4c5131e,feeb2fd34160a20535bde96b6a57e7ba449a0953a0c7ed6500caa259d4c5131e,True
visual_p006-page-006-tile-r03-c02::page-006-tile-r03-c02-structure-tile-r03-c02::node::n1,p006-page-006-tile-r03-c02::page-006-tile-r03-c02-structure-tile-r03-c02::node::n1,CONTROLLED_SOURCE_PDF/ADA principles for pharmacologic therapy.pdf,7c2913f79b61bc60f8f51327bb73b80391988fd277116b29e57df4242b2a2404,5296d4935241fe8927811379b16ae96590939bedd15e3cfe9f48da6cdbb8d001,page_006_tile_r03_c02,tile,"[233.972,422.986,593.972,782.986]",normalized_0_1000,6,Figure 9.2,visual_node,Figure 9.2,3,,visual_logic; decision_node,"Figure 9.2; Decision node; N1; Exogenously delivered insulin should be injected or infused into subcutaneous tissue, not intramuscularly.; Recommended sites for insulin administration include the abdomen, thigh, buttock, and upper arm.","Exogenously delivered insulin should be injected or infused into subcutaneous tissue, not intramuscularly. Recommended sites for insulin administration include the abdomen, thigh, buttock, and upper arm.","[435.0,380.0,872.0,619.0]",CONTROLLED_SOURCE_IMAGE/ada_page_006_tile_r03_c02.png,OMITTED_RAW_MODEL_JSON/visual_logic_page_006_tile_r03_c02.json,extracted_unvalidated,valid,pending,,,False,pending,unreleased,,,50cca99b2bd970b61b579f1dbb59989f2067e4595bc47611e83543140b05f69e,50cca99b2bd970b61b579f1dbb59989f2067e4595bc47611e83543140b05f69e,True
visual_p006-page-006-tile-r03-c02::page-006-tile-r03-c02-structure-tile-r03-c02::node::n2,p006-page-006-tile-r03-c02::page-006-tile-r03-c02-structure-tile-r03-c02::node::n2,CONTROLLED_SOURCE_PDF/ADA principles for pharmacologic therapy.pdf,7c2913f79b61bc60f8f51327bb73b80391988fd277116b29e57df4242b2a2404,5296d4935241fe8927811379b16ae96590939bedd15e3cfe9f48da6cdbb8d001,page_006_tile_r03_c02,tile,"[233.972,422.986,593.972,782.986]",normalized_0_1000,6,Figure 9.2,visual_node,Figure 9.2,3,,visual_logic; decision_node,Figure 9.2; Decision node; N2; Insulin absorption from IM sites differs from that in subcutaneous sites and is also influenced by the activity of the muscle.,Insulin absorption from IM sites differs from that in subcutaneous sites and is also influenced by the activity of the muscle.,"[435.0,619.0,872.0,650.0]",CONTROLLED_SOURCE_IMAGE/ada_page_006_tile_r03_c02.png,OMITTED_RAW_MODEL_JSON/visual_logic_page_006_tile_r03_c02.json,extracted_unvalidated,valid,pending,,,False,pending,unreleased,,,59c5317d6661f054d2f291ec60af9656009baf5d249b05a2b427e22b901f28d0,59c5317d6661f054d2f291ec60af9656009baf5d249b05a2b427e22b901f28d0,True
visual_p006-page-006-tile-r03-c02::page-006-tile-r03-c02-structure-tile-r03-c02::node::n3,p006-page-006-tile-r03-c02::page-006-tile-r03-c02-structure-tile-r03-c02::node::n3,CONTROLLED_SOURCE_PDF/ADA principles for pharmacologic therapy.pdf,7c2913f79b61bc60f8f51327bb73b80391988fd277116b29e57df4242b2a2404,5296d4935241fe8927811379b16ae96590939bedd15e3cfe9f48da6cdbb8d001,page_006_tile_r03_c02,tile,"[233.972,422.986,593.972,782.986]",normalized_0_1000,6,Figure 9.2,visual_node,Figure 9.2,3,,visual_logic; decision_node,Figure 9.2; Decision node; N3; Inadvertent IM injection can lead to unpredictable insulin absorption and variable effects on glucose and is associated with frequent and unexplained hypoglycemia.,Inadvertent IM injection can lead to unpredictable insulin absorption and variable effects on glucose and is associated with frequent and unexplained hypoglycemia.,"[435.0,650.0,872.0,691.0]",CONTROLLED_SOURCE_IMAGE/ada_page_006_tile_r03_c02.png,OMITTED_RAW_MODEL_JSON/visual_logic_page_006_tile_r03_c02.json,extracted_unvalidated,valid,pending,,,False,pending,unreleased,,,bfb00c72fd67e1b8f72874c669592f642a4c5172e73d6ddefe79bb5d80bc2327,bfb00c72fd67e1b8f72874c669592f642a4c5172e73d6ddefe79bb5d80bc2327,True
visual_p006-page-006-tile-r03-c02::page-006-tile-r03-c02-structure-tile-r03-c02::node::n4,p006-page-006-tile-r03-c02::page-006-tile-r03-c02-structure-tile-r03-c02::node::n4,CONTROLLED_SOURCE_PDF/ADA principles for pharmacologic therapy.pdf,7c2913f79b61bc60f8f51327bb73b80391988fd277116b29e57df4242b2a2404,5296d4935241fe8927811379b16ae96590939bedd15e3cfe9f48da6cdbb8d001,page_006_tile_r03_c02,tile,"[233.972,422.986,593.972,782.986]",normalized_0_1000,6,Figure 9.2,visual_node,Figure 9.2,3,,visual_logic; decision_node,Figure 9.2; Decision node; N4; Size 4-mm pen needles should be used to reduce inadvertent IM insulin delivery across ages and body types.,Size 4-mm pen needles should be used to reduce inadvertent IM insulin delivery across ages and body types.,"[435.0,691.0,872.0,720.0]",CONTROLLED_SOURCE_IMAGE/ada_page_006_tile_r03_c02.png,OMITTED_RAW_MODEL_JSON/visual_logic_page_006_tile_r03_c02.json,extracted_unvalidated,valid,pending,,,False,pending,unreleased,,,7e382a9d1c730feb5475f98be3299620074dd47a0123c8842f963f91ef44c93c,7e382a9d1c730feb5475f98be3299620074dd47a0123c8842f963f91ef44c93c,True
visual_p006-page-006-tile-r03-c02::page-006-tile-r03-c02-structure-tile-r03-c02::node::n5,p006-page-006-tile-r03-c02::page-006-tile-r03-c02-structure-tile-r03-c02::node::n5,CONTROLLED_SOURCE_PDF/ADA principles for pharmacologic therapy.pdf,7c2913f79b61bc60f8f51327bb73b80391988fd277116b29e57df4242b2a2404,5296d4935241fe8927811379b16ae96590939bedd15e3cfe9f48da6cdbb8d001,page_006_tile_r03_c02,tile,"[233.972,422.986,593.972,782.986]",normalized_0_1000,6,Figure 9.2,visual_node,Figure 9.2,3,,visual_logic; decision_node,"Figure 9.2; Decision node; N5; IM risk is higher in younger, leaner individuals, with injections into limbs rather than truncal.","IM risk is higher in younger, leaner individuals, with injections into limbs rather than truncal","[435.0,720.0,872.0,761.0]",CONTROLLED_SOURCE_IMAGE/ada_page_006_tile_r03_c02.png,OMITTED_RAW_MODEL_JSON/visual_logic_page_006_tile_r03_c02.json,extracted_unvalidated,valid,pending,,,False,pending,unreleased,,,2514d278064076b67e0887943fba458cce0b825ef5d383eeedd1d2905074aa93,2514d278064076b67e0887943fba458cce0b825ef5d383eeedd1d2905074aa93,True
visual_p008-page-008-tile-r01-c01::page-008-tile-r01-c01-structure-s190-pat::node::n1,p008-page-008-tile-r01-c01::page-008-tile-r01-c01-structure-s190-pat::node::n1,CONTROLLED_SOURCE_PDF/ADA principles for pharmacologic therapy.pdf,7c2913f79b61bc60f8f51327bb73b80391988fd277116b29e57df4242b2a2404,f8d36aa60152781137f95dbfa9948f72c3abcef991554fd7a05fa82a29511d2e,page_008_tile_r01_c01,tile,"[0.0,0.0,360.0,360.0]",normalized_0_1000,8,Simplified overview of indications for β-cell replacement therapy,visual_node,Simplified overview of indications for β-cell replacement therapy,3,,visual_logic; decision_node,Simplified overview of indications for β-cell replacement therapy; Decision node; N1; Severe chronic kidney disease (GFR <30 mL/min/1.73 m²); Living donor kidney; Simultaneous transplantation,Severe chronic kidney disease (GFR <30 mL/min/1.73 m²),"[240.0,265.0,750.0,485.0]",CONTROLLED_SOURCE_IMAGE/ada_page_008_tile_r01_c01.png,OMITTED_RAW_MODEL_JSON/visual_logic_page_008_tile_r01_c01.json,extracted_unvalidated,valid,pending,,,False,pending,unreleased,,,5afbdd4db6a6d573bacc4a9e6d340b9a56d2aeb69ec53c5db4b4828b3b351813,5afbdd4db6a6d573bacc4a9e6d340b9a56d2aeb69ec53c5db4b4828b3b351813,True
visual_p008-page-008-tile-r01-c01::page-008-tile-r01-c01-structure-s190-pat::node::n2,p008-page-008-tile-r01-c01::page-008-tile-r01-c01-structure-s190-pat::node::n2,CONTROLLED_SOURCE_PDF/ADA principles for pharmacologic therapy.pdf,7c2913f79b61bc60f8f51327bb73b80391988fd277116b29e57df4242b2a2404,f8d36aa60152781137f95dbfa9948f72c3abcef991554fd7a05fa82a29511d2e,page_008_tile_r01_c01,tile,"[0.0,0.0,360.0,360.0]",normalized_0_1000,8,Simplified overview of indications for β-cell replacement therapy,visual_node,Simplified overview of indications for β-cell replacement therapy,3,,visual_logic; decision_node,Simplified overview of indications for β-cell replacement therapy; Decision node; N2; Impaired kidney function; Simultaneous transplantation,Impaired kidney function,"[850.0,547.0,999.0,621.0]",CONTROLLED_SOURCE_IMAGE/ada_page_008_tile_r01_c01.png,OMITTED_RAW_MODEL_JSON/visual_logic_page_008_tile_r01_c01.json,extracted_unvalidated,valid,pending,,,False,pending,unreleased,,,671500716de3a4e50539b190d262a72c38f710098302e05a4a12962af5a32fc9,671500716de3a4e50539b190d262a72c38f710098302e05a4a12962af5a32fc9,True
visual_p008-page-008-tile-r01-c01::page-008-tile-r01-c01-structure-s190-pat::node::n3,p008-page-008-tile-r01-c01::page-008-tile-r01-c01-structure-s190-pat::node::n3,CONTROLLED_SOURCE_PDF/ADA principles for pharmacologic therapy.pdf,7c2913f79b61bc60f8f51327bb73b80391988fd277116b29e57df4242b2a2404,f8d36aa60152781137f95dbfa9948f72c3abcef991554fd7a05fa82a29511d2e,page_008_tile_r01_c01,tile,"[0.0,0.0,360.0,360.0]",normalized_0_1000,8,Simplified overview of indications for β-cell replacement therapy,visual_node,Simplified overview of indications for β-cell replacement therapy,3,,visual_logic; decision_node,"Simplified overview of indications for β-cell replacement therapy; Decision node; N3; Balancing surgical risk, metabolic need, and the choice of the islet source; Pancreas after kidney; Islet after kidney","Balancing surgical risk, metabolic need, and the choice of the islet source","[160.0,745.0,930.0,820.0]",CONTROLLED_SOURCE_IMAGE/ada_page_008_tile_r01_c01.png,OMITTED_RAW_MODEL_JSON/visual_logic_page_008_tile_r01_c01.json,extracted_unvalidated,valid,pending,,,False,pending,unreleased,,,78c51225e404558707510f9ea6e85a0f4b93497304962db1a69f39f3189fe170,78c51225e404558707510f9ea6e85a0f4b93497304962db1a69f39f3189fe170,True
visual_p008-page-008-tile-r01-c02::page-008-tile-r01-c02-structure-tile-001::node::node-001,p008-page-008-tile-r01-c02::page-008-tile-r01-c02-structure-tile-001::node::node-001,CONTROLLED_SOURCE_PDF/ADA principles for pharmacologic therapy.pdf,7c2913f79b61bc60f8f51327bb73b80391988fd277116b29e57df4242b2a2404,f4bfc917ddcedd9b5ec93c8f1b295b48a6c0d1dce4eaddf946ffabcac741a5eb,page_008_tile_r01_c02,tile,"[233.972,0.0,593.972,360.0]",normalized_0_1000,8,Criteria for β-cell replacement therapy in people with type 1 diabetes,visual_node,Criteria for β-cell replacement therapy in people with type 1 diabetes,3,,visual_logic; decision_node,Criteria for β-cell replacement therapy in people with type 1 diabetes; Decision node; node_001; Severe metabolic complications; Hypoglycemia; Hypoglycemia unawareness; Ketoacidosis; Incapacitating problems with exogenous insulin therapy; Failure of insulin-based management to prevent acute complications; Impaired kidney function; Intact/stable kidney function,Severe metabolic complications • Hypoglycemia • Hypoglycemia unawareness • Ketoacidosis • Incapacitating problems with exogenous insulin therapy • Failure of insulin-based management to prevent acute complications,"[278.0,269.0,793.0,485.0]",CONTROLLED_SOURCE_IMAGE/ada_page_008_tile_r01_c02.png,OMITTED_RAW_MODEL_JSON/visual_logic_page_008_tile_r01_c02.json,extracted_unvalidated,valid,pending,,,False,pending,unreleased,,,d6fcc019927769bca831bc3f5df0252b1f48702a21a6406f80bdd70f0849e50d,d6fcc019927769bca831bc3f5df0252b1f48702a21a6406f80bdd70f0849e50d,True
visual_p008-page-008-tile-r01-c02::page-008-tile-r01-c02-structure-tile-001::node::node-002,p008-page-008-tile-r01-c02::page-008-tile-r01-c02-structure-tile-001::node::node-002,CONTROLLED_SOURCE_PDF/ADA principles for pharmacologic therapy.pdf,7c2913f79b61bc60f8f51327bb73b80391988fd277116b29e57df4242b2a2404,f4bfc917ddcedd9b5ec93c8f1b295b48a6c0d1dce4eaddf946ffabcac741a5eb,page_008_tile_r01_c02,tile,"[233.972,0.0,593.972,360.0]",normalized_0_1000,8,Criteria for β-cell replacement therapy in people with type 1 diabetes,visual_node,Criteria for β-cell replacement therapy in people with type 1 diabetes,3,,visual_logic; decision_node,Criteria for β-cell replacement therapy in people with type 1 diabetes; Decision node; node_002; Impaired kidney function; Simultaneous islet and kidney transplantation,Impaired kidney function → Simultaneous islet and kidney,"[197.0,548.0,260.0,630.0]",CONTROLLED_SOURCE_IMAGE/ada_page_008_tile_r01_c02.png,OMITTED_RAW_MODEL_JSON/visual_logic_page_008_tile_r01_c02.json,extracted_unvalidated,valid,pending,,,False,pending,unreleased,,,176c0a580862d6dc065fcca268cfc8fe89f9de8e246f09b87cb7f51360468a69,176c0a580862d6dc065fcca268cfc8fe89f9de8e246f09b87cb7f51360468a69,True
visual_p008-page-008-tile-r01-c02::page-008-tile-r01-c02-structure-tile-001::node::node-003,p008-page-008-tile-r01-c02::page-008-tile-r01-c02-structure-tile-001::node::node-003,CONTROLLED_SOURCE_PDF/ADA principles for pharmacologic therapy.pdf,7c2913f79b61bc60f8f51327bb73b80391988fd277116b29e57df4242b2a2404,f4bfc917ddcedd9b5ec93c8f1b295b48a6c0d1dce4eaddf946ffabcac741a5eb,page_008_tile_r01_c02,tile,"[233.972,0.0,593.972,360.0]",normalized_0_1000,8,Criteria for β-cell replacement therapy in people with type 1 diabetes,visual_node,Criteria for β-cell replacement therapy in people with type 1 diabetes,3,,visual_logic; decision_node,Criteria for β-cell replacement therapy in people with type 1 diabetes; Decision node; node_003; Intact/stable kidney function; Pancreas transplantation alone; Islet transplantation alone,Intact/stable kidney function → Pancreas transplantation alone → Islet transplantation alone,"[540.0,548.0,612.0,630.0]",CONTROLLED_SOURCE_IMAGE/ada_page_008_tile_r01_c02.png,OMITTED_RAW_MODEL_JSON/visual_logic_page_008_tile_r01_c02.json,extracted_unvalidated,valid,pending,,,False,pending,unreleased,,,be721ba371b77f28c18076b21af22714b5972ea5e015adb15686be42c4a650bd,be721ba371b77f28c18076b21af22714b5972ea5e015adb15686be42c4a650bd,True
visual_p008-page-008-tile-r02-c02::page-008-tile-r02-c02-structure-tile-001::node::node-001,p008-page-008-tile-r02-c02::page-008-tile-r02-c02-structure-tile-001::node::node-001,CONTROLLED_SOURCE_PDF/ADA principles for pharmacologic therapy.pdf,7c2913f79b61bc60f8f51327bb73b80391988fd277116b29e57df4242b2a2404,ace732a4bfd77fb98fd4a927e34f9aa0eb9305a2fe1f8afb54d93dc67f496f70,page_008_tile_r02_c02,tile,"[233.972,288.0,593.972,648.0]",normalized_0_1000,8,β-cell replacement therapy in people with type 1 diabetes.,visual_node,β-cell replacement therapy in people with type 1 diabetes.,3,,visual_logic; decision_node,β-cell replacement therapy in people with type 1 diabetes.; Decision node; node_001; The two main forms of β-cell replacement are pancreas transplantation and islet cell transplantation.,β-cell replacement therapy in people with type 1 diabetes. The two main forms of β-cell replacement are pancreas transplantation and islet cell transplantation.,"[0.0,288.0,593.972,648.0]",CONTROLLED_SOURCE_IMAGE/ada_page_008_tile_r02_c02.png,OMITTED_RAW_MODEL_JSON/visual_logic_page_008_tile_r02_c02.json,extracted_unvalidated,valid,pending,,,False,pending,unreleased,,,9a2627dc00148d8a1b71b1d6b92e4ca41a0747c039916fe4fa22597554530b49,9a2627dc00148d8a1b71b1d6b92e4ca41a0747c039916fe4fa22597554530b49,True
visual_p008-page-008-tile-r03-c01::page-008-tile-r03-c01-structure-tile-001::node::node-001,p008-page-008-tile-r03-c01::page-008-tile-r03-c01-structure-tile-001::node::node-001,CONTROLLED_SOURCE_PDF/ADA principles for pharmacologic therapy.pdf,7c2913f79b61bc60f8f51327bb73b80391988fd277116b29e57df4242b2a2404,bdd5fd01f22dca31c357ef9fd41b60912c77fec2ae71b82dce1f09920d44c2b6,page_008_tile_r03_c01,tile,"[0.0,422.986,360.0,782.986]",normalized_0_1000,8,Figure 9.3,visual_node,Figure 9.3,3,,visual_logic; decision_node,"Figure 9.3; Decision node; node_001; choice of glucose-lowering medications for adults with type 2 diabetes.; Use medications that provide sufficient effectiveness to achieve and maintain intended treatment goals with consideration of the effects on cardiovascular, kidney, weight, and other relevant comorbidities; hypoglycemia risk; cost and access; risk for adverse reactions and tolerability; and individual preferences (Fig. 9.4 and Table 9.2). E","choice of glucose-lowering medications for adults with type 2 diabetes. Use medications that provide sufficient effectiveness to achieve and maintain intended treatment goals with consideration of the effects on cardiovascular, kidney, weight, and other relevant comorbidities; hypoglycemia risk; cost and access; risk for adverse reactions and tolerability; and individual preferences (Fig. 9.4 and Table 9.2). E","[175.0,0.0,360.0,380.0]",CONTROLLED_SOURCE_IMAGE/ada_page_008_tile_r03_c01.png,OMITTED_RAW_MODEL_JSON/visual_logic_page_008_tile_r03_c01.json,extracted_unvalidated,valid,pending,,,False,pending,unreleased,,,dd0561af7ce1b7393e02dea4e70b29db3fa5f674259f0963c7bc175bc00fa62e,dd0561af7ce1b7393e02dea4e70b29db3fa5f674259f0963c7bc175bc00fa62e,True
visual_p008-page-008-tile-r03-c02::page-008-tile-r03-c02-structure-tile-001::node::node-001,p008-page-008-tile-r03-c02::page-008-tile-r03-c02-structure-tile-001::node::node-001,CONTROLLED_SOURCE_PDF/ADA principles for pharmacologic therapy.pdf,7c2913f79b61bc60f8f51327bb73b80391988fd277116b29e57df4242b2a2404,6ff8b0fe2f77a5a8cd8c8358ed249e5a2082215e86b5279494e616364e00fdc7,page_008_tile_r03_c02,tile,"[233.972,422.986,593.972,782.986]",normalized_0_1000,8,Figure 9.3,visual_node,Figure 9.3,3,,visual_logic; decision_node,Figure 9.3; Decision node; node_001; In adults with type 2 diabetes who have heart failure (HF) (with either reduced or preserved ejection fraction); type 2 diabetes; heart failure (HF); reduced or preserved ejection fraction; an SGLT2 inhibitor is recommended for both glycemic management and prevention of HF hospitalizations,"9.8 In adults with type 2 diabetes who have heart failure (HF) (with either reduced or preserved ejection fraction), an SGLT2 inhibitor is recommended for both glycemic management and prevention of HF hospitalizations (irrespective of A1C) (Fig. 9.4). A","[0.0,0.0,387.0,156.0]",CONTROLLED_SOURCE_IMAGE/ada_page_008_tile_r03_c02.png,OMITTED_RAW_MODEL_JSON/visual_logic_page_008_tile_r03_c02.json,extracted_unvalidated,valid,pending,,,False,pending,unreleased,,,8caf03fcc2a4e3ea45159687840428cfc9caec4cc51a0e2be1baae73deb6f139,8caf03fcc2a4e3ea45159687840428cfc9caec4cc51a0e2be1baae73deb6f139,True
visual_p009-page-009-tile-r01-c01::page-009-tile-r01-c01-structure-tile-001::node::goal-node,p009-page-009-tile-r01-c01::page-009-tile-r01-c01-structure-tile-001::node::goal-node,CONTROLLED_SOURCE_PDF/ADA principles for pharmacologic therapy.pdf,7c2913f79b61bc60f8f51327bb73b80391988fd277116b29e57df4242b2a2404,23e55292fd35e93be8252d9109129584a161ccdce0f466df0c737432e53bc23e,page_009_tile_r01_c01,tile,"[0.0,0.0,360.0,360.0]",normalized_0_1000,9,Use of glucose-lowering medications in the management...,visual_node,Use of glucose-lowering medications in the management...,3,,visual_logic; decision_node,Use of glucose-lowering medications in the management...; Decision node; goal_node; Goal: cardiovascular and kidney risk reduction*; If glycemia is above goal,Goal: cardiovascular and kidney risk reduction*,"[143.0,472.0,980.0,536.0]",CONTROLLED_SOURCE_IMAGE/ada_page_009_tile_r01_c01.png,OMITTED_RAW_MODEL_JSON/visual_logic_page_009_tile_r01_c01.json,extracted_unvalidated,valid,pending,,,False,pending,unreleased,,,f1dce6bfa95e9737e6149d79e3a43c6511de4d6cf3172d1790661e40151e87e0,f1dce6bfa95e9737e6149d79e3a43c6511de4d6cf3172d1790661e40151e87e0,True
visual_p009-page-009-tile-r01-c01::page-009-tile-r01-c01-structure-tile-001::node::ascvd-node,p009-page-009-tile-r01-c01::page-009-tile-r01-c01-structure-tile-001::node::ascvd-node,CONTROLLED_SOURCE_PDF/ADA principles for pharmacologic therapy.pdf,7c2913f79b61bc60f8f51327bb73b80391988fd277116b29e57df4242b2a2404,23e55292fd35e93be8252d9109129584a161ccdce0f466df0c737432e53bc23e,page_009_tile_r01_c01,tile,"[0.0,0.0,360.0,360.0]",normalized_0_1000,9,Use of glucose-lowering medications in the management...,visual_node,Use of glucose-lowering medications in the management...,3,,visual_logic; decision_node,Use of glucose-lowering medications in the management...; Decision node; +ASCVD_node; +ASCVD+; +ASCVD/indicators of high CVD risk*,+ASCVD+,"[143.0,590.0,307.0,652.0]",CONTROLLED_SOURCE_IMAGE/ada_page_009_tile_r01_c01.png,OMITTED_RAW_MODEL_JSON/visual_logic_page_009_tile_r01_c01.json,extracted_unvalidated,valid,pending,,,False,pending,unreleased,,,aa125cc6e9a1dfa09a573c3a231997f7278654c8c25bcf129ab464acd5e5ee29,aa125cc6e9a1dfa09a573c3a231997f7278654c8c25bcf129ab464acd5e5ee29,True
visual_p009-page-009-tile-r01-c01::page-009-tile-r01-c01-structure-tile-001::node::high-cvd-risk-node,p009-page-009-tile-r01-c01::page-009-tile-r01-c01-structure-tile-001::node::high-cvd-risk-node,CONTROLLED_SOURCE_PDF/ADA principles for pharmacologic therapy.pdf,7c2913f79b61bc60f8f51327bb73b80391988fd277116b29e57df4242b2a2404,23e55292fd35e93be8252d9109129584a161ccdce0f466df0c737432e53bc23e,page_009_tile_r01_c01,tile,"[0.0,0.0,360.0,360.0]",normalized_0_1000,9,Use of glucose-lowering medications in the management...,visual_node,Use of glucose-lowering medications in the management...,3,,visual_logic; decision_node,Use of glucose-lowering medications in the management...; Decision node; +high_CVD_risk_node; +Indicators of high CVD risk; +ASCVD/indicators of high CVD risk*,+Indicators of high CVD risk,"[320.0,590.0,486.0,652.0]",CONTROLLED_SOURCE_IMAGE/ada_page_009_tile_r01_c01.png,OMITTED_RAW_MODEL_JSON/visual_logic_page_009_tile_r01_c01.json,extracted_unvalidated,valid,pending,,,False,pending,unreleased,,,51b3540c8b7f7c4810cf0e470c13c6d03413ea892992b05a0589558379c0574d,51b3540c8b7f7c4810cf0e470c13c6d03413ea892992b05a0589558379c0574d,True
visual_p009-page-009-tile-r01-c01::page-009-tile-r01-c01-structure-tile-001::node::hf-node,p009-page-009-tile-r01-c01::page-009-tile-r01-c01-structure-tile-001::node::hf-node,CONTROLLED_SOURCE_PDF/ADA principles for pharmacologic therapy.pdf,7c2913f79b61bc60f8f51327bb73b80391988fd277116b29e57df4242b2a2404,23e55292fd35e93be8252d9109129584a161ccdce0f466df0c737432e53bc23e,page_009_tile_r01_c01,tile,"[0.0,0.0,360.0,360.0]",normalized_0_1000,9,Use of glucose-lowering medications in the management...,visual_node,Use of glucose-lowering medications in the management...,3,,visual_logic; decision_node,Use of glucose-lowering medications in the management...; Decision node; +HF_node; +HF; SGLT2i with proven HF benefit in current or prior symptoms of HFrEF or HFpEF,+HF,"[501.0,590.0,673.0,652.0]",CONTROLLED_SOURCE_IMAGE/ada_page_009_tile_r01_c01.png,OMITTED_RAW_MODEL_JSON/visual_logic_page_009_tile_r01_c01.json,extracted_unvalidated,valid,pending,,,False,pending,unreleased,,,996db67ede4d4d72fd568bdbc6156746ba337eda4dcc84bcaeb72d5561a25997,996db67ede4d4d72fd568bdbc6156746ba337eda4dcc84bcaeb72d5561a25997,True
visual_p009-page-009-tile-r01-c01::page-009-tile-r01-c01-structure-tile-001::node::ckd-node,p009-page-009-tile-r01-c01::page-009-tile-r01-c01-structure-tile-001::node::ckd-node,CONTROLLED_SOURCE_PDF/ADA principles for pharmacologic therapy.pdf,7c2913f79b61bc60f8f51327bb73b80391988fd277116b29e57df4242b2a2404,23e55292fd35e93be8252d9109129584a161ccdce0f466df0c737432e53bc23e,page_009_tile_r01_c01,tile,"[0.0,0.0,360.0,360.0]",normalized_0_1000,9,Use of glucose-lowering medications in the management...,visual_node,Use of glucose-lowering medications in the management...,3,,visual_logic; decision_node,Use of glucose-lowering medications in the management...; Decision node; +CKD_node; +CKD; eGFR <60 mL/min/1.73 m² or albuminuria (ACR ≥3.0 mg/mmol [30 mg/g]). Repeat measurement is required to confirm CKD; +CKD (on maximally tolerated dose of ACEi or ARB),+CKD eGFR <60 mL/min/1.73 m² or albuminuria (ACR ≥3.0 mg/mmol [30 mg/g]). Repeat measurement is required to confirm CKD,"[689.0,590.0,980.0,694.0]",CONTROLLED_SOURCE_IMAGE/ada_page_009_tile_r01_c01.png,OMITTED_RAW_MODEL_JSON/visual_logic_page_009_tile_r01_c01.json,extracted_unvalidated,valid,pending,,,False,pending,unreleased,,,410540955ce292d74924604e747b8dc65a6a4b5178179b3be0b5841a78cff0a9,410540955ce292d74924604e747b8dc65a6a4b5178179b3be0b5841a78cff0a9,True
visual_p009-page-009-tile-r01-c01::page-009-tile-r01-c01-structure-tile-001::node::ascvd-high-cvd-risk-node,p009-page-009-tile-r01-c01::page-009-tile-r01-c01-structure-tile-001::node::ascvd-high-cvd-risk-node,CONTROLLED_SOURCE_PDF/ADA principles for pharmacologic therapy.pdf,7c2913f79b61bc60f8f51327bb73b80391988fd277116b29e57df4242b2a2404,23e55292fd35e93be8252d9109129584a161ccdce0f466df0c737432e53bc23e,page_009_tile_r01_c01,tile,"[0.0,0.0,360.0,360.0]",normalized_0_1000,9,Use of glucose-lowering medications in the management...,visual_node,Use of glucose-lowering medications in the management...,3,,visual_logic; decision_node,Use of glucose-lowering medications in the management...; Decision node; +ASCVD_high_CVD_risk_node; +ASCVD/indicators of high CVD risk*; If glycemia is above goal,+ASCVD/indicators of high CVD risk*,"[143.0,698.0,501.0,842.0]",CONTROLLED_SOURCE_IMAGE/ada_page_009_tile_r01_c01.png,OMITTED_RAW_MODEL_JSON/visual_logic_page_009_tile_r01_c01.json,extracted_unvalidated,valid,pending,,,False,pending,unreleased,,,3b197ce7cae84b1a4920fd6a67f64b7bc4824dd2d55449454e41cf11af6f58dc,3b197ce7cae84b1a4920fd6a67f64b7bc4824dd2d55449454e41cf11af6f58dc,True
visual_p009-page-009-tile-r01-c01::page-009-tile-r01-c01-structure-tile-001::node::if-glycemia-above-goal-node,p009-page-009-tile-r01-c01::page-009-tile-r01-c01-structure-tile-001::node::if-glycemia-above-goal-node,CONTROLLED_SOURCE_PDF/ADA principles for pharmacologic therapy.pdf,7c2913f79b61bc60f8f51327bb73b80391988fd277116b29e57df4242b2a2404,23e55292fd35e93be8252d9109129584a161ccdce0f466df0c737432e53bc23e,page_009_tile_r01_c01,tile,"[0.0,0.0,360.0,360.0]",normalized_0_1000,9,Use of glucose-lowering medications in the management...,visual_node,Use of glucose-lowering medications in the management...,3,,visual_logic; decision_node,"Use of glucose-lowering medications in the management...; Decision node; if_glycemia_above_goal_node; If glycemia is above goal; For individuals on a GLP-1 RA, consider adding...",If glycemia is above goal,"[143.0,890.0,501.0,926.0]",CONTROLLED_SOURCE_IMAGE/ada_page_009_tile_r01_c01.png,OMITTED_RAW_MODEL_JSON/visual_logic_page_009_tile_r01_c01.json,extracted_unvalidated,valid,pending,,,False,pending,unreleased,,,9f748036eaebfa94e0272f0467fff49b14d6c5e9177bd32eb8a37d15635b34d5,9f748036eaebfa94e0272f0467fff49b14d6c5e9177bd32eb8a37d15635b34d5,True
visual_p009-page-009-tile-r01-c01::page-009-tile-r01-c01-structure-tile-001::node::ckd-on-max-tolerated-node,p009-page-009-tile-r01-c01::page-009-tile-r01-c01-structure-tile-001::node::ckd-on-max-tolerated-node,CONTROLLED_SOURCE_PDF/ADA principles for pharmacologic therapy.pdf,7c2913f79b61bc60f8f51327bb73b80391988fd277116b29e57df4242b2a2404,23e55292fd35e93be8252d9109129584a161ccdce0f466df0c737432e53bc23e,page_009_tile_r01_c01,tile,"[0.0,0.0,360.0,360.0]",normalized_0_1000,9,Use of glucose-lowering medications in the management...,visual_node,Use of glucose-lowering medications in the management...,3,,visual_logic; decision_node,Use of glucose-lowering medications in the management...; Decision node; +CKD_on_max_tolerated_node; +CKD (on maximally tolerated dose of ACEi or ARB); SGLT2i with primary evidence of reducing CKD progression,+CKD (on maximally tolerated dose of ACEi or ARB),"[689.0,754.0,980.0,831.0]",CONTROLLED_SOURCE_IMAGE/ada_page_009_tile_r01_c01.png,OMITTED_RAW_MODEL_JSON/visual_logic_page_009_tile_r01_c01.json,extracted_unvalidated,valid,pending,,,False,pending,unreleased,,,ff5c95abe51d4c2a6e4370c78715afbb590aef88970695433c77c2a6832de426,ff5c95abe51d4c2a6e4370c78715afbb590aef88970695433c77c2a6832de426,True
visual_p009-page-009-tile-r01-c01::page-009-tile-r01-c01-structure-tile-001::node::sglt2i-with-ckd-progression-node,p009-page-009-tile-r01-c01::page-009-tile-r01-c01-structure-tile-001::node::sglt2i-with-ckd-progression-node,CONTROLLED_SOURCE_PDF/ADA principles for pharmacologic therapy.pdf,7c2913f79b61bc60f8f51327bb73b80391988fd277116b29e57df4242b2a2404,23e55292fd35e93be8252d9109129584a161ccdce0f466df0c737432e53bc23e,page_009_tile_r01_c01,tile,"[0.0,0.0,360.0,360.0]",normalized_0_1000,9,Use of glucose-lowering medications in the management...,visual_node,Use of glucose-lowering medications in the management...,3,,visual_logic; decision_node,Use of glucose-lowering medications in the management...; Decision node; SGLT2i_with_CKD_progression_node; SGLT2i with primary evidence of reducing CKD progression; • SGLT2i can be started with h eGFR ≥20 mL/min/1.73 m²; • Glucose-lowering efficacy is reduced with eGFR <45 mL/min/1.73 m²,SGLT2i with primary evidence of reducing CKD progression • SGLT2i can be started with h eGFR ≥20 mL/min/1.73 m² • Glucose-lowering efficacy is reduced with eGFR <45 mL/min/1.73 m²,"[689.0,831.0,980.0,926.0]",CONTROLLED_SOURCE_IMAGE/ada_page_009_tile_r01_c01.png,OMITTED_RAW_MODEL_JSON/visual_logic_page_009_tile_r01_c01.json,extracted_unvalidated,valid,pending,,,False,pending,unreleased,,,1416cbc21ab9982fadc35d8c7183b02a9364a9d732036465b4f01152a007baea,1416cbc21ab9982fadc35d8c7183b02a9364a9d732036465b4f01152a007baea,True
visual_p009-page-009-tile-r01-c01::page-009-tile-r01-c01-structure-tile-001::node::sglt2i-with-hf-node,p009-page-009-tile-r01-c01::page-009-tile-r01-c01-structure-tile-001::node::sglt2i-with-hf-node,CONTROLLED_SOURCE_PDF/ADA principles for pharmacologic therapy.pdf,7c2913f79b61bc60f8f51327bb73b80391988fd277116b29e57df4242b2a2404,23e55292fd35e93be8252d9109129584a161ccdce0f466df0c737432e53bc23e,page_009_tile_r01_c01,tile,"[0.0,0.0,360.0,360.0]",normalized_0_1000,9,Use of glucose-lowering medications in the management...,visual_node,Use of glucose-lowering medications in the management...,3,,visual_logic; decision_node,Use of glucose-lowering medications in the management...; Decision node; SGLT2i_with_HF_node; SGLT2i with proven HF benefit in current or prior symptoms of HFrEF or HFpEF; SGLT2i and/or either dual GIP/GLP-1 RA or GLP-1 RA with proven benefit in symptomatic HFpEF and obesity,SGLT2i with proven HF benefit in current or prior symptoms of HFrEF or HFpEF,"[501.0,698.0,673.0,842.0]",CONTROLLED_SOURCE_IMAGE/ada_page_009_tile_r01_c01.png,OMITTED_RAW_MODEL_JSON/visual_logic_page_009_tile_r01_c01.json,extracted_unvalidated,valid,pending,,,False,pending,unreleased,,,a7d169709b928a0d366c702e617a614c8a015a0beaa145effa40a446dc8975d8,a7d169709b928a0d366c702e617a614c8a015a0beaa145effa40a446dc8975d8,True
visual_p009-page-009-tile-r01-c01::page-009-tile-r01-c01-structure-tile-001::node::sglt2i-and-or-dual-gip-node,p009-page-009-tile-r01-c01::page-009-tile-r01-c01-structure-tile-001::node::sglt2i-and-or-dual-gip-node,CONTROLLED_SOURCE_PDF/ADA principles for pharmacologic therapy.pdf,7c2913f79b61bc60f8f51327bb73b80391988fd277116b29e57df4242b2a2404,23e55292fd35e93be8252d9109129584a161ccdce0f466df0c737432e53bc23e,page_009_tile_r01_c01,tile,"[0.0,0.0,360.0,360.0]",normalized_0_1000,9,Use of glucose-lowering medications in the management...,visual_node,Use of glucose-lowering medications in the management...,3,,visual_logic; decision_node,Use of glucose-lowering medications in the management...; Decision node; SGLT2i_and_or_dual_GIP_node; SGLT2i and/or either dual GIP/GLP-1 RA or GLP-1 RA with proven benefit in symptomatic HFpEF and obesity,SGLT2i and/or either dual GIP/GLP-1 RA or GLP-1 RA with proven benefit in symptomatic HFpEF and obesity,"[501.0,890.0,673.0,926.0]",CONTROLLED_SOURCE_IMAGE/ada_page_009_tile_r01_c01.png,OMITTED_RAW_MODEL_JSON/visual_logic_page_009_tile_r01_c01.json,extracted_unvalidated,valid,pending,,,False,pending,unreleased,,,30ba18f41f834edc46f35774e07c56fe93c0c91444ecb522bda52689b74355fd,30ba18f41f834edc46f35774e07c56fe93c0c91444ecb522bda52689b74355fd,True
visual_p009-page-009-tile-r01-c02::page-009-tile-r01-c02-structure-tile-r01-c02::node::n1,p009-page-009-tile-r01-c02::page-009-tile-r01-c02-structure-tile-r01-c02::node::n1,CONTROLLED_SOURCE_PDF/ADA principles for pharmacologic therapy.pdf,7c2913f79b61bc60f8f51327bb73b80391988fd277116b29e57df4242b2a2404,ac9895088166584c4f4d973a5590b2d315454f82a669fd42fc3648381d58b5a1,page_009_tile_r01_c02,tile,"[233.972,0.0,593.972,360.0]",normalized_0_1000,9,Medications in the management of type 2 diabetes,visual_node,Medications in the management of type 2 diabetes,3,,visual_logic; decision_node,Medications in the management of type 2 diabetes; Decision node; N1; Risk reduction*; N2; N3,Risk reduction*,"[0.0,475.0,186.0,539.0]",CONTROLLED_SOURCE_IMAGE/ada_page_009_tile_r01_c02.png,OMITTED_RAW_MODEL_JSON/visual_logic_page_009_tile_r01_c02.json,extracted_unvalidated,valid,pending,,,False,pending,unreleased,,,29cedc3d184b6e16ed57f60621d994b159f7ac3d46eae3aca66a168773d497d4,29cedc3d184b6e16ed57f60621d994b159f7ac3d46eae3aca66a168773d497d4,True
visual_p009-page-009-tile-r01-c02::page-009-tile-r01-c02-structure-tile-r01-c02::node::n2,p009-page-009-tile-r01-c02::page-009-tile-r01-c02-structure-tile-r01-c02::node::n2,CONTROLLED_SOURCE_PDF/ADA principles for pharmacologic therapy.pdf,7c2913f79b61bc60f8f51327bb73b80391988fd277116b29e57df4242b2a2404,ac9895088166584c4f4d973a5590b2d315454f82a669fd42fc3648381d58b5a1,page_009_tile_r01_c02,tile,"[233.972,0.0,593.972,360.0]",normalized_0_1000,9,Medications in the management of type 2 diabetes,visual_node,Medications in the management of type 2 diabetes,3,,visual_logic; decision_node,Medications in the management of type 2 diabetes; Decision node; N2; +CKD; eGFR <60 mL/min/1.73 m² or albuminuria (ACR ≥3.0 mg/mmol [30 mg/g]); N4; N5,+CKD eGFR <60 mL/min/1.73 m² or albuminuria (ACR ≥3.0 mg/mmol [30 mg/g]). Repeat measurement is required to confirm CKD,"[42.0,590.0,338.0,694.0]",CONTROLLED_SOURCE_IMAGE/ada_page_009_tile_r01_c02.png,OMITTED_RAW_MODEL_JSON/visual_logic_page_009_tile_r01_c02.json,extracted_unvalidated,valid,pending,,,False,pending,unreleased,,,4ad221bf64507e35c0d04ffe468b932b4bb64b409f5e637b536a656a5354850c,4ad221bf64507e35c0d04ffe468b932b4bb64b409f5e637b536a656a5354850c,True
visual_p009-page-009-tile-r01-c02::page-009-tile-r01-c02-structure-tile-r01-c02::node::n3,p009-page-009-tile-r01-c02::page-009-tile-r01-c02-structure-tile-r01-c02::node::n3,CONTROLLED_SOURCE_PDF/ADA principles for pharmacologic therapy.pdf,7c2913f79b61bc60f8f51327bb73b80391988fd277116b29e57df4242b2a2404,ac9895088166584c4f4d973a5590b2d315454f82a669fd42fc3648381d58b5a1,page_009_tile_r01_c02,tile,"[233.972,0.0,593.972,360.0]",normalized_0_1000,9,Medications in the management of type 2 diabetes,visual_node,Medications in the management of type 2 diabetes,3,,visual_logic; decision_node,Medications in the management of type 2 diabetes; Decision node; N3; +Weight management; N7; N8,+Weight management,"[406.0,590.0,512.0,673.0]",CONTROLLED_SOURCE_IMAGE/ada_page_009_tile_r01_c02.png,OMITTED_RAW_MODEL_JSON/visual_logic_page_009_tile_r01_c02.json,extracted_unvalidated,valid,pending,,,False,pending,unreleased,,,30bd2593cac146e063d0f8f61df2d3450140236cbdb22d5720b6ce28647caca2,30bd2593cac146e063d0f8f61df2d3450140236cbdb22d5720b6ce28647caca2,True
visual_p009-page-009-tile-r01-c02::page-009-tile-r01-c02-structure-tile-r01-c02::node::n4,p009-page-009-tile-r01-c02::page-009-tile-r01-c02-structure-tile-r01-c02::node::n4,CONTROLLED_SOURCE_PDF/ADA principles for pharmacologic therapy.pdf,7c2913f79b61bc60f8f51327bb73b80391988fd277116b29e57df4242b2a2404,ac9895088166584c4f4d973a5590b2d315454f82a669fd42fc3648381d58b5a1,page_009_tile_r01_c02,tile,"[233.972,0.0,593.972,360.0]",normalized_0_1000,9,Medications in the management of type 2 diabetes,visual_node,Medications in the management of type 2 diabetes,3,,visual_logic; decision_node,Medications in the management of type 2 diabetes; Decision node; N4; +CKD (on maximally tolerated dose of ACEi or ARB); N9; N10,+CKD (on maximally tolerated dose of ACEi or ARB),"[42.0,756.0,338.0,820.0]",CONTROLLED_SOURCE_IMAGE/ada_page_009_tile_r01_c02.png,OMITTED_RAW_MODEL_JSON/visual_logic_page_009_tile_r01_c02.json,extracted_unvalidated,valid,pending,,,False,pending,unreleased,,,2425328497b8b01ba63985067258fbffe2715339a7a3692978cb51cb386561da,2425328497b8b01ba63985067258fbffe2715339a7a3692978cb51cb386561da,True
visual_p009-page-009-tile-r01-c02::page-009-tile-r01-c02-structure-tile-r01-c02::node::n5,p009-page-009-tile-r01-c02::page-009-tile-r01-c02-structure-tile-r01-c02::node::n5,CONTROLLED_SOURCE_PDF/ADA principles for pharmacologic therapy.pdf,7c2913f79b61bc60f8f51327bb73b80391988fd277116b29e57df4242b2a2404,ac9895088166584c4f4d973a5590b2d315454f82a669fd42fc3648381d58b5a1,page_009_tile_r01_c02,tile,"[233.972,0.0,593.972,360.0]",normalized_0_1000,9,Medications in the management of type 2 diabetes,visual_node,Medications in the management of type 2 diabetes,3,,visual_logic; decision_node,Medications in the management of type 2 diabetes; Decision node; N5; +Achievement and maintenance of glycemic goals; N11; N12,+Achievement and maintenance of glycemic goals,"[530.0,604.0,817.0,673.0]",CONTROLLED_SOURCE_IMAGE/ada_page_009_tile_r01_c02.png,OMITTED_RAW_MODEL_JSON/visual_logic_page_009_tile_r01_c02.json,extracted_unvalidated,valid,pending,,,False,pending,unreleased,,,a181e0f21dd588647ffd498db23c3f466d8f98b0cdf89b6772a44c75d1ff1321,a181e0f21dd588647ffd498db23c3f466d8f98b0cdf89b6772a44c75d1ff1321,True
visual_p009-page-009-tile-r01-c02::page-009-tile-r01-c02-structure-tile-r01-c02::node::n6,p009-page-009-tile-r01-c02::page-009-tile-r01-c02-structure-tile-r01-c02::node::n6,CONTROLLED_SOURCE_PDF/ADA principles for pharmacologic therapy.pdf,7c2913f79b61bc60f8f51327bb73b80391988fd277116b29e57df4242b2a2404,ac9895088166584c4f4d973a5590b2d315454f82a669fd42fc3648381d58b5a1,page_009_tile_r01_c02,tile,"[233.972,0.0,593.972,360.0]",normalized_0_1000,9,Medications in the management of type 2 diabetes,visual_node,Medications in the management of type 2 diabetes,3,,visual_logic; decision_node,Medications in the management of type 2 diabetes; Decision node; N6; Goal: achievement and maintenance of weight and glycemic goals; N3; N5,Goal: achievement and maintenance of weight and glycemic goals,"[406.0,475.0,817.0,539.0]",CONTROLLED_SOURCE_IMAGE/ada_page_009_tile_r01_c02.png,OMITTED_RAW_MODEL_JSON/visual_logic_page_009_tile_r01_c02.json,extracted_unvalidated,valid,pending,,,False,pending,unreleased,,,b3a149cd44df59c7b6ff296ba2731a6cfbf342f9415cebc6f7a65e570f23f601,b3a149cd44df59c7b6ff296ba2731a6cfbf342f9415cebc6f7a65e570f23f601,True
visual_p009-page-009-tile-r01-c02::page-009-tile-r01-c02-structure-tile-r01-c02::node::n7,p009-page-009-tile-r01-c02::page-009-tile-r01-c02-structure-tile-r01-c02::node::n7,CONTROLLED_SOURCE_PDF/ADA principles for pharmacologic therapy.pdf,7c2913f79b61bc60f8f51327bb73b80391988fd277116b29e57df4242b2a2404,ac9895088166584c4f4d973a5590b2d315454f82a669fd42fc3648381d58b5a1,page_009_tile_r01_c02,tile,"[233.972,0.0,593.972,360.0]",normalized_0_1000,9,Medications in the management of type 2 diabetes,visual_node,Medications in the management of type 2 diabetes,3,,visual_logic; decision_node,Medications in the management of type 2 diabetes; Decision node; N7; Efficacy for weight loss; N13; N14,Efficacy for weight loss,"[406.0,725.0,512.0,809.0]",CONTROLLED_SOURCE_IMAGE/ada_page_009_tile_r01_c02.png,OMITTED_RAW_MODEL_JSON/visual_logic_page_009_tile_r01_c02.json,extracted_unvalidated,valid,pending,,,False,pending,unreleased,,,13a2587d1ed2548f6d618a22a727001ff0089df11d20b6798eb1f46a89646d41,13a2587d1ed2548f6d618a22a727001ff0089df11d20b6798eb1f46a89646d41,True
visual_p009-page-009-tile-r01-c02::page-009-tile-r01-c02-structure-tile-r01-c02::node::n8,p009-page-009-tile-r01-c02::page-009-tile-r01-c02-structure-tile-r01-c02::node::n8,CONTROLLED_SOURCE_PDF/ADA principles for pharmacologic therapy.pdf,7c2913f79b61bc60f8f51327bb73b80391988fd277116b29e57df4242b2a2404,ac9895088166584c4f4d973a5590b2d315454f82a669fd42fc3648381d58b5a1,page_009_tile_r01_c02,tile,"[233.972,0.0,593.972,360.0]",normalized_0_1000,9,Medications in the management of type 2 diabetes,visual_node,Medications in the management of type 2 diabetes,3,,visual_logic; decision_node,Medications in the management of type 2 diabetes; Decision node; N8; Efficacy for glucose lowering; N15; N16,Efficacy for glucose lowering,"[530.0,912.0,817.0,984.0]",CONTROLLED_SOURCE_IMAGE/ada_page_009_tile_r01_c02.png,OMITTED_RAW_MODEL_JSON/visual_logic_page_009_tile_r01_c02.json,extracted_unvalidated,valid,pending,,,False,pending,unreleased,,,43e539b37c444342394b437d7fd8ed46f22984c14897508f621d601b05f16888,43e539b37c444342394b437d7fd8ed46f22984c14897508f621d601b05f16888,True
visual_p009-page-009-tile-r01-c02::page-009-tile-r01-c02-structure-tile-r01-c02::node::n9,p009-page-009-tile-r01-c02::page-009-tile-r01-c02-structure-tile-r01-c02::node::n9,CONTROLLED_SOURCE_PDF/ADA principles for pharmacologic therapy.pdf,7c2913f79b61bc60f8f51327bb73b80391988fd277116b29e57df4242b2a2404,ac9895088166584c4f4d973a5590b2d315454f82a669fd42fc3648381d58b5a1,page_009_tile_r01_c02,tile,"[233.972,0.0,593.972,360.0]",normalized_0_1000,9,Medications in the management of type 2 diabetes,visual_node,Medications in the management of type 2 diabetes,3,,visual_logic; decision_node,Medications in the management of type 2 diabetes; Decision node; N9; SGLT2i with primary evidence of reducing CKD progression; SGLT2i can be started wit h eGFR ≥20 mL/min/1.73 m²; N17; N18,SGLT2i with primary evidence of reducing CKD progression • SGLT2i can be started wit h eGFR ≥20 mL/min/1.73 m² • Glucose-lowering efficacy is reduced with eGFR <45 mL/min/1.73 m²,"[68.0,829.0,320.0,950.0]",CONTROLLED_SOURCE_IMAGE/ada_page_009_tile_r01_c02.png,OMITTED_RAW_MODEL_JSON/visual_logic_page_009_tile_r01_c02.json,extracted_unvalidated,valid,pending,,,False,pending,unreleased,,,7823f2f86650b33e83537e57cbe6c60ec109cd06a2cadfd0ba1873ad4ae52e88,7823f2f86650b33e83537e57cbe6c60ec109cd06a2cadfd0ba1873ad4ae52e88,True
visual_p009-page-009-tile-r01-c02::page-009-tile-r01-c02-structure-tile-r01-c02::node::n10,p009-page-009-tile-r01-c02::page-009-tile-r01-c02-structure-tile-r01-c02::node::n10,CONTROLLED_SOURCE_PDF/ADA principles for pharmacologic therapy.pdf,7c2913f79b61bc60f8f51327bb73b80391988fd277116b29e57df4242b2a2404,ac9895088166584c4f4d973a5590b2d315454f82a669fd42fc3648381d58b5a1,page_009_tile_r01_c02,tile,"[233.972,0.0,593.972,360.0]",normalized_0_1000,9,Medications in the management of type 2 diabetes,visual_node,Medications in the management of type 2 diabetes,3,,visual_logic; decision_node,Medications in the management of type 2 diabetes; Decision node; N10; Metformin or other agent (including combination therapy) that provides adequate efficacy to achieve and maintain glycemic treatment goals.; N8; N12,Metformin or other agent (including combination therapy) that provides adequate efficacy to achieve and maintain glycemic treatment goals. Prioritize avoidance of hypoglycemia in high risk individuals,"[530.0,725.0,817.0,864.0]",CONTROLLED_SOURCE_IMAGE/ada_page_009_tile_r01_c02.png,OMITTED_RAW_MODEL_JSON/visual_logic_page_009_tile_r01_c02.json,extracted_unvalidated,valid,pending,,,False,pending,unreleased,,,d93aaefce44e5f9023eb636508b1c131c8d92a54d3786cd694cac2f22be18811,d93aaefce44e5f9023eb636508b1c131c8d92a54d3786cd694cac2f22be18811,True
visual_p009-page-009-tile-r01-c02::page-009-tile-r01-c02-structure-tile-r01-c02::node::n11,p009-page-009-tile-r01-c02::page-009-tile-r01-c02-structure-tile-r01-c02::node::n11,CONTROLLED_SOURCE_PDF/ADA principles for pharmacologic therapy.pdf,7c2913f79b61bc60f8f51327bb73b80391988fd277116b29e57df4242b2a2404,ac9895088166584c4f4d973a5590b2d315454f82a669fd42fc3648381d58b5a1,page_009_tile_r01_c02,tile,"[233.972,0.0,593.972,360.0]",normalized_0_1000,9,Medications in the management of type 2 diabetes,visual_node,Medications in the management of type 2 diabetes,3,,visual_logic; decision_node,"Medications in the management of type 2 diabetes; Decision node; N11; Very high: Semaglutide, tirzepatide; N19; N20","Very high: Semaglutide, tirzepatide","[406.0,785.0,512.0,839.0]",CONTROLLED_SOURCE_IMAGE/ada_page_009_tile_r01_c02.png,OMITTED_RAW_MODEL_JSON/visual_logic_page_009_tile_r01_c02.json,extracted_unvalidated,valid,pending,,,False,pending,unreleased,,,32c976cda8d1f73e27fe9285d0b092d976a023aec54106b1ab3b930b12c772c4,32c976cda8d1f73e27fe9285d0b092d976a023aec54106b1ab3b930b12c772c4,True
visual_p009-page-009-tile-r01-c02::page-009-tile-r01-c02-structure-tile-r01-c02::node::n12,p009-page-009-tile-r01-c02::page-009-tile-r01-c02-structure-tile-r01-c02::node::n12,CONTROLLED_SOURCE_PDF/ADA principles for pharmacologic therapy.pdf,7c2913f79b61bc60f8f51327bb73b80391988fd277116b29e57df4242b2a2404,ac9895088166584c4f4d973a5590b2d315454f82a669fd42fc3648381d58b5a1,page_009_tile_r01_c02,tile,"[233.972,0.0,593.972,360.0]",normalized_0_1000,9,Medications in the management of type 2 diabetes,visual_node,Medications in the management of type 2 diabetes,3,,visual_logic; decision_node,"Medications in the management of type 2 diabetes; Decision node; N12; High: Dulaglutide, liraglutide; N21; N22","High: Dulaglutide, liraglutide","[406.0,839.0,512.0,879.0]",CONTROLLED_SOURCE_IMAGE/ada_page_009_tile_r01_c02.png,OMITTED_RAW_MODEL_JSON/visual_logic_page_009_tile_r01_c02.json,extracted_unvalidated,valid,pending,,,False,pending,unreleased,,,5fd00ae9a463ee804903e594f5d81ff123bcc5b4b5a8c8c0277a784c3c80a138,5fd00ae9a463ee804903e594f5d81ff123bcc5b4b5a8c8c0277a784c3c80a138,True
visual_p009-page-009-tile-r01-c02::page-009-tile-r01-c02-structure-tile-r01-c02::node::n13,p009-page-009-tile-r01-c02::page-009-tile-r01-c02-structure-tile-r01-c02::node::n13,CONTROLLED_SOURCE_PDF/ADA principles for pharmacologic therapy.pdf,7c2913f79b61bc60f8f51327bb73b80391988fd277116b29e57df4242b2a2404,ac9895088166584c4f4d973a5590b2d315454f82a669fd42fc3648381d58b5a1,page_009_tile_r01_c02,tile,"[233.972,0.0,593.972,360.0]",normalized_0_1000,9,Medications in the management of type 2 diabetes,visual_node,Medications in the management of type 2 diabetes,3,,visual_logic; decision_node,Medications in the management of type 2 diabetes; Decision node; N13; Intermediate: GLP-1 RA (not listed above); N23; N24,Intermediate: GLP-1 RA (not listed above),"[406.0,879.0,512.0,923.0]",CONTROLLED_SOURCE_IMAGE/ada_page_009_tile_r01_c02.png,OMITTED_RAW_MODEL_JSON/visual_logic_page_009_tile_r01_c02.json,extracted_unvalidated,valid,pending,,,False,pending,unreleased,,,51dcddd762d1bd8661564e3b5d5abc8a436d567c7e108b3987fd8b0648ba36cc,51dcddd762d1bd8661564e3b5d5abc8a436d567c7e108b3987fd8b0648ba36cc,True
visual_p009-page-009-tile-r01-c02::page-009-tile-r01-c02-structure-tile-r01-c02::node::n14,p009-page-009-tile-r01-c02::page-009-tile-r01-c02-structure-tile-r01-c02::node::n14,CONTROLLED_SOURCE_PDF/ADA principles for pharmacologic therapy.pdf,7c2913f79b61bc60f8f51327bb73b80391988fd277116b29e57df4242b2a2404,ac9895088166584c4f4d973a5590b2d315454f82a669fd42fc3648381d58b5a1,page_009_tile_r01_c02,tile,"[233.972,0.0,593.972,360.0]",normalized_0_1000,9,Medications in the management of type 2 diabetes,visual_node,Medications in the management of type 2 diabetes,3,,visual_logic; decision_node,"Medications in the management of type 2 diabetes; Decision node; N14; Very high: Dulaglutide (high dose),; N25; N26","Very high: Dulaglutide (high dose),","[530.0,948.0,817.0,984.0]",CONTROLLED_SOURCE_IMAGE/ada_page_009_tile_r01_c02.png,OMITTED_RAW_MODEL_JSON/visual_logic_page_009_tile_r01_c02.json,extracted_unvalidated,valid,pending,,,False,pending,unreleased,,,abee3c9722b4e724f7464c67e7addd99fe2aa98aea744a3d9a2aea44d4bde004,abee3c9722b4e724f7464c67e7addd99fe2aa98aea744a3d9a2aea44d4bde004,True
visual_p009-page-009-tile-r01-c02::page-009-tile-r01-c02-structure-tile-r01-c02::node::n15,p009-page-009-tile-r01-c02::page-009-tile-r01-c02-structure-tile-r01-c02::node::n15,CONTROLLED_SOURCE_PDF/ADA principles for pharmacologic therapy.pdf,7c2913f79b61bc60f8f51327bb73b80391988fd277116b29e57df4242b2a2404,ac9895088166584c4f4d973a5590b2d315454f82a669fd42fc3648381d58b5a1,page_009_tile_r01_c02,tile,"[233.972,0.0,593.972,360.0]",normalized_0_1000,9,Medications in the management of type 2 diabetes,visual_node,Medications in the management of type 2 diabetes,3,,visual_logic; decision_node,Medications in the management of type 2 diabetes; Decision node; N15; OR; N16; N17,OR,"[120.0,958.0,264.0,999.0]",CONTROLLED_SOURCE_IMAGE/ada_page_009_tile_r01_c02.png,OMITTED_RAW_MODEL_JSON/visual_logic_page_009_tile_r01_c02.json,extracted_unvalidated,valid,pending,,,False,pending,unreleased,,,c899258e19a9a5fa713b445064d8f4749b015674170533c5b10fba35241f2b2d,c899258e19a9a5fa713b445064d8f4749b015674170533c5b10fba35241f2b2d,True
visual_p009-page-009-tile-r01-c02::page-009-tile-r01-c02-structure-tile-r01-c02::node::n16,p009-page-009-tile-r01-c02::page-009-tile-r01-c02-structure-tile-r01-c02::node::n16,CONTROLLED_SOURCE_PDF/ADA principles for pharmacologic therapy.pdf,7c2913f79b61bc60f8f51327bb73b80391988fd277116b29e57df4242b2a2404,ac9895088166584c4f4d973a5590b2d315454f82a669fd42fc3648381d58b5a1,page_009_tile_r01_c02,tile,"[233.972,0.0,593.972,360.0]",normalized_0_1000,9,Medications in the management of type 2 diabetes,visual_node,Medications in the management of type 2 diabetes,3,,visual_logic; decision_node,Medications in the management of type 2 diabetes; Decision node; N16; +Weight management; N7; N8,+Weight management,"[406.0,590.0,512.0,673.0]",CONTROLLED_SOURCE_IMAGE/ada_page_009_tile_r01_c02.png,OMITTED_RAW_MODEL_JSON/visual_logic_page_009_tile_r01_c02.json,extracted_unvalidated,valid,pending,,,False,pending,unreleased,,,2cf5bb314d8b9a2e25119c9ddae158958217e244c86a2bbbbf4ff046fbbe2e82,2cf5bb314d8b9a2e25119c9ddae158958217e244c86a2bbbbf4ff046fbbe2e82,True
visual_p009-page-009-tile-r02-c01::page-009-tile-r02-c01-structure-tile-001::node::node-01,p009-page-009-tile-r02-c01::page-009-tile-r02-c01-structure-tile-001::node::node-01,CONTROLLED_SOURCE_PDF/ADA principles for pharmacologic therapy.pdf,7c2913f79b61bc60f8f51327bb73b80391988fd277116b29e57df4242b2a2404,936835293d1d5e15feb927064c3384c4f71d8817072e7850048a8ee7cb0d0396,page_009_tile_r02_c01,tile,"[0.0,288.0,360.0,648.0]",normalized_0_1000,9,Clinical Guideline Evidence for Glycemic Management and Comorbidity Risk Reduction,visual_node,Clinical Guideline Evidence for Glycemic Management and Comorbidity Risk Reduction,3,,visual_logic; decision_node,"Clinical Guideline Evidence for Glycemic Management and Comorbidity Risk Reduction; Decision node; node_01; If glycemia is above goal; glycemic level; For individuals on a GLP-1 RA, consider adding SGLT2i with proven CVD benefit or vice versa; Pioglitazone^; SGLT2i and/or either dual GIP/GLP-1 RA or GLP-1 RA with proven benefit in symptomatic HFpEF and obesity","If glycemia is above goal • For individuals on a GLP-1 RA, consider adding SGLT2i with proven CVD benefit or vice versa • Pioglitazone^","[140.0,176.0,538.0,269.0]",CONTROLLED_SOURCE_IMAGE/ada_page_009_tile_r02_c01.png,OMITTED_RAW_MODEL_JSON/visual_logic_page_009_tile_r02_c01.json,extracted_unvalidated,valid,pending,,,False,pending,unreleased,,,91b9dcbcd2dc1ce942efdb2d7e656c4a5391c55895cce4c1768d0ec8d36d1f98,91b9dcbcd2dc1ce942efdb2d7e656c4a5391c55895cce4c1768d0ec8d36d1f98,True
visual_p009-page-009-tile-r02-c01::page-009-tile-r02-c01-structure-tile-001::node::node-02,p009-page-009-tile-r02-c01::page-009-tile-r02-c01-structure-tile-001::node::node-02,CONTROLLED_SOURCE_PDF/ADA principles for pharmacologic therapy.pdf,7c2913f79b61bc60f8f51327bb73b80391988fd277116b29e57df4242b2a2404,936835293d1d5e15feb927064c3384c4f71d8817072e7850048a8ee7cb0d0396,page_009_tile_r02_c01,tile,"[0.0,288.0,360.0,648.0]",normalized_0_1000,9,Clinical Guideline Evidence for Glycemic Management and Comorbidity Risk Reduction,visual_node,Clinical Guideline Evidence for Glycemic Management and Comorbidity Risk Reduction,3,,visual_logic; decision_node,"Clinical Guideline Evidence for Glycemic Management and Comorbidity Risk Reduction; Decision node; node_02; If additional cardiovascular and kidney risk reduction, management of other metabolic comorbidities, and/or glycemic lowering is needed; cardiovascular risk; kidney risk; metabolic comorbidities; +Mitigating risk of MASLD or MASH","If additional cardiovascular and kidney risk reduction, management of other metabolic comorbidities, and/or glycemic lowering is needed +Mitigating risk of MASLD or MASH","[140.0,456.0,820.0,539.0]",CONTROLLED_SOURCE_IMAGE/ada_page_009_tile_r02_c01.png,OMITTED_RAW_MODEL_JSON/visual_logic_page_009_tile_r02_c01.json,extracted_unvalidated,valid,pending,,,False,pending,unreleased,,,98139d282ecb8e5195d7ebdd53e685f3b5c0dde7fca381d82968b5dcdd828914,98139d282ecb8e5195d7ebdd53e685f3b5c0dde7fca381d82968b5dcdd828914,True
visual_p009-page-009-tile-r02-c01::page-009-tile-r02-c01-structure-tile-001::node::node-03,p009-page-009-tile-r02-c01::page-009-tile-r02-c01-structure-tile-001::node::node-03,CONTROLLED_SOURCE_PDF/ADA principles for pharmacologic therapy.pdf,7c2913f79b61bc60f8f51327bb73b80391988fd277116b29e57df4242b2a2404,936835293d1d5e15feb927064c3384c4f71d8817072e7850048a8ee7cb0d0396,page_009_tile_r02_c01,tile,"[0.0,288.0,360.0,648.0]",normalized_0_1000,9,Clinical Guideline Evidence for Glycemic Management and Comorbidity Risk Reduction,visual_node,Clinical Guideline Evidence for Glycemic Management and Comorbidity Risk Reduction,3,,visual_logic; decision_node,"Clinical Guideline Evidence for Glycemic Management and Comorbidity Risk Reduction; Decision node; node_03; Agents with proven or potential benefit in MASLD or MASH; MASLD/MASH status; GLP-1 RA, dual GIP and GLP-1 RA, pioglitazone, or combination of GLP-1 RA with pioglitazone; Use insulin in the setting of decompensated cirrhosis","Agents with proven or potential benefit in MASLD or MASH GLP-1 RA, dual GIP and GLP-1 RA, pioglitazone, or combination of GLP-1 RA with pioglitazone Use insulin in the setting of decompensated cirrhosis","[140.0,652.0,980.0,739.0]",CONTROLLED_SOURCE_IMAGE/ada_page_009_tile_r02_c01.png,OMITTED_RAW_MODEL_JSON/visual_logic_page_009_tile_r02_c01.json,extracted_unvalidated,valid,pending,,,False,pending,unreleased,,,6bbda2a2129b935d0b83db68853d3b42f75173c7b57d74e5221e056b21ce87bb,6bbda2a2129b935d0b83db68853d3b42f75173c7b57d74e5221e056b21ce87bb,True
visual_p009-page-009-tile-r02-c02::page-009-tile-r02-c02-structure-tile-r02-c02::node::n1,p009-page-009-tile-r02-c02::page-009-tile-r02-c02-structure-tile-r02-c02::node::n1,CONTROLLED_SOURCE_PDF/ADA principles for pharmacologic therapy.pdf,7c2913f79b61bc60f8f51327bb73b80391988fd277116b29e57df4242b2a2404,16c3522a55a32f083a61b6c439e61e267b7d6d3d8e66f8cfe911c1143cba8dab,page_009_tile_r02_c02,tile,"[233.972,288.0,593.972,648.0]",normalized_0_1000,9,Clinical Guideline Evidence for Glycemic Management in T2D with CKD or MASLD/MASH,visual_node,Clinical Guideline Evidence for Glycemic Management in T2D with CKD or MASLD/MASH,3,,visual_logic; decision_node,Clinical Guideline Evidence for Glycemic Management in T2D with CKD or MASLD/MASH; Decision node; n1; If glycemia is above goal or significant hypoglycemia or hyperglycemia or barriers to care are identified; eGFR; glycemic goals; Refer to DSMES... identify and address SDOH...,If glycemia is above goal or significant hypoglycemia or hyperglycemia or barriers to care are identified,"[407.0,462.0,813.0,509.0]",CONTROLLED_SOURCE_IMAGE/ada_page_009_tile_r02_c02.png,OMITTED_RAW_MODEL_JSON/visual_logic_page_009_tile_r02_c02.json,extracted_unvalidated,valid,pending,,,False,pending,unreleased,,,5a3fa4f97c3270ff22be95b43b954bba172b7a9d49d13d8b0603ea73806b5b14,5a3fa4f97c3270ff22be95b43b954bba172b7a9d49d13d8b0603ea73806b5b14,True
visual_p009-page-009-tile-r02-c02::page-009-tile-r02-c02-structure-tile-r02-c02::node::n2,p009-page-009-tile-r02-c02::page-009-tile-r02-c02-structure-tile-r02-c02::node::n2,CONTROLLED_SOURCE_PDF/ADA principles for pharmacologic therapy.pdf,7c2913f79b61bc60f8f51327bb73b80391988fd277116b29e57df4242b2a2404,16c3522a55a32f083a61b6c439e61e267b7d6d3d8e66f8cfe911c1143cba8dab,page_009_tile_r02_c02,tile,"[233.972,288.0,593.972,648.0]",normalized_0_1000,9,Clinical Guideline Evidence for Glycemic Management in T2D with CKD or MASLD/MASH,visual_node,Clinical Guideline Evidence for Glycemic Management in T2D with CKD or MASLD/MASH,3,,visual_logic; decision_node,"Clinical Guideline Evidence for Glycemic Management in T2D with CKD or MASLD/MASH; Decision node; n2; If glycemia is above goal, for individuals on SGLT2i, consider incorporating a GLP-1 RA or vice versa; eGFR; glycemic goals","If glycemia is above goal, for individuals on SGLT2i, consider incorporating a GLP-1 RA or vice versa","[407.0,358.0,690.0,390.0]",CONTROLLED_SOURCE_IMAGE/ada_page_009_tile_r02_c02.png,OMITTED_RAW_MODEL_JSON/visual_logic_page_009_tile_r02_c02.json,extracted_unvalidated,valid,pending,,,False,pending,unreleased,,,0e9821dbb8c0c366222bd0fb4290423d9e51482c3d58b4341f176e98bf5b48a6,0e9821dbb8c0c366222bd0fb4290423d9e51482c3d58b4341f176e98bf5b48a6,True
visual_p009-page-009-tile-r02-c02::page-009-tile-r02-c02-structure-tile-r02-c02::node::n3,p009-page-009-tile-r02-c02::page-009-tile-r02-c02-structure-tile-r02-c02::node::n3,CONTROLLED_SOURCE_PDF/ADA principles for pharmacologic therapy.pdf,7c2913f79b61bc60f8f51327bb73b80391988fd277116b29e57df4242b2a2404,16c3522a55a32f083a61b6c439e61e267b7d6d3d8e66f8cfe911c1143cba8dab,page_009_tile_r02_c02,tile,"[233.972,288.0,593.972,648.0]",normalized_0_1000,9,Clinical Guideline Evidence for Glycemic Management in T2D with CKD or MASLD/MASH,visual_node,Clinical Guideline Evidence for Glycemic Management in T2D with CKD or MASLD/MASH,3,,visual_logic; decision_node,Clinical Guideline Evidence for Glycemic Management in T2D with CKD or MASLD/MASH; Decision node; n3; SGLT2i with primary evidence of reducing CKD progression; eGFR; glycemic goals,SGLT2i with primary evidence of reducing CKD progression,"[50.0,31.0,287.0,64.0]",CONTROLLED_SOURCE_IMAGE/ada_page_009_tile_r02_c02.png,OMITTED_RAW_MODEL_JSON/visual_logic_page_009_tile_r02_c02.json,extracted_unvalidated,valid,pending,,,False,pending,unreleased,,,45507f97f141c56020d7e798668f5041f759ead71947165c3c0d38a576d3bf34,45507f97f141c56020d7e798668f5041f759ead71947165c3c0d38a576d3bf34,True
visual_p009-page-009-tile-r02-c02::page-009-tile-r02-c02-structure-tile-r02-c02::node::n4,p009-page-009-tile-r02-c02::page-009-tile-r02-c02-structure-tile-r02-c02::node::n4,CONTROLLED_SOURCE_PDF/ADA principles for pharmacologic therapy.pdf,7c2913f79b61bc60f8f51327bb73b80391988fd277116b29e57df4242b2a2404,16c3522a55a32f083a61b6c439e61e267b7d6d3d8e66f8cfe911c1143cba8dab,page_009_tile_r02_c02,tile,"[233.972,288.0,593.972,648.0]",normalized_0_1000,9,Clinical Guideline Evidence for Glycemic Management in T2D with CKD or MASLD/MASH,visual_node,Clinical Guideline Evidence for Glycemic Management in T2D with CKD or MASLD/MASH,3,,visual_logic; decision_node,Clinical Guideline Evidence for Glycemic Management in T2D with CKD or MASLD/MASH; Decision node; n4; GLP-1 RA# with proven CKD benefit; eGFR; glycemic goals,GLP-1 RA# with proven CKD benefit,"[50.0,204.0,287.0,236.0]",CONTROLLED_SOURCE_IMAGE/ada_page_009_tile_r02_c02.png,OMITTED_RAW_MODEL_JSON/visual_logic_page_009_tile_r02_c02.json,extracted_unvalidated,valid,pending,,,False,pending,unreleased,,,b4d1e5b16021bd73a9af8ba10a443d770965c829ba9329f7370f15a23bc75d58,b4d1e5b16021bd73a9af8ba10a443d770965c829ba9329f7370f15a23bc75d58,True
visual_p009-page-009-tile-r02-c02::page-009-tile-r02-c02-structure-tile-r02-c02::node::n5,p009-page-009-tile-r02-c02::page-009-tile-r02-c02-structure-tile-r02-c02::node::n5,CONTROLLED_SOURCE_PDF/ADA principles for pharmacologic therapy.pdf,7c2913f79b61bc60f8f51327bb73b80391988fd277116b29e57df4242b2a2404,16c3522a55a32f083a61b6c439e61e267b7d6d3d8e66f8cfe911c1143cba8dab,page_009_tile_r02_c02,tile,"[233.972,288.0,593.972,648.0]",normalized_0_1000,9,Clinical Guideline Evidence for Glycemic Management in T2D with CKD or MASLD/MASH,visual_node,Clinical Guideline Evidence for Glycemic Management in T2D with CKD or MASLD/MASH,3,,visual_logic; decision_node,"Clinical Guideline Evidence for Glycemic Management in T2D with CKD or MASLD/MASH; Decision node; n5; Very high: Semaglutide, tirzepatide","Very high: Semaglutide, tirzepatide","[407.0,16.0,593.0,48.0]",CONTROLLED_SOURCE_IMAGE/ada_page_009_tile_r02_c02.png,OMITTED_RAW_MODEL_JSON/visual_logic_page_009_tile_r02_c02.json,extracted_unvalidated,valid,pending,,,False,pending,unreleased,,,41f3466118111a421a01802b6466d94fda38a888c0e3e547de1404cee4bcd3f5,41f3466118111a421a01802b6466d94fda38a888c0e3e547de1404cee4bcd3f5,True
visual_p009-page-009-tile-r02-c02::page-009-tile-r02-c02-structure-tile-r02-c02::node::n6,p009-page-009-tile-r02-c02::page-009-tile-r02-c02-structure-tile-r02-c02::node::n6,CONTROLLED_SOURCE_PDF/ADA principles for pharmacologic therapy.pdf,7c2913f79b61bc60f8f51327bb73b80391988fd277116b29e57df4242b2a2404,16c3522a55a32f083a61b6c439e61e267b7d6d3d8e66f8cfe911c1143cba8dab,page_009_tile_r02_c02,tile,"[233.972,288.0,593.972,648.0]",normalized_0_1000,9,Clinical Guideline Evidence for Glycemic Management in T2D with CKD or MASLD/MASH,visual_node,Clinical Guideline Evidence for Glycemic Management in T2D with CKD or MASLD/MASH,3,,visual_logic; decision_node,"Clinical Guideline Evidence for Glycemic Management in T2D with CKD or MASLD/MASH; Decision node; n6; High: Dulaglutide, liraglutide","High: Dulaglutide, liraglutide","[407.0,52.0,593.0,84.0]",CONTROLLED_SOURCE_IMAGE/ada_page_009_tile_r02_c02.png,OMITTED_RAW_MODEL_JSON/visual_logic_page_009_tile_r02_c02.json,extracted_unvalidated,valid,pending,,,False,pending,unreleased,,,4e5372686c2231a9246167c9c2e6cb93be9849d1029e7803843dc60f7dc3c318,4e5372686c2231a9246167c9c2e6cb93be9849d1029e7803843dc60f7dc3c318,True
visual_p009-page-009-tile-r02-c02::page-009-tile-r02-c02-structure-tile-r02-c02::node::n7,p009-page-009-tile-r02-c02::page-009-tile-r02-c02-structure-tile-r02-c02::node::n7,CONTROLLED_SOURCE_PDF/ADA principles for pharmacologic therapy.pdf,7c2913f79b61bc60f8f51327bb73b80391988fd277116b29e57df4242b2a2404,16c3522a55a32f083a61b6c439e61e267b7d6d3d8e66f8cfe911c1143cba8dab,page_009_tile_r02_c02,tile,"[233.972,288.0,593.972,648.0]",normalized_0_1000,9,Clinical Guideline Evidence for Glycemic Management in T2D with CKD or MASLD/MASH,visual_node,Clinical Guideline Evidence for Glycemic Management in T2D with CKD or MASLD/MASH,3,,visual_logic; decision_node,"Clinical Guideline Evidence for Glycemic Management in T2D with CKD or MASLD/MASH; Decision node; n7; Intermediate: GLP-1 RA (not listed above), SGLT2i","Intermediate: GLP-1 RA (not listed above), SGLT2i","[407.0,96.0,593.0,128.0]",CONTROLLED_SOURCE_IMAGE/ada_page_009_tile_r02_c02.png,OMITTED_RAW_MODEL_JSON/visual_logic_page_009_tile_r02_c02.json,extracted_unvalidated,valid,pending,,,False,pending,unreleased,,,7057724a1a12b7a4b7c817e1098137fc13b3a09273ae5455082da4bbfbd69b71,7057724a1a12b7a4b7c817e1098137fc13b3a09273ae5455082da4bbfbd69b71,True
visual_p009-page-009-tile-r02-c02::page-009-tile-r02-c02-structure-tile-r02-c02::node::n8,p009-page-009-tile-r02-c02::page-009-tile-r02-c02-structure-tile-r02-c02::node::n8,CONTROLLED_SOURCE_PDF/ADA principles for pharmacologic therapy.pdf,7c2913f79b61bc60f8f51327bb73b80391988fd277116b29e57df4242b2a2404,16c3522a55a32f083a61b6c439e61e267b7d6d3d8e66f8cfe911c1143cba8dab,page_009_tile_r02_c02,tile,"[233.972,288.0,593.972,648.0]",normalized_0_1000,9,Clinical Guideline Evidence for Glycemic Management in T2D with CKD or MASLD/MASH,visual_node,Clinical Guideline Evidence for Glycemic Management in T2D with CKD or MASLD/MASH,3,,visual_logic; decision_node,"Clinical Guideline Evidence for Glycemic Management in T2D with CKD or MASLD/MASH; Decision node; n8; Neutral: Metformin, DPP-4i","Neutral: Metformin, DPP-4i","[407.0,132.0,593.0,164.0]",CONTROLLED_SOURCE_IMAGE/ada_page_009_tile_r02_c02.png,OMITTED_RAW_MODEL_JSON/visual_logic_page_009_tile_r02_c02.json,extracted_unvalidated,valid,pending,,,False,pending,unreleased,,,7b3842e288c3e0591cd536caa3bb8453585068a63516f738a7eeb8eb21921ddc,7b3842e288c3e0591cd536caa3bb8453585068a63516f738a7eeb8eb21921ddc,True
visual_p009-page-009-tile-r02-c02::page-009-tile-r02-c02-structure-tile-r02-c02::node::n9,p009-page-009-tile-r02-c02::page-009-tile-r02-c02-structure-tile-r02-c02::node::n9,CONTROLLED_SOURCE_PDF/ADA principles for pharmacologic therapy.pdf,7c2913f79b61bc60f8f51327bb73b80391988fd277116b29e57df4242b2a2404,16c3522a55a32f083a61b6c439e61e267b7d6d3d8e66f8cfe911c1143cba8dab,page_009_tile_r02_c02,tile,"[233.972,288.0,593.972,648.0]",normalized_0_1000,9,Clinical Guideline Evidence for Glycemic Management in T2D with CKD or MASLD/MASH,visual_node,Clinical Guideline Evidence for Glycemic Management in T2D with CKD or MASLD/MASH,3,,visual_logic; decision_node,"Clinical Guideline Evidence for Glycemic Management in T2D with CKD or MASLD/MASH; Decision node; n9; Very high: Dulaglutide (high dose), semaglutide, tirzepatide, insulin Combination oral, combination injectable (GLP-1 RA and insulin)","Very high: Dulaglutide (high dose), semaglutide, tirzepatide, insulin Combination oral, combination injectable (GLP-1 RA and insulin)","[407.0,168.0,593.0,200.0]",CONTROLLED_SOURCE_IMAGE/ada_page_009_tile_r02_c02.png,OMITTED_RAW_MODEL_JSON/visual_logic_page_009_tile_r02_c02.json,extracted_unvalidated,valid,pending,,,False,pending,unreleased,,,d74c6c83423a340743ebea8ba5e3a0c151fffc1099cdca2c7a747a08cb69edad,d74c6c83423a340743ebea8ba5e3a0c151fffc1099cdca2c7a747a08cb69edad,True
visual_p009-page-009-tile-r02-c02::page-009-tile-r02-c02-structure-tile-r02-c02::node::n10,p009-page-009-tile-r02-c02::page-009-tile-r02-c02-structure-tile-r02-c02::node::n10,CONTROLLED_SOURCE_PDF/ADA principles for pharmacologic therapy.pdf,7c2913f79b61bc60f8f51327bb73b80391988fd277116b29e57df4242b2a2404,16c3522a55a32f083a61b6c439e61e267b7d6d3d8e66f8cfe911c1143cba8dab,page_009_tile_r02_c02,tile,"[233.972,288.0,593.972,648.0]",normalized_0_1000,9,Clinical Guideline Evidence for Glycemic Management in T2D with CKD or MASLD/MASH,visual_node,Clinical Guideline Evidence for Glycemic Management in T2D with CKD or MASLD/MASH,3,,visual_logic; decision_node,"Clinical Guideline Evidence for Glycemic Management in T2D with CKD or MASLD/MASH; Decision node; n10; High: GLP-1 RA (not listed above), metformin, pioglitazone, SGLT2i, sulfonylurea","High: GLP-1 RA (not listed above), metformin, pioglitazone, SGLT2i, sulfonylurea","[407.0,208.0,593.0,240.0]",CONTROLLED_SOURCE_IMAGE/ada_page_009_tile_r02_c02.png,OMITTED_RAW_MODEL_JSON/visual_logic_page_009_tile_r02_c02.json,extracted_unvalidated,valid,pending,,,False,pending,unreleased,,,ecb98b23b63f462b3bf93ce7d9b1bf8fc2d72f92d8953cdaed35f6adc0a59e01,ecb98b23b63f462b3bf93ce7d9b1bf8fc2d72f92d8953cdaed35f6adc0a59e01,True
visual_p009-page-009-tile-r02-c02::page-009-tile-r02-c02-structure-tile-r02-c02::node::n11,p009-page-009-tile-r02-c02::page-009-tile-r02-c02-structure-tile-r02-c02::node::n11,CONTROLLED_SOURCE_PDF/ADA principles for pharmacologic therapy.pdf,7c2913f79b61bc60f8f51327bb73b80391988fd277116b29e57df4242b2a2404,16c3522a55a32f083a61b6c439e61e267b7d6d3d8e66f8cfe911c1143cba8dab,page_009_tile_r02_c02,tile,"[233.972,288.0,593.972,648.0]",normalized_0_1000,9,Clinical Guideline Evidence for Glycemic Management in T2D with CKD or MASLD/MASH,visual_node,Clinical Guideline Evidence for Glycemic Management in T2D with CKD or MASLD/MASH,3,,visual_logic; decision_node,Clinical Guideline Evidence for Glycemic Management in T2D with CKD or MASLD/MASH; Decision node; n11; Intermediate: DPP-4i,Intermediate: DPP-4i,"[407.0,248.0,593.0,280.0]",CONTROLLED_SOURCE_IMAGE/ada_page_009_tile_r02_c02.png,OMITTED_RAW_MODEL_JSON/visual_logic_page_009_tile_r02_c02.json,extracted_unvalidated,valid,pending,,,False,pending,unreleased,,,95d2aafee6fc515ae14c16f93450bd8a735efd96a7c4caae2dcb14d9210c4251,95d2aafee6fc515ae14c16f93450bd8a735efd96a7c4caae2dcb14d9210c4251,True
visual_p009-page-009-tile-r02-c02::page-009-tile-r02-c02-structure-tile-r02-c02::node::n12,p009-page-009-tile-r02-c02::page-009-tile-r02-c02-structure-tile-r02-c02::node::n12,CONTROLLED_SOURCE_PDF/ADA principles for pharmacologic therapy.pdf,7c2913f79b61bc60f8f51327bb73b80391988fd277116b29e57df4242b2a2404,16c3522a55a32f083a61b6c439e61e267b7d6d3d8e66f8cfe911c1143cba8dab,page_009_tile_r02_c02,tile,"[233.972,288.0,593.972,648.0]",normalized_0_1000,9,Clinical Guideline Evidence for Glycemic Management in T2D with CKD or MASLD/MASH,visual_node,Clinical Guideline Evidence for Glycemic Management in T2D with CKD or MASLD/MASH,3,,visual_logic; decision_node,Clinical Guideline Evidence for Glycemic Management in T2D with CKD or MASLD/MASH; Decision node; n12; Maintain glycemic treatment goals. Prioritize avoidance of hypoglycemia in high risk individuals,Maintain glycemic treatment goals. Prioritize avoidance of hypoglycemia in high risk individuals,"[407.0,28.0,593.0,60.0]",CONTROLLED_SOURCE_IMAGE/ada_page_009_tile_r02_c02.png,OMITTED_RAW_MODEL_JSON/visual_logic_page_009_tile_r02_c02.json,extracted_unvalidated,valid,pending,,,False,pending,unreleased,,,7422b231bb6d7c52c80441f0af055fc8c487a60982f276b7bd997d31a2895bb3,7422b231bb6d7c52c80441f0af055fc8c487a60982f276b7bd997d31a2895bb3,True
visual_p009-page-009-tile-r03-c01::page-009-tile-r03-c01-structure-tile-001::node::node-01,p009-page-009-tile-r03-c01::page-009-tile-r03-c01-structure-tile-001::node::node-01,CONTROLLED_SOURCE_PDF/ADA principles for pharmacologic therapy.pdf,7c2913f79b61bc60f8f51327bb73b80391988fd277116b29e57df4242b2a2404,3154eb177bed280435b48352abedf71aabb52d08e790a9a99b77d726731f937d,page_009_tile_r03_c01,tile,"[0.0,422.986,360.0,782.986]",normalized_0_1000,9,Figure 9.4—Use of glucose-lowering medications in the management of type 2 diabetes.,visual_node,Figure 9.4—Use of glucose-lowering medications in the management of type 2 diabetes.,3,,visual_logic; decision_node,"Figure 9.4—Use of glucose-lowering medications in the management of type 2 diabetes.; Decision node; node_01; If additional cardiovascular and kidney risk reduction, management of other metabolic comorbidities, and/or glycemic lowering is needed; Mitigating risk of MASLD or MASH","If additional cardiovascular and kidney risk reduction, management of other metabolic comorbidities, and/or glycemic lowering is needed","[140.0,85.0,960.0,135.0]",CONTROLLED_SOURCE_IMAGE/ada_page_009_tile_r03_c01.png,OMITTED_RAW_MODEL_JSON/visual_logic_page_009_tile_r03_c01.json,extracted_unvalidated,valid,pending,,,False,pending,unreleased,,,731e9556872d7a4e633a24f91eb5f0e7c1b7ed1fd372f0e7c5986c2fb247a744,731e9556872d7a4e633a24f91eb5f0e7c1b7ed1fd372f0e7c5986c2fb247a744,True
visual_p009-page-009-tile-r03-c01::page-009-tile-r03-c01-structure-tile-001::node::node-02,p009-page-009-tile-r03-c01::page-009-tile-r03-c01-structure-tile-001::node::node-02,CONTROLLED_SOURCE_PDF/ADA principles for pharmacologic therapy.pdf,7c2913f79b61bc60f8f51327bb73b80391988fd277116b29e57df4242b2a2404,3154eb177bed280435b48352abedf71aabb52d08e790a9a99b77d726731f937d,page_009_tile_r03_c01,tile,"[0.0,422.986,360.0,782.986]",normalized_0_1000,9,Figure 9.4—Use of glucose-lowering medications in the management of type 2 diabetes.,visual_node,Figure 9.4—Use of glucose-lowering medications in the management of type 2 diabetes.,3,,visual_logic; decision_node,Figure 9.4—Use of glucose-lowering medications in the management of type 2 diabetes.; Decision node; node_02; +Mitigating risk of MASLD or MASH; Agents with proven or potential benefit in MASLD or MASH,+Mitigating risk of MASLD or MASH,"[140.0,185.0,960.0,235.0]",CONTROLLED_SOURCE_IMAGE/ada_page_009_tile_r03_c01.png,OMITTED_RAW_MODEL_JSON/visual_logic_page_009_tile_r03_c01.json,extracted_unvalidated,valid,pending,,,False,pending,unreleased,,,647eacd5466ed768b8a16b59e9ead52f0d53e79e63b9b3991201d236edc459b2,647eacd5466ed768b8a16b59e9ead52f0d53e79e63b9b3991201d236edc459b2,True
visual_p009-page-009-tile-r03-c01::page-009-tile-r03-c01-structure-tile-001::node::node-03,p009-page-009-tile-r03-c01::page-009-tile-r03-c01-structure-tile-001::node::node-03,CONTROLLED_SOURCE_PDF/ADA principles for pharmacologic therapy.pdf,7c2913f79b61bc60f8f51327bb73b80391988fd277116b29e57df4242b2a2404,3154eb177bed280435b48352abedf71aabb52d08e790a9a99b77d726731f937d,page_009_tile_r03_c01,tile,"[0.0,422.986,360.0,782.986]",normalized_0_1000,9,Figure 9.4—Use of glucose-lowering medications in the management of type 2 diabetes.,visual_node,Figure 9.4—Use of glucose-lowering medications in the management of type 2 diabetes.,3,,visual_logic; decision_node,Figure 9.4—Use of glucose-lowering medications in the management of type 2 diabetes.; Decision node; node_03; Agents with proven or potential benefit in MASLD or MASH,"Agents with proven or potential benefit in MASLD or MASH GLP-1 RA, dual GIP and GLP-1 RA, pioglitazone, or combination of GLP-1 RA with pioglitazone Use insulin in the setting of decompensated cirrhosis","[140.0,285.0,960.0,375.0]",CONTROLLED_SOURCE_IMAGE/ada_page_009_tile_r03_c01.png,OMITTED_RAW_MODEL_JSON/visual_logic_page_009_tile_r03_c01.json,extracted_unvalidated,valid,pending,,,False,pending,unreleased,,,8c632ec441c83395ae8b6870d8cf96eca26c819d0178bc3d8b7953b308f0cc07,8c632ec441c83395ae8b6870d8cf96eca26c819d0178bc3d8b7953b308f0cc07,True
visual_p009-page-009-tile-r03-c02::page-009-tile-r03-c02-structure-tile-r03-c02::node::n1,p009-page-009-tile-r03-c02::page-009-tile-r03-c02-structure-tile-r03-c02::node::n1,CONTROLLED_SOURCE_PDF/ADA principles for pharmacologic therapy.pdf,7c2913f79b61bc60f8f51327bb73b80391988fd277116b29e57df4242b2a2404,cad6ccc08acb141c1614c55c006bdd7a2fe9a990d35d5625e05b34183b827230,page_009_tile_r03_c02,tile,"[233.972,422.986,593.972,782.986]",normalized_0_1000,9,Clinical Guideline Evidence for Type 2 Diabetes Management,visual_node,Clinical Guideline Evidence for Type 2 Diabetes Management,3,,visual_logic; decision_node,"Clinical Guideline Evidence for Type 2 Diabetes Management; Decision node; N1; If glycemia is above goal or significant hypoglycemia or hyperglycemia or barriers to care are identified; Glycemic control status; Barriers to care; Refer to DSMES to support self-efficacy in achievement of treatment goal; Consider technology (e.g., diagnostic or personal CGM) to identify therapeutic gaps and tailor therapy; Identify and address SDOH that affect achievement of treatment goals",If glycemia is above goal or significant hypoglycemia or hyperglycemia or barriers to care are identified,"[412.0,85.0,807.0,136.0]",CONTROLLED_SOURCE_IMAGE/ada_page_009_tile_r03_c02.png,OMITTED_RAW_MODEL_JSON/visual_logic_page_009_tile_r03_c02.json,extracted_unvalidated,valid,pending,,,False,pending,unreleased,,,269e3a194989d497b7e2105dc3e7fe9fe20a298a905c4705dbe619b1d24ef44c,269e3a194989d497b7e2105dc3e7fe9fe20a298a905c4705dbe619b1d24ef44c,True
visual_p009-page-009-tile-r03-c02::page-009-tile-r03-c02-structure-tile-r03-c02::node::n2,p009-page-009-tile-r03-c02::page-009-tile-r03-c02-structure-tile-r03-c02::node::n2,CONTROLLED_SOURCE_PDF/ADA principles for pharmacologic therapy.pdf,7c2913f79b61bc60f8f51327bb73b80391988fd277116b29e57df4242b2a2404,cad6ccc08acb141c1614c55c006bdd7a2fe9a990d35d5625e05b34183b827230,page_009_tile_r03_c02,tile,"[233.972,422.986,593.972,782.986]",normalized_0_1000,9,Clinical Guideline Evidence for Type 2 Diabetes Management,visual_node,Clinical Guideline Evidence for Type 2 Diabetes Management,3,,visual_logic; decision_node,Clinical Guideline Evidence for Type 2 Diabetes Management; Decision node; N2; Decision to use a GLP-1 RA or SGLT2i with proven benefit should be made irrespective of attainment of glycemic goal.; Glycemic control status,Decision to use a GLP-1 RA or SGLT2i with proven benefit should be made irrespective of attainment of glycemic goal.,"[0.0,385.0,497.0,416.0]",CONTROLLED_SOURCE_IMAGE/ada_page_009_tile_r03_c02.png,OMITTED_RAW_MODEL_JSON/visual_logic_page_009_tile_r03_c02.json,extracted_unvalidated,valid,pending,,,False,pending,unreleased,,,e5dac42a9588e76283d04b98ded788c336671a6bda639422911c82dc7ac5337a,e5dac42a9588e76283d04b98ded788c336671a6bda639422911c82dc7ac5337a,True
visual_p009-page-009-tile-r03-c02::page-009-tile-r03-c02-structure-tile-r03-c02::node::n3,p009-page-009-tile-r03-c02::page-009-tile-r03-c02-structure-tile-r03-c02::node::n3,CONTROLLED_SOURCE_PDF/ADA principles for pharmacologic therapy.pdf,7c2913f79b61bc60f8f51327bb73b80391988fd277116b29e57df4242b2a2404,cad6ccc08acb141c1614c55c006bdd7a2fe9a990d35d5625e05b34183b827230,page_009_tile_r03_c02,tile,"[233.972,422.986,593.972,782.986]",normalized_0_1000,9,Clinical Guideline Evidence for Type 2 Diabetes Management,visual_node,Clinical Guideline Evidence for Type 2 Diabetes Management,3,,visual_logic; decision_node,"Clinical Guideline Evidence for Type 2 Diabetes Management; Decision node; N3; Indicators of high risk CVD: While definitions vary, most comprise ≥55 years of age with two or more indicators (e.g., hypertension, smoking, dyslipidemia, family history, albuminuria).; Age; Comorbidities","Indicators of high risk CVD: While definitions vary, most comprise ≥55 years of age with two or more indicators (e.g., hypertension, smoking, dyslipidemia, family history, albuminuria).","[0.0,436.0,807.0,469.0]",CONTROLLED_SOURCE_IMAGE/ada_page_009_tile_r03_c02.png,OMITTED_RAW_MODEL_JSON/visual_logic_page_009_tile_r03_c02.json,extracted_unvalidated,valid,pending,,,False,pending,unreleased,,,6cb09cbc73c6753d45c60820c6e4b99034b96b6bf5efd4a3761e8c96a6154eb4,6cb09cbc73c6753d45c60820c6e4b99034b96b6bf5efd4a3761e8c96a6154eb4,True
visual_p009-page-009-tile-r03-c02::page-009-tile-r03-c02-structure-tile-r03-c02::node::n4,p009-page-009-tile-r03-c02::page-009-tile-r03-c02-structure-tile-r03-c02::node::n4,CONTROLLED_SOURCE_PDF/ADA principles for pharmacologic therapy.pdf,7c2913f79b61bc60f8f51327bb73b80391988fd277116b29e57df4242b2a2404,cad6ccc08acb141c1614c55c006bdd7a2fe9a990d35d5625e05b34183b827230,page_009_tile_r03_c02,tile,"[233.972,422.986,593.972,782.986]",normalized_0_1000,9,Clinical Guideline Evidence for Type 2 Diabetes Management,visual_node,Clinical Guideline Evidence for Type 2 Diabetes Management,3,,visual_logic; decision_node,"Clinical Guideline Evidence for Type 2 Diabetes Management; Decision node; N4; Recommendation for those with indicators of high risk CVD. Moreover, a higher absolute risk reduction and thus lower numbers needed to treat (NNT) are expected in the shared decision-making process.; High-risk CVD status","Recommendation for those with indicators of high risk CVD. Moreover, a higher absolute risk reduction and thus lower numbers needed to treat (NNT) are expected in the shared decision-making process.","[0.0,487.0,807.0,519.0]",CONTROLLED_SOURCE_IMAGE/ada_page_009_tile_r03_c02.png,OMITTED_RAW_MODEL_JSON/visual_logic_page_009_tile_r03_c02.json,extracted_unvalidated,valid,pending,,,False,pending,unreleased,,,7473867e027d452da71150d392914f18db3a8500832741a77b8e655cef6944f0,7473867e027d452da71150d392914f18db3a8500832741a77b8e655cef6944f0,True
visual_p009-page-009-tile-r03-c02::page-009-tile-r03-c02-structure-tile-r03-c02::node::n5,p009-page-009-tile-r03-c02::page-009-tile-r03-c02-structure-tile-r03-c02::node::n5,CONTROLLED_SOURCE_PDF/ADA principles for pharmacologic therapy.pdf,7c2913f79b61bc60f8f51327bb73b80391988fd277116b29e57df4242b2a2404,cad6ccc08acb141c1614c55c006bdd7a2fe9a990d35d5625e05b34183b827230,page_009_tile_r03_c02,tile,"[233.972,422.986,593.972,782.986]",normalized_0_1000,9,Clinical Guideline Evidence for Type 2 Diabetes Management,visual_node,Clinical Guideline Evidence for Type 2 Diabetes Management,3,,visual_logic; decision_node,"Clinical Guideline Evidence for Type 2 Diabetes Management; Decision node; N5; One of the outcomes for a GLP-1 RA in individuals with CKD and T2D: MACE, CV death, all-cause mortality, MI, stroke, and kidney end points.; CKD status; T2D status","One of the outcomes for a GLP-1 RA in individuals with CKD and T2D: MACE, CV death, all-cause mortality, MI, stroke, and kidney end points.","[0.0,538.0,807.0,569.0]",CONTROLLED_SOURCE_IMAGE/ada_page_009_tile_r03_c02.png,OMITTED_RAW_MODEL_JSON/visual_logic_page_009_tile_r03_c02.json,extracted_unvalidated,valid,pending,,,False,pending,unreleased,,,94560f7a4e69ac0f536a0f665090eab107b5fadf5d4fc2d2eca36a1db96f7fb4,94560f7a4e69ac0f536a0f665090eab107b5fadf5d4fc2d2eca36a1db96f7fb4,True
visual_p009-page-009-tile-r03-c02::page-009-tile-r03-c02-structure-tile-r03-c02::node::n6,p009-page-009-tile-r03-c02::page-009-tile-r03-c02-structure-tile-r03-c02::node::n6,CONTROLLED_SOURCE_PDF/ADA principles for pharmacologic therapy.pdf,7c2913f79b61bc60f8f51327bb73b80391988fd277116b29e57df4242b2a2404,cad6ccc08acb141c1614c55c006bdd7a2fe9a990d35d5625e05b34183b827230,page_009_tile_r03_c02,tile,"[233.972,422.986,593.972,782.986]",normalized_0_1000,9,Clinical Guideline Evidence for Type 2 Diabetes Management,visual_node,Clinical Guideline Evidence for Type 2 Diabetes Management,3,,visual_logic; decision_node,"Clinical Guideline Evidence for Type 2 Diabetes Management; Decision node; N6; Reducing the risks of composite MACE, CV death, all-cause mortality, MI, HHF, and kidney outcomes in individuals with T2D and CKD.; T2D status; CKD status","Reducing the risks of composite MACE, CV death, all-cause mortality, MI, HHF, and kidney outcomes in individuals with T2D and CKD.","[0.0,589.0,807.0,621.0]",CONTROLLED_SOURCE_IMAGE/ada_page_009_tile_r03_c02.png,OMITTED_RAW_MODEL_JSON/visual_logic_page_009_tile_r03_c02.json,extracted_unvalidated,valid,pending,,,False,pending,unreleased,,,15f256cab73ac6151a56a1609658304354f7bd7314149eb2a3db2563ff8de211,15f256cab73ac6151a56a1609658304354f7bd7314149eb2a3db2563ff8de211,True
visual_p009-page-009-tile-r03-c02::page-009-tile-r03-c02-structure-tile-r03-c02::node::n7,p009-page-009-tile-r03-c02::page-009-tile-r03-c02-structure-tile-r03-c02::node::n7,CONTROLLED_SOURCE_PDF/ADA principles for pharmacologic therapy.pdf,7c2913f79b61bc60f8f51327bb73b80391988fd277116b29e57df4242b2a2404,cad6ccc08acb141c1614c55c006bdd7a2fe9a990d35d5625e05b34183b827230,page_009_tile_r03_c02,tile,"[233.972,422.986,593.972,782.986]",normalized_0_1000,9,Clinical Guideline Evidence for Type 2 Diabetes Management,visual_node,Clinical Guideline Evidence for Type 2 Diabetes Management,3,,visual_logic; decision_node,"Clinical Guideline Evidence for Type 2 Diabetes Management; Decision node; N7; The left side of the algorithm prioritizes mitigation of cardiovascular risk, while the right side addresses weight and glucose management goals.; Cardiovascular risk; Weight/glucose control","The left side of the algorithm prioritizes mitigation of cardiovascular risk, while the right side addresses weight and glucose management goals.","[0.0,691.0,807.0,723.0]",CONTROLLED_SOURCE_IMAGE/ada_page_009_tile_r03_c02.png,OMITTED_RAW_MODEL_JSON/visual_logic_page_009_tile_r03_c02.json,extracted_unvalidated,valid,pending,,,False,pending,unreleased,,,61d0be2f480590bf18bdfdda03d572c9d22d8d2faf285ac380b220d0c9777610,61d0be2f480590bf18bdfdda03d572c9d22d8d2faf285ac380b220d0c9777610,True
visual_p011-page-011-tile-r01-c01::page-011-tile-r01-c01-structure-tile-r01-c01::node::n1,p011-page-011-tile-r01-c01::page-011-tile-r01-c01-structure-tile-r01-c01::node::n1,CONTROLLED_SOURCE_PDF/ADA principles for pharmacologic therapy.pdf,7c2913f79b61bc60f8f51327bb73b80391988fd277116b29e57df4242b2a2404,5f10758abfd955e9ced7b2e41975e7ce744de867fefda679f42db97b9f13c509,page_011_tile_r01_c01,tile,"[0.0,0.0,360.0,360.0]",normalized_0_1000,11,Table 9.2,visual_node,Table 9.2,3,,visual_logic; decision_node,Table 9.2; Decision node; N1; eGFR <30 mL/min/1.73 m²; eGFR; kidney function; Contraindicated with eGFR <30 mL/min/1.73 m²,• Contraindicated with eGFR <30 mL/min/1.73 m²,"[245.0,689.0,360.0,720.0]",CONTROLLED_SOURCE_IMAGE/ada_page_011_tile_r01_c01.png,OMITTED_RAW_MODEL_JSON/visual_logic_page_011_tile_r01_c01.json,extracted_unvalidated,valid,pending,,,False,pending,unreleased,,,4c83d272da42706c6cc8790c33026622aa61fa3f4212181c7639ba2fa5da1934,4c83d272da42706c6cc8790c33026622aa61fa3f4212181c7639ba2fa5da1934,True
visual_p011-page-011-tile-r01-c01::page-011-tile-r01-c01-structure-tile-r01-c01::node::n2,p011-page-011-tile-r01-c01::page-011-tile-r01-c01-structure-tile-r01-c01::node::n2,CONTROLLED_SOURCE_PDF/ADA principles for pharmacologic therapy.pdf,7c2913f79b61bc60f8f51327bb73b80391988fd277116b29e57df4242b2a2404,5f10758abfd955e9ced7b2e41975e7ce744de867fefda679f42db97b9f13c509,page_011_tile_r01_c01,tile,"[0.0,0.0,360.0,360.0]",normalized_0_1000,11,Table 9.2,visual_node,Table 9.2,3,,visual_logic; decision_node,Table 9.2; Decision node; N2; Glucose-lowering effect is minimal at eGFR <45 mL/min/1.73 m² and lower; eGFR; kidney function,• Glucose-lowering effect is minimal at eGFR <45 mL/min/1.73 m² and lower;,"[245.0,720.0,360.0,750.0]",CONTROLLED_SOURCE_IMAGE/ada_page_011_tile_r01_c01.png,OMITTED_RAW_MODEL_JSON/visual_logic_page_011_tile_r01_c01.json,extracted_unvalidated,valid,pending,,,False,pending,unreleased,,,0ba28fee1264e3b4a59d8ee5d15e00213e3d86dbddd50d1d5a3162a723237c52,0ba28fee1264e3b4a59d8ee5d15e00213e3d86dbddd50d1d5a3162a723237c52,True
visual_p011-page-011-tile-r01-c01::page-011-tile-r01-c01-structure-tile-r01-c01::node::n3,p011-page-011-tile-r01-c01::page-011-tile-r01-c01-structure-tile-r01-c01::node::n3,CONTROLLED_SOURCE_PDF/ADA principles for pharmacologic therapy.pdf,7c2913f79b61bc60f8f51327bb73b80391988fd277116b29e57df4242b2a2404,5f10758abfd955e9ced7b2e41975e7ce744de867fefda679f42db97b9f13c509,page_011_tile_r01_c01,tile,"[0.0,0.0,360.0,360.0]",normalized_0_1000,11,Table 9.2,visual_node,Table 9.2,3,,visual_logic; decision_node,Table 9.2; Decision node; N3; Continue or start for cardiovascular and kidney benefit if eGFR >20 mL/min/1.73 m²; eGFR; kidney function,• Continue or start for cardiovascular and kidney benefit if eGFR >20 mL/min/1.73 m².,"[245.0,750.0,360.0,780.0]",CONTROLLED_SOURCE_IMAGE/ada_page_011_tile_r01_c01.png,OMITTED_RAW_MODEL_JSON/visual_logic_page_011_tile_r01_c01.json,extracted_unvalidated,valid,pending,,,False,pending,unreleased,,,6cf4e4aa1f90ada9631f94f72fe895f1c384569d9b25a3d9f0ad69e631ac5dbe,6cf4e4aa1f90ada9631f94f72fe895f1c384569d9b25a3d9f0ad69e631ac5dbe,True
visual_p011-page-011-tile-r01-c01::page-011-tile-r01-c01-structure-tile-r01-c01::node::n4,p011-page-011-tile-r01-c01::page-011-tile-r01-c01-structure-tile-r01-c01::node::n4,CONTROLLED_SOURCE_PDF/ADA principles for pharmacologic therapy.pdf,7c2913f79b61bc60f8f51327bb73b80391988fd277116b29e57df4242b2a2404,5f10758abfd955e9ced7b2e41975e7ce744de867fefda679f42db97b9f13c509,page_011_tile_r01_c01,tile,"[0.0,0.0,360.0,360.0]",normalized_0_1000,11,Table 9.2,visual_node,Table 9.2,3,,visual_logic; decision_node,Table 9.2; Decision node; N4; May continue until dialysis or transplantation; kidney function,• May continue until dialysis or transplantation,"[245.0,780.0,360.0,810.0]",CONTROLLED_SOURCE_IMAGE/ada_page_011_tile_r01_c01.png,OMITTED_RAW_MODEL_JSON/visual_logic_page_011_tile_r01_c01.json,extracted_unvalidated,valid,pending,,,False,pending,unreleased,,,1f4abb0c9631147772b7c2fc89a5390a6cbe76c55b7792c0c4d3a42d15cd73fa,1f4abb0c9631147772b7c2fc89a5390a6cbe76c55b7792c0c4d3a42d15cd73fa,True
visual_p011-page-011-tile-r01-c01::page-011-tile-r01-c01-structure-tile-r01-c01::node::n5,p011-page-011-tile-r01-c01::page-011-tile-r01-c01-structure-tile-r01-c01::node::n5,CONTROLLED_SOURCE_PDF/ADA principles for pharmacologic therapy.pdf,7c2913f79b61bc60f8f51327bb73b80391988fd277116b29e57df4242b2a2404,5f10758abfd955e9ced7b2e41975e7ce744de867fefda679f42db97b9f13c509,page_011_tile_r01_c01,tile,"[0.0,0.0,360.0,360.0]",normalized_0_1000,11,Table 9.2,visual_node,Table 9.2,3,,visual_logic; decision_node,Table 9.2; Decision node; N5; See labels of individual agents for dosage considerations for kidney function; kidney function,• See labels of individual agents for dosage considerations for kidney function,"[245.0,810.0,360.0,840.0]",CONTROLLED_SOURCE_IMAGE/ada_page_011_tile_r01_c01.png,OMITTED_RAW_MODEL_JSON/visual_logic_page_011_tile_r01_c01.json,extracted_unvalidated,valid,pending,,,False,pending,unreleased,,,c93ff60c5cd9302541600513d3620e8cfe51b63ef6b92ce1c22aedf4393e4a2e,c93ff60c5cd9302541600513d3620e8cfe51b63ef6b92ce1c22aedf4393e4a2e,True
visual_p011-page-011-tile-r01-c01::page-011-tile-r01-c01-structure-tile-r01-c01::node::n6,p011-page-011-tile-r01-c01::page-011-tile-r01-c01-structure-tile-r01-c01::node::n6,CONTROLLED_SOURCE_PDF/ADA principles for pharmacologic therapy.pdf,7c2913f79b61bc60f8f51327bb73b80391988fd277116b29e57df4242b2a2404,5f10758abfd955e9ced7b2e41975e7ce744de867fefda679f42db97b9f13c509,page_011_tile_r01_c01,tile,"[0.0,0.0,360.0,360.0]",normalized_0_1000,11,Table 9.2,visual_node,Table 9.2,3,,visual_logic; decision_node,Table 9.2; Decision node; N6; DKA risk in individuals with insulin deficiency (rare in T2D); insulin status; T2D,"• DKA risk in individuals with insulin deficiency (rare in T2D): discontinue, evaluate, and treat promptly if suspected; be aware of predisposing risk factors and clinical presentations (including euglycemic DKA); mitigate risk with sick-day planning;","[500.0,180.0,640.0,320.0]",CONTROLLED_SOURCE_IMAGE/ada_page_011_tile_r01_c01.png,OMITTED_RAW_MODEL_JSON/visual_logic_page_011_tile_r01_c01.json,extracted_unvalidated,valid,pending,,,False,pending,unreleased,,,610f90e4cb03a357469b020c585223801c1ebd8cf1edee491fe2bf43922db8a4,610f90e4cb03a357469b020c585223801c1ebd8cf1edee491fe2bf43922db8a4,True
visual_p011-page-011-tile-r01-c01::page-011-tile-r01-c01-structure-tile-r01-c01::node::n7,p011-page-011-tile-r01-c01::page-011-tile-r01-c01-structure-tile-r01-c01::node::n7,CONTROLLED_SOURCE_PDF/ADA principles for pharmacologic therapy.pdf,7c2913f79b61bc60f8f51327bb73b80391988fd277116b29e57df4242b2a2404,5f10758abfd955e9ced7b2e41975e7ce744de867fefda679f42db97b9f13c509,page_011_tile_r01_c01,tile,"[0.0,0.0,360.0,360.0]",normalized_0_1000,11,Table 9.2,visual_node,Table 9.2,3,,visual_logic; decision_node,"Table 9.2; Decision node; N7; Discontinue before scheduled surgery (e.g., 3–4 days); surgery","• Discontinue before scheduled surgery (e.g., 3–4 days), during critical illness, or during prolonged fasting","[500.0,320.0,640.0,380.0]",CONTROLLED_SOURCE_IMAGE/ada_page_011_tile_r01_c01.png,OMITTED_RAW_MODEL_JSON/visual_logic_page_011_tile_r01_c01.json,extracted_unvalidated,valid,pending,,,False,pending,unreleased,,,5207f6c9149458e27698c9c2cf9c4c444d2222f643bf3120a8741326b9dd9dfc,5207f6c9149458e27698c9c2cf9c4c444d2222f643bf3120a8741326b9dd9dfc,True
visual_p011-page-011-tile-r01-c01::page-011-tile-r01-c01-structure-tile-r01-c01::node::n8,p011-page-011-tile-r01-c01::page-011-tile-r01-c01-structure-tile-r01-c01::node::n8,CONTROLLED_SOURCE_PDF/ADA principles for pharmacologic therapy.pdf,7c2913f79b61bc60f8f51327bb73b80391988fd277116b29e57df4242b2a2404,5f10758abfd955e9ced7b2e41975e7ce744de867fefda679f42db97b9f13c509,page_011_tile_r01_c01,tile,"[0.0,0.0,360.0,360.0]",normalized_0_1000,11,Table 9.2,visual_node,Table 9.2,3,,visual_logic; decision_node,Table 9.2; Decision node; N8; Genital mycotic infections: mitigate risk with genital hygiene and avoid use in high-risk individuals; genital health; risk status,• Genital mycotic infections: mitigate risk with genital hygiene and avoid use in high-risk individuals,"[500.0,380.0,640.0,420.0]",CONTROLLED_SOURCE_IMAGE/ada_page_011_tile_r01_c01.png,OMITTED_RAW_MODEL_JSON/visual_logic_page_011_tile_r01_c01.json,extracted_unvalidated,valid,pending,,,False,pending,unreleased,,,e7177d543ad9f275587c9ea9949254ae0bceec209a3022e32cbd64be845554f4,e7177d543ad9f275587c9ea9949254ae0bceec209a3022e32cbd64be845554f4,True
visual_p011-page-011-tile-r01-c01::page-011-tile-r01-c01-structure-tile-r01-c01::node::n9,p011-page-011-tile-r01-c01::page-011-tile-r01-c01-structure-tile-r01-c01::node::n9,CONTROLLED_SOURCE_PDF/ADA principles for pharmacologic therapy.pdf,7c2913f79b61bc60f8f51327bb73b80391988fd277116b29e57df4242b2a2404,5f10758abfd955e9ced7b2e41975e7ce744de867fefda679f42db97b9f13c509,page_011_tile_r01_c01,tile,"[0.0,0.0,360.0,360.0]",normalized_0_1000,11,Table 9.2,visual_node,Table 9.2,3,,visual_logic; decision_node,Table 9.2; Decision node; N9; Urosepsis and pyelonephritis: avoid use in high-risk individuals; infection risk; kidney health,• Urosepsis and pyelonephritis: avoid use in high-risk individuals,"[500.0,420.0,640.0,460.0]",CONTROLLED_SOURCE_IMAGE/ada_page_011_tile_r01_c01.png,OMITTED_RAW_MODEL_JSON/visual_logic_page_011_tile_r01_c01.json,extracted_unvalidated,valid,pending,,,False,pending,unreleased,,,6640e5613db59be218df17fa69943bbf1512518cf5b8f630c1a9d4f77d6a91d1,6640e5613db59be218df17fa69943bbf1512518cf5b8f630c1a9d4f77d6a91d1,True
visual_p011-page-011-tile-r02-c02::page-011-tile-r02-c02-structure-tile-r02-c02::node::n1,p011-page-011-tile-r02-c02::page-011-tile-r02-c02-structure-tile-r02-c02::node::n1,CONTROLLED_SOURCE_PDF/ADA principles for pharmacologic therapy.pdf,7c2913f79b61bc60f8f51327bb73b80391988fd277116b29e57df4242b2a2404,0796ea5c2efe0d3d2dc1bb0c6a9776207c7cb3b68b857d68ec1916c43be9f07d,page_011_tile_r02_c02,tile,"[233.972,288.0,593.972,648.0]",normalized_0_1000,11,Table 9.2,visual_node,Table 9.2,3,,visual_logic; decision_node,Table 9.2; Decision node; n1; Glucose effect is eGFR <4.73 m² continue cardiovascular kidney b >20 mL/ May con dialysis or,Glucose effect is eGFR <4.73 m² continue cardiovascular kidney b >20 mL/ May con dialysis or,"[15.0,68.0,90.0,100.0]",CONTROLLED_SOURCE_IMAGE/ada_page_011_tile_r02_c02.png,OMITTED_RAW_MODEL_JSON/visual_logic_page_011_tile_r02_c02.json,extracted_unvalidated,valid,pending,,,False,pending,unreleased,,,bec526e951e53ca41ad9d468134ecca0a8effa5d3ccdd20ee43f1fd388596fc5,bec526e951e53ca41ad9d468134ecca0a8effa5d3ccdd20ee43f1fd388596fc5,True
visual_p012-page-012-tile-r01-c01::page-012-tile-r01-c01-structure-tile-r01-c01::node::n0,p012-page-012-tile-r01-c01::page-012-tile-r01-c01-structure-tile-r01-c01::node::n0,CONTROLLED_SOURCE_PDF/ADA principles for pharmacologic therapy.pdf,7c2913f79b61bc60f8f51327bb73b80391988fd277116b29e57df4242b2a2404,2827f69cbe55c85bc309ea480faff078e76c008ba8afce0bdf46a42d09594dbe,page_012_tile_r01_c01,tile,"[0.0,0.0,360.0,360.0]",normalized_0_1000,12,Pharmacologic Approaches to Glycemic Treatment,visual_node,Pharmacologic Approaches to Glycemic Treatment,3,,visual_logic; decision_node,Pharmacologic Approaches to Glycemic Treatment; Decision node; N0; Thyroid C-cell tumors identified in rodents; human relevance not determined; Provide guidance on discontinuation prior to surgical procedures to mitigate potential for pulmonary aspiration with general anesthesia or deep sedation,Thyroid C-cell tumors identified in rodents; human relevance not determined • Provide guidance on discontinuation prior to surgical procedures to mitigate potential for pulmonary aspiration with general anesthesia or deep sedation,"[360.0,198.0,450.0,270.0]",CONTROLLED_SOURCE_IMAGE/ada_page_012_tile_r01_c01.png,OMITTED_RAW_MODEL_JSON/visual_logic_page_012_tile_r01_c01.json,extracted_unvalidated,valid,pending,,,False,pending,unreleased,,,1331acdd9a435e9b3077849973de5e157bbe8402472d57e257b1761680c1d0d2,1331acdd9a435e9b3077849973de5e157bbe8402472d57e257b1761680c1d0d2,True
visual_p012-page-012-tile-r01-c01::page-012-tile-r01-c01-structure-tile-r01-c01::node::n1,p012-page-012-tile-r01-c01::page-012-tile-r01-c01-structure-tile-r01-c01::node::n1,CONTROLLED_SOURCE_PDF/ADA principles for pharmacologic therapy.pdf,7c2913f79b61bc60f8f51327bb73b80391988fd277116b29e57df4242b2a2404,2827f69cbe55c85bc309ea480faff078e76c008ba8afce0bdf46a42d09594dbe,page_012_tile_r01_c01,tile,"[0.0,0.0,360.0,360.0]",normalized_0_1000,12,Pharmacologic Approaches to Glycemic Treatment,visual_node,Pharmacologic Approaches to Glycemic Treatment,3,,visual_logic; decision_node,"Pharmacologic Approaches to Glycemic Treatment; Decision node; N1; Pancreatitis: acute pancreatitis has been reported, but causality has not been established; do not initiate if at high risk for pancreatitis, and discontinue if pancreatitis is suspected","Pancreatitis: acute pancreatitis has been reported, but causality has not been established; do not initiate if at high risk for pancreatitis, and discontinue if pancreatitis is suspected","[450.0,198.0,540.0,270.0]",CONTROLLED_SOURCE_IMAGE/ada_page_012_tile_r01_c01.png,OMITTED_RAW_MODEL_JSON/visual_logic_page_012_tile_r01_c01.json,extracted_unvalidated,valid,pending,,,False,pending,unreleased,,,15c3e18e32fc033535ccddccaa656bdbc6786710e30094b0d49d53e8c3562e57,15c3e18e32fc033535ccddccaa656bdbc6786710e30094b0d49d53e8c3562e57,True
visual_p012-page-012-tile-r01-c01::page-012-tile-r01-c01-structure-tile-r01-c01::node::n2,p012-page-012-tile-r01-c01::page-012-tile-r01-c01-structure-tile-r01-c01::node::n2,CONTROLLED_SOURCE_PDF/ADA principles for pharmacologic therapy.pdf,7c2913f79b61bc60f8f51327bb73b80391988fd277116b29e57df4242b2a2404,2827f69cbe55c85bc309ea480faff078e76c008ba8afce0bdf46a42d09594dbe,page_012_tile_r01_c01,tile,"[0.0,0.0,360.0,360.0]",normalized_0_1000,12,Pharmacologic Approaches to Glycemic Treatment,visual_node,Pharmacologic Approaches to Glycemic Treatment,3,,visual_logic; decision_node,Pharmacologic Approaches to Glycemic Treatment; Decision node; N2; Biliary disease: evaluate for gallbladder disease if cholelithiasis or cholecystitis is suspected; avoid use in at-risk individuals,Biliary disease: evaluate for gallbladder disease if cholelithiasis or cholecystitis is suspected; avoid use in at-risk individuals,"[540.0,198.0,630.0,270.0]",CONTROLLED_SOURCE_IMAGE/ada_page_012_tile_r01_c01.png,OMITTED_RAW_MODEL_JSON/visual_logic_page_012_tile_r01_c01.json,extracted_unvalidated,valid,pending,,,False,pending,unreleased,,,da721afa32982b73ef676bc31dba0ed66f03ac590a8e7a4950c1e2c35bc189a2,da721afa32982b73ef676bc31dba0ed66f03ac590a8e7a4950c1e2c35bc189a2,True
visual_p012-page-012-tile-r01-c01::page-012-tile-r01-c01-structure-tile-r01-c01::node::n3,p012-page-012-tile-r01-c01::page-012-tile-r01-c01-structure-tile-r01-c01::node::n3,CONTROLLED_SOURCE_PDF/ADA principles for pharmacologic therapy.pdf,7c2913f79b61bc60f8f51327bb73b80391988fd277116b29e57df4242b2a2404,2827f69cbe55c85bc309ea480faff078e76c008ba8afce0bdf46a42d09594dbe,page_012_tile_r01_c01,tile,"[0.0,0.0,360.0,360.0]",normalized_0_1000,12,Pharmacologic Approaches to Glycemic Treatment,visual_node,Pharmacologic Approaches to Glycemic Treatment,3,,visual_logic; decision_node,"Pharmacologic Approaches to Glycemic Treatment; Decision node; N3; Ileus: reported, but risk level is not well established","Ileus: reported, but risk level is not well established","[630.0,198.0,720.0,270.0]",CONTROLLED_SOURCE_IMAGE/ada_page_012_tile_r01_c01.png,OMITTED_RAW_MODEL_JSON/visual_logic_page_012_tile_r01_c01.json,extracted_unvalidated,valid,pending,,,False,pending,unreleased,,,41c5300a65e23ead9db2cf84a2bbdca06b4d2746a644d0b36dba6ccc2f291fa3,41c5300a65e23ead9db2cf84a2bbdca06b4d2746a644d0b36dba6ccc2f291fa3,True
visual_p012-page-012-tile-r01-c01::page-012-tile-r01-c01-structure-tile-r01-c01::node::n4,p012-page-012-tile-r01-c01::page-012-tile-r01-c01-structure-tile-r01-c01::node::n4,CONTROLLED_SOURCE_PDF/ADA principles for pharmacologic therapy.pdf,7c2913f79b61bc60f8f51327bb73b80391988fd277116b29e57df4242b2a2404,2827f69cbe55c85bc309ea480faff078e76c008ba8afce0bdf46a42d09594dbe,page_012_tile_r01_c01,tile,"[0.0,0.0,360.0,360.0]",normalized_0_1000,12,Pharmacologic Approaches to Glycemic Treatment,visual_node,Pharmacologic Approaches to Glycemic Treatment,3,,visual_logic; decision_node,Pharmacologic Approaches to Glycemic Treatment; Decision node; N4; Diabetic retinopathy: close monitoring of retinopathy in those at high risk (older individuals and those with severe disease),Diabetic retinopathy: close monitoring of retinopathy in those at high risk (older individuals and those with severe disease),"[720.0,198.0,810.0,270.0]",CONTROLLED_SOURCE_IMAGE/ada_page_012_tile_r01_c01.png,OMITTED_RAW_MODEL_JSON/visual_logic_page_012_tile_r01_c01.json,extracted_unvalidated,valid,pending,,,False,pending,unreleased,,,96c40bcb6ab97eadf0c6895236db9698c3dadd346c172440579894be69d7c7b7,96c40bcb6ab97eadf0c6895236db9698c3dadd346c172440579894be69d7c7b7,True
visual_p012-page-012-tile-r02-c01::page-012-tile-r02-c01-structure-tile-r02-c01::node::hypoglycemia-risk,p012-page-012-tile-r02-c01::page-012-tile-r02-c01-structure-tile-r02-c01::node::hypoglycemia-risk,CONTROLLED_SOURCE_PDF/ADA principles for pharmacologic therapy.pdf,7c2913f79b61bc60f8f51327bb73b80391988fd277116b29e57df4242b2a2404,8b273dcf90983c0ed7bccc297f0e9ed4fc845b5877a87fa215c45fe51c6167d2,page_012_tile_r02_c01,tile,"[0.0,288.0,360.0,648.0]",normalized_0_1000,12,Table 9.2,visual_node,Table 9.2,3,,visual_logic; decision_node,Table 9.2; Decision node; hypoglycemia_risk; Hypoglycemia risk; High; No,Hypoglycemia risk High No,"[10.0,289.0,357.0,648.0]",CONTROLLED_SOURCE_IMAGE/ada_page_012_tile_r02_c01.png,OMITTED_RAW_MODEL_JSON/visual_logic_page_012_tile_r02_c01.json,extracted_unvalidated,valid,pending,,,False,pending,unreleased,,,1b817ede260a130ca414006c456fc0a399257ce76aa5e7e5e30b34826447f02e,1b817ede260a130ca414006c456fc0a399257ce76aa5e7e5e30b34826447f02e,True
visual_p012-page-012-tile-r02-c01::page-012-tile-r02-c01-structure-tile-r02-c01::node::cv-effects,p012-page-012-tile-r02-c01::page-012-tile-r02-c01-structure-tile-r02-c01::node::cv-effects,CONTROLLED_SOURCE_PDF/ADA principles for pharmacologic therapy.pdf,7c2913f79b61bc60f8f51327bb73b80391988fd277116b29e57df4242b2a2404,8b273dcf90983c0ed7bccc297f0e9ed4fc845b5877a87fa215c45fe51c6167d2,page_012_tile_r02_c01,tile,"[0.0,288.0,360.0,648.0]",normalized_0_1000,12,Table 9.2,visual_node,Table 9.2,3,,visual_logic; decision_node,Table 9.2; Decision node; cv_effects; CV effects,"CV effects Effect on MACE Benefit: dulaglutide, liraglutide, semaglutide (SQ) and oral)","[250.0,318.0,497.0,648.0]",CONTROLLED_SOURCE_IMAGE/ada_page_012_tile_r02_c01.png,OMITTED_RAW_MODEL_JSON/visual_logic_page_012_tile_r02_c01.json,extracted_unvalidated,valid,pending,,,False,pending,unreleased,,,6a68594c1a97fa893c9a99927ae0e107b21ec7102b2c0bcc77897da0bc80a1b7,6a68594c1a97fa893c9a99927ae0e107b21ec7102b2c0bcc77897da0bc80a1b7,True
visual_p012-page-012-tile-r02-c01::page-012-tile-r02-c01-structure-tile-r02-c01::node::weight-effects,p012-page-012-tile-r02-c01::page-012-tile-r02-c01-structure-tile-r02-c01::node::weight-effects,CONTROLLED_SOURCE_PDF/ADA principles for pharmacologic therapy.pdf,7c2913f79b61bc60f8f51327bb73b80391988fd277116b29e57df4242b2a2404,8b273dcf90983c0ed7bccc297f0e9ed4fc845b5877a87fa215c45fe51c6167d2,page_012_tile_r02_c01,tile,"[0.0,288.0,360.0,648.0]",normalized_0_1000,12,Table 9.2,visual_node,Table 9.2,3,,visual_logic; decision_node,Table 9.2; Decision node; weight_effects; Weight effects²,Weight effects² Loss (intermediate to very high),"[357.0,318.0,497.0,648.0]",CONTROLLED_SOURCE_IMAGE/ada_page_012_tile_r02_c01.png,OMITTED_RAW_MODEL_JSON/visual_logic_page_012_tile_r02_c01.json,extracted_unvalidated,valid,pending,,,False,pending,unreleased,,,501f76bb540e239356e1fb522f386e29838f4692439eab09a63bc353377da4b0,501f76bb540e239356e1fb522f386e29838f4692439eab09a63bc353377da4b0,True
visual_p012-page-012-tile-r02-c01::page-012-tile-r02-c01-structure-tile-r02-c01::node::progression-of-ckd,p012-page-012-tile-r02-c01::page-012-tile-r02-c01-structure-tile-r02-c01::node::progression-of-ckd,CONTROLLED_SOURCE_PDF/ADA principles for pharmacologic therapy.pdf,7c2913f79b61bc60f8f51327bb73b80391988fd277116b29e57df4242b2a2404,8b273dcf90983c0ed7bccc297f0e9ed4fc845b5877a87fa215c45fe51c6167d2,page_012_tile_r02_c01,tile,"[0.0,288.0,360.0,648.0]",normalized_0_1000,12,Table 9.2,visual_node,Table 9.2,3,,visual_logic; decision_node,Table 9.2; Decision node; progression_of_ckd; Progression of CKD,"Progression of CKD Benefit for kidney end points in CVOTs, driven by albuminuria outcomes: dulaglutide, liraglutide, semaglutide (SQ)","[497.0,318.0,648.0,648.0]",CONTROLLED_SOURCE_IMAGE/ada_page_012_tile_r02_c01.png,OMITTED_RAW_MODEL_JSON/visual_logic_page_012_tile_r02_c01.json,extracted_unvalidated,valid,pending,,,False,pending,unreleased,,,4227a271a8ac712a0954ebb40f32474b20e18833e7250b2dfa4b97bc20d3df9d,4227a271a8ac712a0954ebb40f32474b20e18833e7250b2dfa4b97bc20d3df9d,True
visual_p012-page-012-tile-r02-c01::page-012-tile-r02-c01-structure-tile-r02-c01::node::dosing-use-considerations,p012-page-012-tile-r02-c01::page-012-tile-r02-c01-structure-tile-r02-c01::node::dosing-use-considerations,CONTROLLED_SOURCE_PDF/ADA principles for pharmacologic therapy.pdf,7c2913f79b61bc60f8f51327bb73b80391988fd277116b29e57df4242b2a2404,8b273dcf90983c0ed7bccc297f0e9ed4fc845b5877a87fa215c45fe51c6167d2,page_012_tile_r02_c01,tile,"[0.0,288.0,360.0,648.0]",normalized_0_1000,12,Table 9.2,visual_node,Table 9.2,3,,visual_logic; decision_node,Table 9.2; Decision node; dosing_use_considerations; Dosing/use considerations,"Dosing/use considerations • See labels • Consider kidney function when initiating doses in individuals with kidney disease • Monitor kidney function or eGFR during treatment • No dose adjustment for dulaglutide, liraglutide, semaglutide (SQ) • Monitor kidney function with adverse GFR changes","[648.0,318.0,790.0,648.0]",CONTROLLED_SOURCE_IMAGE/ada_page_012_tile_r02_c01.png,OMITTED_RAW_MODEL_JSON/visual_logic_page_012_tile_r02_c01.json,extracted_unvalidated,valid,pending,,,False,pending,unreleased,,,7f9c89cd529ffc0ed827d247fe5d3fb8388f3249803926f40c183eb0fa61d1f2,7f9c89cd529ffc0ed827d247fe5d3fb8388f3249803926f40c183eb0fa61d1f2,True
visual_p012-page-012-tile-r02-c02::page-012-tile-r02-c02-structure-tile-r02-c02::node::n0,p012-page-012-tile-r02-c02::page-012-tile-r02-c02-structure-tile-r02-c02::node::n0,CONTROLLED_SOURCE_PDF/ADA principles for pharmacologic therapy.pdf,7c2913f79b61bc60f8f51327bb73b80391988fd277116b29e57df4242b2a2404,0b10c0d8095e179b9666ab9330f998052c4e1aef6ee1e69fc5996db3a3269a2e,page_012_tile_r02_c02,tile,"[233.972,288.0,593.972,648.0]",normalized_0_1000,12,Table 9.2,visual_node,Table 9.2,3,,visual_logic; decision_node,Table 9.2; Decision node; N0; No,No Loss (very high) Under investigation Benefit: tirzepatide,"[104.972,863.0,593.972,900.0]",CONTROLLED_SOURCE_IMAGE/ada_page_012_tile_r02_c02.png,OMITTED_RAW_MODEL_JSON/visual_logic_page_012_tile_r02_c02.json,extracted_unvalidated,valid,pending,,,False,pending,unreleased,,,be599fc7ae7cb4591dae4b30add2df7acc7d8d9f08418ecceaa79e8e0d5f243c,be599fc7ae7cb4591dae4b30add2df7acc7d8d9f08418ecceaa79e8e0d5f243c,True
visual_p012-page-012-tile-r03-c02::page-012-tile-r03-c02-structure-tile-r03-c02::node::dual-glp1-ra-sq,p012-page-012-tile-r03-c02::page-012-tile-r03-c02-structure-tile-r03-c02::node::dual-glp1-ra-sq,CONTROLLED_SOURCE_PDF/ADA principles for pharmacologic therapy.pdf,7c2913f79b61bc60f8f51327bb73b80391988fd277116b29e57df4242b2a2404,c244adf1e10912dd13fb1665f645a3166d5217658821d6b3e779ef0590bd3b74,page_012_tile_r03_c02,tile,"[233.972,422.986,593.972,782.986]",normalized_0_1000,12,Table 9.2,visual_node,Table 9.2,3,,visual_logic; decision_node,Table 9.2; Decision node; dual_glp1_ra_sq; Dual GLP-1 RA (SQ),Dual GLP-1 RA (SQ),"[90.5,672.483,140.5,782.986]",CONTROLLED_SOURCE_IMAGE/ada_page_012_tile_r03_c02.png,OMITTED_RAW_MODEL_JSON/visual_logic_page_012_tile_r03_c02.json,extracted_unvalidated,valid,pending,,,False,pending,unreleased,,,9669374bbd257455abb3a3f2dc3e8425bc855b6e9f76f169d62feb36dd71aca6,9669374bbd257455abb3a3f2dc3e8425bc855b6e9f76f169d62feb36dd71aca6,True
visual_p012-page-012-tile-r03-c02::page-012-tile-r03-c02-structure-tile-r03-c02::node::loss-very-high,p012-page-012-tile-r03-c02::page-012-tile-r03-c02-structure-tile-r03-c02::node::loss-very-high,CONTROLLED_SOURCE_PDF/ADA principles for pharmacologic therapy.pdf,7c2913f79b61bc60f8f51327bb73b80391988fd277116b29e57df4242b2a2404,c244adf1e10912dd13fb1665f645a3166d5217658821d6b3e779ef0590bd3b74,page_012_tile_r03_c02,tile,"[233.972,422.986,593.972,782.986]",normalized_0_1000,12,Table 9.2,visual_node,Table 9.2,3,,visual_logic; decision_node,Table 9.2; Decision node; loss_very_high; Loss (very high),Loss (very high),"[90.5,312.483,140.5,422.986]",CONTROLLED_SOURCE_IMAGE/ada_page_012_tile_r03_c02.png,OMITTED_RAW_MODEL_JSON/visual_logic_page_012_tile_r03_c02.json,extracted_unvalidated,valid,pending,,,False,pending,unreleased,,,3c5e0897a7d84b55b6d271d75369c3cfab1a5ef93abe2af1f5c1efb5c35b3e08,3c5e0897a7d84b55b6d271d75369c3cfab1a5ef93abe2af1f5c1efb5c35b3e08,True
visual_p012-page-012-tile-r03-c02::page-012-tile-r03-c02-structure-tile-r03-c02::node::under-investigation,p012-page-012-tile-r03-c02::page-012-tile-r03-c02-structure-tile-r03-c02::node::under-investigation,CONTROLLED_SOURCE_PDF/ADA principles for pharmacologic therapy.pdf,7c2913f79b61bc60f8f51327bb73b80391988fd277116b29e57df4242b2a2404,c244adf1e10912dd13fb1665f645a3166d5217658821d6b3e779ef0590bd3b74,page_012_tile_r03_c02,tile,"[233.972,422.986,593.972,782.986]",normalized_0_1000,12,Table 9.2,visual_node,Table 9.2,3,,visual_logic; decision_node,Table 9.2; Decision node; under_investigation; Under investigation,Under investigation,"[140.5,312.483,190.5,422.986]",CONTROLLED_SOURCE_IMAGE/ada_page_012_tile_r03_c02.png,OMITTED_RAW_MODEL_JSON/visual_logic_page_012_tile_r03_c02.json,extracted_unvalidated,valid,pending,,,False,pending,unreleased,,,6894dee84dc226a37441dbdfb1e18a2c94a61bd5a704fed2ec94aecdff423be1,6894dee84dc226a37441dbdfb1e18a2c94a61bd5a704fed2ec94aecdff423be1,True
visual_p012-page-012-tile-r03-c02::page-012-tile-r03-c02-structure-tile-r03-c02::node::tirzepa,p012-page-012-tile-r03-c02::page-012-tile-r03-c02-structure-tile-r03-c02::node::tirzepa,CONTROLLED_SOURCE_PDF/ADA principles for pharmacologic therapy.pdf,7c2913f79b61bc60f8f51327bb73b80391988fd277116b29e57df4242b2a2404,c244adf1e10912dd13fb1665f645a3166d5217658821d6b3e779ef0590bd3b74,page_012_tile_r03_c02,tile,"[233.972,422.986,593.972,782.986]",normalized_0_1000,12,Table 9.2,visual_node,Table 9.2,3,,visual_logic; decision_node,Table 9.2; Decision node; tirzepa,tirzepa,"[190.5,312.483,240.5,422.986]",CONTROLLED_SOURCE_IMAGE/ada_page_012_tile_r03_c02.png,OMITTED_RAW_MODEL_JSON/visual_logic_page_012_tile_r03_c02.json,extracted_unvalidated,valid,pending,,,False,pending,unreleased,,,9af6b42b992360cd177a2e554ff857b108e5fa7a32a463c823076cf74e591535,9af6b42b992360cd177a2e554ff857b108e5fa7a32a463c823076cf74e591535,True
visual_p012-page-012-tile-r03-c02::page-012-tile-r03-c02-structure-tile-r03-c02::node::lixisenatide,p012-page-012-tile-r03-c02::page-012-tile-r03-c02-structure-tile-r03-c02::node::lixisenatide,CONTROLLED_SOURCE_PDF/ADA principles for pharmacologic therapy.pdf,7c2913f79b61bc60f8f51327bb73b80391988fd277116b29e57df4242b2a2404,c244adf1e10912dd13fb1665f645a3166d5217658821d6b3e779ef0590bd3b74,page_012_tile_r03_c02,tile,"[233.972,422.986,593.972,782.986]",normalized_0_1000,12,Table 9.2,visual_node,Table 9.2,3,,visual_logic; decision_node,Table 9.2; Decision node; lixisenatide,lixisenatide,"[0.0,142.986,50.0,312.483]",CONTROLLED_SOURCE_IMAGE/ada_page_012_tile_r03_c02.png,OMITTED_RAW_MODEL_JSON/visual_logic_page_012_tile_r03_c02.json,extracted_unvalidated,valid,pending,,,False,pending,unreleased,,,9f9bd7fb361f36248b208a3dc47a6dd9ec524acf33db0354c0da765d3bb37eca,9f9bd7fb361f36248b208a3dc47a6dd9ec524acf33db0354c0da765d3bb37eca,True
visual_p013-page-013-tile-r01-c01::page-013-tile-r01-c01-structure-tile-r01-c01::node::n1,p013-page-013-tile-r01-c01::page-013-tile-r01-c01-structure-tile-r01-c01::node::n1,CONTROLLED_SOURCE_PDF/ADA principles for pharmacologic therapy.pdf,7c2913f79b61bc60f8f51327bb73b80391988fd277116b29e57df4242b2a2404,369f34fe74ff8589553d7d52ed3dee302203f9a057b88e94d303834a9e4063fb,page_013_tile_r01_c01,tile,"[0.0,0.0,360.0,360.0]",normalized_0_1000,13,Table 9.2,visual_node,Table 9.2,3,,visual_logic; decision_node,"Table 9.2; Decision node; N1; Dose adjustment required based on kidney function (sitagliptin, saxagliptin, alogliptin); No dose adjustment required for linaglptin","• Dose adjustment required based on kidney function (sitagliptin, saxagliptin, alogliptin) • No dose adjustment required for linaglptin","[140.0,235.0,280.0,360.0]",CONTROLLED_SOURCE_IMAGE/ada_page_013_tile_r01_c01.png,OMITTED_RAW_MODEL_JSON/visual_logic_page_013_tile_r01_c01.json,extracted_unvalidated,valid,pending,,,False,pending,unreleased,,,9e070514f5f4e7e895190b46001b6cc5e029e1ffabc7c86496b6b2024d6792aa,9e070514f5f4e7e895190b46001b6cc5e029e1ffabc7c86496b6b2024d6792aa,True
visual_p013-page-013-tile-r01-c01::page-013-tile-r01-c01-structure-tile-r01-c01::node::n2,p013-page-013-tile-r01-c01::page-013-tile-r01-c01-structure-tile-r01-c01::node::n2,CONTROLLED_SOURCE_PDF/ADA principles for pharmacologic therapy.pdf,7c2913f79b61bc60f8f51327bb73b80391988fd277116b29e57df4242b2a2404,369f34fe74ff8589553d7d52ed3dee302203f9a057b88e94d303834a9e4063fb,page_013_tile_r01_c01,tile,"[0.0,0.0,360.0,360.0]",normalized_0_1000,13,Table 9.2,visual_node,Table 9.2,3,,visual_logic; decision_node,Table 9.2; Decision node; N2; Pancreatitis has been reported but causality has not been established; discontinue if pancreatitis is suspected,• Pancreatitis has been reported but causality has not been established; discontinue if pancreatitis is suspected,"[480.0,235.0,610.0,360.0]",CONTROLLED_SOURCE_IMAGE/ada_page_013_tile_r01_c01.png,OMITTED_RAW_MODEL_JSON/visual_logic_page_013_tile_r01_c01.json,extracted_unvalidated,valid,pending,,,False,pending,unreleased,,,08f4760b9369c7c506dc7b5f48136bda79248b5ecfeab218187ae07c4390020b,08f4760b9369c7c506dc7b5f48136bda79248b5ecfeab218187ae07c4390020b,True
visual_p013-page-013-tile-r01-c01::page-013-tile-r01-c01-structure-tile-r01-c01::node::n3,p013-page-013-tile-r01-c01::page-013-tile-r01-c01-structure-tile-r01-c01::node::n3,CONTROLLED_SOURCE_PDF/ADA principles for pharmacologic therapy.pdf,7c2913f79b61bc60f8f51327bb73b80391988fd277116b29e57df4242b2a2404,369f34fe74ff8589553d7d52ed3dee302203f9a057b88e94d303834a9e4063fb,page_013_tile_r01_c01,tile,"[0.0,0.0,360.0,360.0]",normalized_0_1000,13,Table 9.2,visual_node,Table 9.2,3,,visual_logic; decision_node,Table 9.2; Decision node; N3; Postmarketing concerns about joint pain (consider discontinuing if debilitating),• Postmarketing concerns about joint pain (consider discontinuing if debilitating),"[480.0,315.0,610.0,360.0]",CONTROLLED_SOURCE_IMAGE/ada_page_013_tile_r01_c01.png,OMITTED_RAW_MODEL_JSON/visual_logic_page_013_tile_r01_c01.json,extracted_unvalidated,valid,pending,,,False,pending,unreleased,,,54a570b375fc8de07ce915233420fb062f534276de5c717d43ec665df6ec4bed,54a570b375fc8de07ce915233420fb062f534276de5c717d43ec665df6ec4bed,True
visual_p013-page-013-tile-r01-c01::page-013-tile-r01-c01-structure-tile-r01-c01::node::n4,p013-page-013-tile-r01-c01::page-013-tile-r01-c01-structure-tile-r01-c01::node::n4,CONTROLLED_SOURCE_PDF/ADA principles for pharmacologic therapy.pdf,7c2913f79b61bc60f8f51327bb73b80391988fd277116b29e57df4242b2a2404,369f34fe74ff8589553d7d52ed3dee302203f9a057b88e94d303834a9e4063fb,page_013_tile_r01_c01,tile,"[0.0,0.0,360.0,360.0]",normalized_0_1000,13,Table 9.2,visual_node,Table 9.2,3,,visual_logic; decision_node,Table 9.2; Decision node; N4; Pemphigoid (discontinue if suspected) reversible upon discontinuation,• Pemphigoid (discontinue if suspected) reversible upon discontinuation,"[480.0,350.0,610.0,360.0]",CONTROLLED_SOURCE_IMAGE/ada_page_013_tile_r01_c01.png,OMITTED_RAW_MODEL_JSON/visual_logic_page_013_tile_r01_c01.json,extracted_unvalidated,valid,pending,,,False,pending,unreleased,,,7eb4034c5b8ac6f204b5fe25f958c9f0f96eee754946be9a46de521432cb80cc,7eb4034c5b8ac6f204b5fe25f958c9f0f96eee754946be9a46de521432cb80cc,True
visual_p013-page-013-tile-r01-c01::page-013-tile-r01-c01-structure-tile-r01-c01::node::n5,p013-page-013-tile-r01-c01::page-013-tile-r01-c01-structure-tile-r01-c01::node::n5,CONTROLLED_SOURCE_PDF/ADA principles for pharmacologic therapy.pdf,7c2913f79b61bc60f8f51327bb73b80391988fd277116b29e57df4242b2a2404,369f34fe74ff8589553d7d52ed3dee302203f9a057b88e94d303834a9e4063fb,page_013_tile_r01_c01,tile,"[0.0,0.0,360.0,360.0]",normalized_0_1000,13,Table 9.2,visual_node,Table 9.2,3,,visual_logic; decision_node,Table 9.2; Decision node; N5; Increased risk of HF and fluid retention; do not use in setting of HF,• Increased risk of HF and fluid retention; do not use in setting of HF,"[740.0,235.0,860.0,360.0]",CONTROLLED_SOURCE_IMAGE/ada_page_013_tile_r01_c01.png,OMITTED_RAW_MODEL_JSON/visual_logic_page_013_tile_r01_c01.json,extracted_unvalidated,valid,pending,,,False,pending,unreleased,,,a265161e8c442aa59f0c238fef086ee025461c32701f78c7d9b62036ed0b15f5,a265161e8c442aa59f0c238fef086ee025461c32701f78c7d9b62036ed0b15f5,True
visual_p013-page-013-tile-r01-c01::page-013-tile-r01-c01-structure-tile-r01-c01::node::n6,p013-page-013-tile-r01-c01::page-013-tile-r01-c01-structure-tile-r01-c01::node::n6,CONTROLLED_SOURCE_PDF/ADA principles for pharmacologic therapy.pdf,7c2913f79b61bc60f8f51327bb73b80391988fd277116b29e57df4242b2a2404,369f34fe74ff8589553d7d52ed3dee302203f9a057b88e94d303834a9e4063fb,page_013_tile_r01_c01,tile,"[0.0,0.0,360.0,360.0]",normalized_0_1000,13,Table 9.2,visual_node,Table 9.2,3,,visual_logic; decision_node,Table 9.2; Decision node; N6; Risk of bone fractures,• Risk of bone fractures,"[740.0,285.0,860.0,360.0]",CONTROLLED_SOURCE_IMAGE/ada_page_013_tile_r01_c01.png,OMITTED_RAW_MODEL_JSON/visual_logic_page_013_tile_r01_c01.json,extracted_unvalidated,valid,pending,,,False,pending,unreleased,,,5e5463528192a19d276b6c76159bd3b669e5a7e8384ccbf452fb59ba708add19,5e5463528192a19d276b6c76159bd3b669e5a7e8384ccbf452fb59ba708add19,True
visual_p013-page-013-tile-r01-c01::page-013-tile-r01-c01-structure-tile-r01-c01::node::n7,p013-page-013-tile-r01-c01::page-013-tile-r01-c01-structure-tile-r01-c01::node::n7,CONTROLLED_SOURCE_PDF/ADA principles for pharmacologic therapy.pdf,7c2913f79b61bc60f8f51327bb73b80391988fd277116b29e57df4242b2a2404,369f34fe74ff8589553d7d52ed3dee302203f9a057b88e94d303834a9e4063fb,page_013_tile_r01_c01,tile,"[0.0,0.0,360.0,360.0]",normalized_0_1000,13,Table 9.2,visual_node,Table 9.2,3,,visual_logic; decision_node,"Table 9.2; Decision node; N7; Bladder cancer: do not use in individuals with active bladder cancer, and use caution in those with prior history of bladder cancer","• Bladder cancer: do not use in individuals with active bladder cancer, and use caution in those with prior history of bladder cancer","[740.0,315.0,860.0,360.0]",CONTROLLED_SOURCE_IMAGE/ada_page_013_tile_r01_c01.png,OMITTED_RAW_MODEL_JSON/visual_logic_page_013_tile_r01_c01.json,extracted_unvalidated,valid,pending,,,False,pending,unreleased,,,195f37002afb824cc5265f99082a650a13422cec6dbde5fcf1d8226d2abe769a,195f37002afb824cc5265f99082a650a13422cec6dbde5fcf1d8226d2abe769a,True
visual_p013-page-013-tile-r02-c02::page-013-tile-r02-c02-structure-tile-r02-c02::node::n1,p013-page-013-tile-r02-c02::page-013-tile-r02-c02-structure-tile-r02-c02::node::n1,CONTROLLED_SOURCE_PDF/ADA principles for pharmacologic therapy.pdf,7c2913f79b61bc60f8f51327bb73b80391988fd277116b29e57df4242b2a2404,316ceeb13b608d604e6a9dd48559fbdac12ac4050f59e08fe34ed29ee2f25609,page_013_tile_r02_c02,tile,"[233.972,288.0,593.972,648.0]",normalized_0_1000,13,Table 9.2,visual_node,Table 9.2,3,,visual_logic; decision_node,Table 9.2; Decision node; N1; No; linagliptin required; Gain; Neutral,No linagliptin required → Gain / Neutral,"[100.0,288.0,593.0,648.0]",CONTROLLED_SOURCE_IMAGE/ada_page_013_tile_r02_c02.png,OMITTED_RAW_MODEL_JSON/visual_logic_page_013_tile_r02_c02.json,extracted_unvalidated,valid,pending,,,False,pending,unreleased,,,20fcc2be4709c74c1b134756fb3f8cf57ed462a5d2199bd3489116935f6d82ff,20fcc2be4709c74c1b134756fb3f8cf57ed462a5d2199bd3489116935f6d82ff,True
visual_p013-page-013-tile-r02-c02::page-013-tile-r02-c02-structure-tile-r02-c02::node::n2,p013-page-013-tile-r02-c02::page-013-tile-r02-c02-structure-tile-r02-c02::node::n2,CONTROLLED_SOURCE_PDF/ADA principles for pharmacologic therapy.pdf,7c2913f79b61bc60f8f51327bb73b80391988fd277116b29e57df4242b2a2404,316ceeb13b608d604e6a9dd48559fbdac12ac4050f59e08fe34ed29ee2f25609,page_013_tile_r02_c02,tile,"[233.972,288.0,593.972,648.0]",normalized_0_1000,13,Table 9.2,visual_node,Table 9.2,3,,visual_logic; decision_node,Table 9.2; Decision node; N2; Yes; linagliptin required; Gain; Neutral,Yes linagliptin required → Gain / Neutral,"[100.0,288.0,593.0,648.0]",CONTROLLED_SOURCE_IMAGE/ada_page_013_tile_r02_c02.png,OMITTED_RAW_MODEL_JSON/visual_logic_page_013_tile_r02_c02.json,extracted_unvalidated,valid,pending,,,False,pending,unreleased,,,3171dbc01122a179c912da1cd50076cddd9f1e9230ef1e048b386bacb331942e,3171dbc01122a179c912da1cd50076cddd9f1e9230ef1e048b386bacb331942e,True
visual_p013-page-013-tile-r03-c02::page-013-tile-r03-c02-structure-tile-r03-c02::node::pioglitazone-oral,p013-page-013-tile-r03-c02::page-013-tile-r03-c02-structure-tile-r03-c02::node::pioglitazone-oral,CONTROLLED_SOURCE_PDF/ADA principles for pharmacologic therapy.pdf,7c2913f79b61bc60f8f51327bb73b80391988fd277116b29e57df4242b2a2404,336ba11c11e116337789838a68c85271493095fa4b522d63e8c9725ed8553c2b,page_013_tile_r03_c02,tile,"[233.972,422.986,593.972,782.986]",normalized_0_1000,13,Table 9.2,visual_node,Table 9.2,3,,visual_logic; decision_node,Table 9.2; Decision node; Pioglitazone_oral; High; No,Pioglitazone (oral) High No Gain Potential benefit Increased,"[234.0,783.0,594.0,916.0]",CONTROLLED_SOURCE_IMAGE/ada_page_013_tile_r03_c02.png,OMITTED_RAW_MODEL_JSON/visual_logic_page_013_tile_r03_c02.json,extracted_unvalidated,valid,pending,,,False,pending,unreleased,,,84b60a4aa468bc66ae037d67f9fe13510f320fa1f8bb9f1967ba2bf19ada3d45,84b60a4aa468bc66ae037d67f9fe13510f320fa1f8bb9f1967ba2bf19ada3d45,True
visual_p013-page-013-tile-r03-c02::page-013-tile-r03-c02-structure-tile-r03-c02::node::sulfonylureas-2nd-gen-oral,p013-page-013-tile-r03-c02::page-013-tile-r03-c02-structure-tile-r03-c02::node::sulfonylureas-2nd-gen-oral,CONTROLLED_SOURCE_PDF/ADA principles for pharmacologic therapy.pdf,7c2913f79b61bc60f8f51327bb73b80391988fd277116b29e57df4242b2a2404,336ba11c11e116337789838a68c85271493095fa4b522d63e8c9725ed8553c2b,page_013_tile_r03_c02,tile,"[233.972,422.986,593.972,782.986]",normalized_0_1000,13,Table 9.2,visual_node,Table 9.2,3,,visual_logic; decision_node,Table 9.2; Decision node; Sulfonylureas_2nd_gen_oral; High; Yes,Sulfonylureas (2nd generation) (oral) High Yes Gain Neutral Neutral,"[594.0,783.0,783.0,916.0]",CONTROLLED_SOURCE_IMAGE/ada_page_013_tile_r03_c02.png,OMITTED_RAW_MODEL_JSON/visual_logic_page_013_tile_r03_c02.json,extracted_unvalidated,valid,pending,,,False,pending,unreleased,,,c4e5f17433b7730459ec9225de578dcf207d5c0f5563db0cf12a9803f365b0d4,c4e5f17433b7730459ec9225de578dcf207d5c0f5563db0cf12a9803f365b0d4,True
visual_p014-page-014-tile-r01-c02::page-014-tile-r01-c02-structure-tile-r01-c02::node::n1,p014-page-014-tile-r01-c02::page-014-tile-r01-c02-structure-tile-r01-c02::node::n1,CONTROLLED_SOURCE_PDF/ADA principles for pharmacologic therapy.pdf,7c2913f79b61bc60f8f51327bb73b80391988fd277116b29e57df4242b2a2404,4222c0f06e35793f86dc0ef492eb9da6f498b0fa694439049776da93f692d0ba,page_014_tile_r01_c02,tile,"[233.972,0.0,593.972,360.0]",normalized_0_1000,14,Table 9.2,visual_node,Table 9.2,3,,visual_logic; decision_node,"Table 9.2; Decision node; n1; In individuals without ASCVD, HF, or CKD; ASCVD; HF; CKD; choice of therapy should be informed by considerations of weight management (see section 8, “Obesity and Weight Management for the Prevention and Treatment of Diabetes”), mitigation of metabolic dysfunction-associated steatotic liver disease (MASLD) or metabolic dysfunction-associated steatohepatitis (MASH) risk (see section 4, “Comprehensive Medical Evaluation and Assessment of Comorbidities”), and achievement and maintenance of individualized glycemic goals.","In individuals without ASCVD, HF, or CKD, choice of therapy should be informed by considerations of weight management (see section 8, “Obesity and Weight Management for the Prevention and Treatment of Diabetes”), mitigation of metabolic dysfunction-associated steatotic liver disease (MASLD) or metabolic dysfunction-associated steatohepatitis (MASH) risk (see section 4, “Comprehensive Medical Evaluation and Assessment of Comorbidities”), and achievement and maintenance of individualized glycemic goals.","[437.0,196.0,850.0,250.0]",CONTROLLED_SOURCE_IMAGE/ada_page_014_tile_r01_c02.png,OMITTED_RAW_MODEL_JSON/visual_logic_page_014_tile_r01_c02.json,extracted_unvalidated,valid,pending,,,False,pending,unreleased,,,d7de43f7bab3b61d49972d47df0d32d106006cc7f0c1bf25dab639f31cd10d2f,d7de43f7bab3b61d49972d47df0d32d106006cc7f0c1bf25dab639f31cd10d2f,True
visual_p014-page-014-tile-r02-c02::page-014-tile-r02-c02-structure-tile-r02-c02::node::n1,p014-page-014-tile-r02-c02::page-014-tile-r02-c02-structure-tile-r02-c02::node::n1,CONTROLLED_SOURCE_PDF/ADA principles for pharmacologic therapy.pdf,7c2913f79b61bc60f8f51327bb73b80391988fd277116b29e57df4242b2a2404,344a985048e367ad68cd7d786866f7ede64ee47e58fc131a2a21876b8a942f46,page_014_tile_r02_c02,tile,"[233.972,288.0,593.972,648.0]",normalized_0_1000,14,Table 9.2,visual_node,Table 9.2,3,,visual_logic; decision_node,"Table 9.2; Decision node; N1; For individuals with type 2 diabetes who require initiation or intensification of glucose-lowering therapy to achieve and/or maintain individualized glycemic goals and who do not have additional considerations informing choice of therapy beyond need for glucose lowering, metformin is a commonly used medication that historically has been the first-line treatment for type 2 diabetes (93,94).","For individuals with type 2 diabetes who require initiation or intensification of glucose-lowering therapy to achieve and/or maintain individualized glycemic goals and who do not have additional considerations informing choice of therapy beyond need for glucose lowering, metformin is a commonly used medication that historically has been the first-line treatment for type 2 diabetes (93,94).","[437.0,351.0,867.0,630.0]",CONTROLLED_SOURCE_IMAGE/ada_page_014_tile_r02_c02.png,OMITTED_RAW_MODEL_JSON/visual_logic_page_014_tile_r02_c02.json,extracted_unvalidated,valid,pending,,,False,pending,unreleased,,,a284dd32e0ff5c861d9999c74595ebf82372e4251b83c96b38d1305694aa956a,a284dd32e0ff5c861d9999c74595ebf82372e4251b83c96b38d1305694aa956a,True
visual_p014-page-014-tile-r03-c02::page-014-tile-r03-c02-structure-tile-r03-c02::node::n1,p014-page-014-tile-r03-c02::page-014-tile-r03-c02-structure-tile-r03-c02::node::n1,CONTROLLED_SOURCE_PDF/ADA principles for pharmacologic therapy.pdf,7c2913f79b61bc60f8f51327bb73b80391988fd277116b29e57df4242b2a2404,869a35951ffde4367efcc075da2f6fe1d42dff15fed871e3de02d73dc235a4bf,page_014_tile_r03_c02,tile,"[233.972,422.986,593.972,782.986]",normalized_0_1000,14,Table 9.2,visual_node,Table 9.2,3,,visual_logic; decision_node,"Table 9.2; Decision node; N1; patients who need glucose lowering therapy to achieve and/or maintain individualized glycemic goals and who do not have additional considerations informing choice of therapy beyond need for glucose lowering; metformin is a commonly used medication that historically has been the first-line treatment for type 2 diabetes (93,94).","lowering therapy to achieve and/or maintain individualized glycemic goals and who do not have additional considerations informing choice of therapy beyond need for glucose lowering, metformin is a commonly used medication that historically has been the first-line treatment for type 2 diabetes (93,94).","[450.178,6.0,875.0,260.0]",CONTROLLED_SOURCE_IMAGE/ada_page_014_tile_r03_c02.png,OMITTED_RAW_MODEL_JSON/visual_logic_page_014_tile_r03_c02.json,extracted_unvalidated,valid,pending,,,False,pending,unreleased,,,5c7ccbd8f8180705964777560c08300ca423a6e8a6d720700eeec74c0831e521,5c7ccbd8f8180705964777560c08300ca423a6e8a6d720700eeec74c0831e521,True
visual_p016-page-016-tile-r01-c01::page-016-tile-r01-c01-structure-tile-01::node::n0,p016-page-016-tile-r01-c01::page-016-tile-r01-c01-structure-tile-01::node::n0,CONTROLLED_SOURCE_PDF/ADA principles for pharmacologic therapy.pdf,7c2913f79b61bc60f8f51327bb73b80391988fd277116b29e57df4242b2a2404,d850c41ab1506eb8c63dab03c386e6ec32615a0e553ba2cafb87df4ac5a4dc93,page_016_tile_r01_c01,tile,"[0.0,0.0,360.0,360.0]",normalized_0_1000,16,Pharmacologic Approaches to Glycemic Treatment,visual_node,Pharmacologic Approaches to Glycemic Treatment,3,,visual_logic; decision_node,"Pharmacologic Approaches to Glycemic Treatment; Decision node; n0; Use principles in Figure 9.3, including reinforcement of behavioral interventions (w... and physical activity) and provision of DSMES, to meet individualized treatment...; If injectable therapy is needed to attain glycemic goals¹","Use principles in Figure 9.3, including reinforcement of behavioral interventions (w... and physical activity) and provision of DSMES, to meet individualized treatment...","[240.0,256.0,1000.0,337.0]",CONTROLLED_SOURCE_IMAGE/ada_page_016_tile_r01_c01.png,OMITTED_RAW_MODEL_JSON/visual_logic_page_016_tile_r01_c01.json,extracted_unvalidated,valid,pending,,,False,pending,unreleased,,,c633713f18ef3695982f457b26d01547ce0063665d177dc8adcbb4ced87dab9e,c633713f18ef3695982f457b26d01547ce0063665d177dc8adcbb4ced87dab9e,True
visual_p016-page-016-tile-r01-c01::page-016-tile-r01-c01-structure-tile-01::node::n1,p016-page-016-tile-r01-c01::page-016-tile-r01-c01-structure-tile-01::node::n1,CONTROLLED_SOURCE_PDF/ADA principles for pharmacologic therapy.pdf,7c2913f79b61bc60f8f51327bb73b80391988fd277116b29e57df4242b2a2404,d850c41ab1506eb8c63dab03c386e6ec32615a0e553ba2cafb87df4ac5a4dc93,page_016_tile_r01_c01,tile,"[0.0,0.0,360.0,360.0]",normalized_0_1000,16,Pharmacologic Approaches to Glycemic Treatment,visual_node,Pharmacologic Approaches to Glycemic Treatment,3,,visual_logic; decision_node,Pharmacologic Approaches to Glycemic Treatment; Decision node; n1; If injectable therapy is needed to attain glycemic goals¹; Consider GLP-1 RA or dual GIP and GLP-1 RA in most individuals prior to insulin²,If injectable therapy is needed to attain glycemic goals¹,"[420.0,357.0,960.0,408.0]",CONTROLLED_SOURCE_IMAGE/ada_page_016_tile_r01_c01.png,OMITTED_RAW_MODEL_JSON/visual_logic_page_016_tile_r01_c01.json,extracted_unvalidated,valid,pending,,,False,pending,unreleased,,,27626113dd3fbe208b75a19d2741176df7fa69e6eff80fba29eb3c78478fef5f,27626113dd3fbe208b75a19d2741176df7fa69e6eff80fba29eb3c78478fef5f,True
visual_p016-page-016-tile-r01-c01::page-016-tile-r01-c01-structure-tile-01::node::n2,p016-page-016-tile-r01-c01::page-016-tile-r01-c01-structure-tile-01::node::n2,CONTROLLED_SOURCE_PDF/ADA principles for pharmacologic therapy.pdf,7c2913f79b61bc60f8f51327bb73b80391988fd277116b29e57df4242b2a2404,d850c41ab1506eb8c63dab03c386e6ec32615a0e553ba2cafb87df4ac5a4dc93,page_016_tile_r01_c01,tile,"[0.0,0.0,360.0,360.0]",normalized_0_1000,16,Pharmacologic Approaches to Glycemic Treatment,visual_node,Pharmacologic Approaches to Glycemic Treatment,3,,visual_logic; decision_node,Pharmacologic Approaches to Glycemic Treatment; Decision node; n2; Consider GLP-1 RA or dual GIP and GLP-1 RA in most individuals prior to insulin²; If glycemia is above goal,Consider GLP-1 RA or dual GIP and GLP-1 RA in most individuals prior to insulin²,"[320.0,428.0,960.0,507.0]",CONTROLLED_SOURCE_IMAGE/ada_page_016_tile_r01_c01.png,OMITTED_RAW_MODEL_JSON/visual_logic_page_016_tile_r01_c01.json,extracted_unvalidated,valid,pending,,,False,pending,unreleased,,,a50c94645e5cf04fbef6a6564d5d42c667b571a7fe265a4183ed5aeb61bc3dbd,a50c94645e5cf04fbef6a6564d5d42c667b571a7fe265a4183ed5aeb61bc3dbd,True
visual_p016-page-016-tile-r01-c01::page-016-tile-r01-c01-structure-tile-01::node::n3,p016-page-016-tile-r01-c01::page-016-tile-r01-c01-structure-tile-01::node::n3,CONTROLLED_SOURCE_PDF/ADA principles for pharmacologic therapy.pdf,7c2913f79b61bc60f8f51327bb73b80391988fd277116b29e57df4242b2a2404,d850c41ab1506eb8c63dab03c386e6ec32615a0e553ba2cafb87df4ac5a4dc93,page_016_tile_r01_c01,tile,"[0.0,0.0,360.0,360.0]",normalized_0_1000,16,Pharmacologic Approaches to Glycemic Treatment,visual_node,Pharmacologic Approaches to Glycemic Treatment,3,,visual_logic; decision_node,Pharmacologic Approaches to Glycemic Treatment; Decision node; n3; If glycemia is above goal; Considerations for adding basal insulin³,If glycemia is above goal,"[420.0,537.0,960.0,588.0]",CONTROLLED_SOURCE_IMAGE/ada_page_016_tile_r01_c01.png,OMITTED_RAW_MODEL_JSON/visual_logic_page_016_tile_r01_c01.json,extracted_unvalidated,valid,pending,,,False,pending,unreleased,,,c71a3b4a0c4ddecc06387273c924e994707fa3623c731686dbdfbf7e5928df12,c71a3b4a0c4ddecc06387273c924e994707fa3623c731686dbdfbf7e5928df12,True
visual_p016-page-016-tile-r01-c01::page-016-tile-r01-c01-structure-tile-01::node::n4,p016-page-016-tile-r01-c01::page-016-tile-r01-c01-structure-tile-01::node::n4,CONTROLLED_SOURCE_PDF/ADA principles for pharmacologic therapy.pdf,7c2913f79b61bc60f8f51327bb73b80391988fd277116b29e57df4242b2a2404,d850c41ab1506eb8c63dab03c386e6ec32615a0e553ba2cafb87df4ac5a4dc93,page_016_tile_r01_c01,tile,"[0.0,0.0,360.0,360.0]",normalized_0_1000,16,Pharmacologic Approaches to Glycemic Treatment,visual_node,Pharmacologic Approaches to Glycemic Treatment,3,,visual_logic; decision_node,Pharmacologic Approaches to Glycemic Treatment; Decision node; n4; Considerations for adding basal insulin³; Initiation and titration of basal analog or bedtime NPH insulin⁴,"Considerations for adding basal insulin³ Choice of basal insulin should be based on person-specific considerations, including cost. Ref... Table 9.4 for insulin cost information. Consider prescription of glucagon for emergent hypoglycemia. If not on CGM, consider adding CGM.","[320.0,588.0,960.0,718.0]",CONTROLLED_SOURCE_IMAGE/ada_page_016_tile_r01_c01.png,OMITTED_RAW_MODEL_JSON/visual_logic_page_016_tile_r01_c01.json,extracted_unvalidated,valid,pending,,,False,pending,unreleased,,,6cd7059f01675b6dff721348e413efb8007fbc9592e733b86c6251c8559168e8,6cd7059f01675b6dff721348e413efb8007fbc9592e733b86c6251c8559168e8,True
visual_p016-page-016-tile-r01-c01::page-016-tile-r01-c01-structure-tile-01::node::n5,p016-page-016-tile-r01-c01::page-016-tile-r01-c01-structure-tile-01::node::n5,CONTROLLED_SOURCE_PDF/ADA principles for pharmacologic therapy.pdf,7c2913f79b61bc60f8f51327bb73b80391988fd277116b29e57df4242b2a2404,d850c41ab1506eb8c63dab03c386e6ec32615a0e553ba2cafb87df4ac5a4dc93,page_016_tile_r01_c01,tile,"[0.0,0.0,360.0,360.0]",normalized_0_1000,16,Pharmacologic Approaches to Glycemic Treatment,visual_node,Pharmacologic Approaches to Glycemic Treatment,3,,visual_logic; decision_node,Pharmacologic Approaches to Glycemic Treatment; Decision node; n5; Initiation and titration of basal analog or bedtime NPH insulin⁴; Assess adequacy of insulin dose at every visit,"Initiation and titration of basal analog or bedtime NPH insulin⁴ INITIATION Start 10 units per day or 0.1–0.2 units/kg per day TITRATION • Set FPG goal (see section 6, ""Glycemic Goals, Hypoglycemia, and Hyperglycemic C...• Choose evidence-based titration algorithm, e.g., increase 2 units every 3 d to reach fasting plasma glucose goal without hypoglycemia • For hypoglycemia: determine cause; if no clear reason, lower dose by 10–20%","[320.0,718.0,960.0,854.0]",CONTROLLED_SOURCE_IMAGE/ada_page_016_tile_r01_c01.png,OMITTED_RAW_MODEL_JSON/visual_logic_page_016_tile_r01_c01.json,extracted_unvalidated,valid,pending,,,False,pending,unreleased,,,a8d0eab82fa14a4cf1aa5bcf1b5bb95f4059bfbdc91d398def0a51ff4401e36b,a8d0eab82fa14a4cf1aa5bcf1b5bb95f4059bfbdc91d398def0a51ff4401e36b,True
visual_p016-page-016-tile-r01-c01::page-016-tile-r01-c01-structure-tile-01::node::n6,p016-page-016-tile-r01-c01::page-016-tile-r01-c01-structure-tile-01::node::n6,CONTROLLED_SOURCE_PDF/ADA principles for pharmacologic therapy.pdf,7c2913f79b61bc60f8f51327bb73b80391988fd277116b29e57df4242b2a2404,d850c41ab1506eb8c63dab03c386e6ec32615a0e553ba2cafb87df4ac5a4dc93,page_016_tile_r01_c01,tile,"[0.0,0.0,360.0,360.0]",normalized_0_1000,16,Pharmacologic Approaches to Glycemic Treatment,visual_node,Pharmacologic Approaches to Glycemic Treatment,3,,visual_logic; decision_node,Pharmacologic Approaches to Glycemic Treatment; Decision node; n6; Assess adequacy of insulin dose at every visit,"Assess adequacy of insulin dose at every visit Consider clinical signals to evaluate for overbasalization and need to consider adjunctive therapies (e.g., elevated bedtime-to-morning and/or postprandial-to-preprandial differential, hypoglycemia [aware or unaware], high glucose variability)","[320.0,854.0,960.0,987.0]",CONTROLLED_SOURCE_IMAGE/ada_page_016_tile_r01_c01.png,OMITTED_RAW_MODEL_JSON/visual_logic_page_016_tile_r01_c01.json,extracted_unvalidated,valid,pending,,,False,pending,unreleased,,,0fe7a2620ddb3e805e146f635648ba9e7544ad3d9a5498f2ddafdcff41c88535,0fe7a2620ddb3e805e146f635648ba9e7544ad3d9a5498f2ddafdcff41c88535,True
visual_p016-page-016-tile-r01-c02::page-016-tile-r01-c02-structure-tile-r01-c02::node::n1,p016-page-016-tile-r01-c02::page-016-tile-r01-c02-structure-tile-r01-c02::node::n1,CONTROLLED_SOURCE_PDF/ADA principles for pharmacologic therapy.pdf,7c2913f79b61bc60f8f51327bb73b80391988fd277116b29e57df4242b2a2404,81a3d24fd82a123a33c82efc918dc6cd04dacaee7180b66afbacfb9d38b6e5f2,page_016_tile_r01_c02,tile,"[233.972,0.0,593.972,360.0]",normalized_0_1000,16,"Diabetes Care Volume 49, Supplement 1, January 2026",visual_node,"Diabetes Care Volume 49, Supplement 1, January 2026",3,,visual_logic; decision_node,"Diabetes Care Volume 49, Supplement 1, January 2026; Decision node; N1; Glycemic goals not met despite behavioral interventions (weight management of DSMES); N2","Enforcement of behavioral interventions (weight management of DSMES, to meet individualized treatment goals","[0.0,187.5,496.3,233.972]",CONTROLLED_SOURCE_IMAGE/ada_page_016_tile_r01_c02.png,OMITTED_RAW_MODEL_JSON/visual_logic_page_016_tile_r01_c02.json,extracted_unvalidated,valid,pending,,,False,pending,unreleased,,,7d2fa40c39ed0c0a0b73797ad3fd9c13351d5d6f448154ec9c1a351d1c735d3f,7d2fa40c39ed0c0a0b73797ad3fd9c13351d5d6f448154ec9c1a351d1c735d3f,True
visual_p016-page-016-tile-r01-c02::page-016-tile-r01-c02-structure-tile-r01-c02::node::n2,p016-page-016-tile-r01-c02::page-016-tile-r01-c02-structure-tile-r01-c02::node::n2,CONTROLLED_SOURCE_PDF/ADA principles for pharmacologic therapy.pdf,7c2913f79b61bc60f8f51327bb73b80391988fd277116b29e57df4242b2a2404,81a3d24fd82a123a33c82efc918dc6cd04dacaee7180b66afbacfb9d38b6e5f2,page_016_tile_r01_c02,tile,"[233.972,0.0,593.972,360.0]",normalized_0_1000,16,"Diabetes Care Volume 49, Supplement 1, January 2026",visual_node,"Diabetes Care Volume 49, Supplement 1, January 2026",3,,visual_logic; decision_node,"Diabetes Care Volume 49, Supplement 1, January 2026; Decision node; N2; GLP-1 RA is needed to attain glycemic goals; N3",GLP-1 RA in most individuals prior to insulin^2 (for agent selected (varies within class) varies within class),"[0.0,233.972,496.3,280.445]",CONTROLLED_SOURCE_IMAGE/ada_page_016_tile_r01_c02.png,OMITTED_RAW_MODEL_JSON/visual_logic_page_016_tile_r01_c02.json,extracted_unvalidated,valid,pending,,,False,pending,unreleased,,,0dda7eab27e0e1dd11cbd3a4ca14fcf501bcb019579ca450f6f086339f09ee6d,0dda7eab27e0e1dd11cbd3a4ca14fcf501bcb019579ca450f6f086339f09ee6d,True
visual_p016-page-016-tile-r01-c02::page-016-tile-r01-c02-structure-tile-r01-c02::node::n3,p016-page-016-tile-r01-c02::page-016-tile-r01-c02-structure-tile-r01-c02::node::n3,CONTROLLED_SOURCE_PDF/ADA principles for pharmacologic therapy.pdf,7c2913f79b61bc60f8f51327bb73b80391988fd277116b29e57df4242b2a2404,81a3d24fd82a123a33c82efc918dc6cd04dacaee7180b66afbacfb9d38b6e5f2,page_016_tile_r01_c02,tile,"[233.972,0.0,593.972,360.0]",normalized_0_1000,16,"Diabetes Care Volume 49, Supplement 1, January 2026",visual_node,"Diabetes Care Volume 49, Supplement 1, January 2026",3,,visual_logic; decision_node,"Diabetes Care Volume 49, Supplement 1, January 2026; Decision node; N3; Glycemia is above goal; N4",Glycemia is above goal,"[0.0,280.445,496.3,326.917]",CONTROLLED_SOURCE_IMAGE/ada_page_016_tile_r01_c02.png,OMITTED_RAW_MODEL_JSON/visual_logic_page_016_tile_r01_c02.json,extracted_unvalidated,valid,pending,,,False,pending,unreleased,,,90598aa8fcbcac3602b2b9032847020a768058bd47603b30f55bcd8078fd0e78,90598aa8fcbcac3602b2b9032847020a768058bd47603b30f55bcd8078fd0e78,True
visual_p016-page-016-tile-r01-c02::page-016-tile-r01-c02-structure-tile-r01-c02::node::n4,p016-page-016-tile-r01-c02::page-016-tile-r01-c02-structure-tile-r01-c02::node::n4,CONTROLLED_SOURCE_PDF/ADA principles for pharmacologic therapy.pdf,7c2913f79b61bc60f8f51327bb73b80391988fd277116b29e57df4242b2a2404,81a3d24fd82a123a33c82efc918dc6cd04dacaee7180b66afbacfb9d38b6e5f2,page_016_tile_r01_c02,tile,"[233.972,0.0,593.972,360.0]",normalized_0_1000,16,"Diabetes Care Volume 49, Supplement 1, January 2026",visual_node,"Diabetes Care Volume 49, Supplement 1, January 2026",3,,visual_logic; decision_node,"Diabetes Care Volume 49, Supplement 1, January 2026; Decision node; N4; Consider adding basal insulin; N5","Steps for adding basal insulin^3 (person-specific considerations, including cost. Refer to earlier prescription of glucagon for emergent hypoglycemia. If M, consider adding CGM.","[0.0,326.917,496.3,373.39]",CONTROLLED_SOURCE_IMAGE/ada_page_016_tile_r01_c02.png,OMITTED_RAW_MODEL_JSON/visual_logic_page_016_tile_r01_c02.json,extracted_unvalidated,valid,pending,,,False,pending,unreleased,,,33f840c8d1728318cb86828bc78e276b11d0d2f70f09b0a7b8791a912b398213,33f840c8d1728318cb86828bc78e276b11d0d2f70f09b0a7b8791a912b398213,True
visual_p016-page-016-tile-r01-c02::page-016-tile-r01-c02-structure-tile-r01-c02::node::n5,p016-page-016-tile-r01-c02::page-016-tile-r01-c02-structure-tile-r01-c02::node::n5,CONTROLLED_SOURCE_PDF/ADA principles for pharmacologic therapy.pdf,7c2913f79b61bc60f8f51327bb73b80391988fd277116b29e57df4242b2a2404,81a3d24fd82a123a33c82efc918dc6cd04dacaee7180b66afbacfb9d38b6e5f2,page_016_tile_r01_c02,tile,"[233.972,0.0,593.972,360.0]",normalized_0_1000,16,"Diabetes Care Volume 49, Supplement 1, January 2026",visual_node,"Diabetes Care Volume 49, Supplement 1, January 2026",3,,visual_logic; decision_node,"Diabetes Care Volume 49, Supplement 1, January 2026; Decision node; N5; Consider basal analog or bedtime NPH insulin; N6","Basal analog or bedtime NPH insulin^4 (per ""Glycemic Goals, Hypoglycemia, and Hyperglycemic Crises"") titration algorithm, e.g., increase 2 units every 3 days to glucose goal without hypoglycemia; determine cause; if no clear reason, lower dose by 10–20%","[0.0,373.39,496.3,419.863]",CONTROLLED_SOURCE_IMAGE/ada_page_016_tile_r01_c02.png,OMITTED_RAW_MODEL_JSON/visual_logic_page_016_tile_r01_c02.json,extracted_unvalidated,valid,pending,,,False,pending,unreleased,,,3a29fef2d7beac39337dc68ab67787eb22cf652a6ed7ffc53ad60ada6f0fcc44,3a29fef2d7beac39337dc68ab67787eb22cf652a6ed7ffc53ad60ada6f0fcc44,True
visual_p016-page-016-tile-r01-c02::page-016-tile-r01-c02-structure-tile-r01-c02::node::n6,p016-page-016-tile-r01-c02::page-016-tile-r01-c02-structure-tile-r01-c02::node::n6,CONTROLLED_SOURCE_PDF/ADA principles for pharmacologic therapy.pdf,7c2913f79b61bc60f8f51327bb73b80391988fd277116b29e57df4242b2a2404,81a3d24fd82a123a33c82efc918dc6cd04dacaee7180b66afbacfb9d38b6e5f2,page_016_tile_r01_c02,tile,"[233.972,0.0,593.972,360.0]",normalized_0_1000,16,"Diabetes Care Volume 49, Supplement 1, January 2026",visual_node,"Diabetes Care Volume 49, Supplement 1, January 2026",3,,visual_logic; decision_node,"Diabetes Care Volume 49, Supplement 1, January 2026; Decision node; N6; Adjust insulin dose at every visit","Adjustment of insulin dose at every visit (to avoid overbasalization and need to consider adjunctive therapy [e.g., pre-morning and/or postprandial-to-preprandial unaware or unaware], high glucose variability)","[0.0,419.863,496.3,466.335]",CONTROLLED_SOURCE_IMAGE/ada_page_016_tile_r01_c02.png,OMITTED_RAW_MODEL_JSON/visual_logic_page_016_tile_r01_c02.json,extracted_unvalidated,valid,pending,,,False,pending,unreleased,,,40bbb5e6ce403797a9d81a00cb1a1c02146ae213a03d9501bbee309a8d6b7d33,40bbb5e6ce403797a9d81a00cb1a1c02146ae213a03d9501bbee309a8d6b7d33,True
visual_p016-page-016-tile-r02-c01::page-016-tile-r02-c01-structure-tile-r02-c01::node::n01,p016-page-016-tile-r02-c01::page-016-tile-r02-c01-structure-tile-r02-c01::node::n01,CONTROLLED_SOURCE_PDF/ADA principles for pharmacologic therapy.pdf,7c2913f79b61bc60f8f51327bb73b80391988fd277116b29e57df4242b2a2404,ccce6deda1722bc0d79f8651e2c15da7aee0156e3cddab5d7bf21c7a77628d65,page_016_tile_r02_c01,tile,"[0.0,288.0,360.0,648.0]",normalized_0_1000,16,Insulin Titration and Management Algorithm,visual_node,Insulin Titration and Management Algorithm,3,,visual_logic; decision_node,"Insulin Titration and Management Algorithm; Decision node; n01; If glycemia is above goal and the individual is not already on a GLP-1 RA or dual GIP and GLP-1 receptor agonist; glycemia > target; not on GLP-1 RA or dual GIP/GLP-1 RA; Consider these classes in combination with insulin (may use fixed-ratio product, if available and appropriate)","If glycemia is above goal and the individual is not already on a GLP-1 RA or dual GIP and GLP-1 receptor agonist consider these classes in combination and with insulin (may use fixed-ratio product, if available and appropriate)³","[320.0,218.0,975.0,304.0]",CONTROLLED_SOURCE_IMAGE/ada_page_016_tile_r02_c01.png,OMITTED_RAW_MODEL_JSON/visual_logic_page_016_tile_r02_c01.json,extracted_unvalidated,valid,pending,,,False,pending,unreleased,,,59b2fef06d0e2e026c0a1a6af7210aaaea72057b81c4c17a8fb2523b5f75cf8f,59b2fef06d0e2e026c0a1a6af7210aaaea72057b81c4c17a8fb2523b5f75cf8f,True
visual_p016-page-016-tile-r02-c01::page-016-tile-r02-c01-structure-tile-r02-c01::node::n02,p016-page-016-tile-r02-c01::page-016-tile-r02-c01-structure-tile-r02-c01::node::n02,CONTROLLED_SOURCE_PDF/ADA principles for pharmacologic therapy.pdf,7c2913f79b61bc60f8f51327bb73b80391988fd277116b29e57df4242b2a2404,ccce6deda1722bc0d79f8651e2c15da7aee0156e3cddab5d7bf21c7a77628d65,page_016_tile_r02_c01,tile,"[0.0,288.0,360.0,648.0]",normalized_0_1000,16,Insulin Titration and Management Algorithm,visual_node,Insulin Titration and Management Algorithm,3,,visual_logic; decision_node,Insulin Titration and Management Algorithm; Decision node; n02; If glycemia remains above goal:; glycemia > target; Initiation and titration of prandial insulin,If glycemia remains above goal:,"[320.0,315.0,975.0,348.0]",CONTROLLED_SOURCE_IMAGE/ada_page_016_tile_r02_c01.png,OMITTED_RAW_MODEL_JSON/visual_logic_page_016_tile_r02_c01.json,extracted_unvalidated,valid,pending,,,False,pending,unreleased,,,bcb44b4c5dcf580a5b1c3c62efd82c7d8e9329b09275073add606ac2330f8803,bcb44b4c5dcf580a5b1c3c62efd82c7d8e9329b09275073add606ac2330f8803,True
visual_p016-page-016-tile-r02-c01::page-016-tile-r02-c01-structure-tile-r02-c01::node::n03,p016-page-016-tile-r02-c01::page-016-tile-r02-c01-structure-tile-r02-c01::node::n03,CONTROLLED_SOURCE_PDF/ADA principles for pharmacologic therapy.pdf,7c2913f79b61bc60f8f51327bb73b80391988fd277116b29e57df4242b2a2404,ccce6deda1722bc0d79f8651e2c15da7aee0156e3cddab5d7bf21c7a77628d65,page_016_tile_r02_c01,tile,"[0.0,288.0,360.0,648.0]",normalized_0_1000,16,Insulin Titration and Management Algorithm,visual_node,Insulin Titration and Management Algorithm,3,,visual_logic; decision_node,"Insulin Titration and Management Algorithm; Decision node; n03; If glycemia is above goal; glycemia > target; Stepwise doses of prandial insulin (i.e., two, then three additional injections)",If glycemia is above goal,"[430.0,542.0,975.0,581.0]",CONTROLLED_SOURCE_IMAGE/ada_page_016_tile_r02_c01.png,OMITTED_RAW_MODEL_JSON/visual_logic_page_016_tile_r02_c01.json,extracted_unvalidated,valid,pending,,,False,pending,unreleased,,,65165507ec89c967c9ccd0e650b5e167c706d74d2321ddbe229508ebc4fbefc6,65165507ec89c967c9ccd0e650b5e167c706d74d2321ddbe229508ebc4fbefc6,True
visual_p016-page-016-tile-r02-c02::page-016-tile-r02-c02-structure-tile-r02-c02::node::n0,p016-page-016-tile-r02-c02::page-016-tile-r02-c02-structure-tile-r02-c02::node::n0,CONTROLLED_SOURCE_PDF/ADA principles for pharmacologic therapy.pdf,7c2913f79b61bc60f8f51327bb73b80391988fd277116b29e57df4242b2a2404,a27cdba8ff2cf5319432911a83c311d8ee007fce5d98d9876db31897949a8e49,page_016_tile_r02_c02,tile,"[233.972,288.0,593.972,648.0]",normalized_0_1000,16,Insulin Titration and Management Algorithm,visual_node,Insulin Titration and Management Algorithm,3,,visual_logic; decision_node,Insulin Titration and Management Algorithm; Decision node; n0; If glycemia is above goal; A1C; blood glucose levels; Consider self-mixed/split insulin plan; Consider twice-daily premixed insulin plan,If glycemia is above goal,"[450.0,328.0,791.0,360.0]",CONTROLLED_SOURCE_IMAGE/ada_page_016_tile_r02_c02.png,OMITTED_RAW_MODEL_JSON/visual_logic_page_016_tile_r02_c02.json,extracted_unvalidated,valid,pending,,,False,pending,unreleased,,,38154c61d1b416a744a7f6aee39947df4ebb7a5f636234d1b7eb5e22ab047d1c,38154c61d1b416a744a7f6aee39947df4ebb7a5f636234d1b7eb5e22ab047d1c,True
visual_p016-page-016-tile-r02-c02::page-016-tile-r02-c02-structure-tile-r02-c02::node::n1,p016-page-016-tile-r02-c02::page-016-tile-r02-c02-structure-tile-r02-c02::node::n1,CONTROLLED_SOURCE_PDF/ADA principles for pharmacologic therapy.pdf,7c2913f79b61bc60f8f51327bb73b80391988fd277116b29e57df4242b2a2404,a27cdba8ff2cf5319432911a83c311d8ee007fce5d98d9876db31897949a8e49,page_016_tile_r02_c02,tile,"[233.972,288.0,593.972,648.0]",normalized_0_1000,16,Insulin Titration and Management Algorithm,visual_node,Insulin Titration and Management Algorithm,3,,visual_logic; decision_node,"Insulin Titration and Management Algorithm; Decision node; n1; If on bedtime NPH, consider converting to twice-daily NPH plan; current glycemic management; Initiation and Titration steps for twice-daily NPH","If on bedtime NPH, consider converting to twice-daily NPH plan","[450.0,288.0,791.0,328.0]",CONTROLLED_SOURCE_IMAGE/ada_page_016_tile_r02_c02.png,OMITTED_RAW_MODEL_JSON/visual_logic_page_016_tile_r02_c02.json,extracted_unvalidated,valid,pending,,,False,pending,unreleased,,,84d494adaf2f1dba8649cfa35028448e9b794682fced67786f3f855eb2507ae1,84d494adaf2f1dba8649cfa35028448e9b794682fced67786f3f855eb2507ae1,True
visual_p016-page-016-tile-r02-c02::page-016-tile-r02-c02-structure-tile-r02-c02::node::n2,p016-page-016-tile-r02-c02::page-016-tile-r02-c02-structure-tile-r02-c02::node::n2,CONTROLLED_SOURCE_PDF/ADA principles for pharmacologic therapy.pdf,7c2913f79b61bc60f8f51327bb73b80391988fd277116b29e57df4242b2a2404,a27cdba8ff2cf5319432911a83c311d8ee007fce5d98d9876db31897949a8e49,page_016_tile_r02_c02,tile,"[233.972,288.0,593.972,648.0]",normalized_0_1000,16,Insulin Titration and Management Algorithm,visual_node,Insulin Titration and Management Algorithm,3,,visual_logic; decision_node,Insulin Titration and Management Algorithm; Decision node; n2; If glycemia is above goal (after conversion),If glycemia is above goal,"[450.0,360.0,791.0,382.0]",CONTROLLED_SOURCE_IMAGE/ada_page_016_tile_r02_c02.png,OMITTED_RAW_MODEL_JSON/visual_logic_page_016_tile_r02_c02.json,extracted_unvalidated,valid,pending,,,False,pending,unreleased,,,10e8bb4b03ace45472631fd107e05c7fe86281ca5fffb3f806e8c4b74cc860c0,10e8bb4b03ace45472631fd107e05c7fe86281ca5fffb3f806e8c4b74cc860c0,True
visual_p016-page-016-tile-r02-c02::page-016-tile-r02-c02-structure-tile-r02-c02::node::n3,p016-page-016-tile-r02-c02::page-016-tile-r02-c02-structure-tile-r02-c02::node::n3,CONTROLLED_SOURCE_PDF/ADA principles for pharmacologic therapy.pdf,7c2913f79b61bc60f8f51327bb73b80391988fd277116b29e57df4242b2a2404,a27cdba8ff2cf5319432911a83c311d8ee007fce5d98d9876db31897949a8e49,page_016_tile_r02_c02,tile,"[233.972,288.0,593.972,648.0]",normalized_0_1000,16,Insulin Titration and Management Algorithm,visual_node,Insulin Titration and Management Algorithm,3,,visual_logic; decision_node,Insulin Titration and Management Algorithm; Decision node; n3; Consider self-mixed/split insulin plan,Consider self-mixed/split insulin plan,"[0.0,628.0,415.0,673.0]",CONTROLLED_SOURCE_IMAGE/ada_page_016_tile_r02_c02.png,OMITTED_RAW_MODEL_JSON/visual_logic_page_016_tile_r02_c02.json,extracted_unvalidated,valid,pending,,,False,pending,unreleased,,,19f6e5152dc011d0d2cf83d3799763976a8715a0cca6c2241bbfdc2f56baa053,19f6e5152dc011d0d2cf83d3799763976a8715a0cca6c2241bbfdc2f56baa053,True
visual_p016-page-016-tile-r02-c02::page-016-tile-r02-c02-structure-tile-r02-c02::node::n4,p016-page-016-tile-r02-c02::page-016-tile-r02-c02-structure-tile-r02-c02::node::n4,CONTROLLED_SOURCE_PDF/ADA principles for pharmacologic therapy.pdf,7c2913f79b61bc60f8f51327bb73b80391988fd277116b29e57df4242b2a2404,a27cdba8ff2cf5319432911a83c311d8ee007fce5d98d9876db31897949a8e49,page_016_tile_r02_c02,tile,"[233.972,288.0,593.972,648.0]",normalized_0_1000,16,Insulin Titration and Management Algorithm,visual_node,Insulin Titration and Management Algorithm,3,,visual_logic; decision_node,Insulin Titration and Management Algorithm; Decision node; n4; Consider twice-daily premixed insulin plan,Consider twice-daily premixed insulin plan,"[450.0,628.0,791.0,673.0]",CONTROLLED_SOURCE_IMAGE/ada_page_016_tile_r02_c02.png,OMITTED_RAW_MODEL_JSON/visual_logic_page_016_tile_r02_c02.json,extracted_unvalidated,valid,pending,,,False,pending,unreleased,,,be11efc4641474657e35b400ad7c4a471d5fa11371ade75f4108a9714f2024cb,be11efc4641474657e35b400ad7c4a471d5fa11371ade75f4108a9714f2024cb,True
visual_p016-page-016-tile-r03-c01::page-016-tile-r03-c01-structure-tile-01::node::n01,p016-page-016-tile-r03-c01::page-016-tile-r03-c01-structure-tile-01::node::n01,CONTROLLED_SOURCE_PDF/ADA principles for pharmacologic therapy.pdf,7c2913f79b61bc60f8f51327bb73b80391988fd277116b29e57df4242b2a2404,261a22de3ea4dd739c4ea54401373f7095a181f29eccf2ad65f6e59c8356f15a,page_016_tile_r03_c01,tile,"[0.0,422.986,360.0,782.986]",normalized_0_1000,16,Figure 9.5—Intensifying to injectable therapies in type 2 diabetes.,visual_node,Figure 9.5—Intensifying to injectable therapies in type 2 diabetes.,3,,visual_logic; decision_node,"Figure 9.5—Intensifying to injectable therapies in type 2 diabetes.; Decision node; n01; If glycemia is above goal; Stepwise doses of prandial insulin (i.e., two, then three additional injections); Consider self-mixed/split insulin plan",If glycemia is above goal,"[504.986,172.986,930.0,202.986]",CONTROLLED_SOURCE_IMAGE/ada_page_016_tile_r03_c01.png,OMITTED_RAW_MODEL_JSON/visual_logic_page_016_tile_r03_c01.json,extracted_unvalidated,valid,pending,,,False,pending,unreleased,,,50e4292b70489df5275b080c70568f3d43edd0a22263dfd73728896ca0d5127e,50e4292b70489df5275b080c70568f3d43edd0a22263dfd73728896ca0d5127e,True
visual_p016-page-016-tile-r03-c02::page-016-tile-r03-c02-structure-tile-r03-c02::node::n1,p016-page-016-tile-r03-c02::page-016-tile-r03-c02-structure-tile-r03-c02::node::n1,CONTROLLED_SOURCE_PDF/ADA principles for pharmacologic therapy.pdf,7c2913f79b61bc60f8f51327bb73b80391988fd277116b29e57df4242b2a2404,460881c76000908bd06cfa8334dfc551a9266b16ed527bd8539d26164692086b,page_016_tile_r03_c02,tile,"[233.972,422.986,593.972,782.986]",normalized_0_1000,16,Insulin Dosing Strategies for Glycemic Control,visual_node,Insulin Dosing Strategies for Glycemic Control,3,,visual_logic; decision_node,Insulin Dosing Strategies for Glycemic Control; Decision node; n1; If glycemia is above goal; glycemic level; Consider self-mixed/split insulin plan; Consider twice-daily premixed insulin plan,If glycemia is above goal,"[450.0,168.0,793.0,200.0]",CONTROLLED_SOURCE_IMAGE/ada_page_016_tile_r03_c02.png,OMITTED_RAW_MODEL_JSON/visual_logic_page_016_tile_r03_c02.json,extracted_unvalidated,valid,pending,,,False,pending,unreleased,,,09dc4c001481f94e3f91230fea415a313b097eba11a89f115d1999653ff90244,09dc4c001481f94e3f91230fea415a313b097eba11a89f115d1999653ff90244,True
visual_p016-page-016-tile-r03-c02::page-016-tile-r03-c02-structure-tile-r03-c02::node::n2,p016-page-016-tile-r03-c02::page-016-tile-r03-c02-structure-tile-r03-c02::node::n2,CONTROLLED_SOURCE_PDF/ADA principles for pharmacologic therapy.pdf,7c2913f79b61bc60f8f51327bb73b80391988fd277116b29e57df4242b2a2404,460881c76000908bd06cfa8334dfc551a9266b16ed527bd8539d26164692086b,page_016_tile_r03_c02,tile,"[233.972,422.986,593.972,782.986]",normalized_0_1000,16,Insulin Dosing Strategies for Glycemic Control,visual_node,Insulin Dosing Strategies for Glycemic Control,3,,visual_logic; decision_node,Insulin Dosing Strategies for Glycemic Control; Decision node; n2; Consider self-mixed/split insulin plan; insulin regimen; Titrate each component based on individualized needs,Consider self-mixed/split insulin plan ...adjust NPH and short/rapid-acting insulins separately...,"[0.0,256.0,431.0,478.0]",CONTROLLED_SOURCE_IMAGE/ada_page_016_tile_r03_c02.png,OMITTED_RAW_MODEL_JSON/visual_logic_page_016_tile_r03_c02.json,extracted_unvalidated,valid,pending,,,False,pending,unreleased,,,4a07eb9bc0203a4f522abff4dfbab745a58eb0dd07166aaa62b7c1cf2cbefe94,4a07eb9bc0203a4f522abff4dfbab745a58eb0dd07166aaa62b7c1cf2cbefe94,True
visual_p016-page-016-tile-r03-c02::page-016-tile-r03-c02-structure-tile-r03-c02::node::n3,p016-page-016-tile-r03-c02::page-016-tile-r03-c02-structure-tile-r03-c02::node::n3,CONTROLLED_SOURCE_PDF/ADA principles for pharmacologic therapy.pdf,7c2913f79b61bc60f8f51327bb73b80391988fd277116b29e57df4242b2a2404,460881c76000908bd06cfa8334dfc551a9266b16ed527bd8539d26164692086b,page_016_tile_r03_c02,tile,"[233.972,422.986,593.972,782.986]",normalized_0_1000,16,Insulin Dosing Strategies for Glycemic Control,visual_node,Insulin Dosing Strategies for Glycemic Control,3,,visual_logic; decision_node,Insulin Dosing Strategies for Glycemic Control; Decision node; n3; Consider twice-daily premixed insulin plan; insulin regimen; Titrate based on individualized needs,Consider twice-daily premixed insulin plan ...Titration: Titrate based on individualized needs...,"[450.0,256.0,793.0,418.0]",CONTROLLED_SOURCE_IMAGE/ada_page_016_tile_r03_c02.png,OMITTED_RAW_MODEL_JSON/visual_logic_page_016_tile_r03_c02.json,extracted_unvalidated,valid,pending,,,False,pending,unreleased,,,41f4dbf67d11760251fc1d96fc644a6a2b38cebb3a61a0afbc21c1478a8a0dc8,41f4dbf67d11760251fc1d96fc644a6a2b38cebb3a61a0afbc21c1478a8a0dc8,True
visual_p016-page-016-tile-r03-c02::page-016-tile-r03-c02-structure-tile-r03-c02::node::n4,p016-page-016-tile-r03-c02::page-016-tile-r03-c02-structure-tile-r03-c02::node::n4,CONTROLLED_SOURCE_PDF/ADA principles for pharmacologic therapy.pdf,7c2913f79b61bc60f8f51327bb73b80391988fd277116b29e57df4242b2a2404,460881c76000908bd06cfa8334dfc551a9266b16ed527bd8539d26164692086b,page_016_tile_r03_c02,tile,"[233.972,422.986,593.972,782.986]",normalized_0_1000,16,Insulin Dosing Strategies for Glycemic Control,visual_node,Insulin Dosing Strategies for Glycemic Control,3,,visual_logic; decision_node,Insulin Dosing Strategies for Glycemic Control; Decision node; n4; Initiation for self-mixed/split insulin plan; insulin dose; Titrate based on individualized needs,INITIATION • Total dose = 80% of current bedtime NPH dose • 2/3 given in the morning • 1/3 given at bedtime,"[450.0,0.0,793.0,168.0]",CONTROLLED_SOURCE_IMAGE/ada_page_016_tile_r03_c02.png,OMITTED_RAW_MODEL_JSON/visual_logic_page_016_tile_r03_c02.json,extracted_unvalidated,valid,pending,,,False,pending,unreleased,,,a4e6c68ab85eb6937c8559ffced6e51ca1117ed3d72a4d0218a9d1534708858a,a4e6c68ab85eb6937c8559ffced6e51ca1117ed3d72a4d0218a9d1534708858a,True
visual_p016-page-016-tile-r03-c02::page-016-tile-r03-c02-structure-tile-r03-c02::node::n5,p016-page-016-tile-r03-c02::page-016-tile-r03-c02-structure-tile-r03-c02::node::n5,CONTROLLED_SOURCE_PDF/ADA principles for pharmacologic therapy.pdf,7c2913f79b61bc60f8f51327bb73b80391988fd277116b29e57df4242b2a2404,460881c76000908bd06cfa8334dfc551a9266b16ed527bd8539d26164692086b,page_016_tile_r03_c02,tile,"[233.972,422.986,593.972,782.986]",normalized_0_1000,16,Insulin Dosing Strategies for Glycemic Control,visual_node,Insulin Dosing Strategies for Glycemic Control,3,,visual_logic; decision_node,Insulin Dosing Strategies for Glycemic Control; Decision node; n5; Titration for self-mixed/split insulin plan; insulin dose,TITRATION • Titrate based on individualized needs,"[450.0,168.0,793.0,200.0]",CONTROLLED_SOURCE_IMAGE/ada_page_016_tile_r03_c02.png,OMITTED_RAW_MODEL_JSON/visual_logic_page_016_tile_r03_c02.json,extracted_unvalidated,valid,pending,,,False,pending,unreleased,,,99a4a5bd5dad883695da261a80e3606479777aa084c522d93733a8a3436e6cc4,99a4a5bd5dad883695da261a80e3606479777aa084c522d93733a8a3436e6cc4,True
visual_p016-page-016-tile-r03-c02::page-016-tile-r03-c02-structure-tile-r03-c02::node::n6,p016-page-016-tile-r03-c02::page-016-tile-r03-c02-structure-tile-r03-c02::node::n6,CONTROLLED_SOURCE_PDF/ADA principles for pharmacologic therapy.pdf,7c2913f79b61bc60f8f51327bb73b80391988fd277116b29e57df4242b2a2404,460881c76000908bd06cfa8334dfc551a9266b16ed527bd8539d26164692086b,page_016_tile_r03_c02,tile,"[233.972,422.986,593.972,782.986]",normalized_0_1000,16,Insulin Dosing Strategies for Glycemic Control,visual_node,Insulin Dosing Strategies for Glycemic Control,3,,visual_logic; decision_node,Insulin Dosing Strategies for Glycemic Control; Decision node; n6; Initiation for twice-daily premixed insulin plan; insulin dose; Titrate based on individualized needs,"INITIATION • Usually unit per unit at the same total insulin dose, but may require adjustment to individual needs","[450.0,256.0,793.0,381.0]",CONTROLLED_SOURCE_IMAGE/ada_page_016_tile_r03_c02.png,OMITTED_RAW_MODEL_JSON/visual_logic_page_016_tile_r03_c02.json,extracted_unvalidated,valid,pending,,,False,pending,unreleased,,,1ea58f808271114d8a8694683b13cecc48f298bb4db80c5be0181171bcf5c3e3,1ea58f808271114d8a8694683b13cecc48f298bb4db80c5be0181171bcf5c3e3,True
visual_p016-page-016-tile-r03-c02::page-016-tile-r03-c02-structure-tile-r03-c02::node::n7,p016-page-016-tile-r03-c02::page-016-tile-r03-c02-structure-tile-r03-c02::node::n7,CONTROLLED_SOURCE_PDF/ADA principles for pharmacologic therapy.pdf,7c2913f79b61bc60f8f51327bb73b80391988fd277116b29e57df4242b2a2404,460881c76000908bd06cfa8334dfc551a9266b16ed527bd8539d26164692086b,page_016_tile_r03_c02,tile,"[233.972,422.986,593.972,782.986]",normalized_0_1000,16,Insulin Dosing Strategies for Glycemic Control,visual_node,Insulin Dosing Strategies for Glycemic Control,3,,visual_logic; decision_node,Insulin Dosing Strategies for Glycemic Control; Decision node; n7; Titration for twice-daily premixed insulin plan; insulin dose,TITRATION • Titrate based on individualized needs,"[450.0,381.0,793.0,418.0]",CONTROLLED_SOURCE_IMAGE/ada_page_016_tile_r03_c02.png,OMITTED_RAW_MODEL_JSON/visual_logic_page_016_tile_r03_c02.json,extracted_unvalidated,valid,pending,,,False,pending,unreleased,,,dca482d251a4c0c3a6e279befe3230c743f4bde11b31cf61f9ac49e2d48a0887,dca482d251a4c0c3a6e279befe3230c743f4bde11b31cf61f9ac49e2d48a0887,True
visual_p006-page-006-tile-r01-c02::page-006-tile-r01-c02-structure-tile-r01-c02::edge::edge-001,p006-page-006-tile-r01-c02::page-006-tile-r01-c02-structure-tile-r01-c02::edge::edge-001,CONTROLLED_SOURCE_PDF/ADA principles for pharmacologic therapy.pdf,7c2913f79b61bc60f8f51327bb73b80391988fd277116b29e57df4242b2a2404,8dd16976076c4dc0b61fc940193599a3ad60084cff0f56c431772b1a0295828f,page_006_tile_r01_c02,tile,"[233.972,0.0,593.972,360.0]",normalized_0_1000,6,Using multiple daily dosing in individuals with type 1 diabetes,visual_edge,Using multiple daily dosing in individuals with type 1 diabetes,3,,visual_logic; recommendation_edge,Using multiple daily dosing in individuals with type 1 diabetes; Recommendation edge; n0; to; n1; ↓,Deliver diabetes self-management education and ... to meet individualized treatment goals → Criteria for starting insulin.,"[0.0,297.0,584.0,360.0]",CONTROLLED_SOURCE_IMAGE/ada_page_006_tile_r01_c02.png,OMITTED_RAW_MODEL_JSON/visual_logic_page_006_tile_r01_c02.json,extracted_unvalidated,valid,pending,,,False,pending,unreleased,,,b410976524092cf2d6c3cd297dd662014456946809f6763413ea1f72ff94ee3d,b410976524092cf2d6c3cd297dd662014456946809f6763413ea1f72ff94ee3d,True
visual_p006-page-006-tile-r01-c02::page-006-tile-r01-c02-structure-tile-r01-c02::edge::edge-002,p006-page-006-tile-r01-c02::page-006-tile-r01-c02-structure-tile-r01-c02::edge::edge-002,CONTROLLED_SOURCE_PDF/ADA principles for pharmacologic therapy.pdf,7c2913f79b61bc60f8f51327bb73b80391988fd277116b29e57df4242b2a2404,8dd16976076c4dc0b61fc940193599a3ad60084cff0f56c431772b1a0295828f,page_006_tile_r01_c02,tile,"[233.972,0.0,593.972,360.0]",normalized_0_1000,6,Using multiple daily dosing in individuals with type 1 diabetes,visual_edge,Using multiple daily dosing in individuals with type 1 diabetes,3,,visual_logic; recommendation_edge,Using multiple daily dosing in individuals with type 1 diabetes; Recommendation edge; n1; to; n2; ↓,Criteria for starting insulin → Initial titration of insulin.,"[0.0,417.0,584.0,536.0]",CONTROLLED_SOURCE_IMAGE/ada_page_006_tile_r01_c02.png,OMITTED_RAW_MODEL_JSON/visual_logic_page_006_tile_r01_c02.json,extracted_unvalidated,valid,pending,,,False,pending,unreleased,,,851dc46819a430eaacb3eaa1569ee1db87a5f1b232e508de5104c9959ab357e6,851dc46819a430eaacb3eaa1569ee1db87a5f1b232e508de5104c9959ab357e6,True
visual_p006-page-006-tile-r01-c02::page-006-tile-r01-c02-structure-tile-r01-c02::edge::edge-003,p006-page-006-tile-r01-c02::page-006-tile-r01-c02-structure-tile-r01-c02::edge::edge-003,CONTROLLED_SOURCE_PDF/ADA principles for pharmacologic therapy.pdf,7c2913f79b61bc60f8f51327bb73b80391988fd277116b29e57df4242b2a2404,8dd16976076c4dc0b61fc940193599a3ad60084cff0f56c431772b1a0295828f,page_006_tile_r01_c02,tile,"[233.972,0.0,593.972,360.0]",normalized_0_1000,6,Using multiple daily dosing in individuals with type 1 diabetes,visual_edge,Using multiple daily dosing in individuals with type 1 diabetes,3,,visual_logic; recommendation_edge,Using multiple daily dosing in individuals with type 1 diabetes; Recommendation edge; n2; to; n3; ↓,Initial titration of insulin → Use CGM and/or SMBG to determine ... basal and prandial dosing balance.,"[0.0,546.0,584.0,701.0]",CONTROLLED_SOURCE_IMAGE/ada_page_006_tile_r01_c02.png,OMITTED_RAW_MODEL_JSON/visual_logic_page_006_tile_r01_c02.json,extracted_unvalidated,valid,pending,,,False,pending,unreleased,,,b72a590b837af7981ffb6c8cf67205ba328ccee192cd61d13cc8f9e444af0720,b72a590b837af7981ffb6c8cf67205ba328ccee192cd61d13cc8f9e444af0720,True
visual_p006-page-006-tile-r01-c02::page-006-tile-r01-c02-structure-tile-r01-c02::edge::edge-004,p006-page-006-tile-r01-c02::page-006-tile-r01-c02-structure-tile-r01-c02::edge::edge-004,CONTROLLED_SOURCE_PDF/ADA principles for pharmacologic therapy.pdf,7c2913f79b61bc60f8f51327bb73b80391988fd277116b29e57df4242b2a2404,8dd16976076c4dc0b61fc940193599a3ad60084cff0f56c431772b1a0295828f,page_006_tile_r01_c02,tile,"[233.972,0.0,593.972,360.0]",normalized_0_1000,6,Using multiple daily dosing in individuals with type 1 diabetes,visual_edge,Using multiple daily dosing in individuals with type 1 diabetes,3,,visual_logic; recommendation_edge,Using multiple daily dosing in individuals with type 1 diabetes; Recommendation edge; n3; to; n4; ↓,"Use CGM and/or SMBG to determine ... basal and prandial dosing balance → CGMs, or SMBG not at goal.","[0.0,712.0,584.0,803.0]",CONTROLLED_SOURCE_IMAGE/ada_page_006_tile_r01_c02.png,OMITTED_RAW_MODEL_JSON/visual_logic_page_006_tile_r01_c02.json,extracted_unvalidated,valid,pending,,,False,pending,unreleased,,,1b63c376f867e2871026d02790bf70640b3d859210d4f68c7aa13413e5af580e,1b63c376f867e2871026d02790bf70640b3d859210d4f68c7aa13413e5af580e,True
visual_p006-page-006-tile-r01-c02::page-006-tile-r01-c02-structure-tile-r01-c02::edge::edge-005,p006-page-006-tile-r01-c02::page-006-tile-r01-c02-structure-tile-r01-c02::edge::edge-005,CONTROLLED_SOURCE_PDF/ADA principles for pharmacologic therapy.pdf,7c2913f79b61bc60f8f51327bb73b80391988fd277116b29e57df4242b2a2404,8dd16976076c4dc0b61fc940193599a3ad60084cff0f56c431772b1a0295828f,page_006_tile_r01_c02,tile,"[233.972,0.0,593.972,360.0]",normalized_0_1000,6,Using multiple daily dosing in individuals with type 1 diabetes,visual_edge,Using multiple daily dosing in individuals with type 1 diabetes,3,,visual_logic; recommendation_edge,Using multiple daily dosing in individuals with type 1 diabetes; Recommendation edge; n4; to; n5; ↓,"CGMs, or SMBG not at goal → If hyperglycemia is present.","[0.0,814.0,584.0,999.0]",CONTROLLED_SOURCE_IMAGE/ada_page_006_tile_r01_c02.png,OMITTED_RAW_MODEL_JSON/visual_logic_page_006_tile_r01_c02.json,extracted_unvalidated,valid,pending,,,False,pending,unreleased,,,c491820870c23b3160c1322a6535cb70cdc152d282bb778fb70abb8a62aced73,c491820870c23b3160c1322a6535cb70cdc152d282bb778fb70abb8a62aced73,True
visual_p006-page-006-tile-r02-c01::page-006-tile-r02-c01-structure-tile-001::edge::edge-001,p006-page-006-tile-r02-c01::page-006-tile-r02-c01-structure-tile-001::edge::edge-001,CONTROLLED_SOURCE_PDF/ADA principles for pharmacologic therapy.pdf,7c2913f79b61bc60f8f51327bb73b80391988fd277116b29e57df4242b2a2404,0929ca38ad29f903468637f26d74c7aa2879fd4c3c802648076823db14825893,page_006_tile_r02_c01,tile,"[0.0,288.0,360.0,648.0]",normalized_0_1000,6,Insulin Initiation and Adjustment for Type 1 Diabetes with CGM,visual_edge,Insulin Initiation and Adjustment for Type 1 Diabetes with CGM,3,,visual_logic; recommendation_edge,Insulin Initiation and Adjustment for Type 1 Diabetes with CGM; Recommendation edge; N0; to; N1; If hypoglycemia is present,"If A1C, CGM metrics, or SMBG not at goal → If hypoglycemia is present","[370.5,46.8,594.0,244.8]",CONTROLLED_SOURCE_IMAGE/ada_page_006_tile_r02_c01.png,OMITTED_RAW_MODEL_JSON/visual_logic_page_006_tile_r02_c01.json,extracted_unvalidated,valid,pending,,,False,pending,unreleased,,,576f1ca229b25b7c69b39b46e6fbf8def81295edf953284a99287f66cb6f4643,576f1ca229b25b7c69b39b46e6fbf8def81295edf953284a99287f66cb6f4643,True
visual_p006-page-006-tile-r02-c01::page-006-tile-r02-c01-structure-tile-001::edge::edge-002,p006-page-006-tile-r02-c01::page-006-tile-r02-c01-structure-tile-001::edge::edge-002,CONTROLLED_SOURCE_PDF/ADA principles for pharmacologic therapy.pdf,7c2913f79b61bc60f8f51327bb73b80391988fd277116b29e57df4242b2a2404,0929ca38ad29f903468637f26d74c7aa2879fd4c3c802648076823db14825893,page_006_tile_r02_c01,tile,"[0.0,288.0,360.0,648.0]",normalized_0_1000,6,Insulin Initiation and Adjustment for Type 1 Diabetes with CGM,visual_edge,Insulin Initiation and Adjustment for Type 1 Diabetes with CGM,3,,visual_logic; recommendation_edge,Insulin Initiation and Adjustment for Type 1 Diabetes with CGM; Recommendation edge; N0; to; N2; If hyperglycemia is present,"If A1C, CGM metrics, or SMBG not at goal → If hyperglycemia is present","[370.5,46.8,999.0,244.8]",CONTROLLED_SOURCE_IMAGE/ada_page_006_tile_r02_c01.png,OMITTED_RAW_MODEL_JSON/visual_logic_page_006_tile_r02_c01.json,extracted_unvalidated,valid,pending,,,False,pending,unreleased,,,98c24ad75634f0f59963b6fc26e2a851840a72f7e525ccf718d6948cafa7d641,98c24ad75634f0f59963b6fc26e2a851840a72f7e525ccf718d6948cafa7d641,True
visual_p006-page-006-tile-r02-c01::page-006-tile-r02-c01-structure-tile-001::edge::edge-003,p006-page-006-tile-r02-c01::page-006-tile-r02-c01-structure-tile-001::edge::edge-003,CONTROLLED_SOURCE_PDF/ADA principles for pharmacologic therapy.pdf,7c2913f79b61bc60f8f51327bb73b80391988fd277116b29e57df4242b2a2404,0929ca38ad29f903468637f26d74c7aa2879fd4c3c802648076823db14825893,page_006_tile_r02_c01,tile,"[0.0,288.0,360.0,648.0]",normalized_0_1000,6,Insulin Initiation and Adjustment for Type 1 Diabetes with CGM,visual_edge,Insulin Initiation and Adjustment for Type 1 Diabetes with CGM,3,,visual_logic; recommendation_edge,Insulin Initiation and Adjustment for Type 1 Diabetes with CGM; Recommendation edge; N1; to; N3,If hypoglycemia is present → adjust basal and/or prandial insulin based on timing of hypoglycemia,"[172.8,136.8,504.0,223.2]",CONTROLLED_SOURCE_IMAGE/ada_page_006_tile_r02_c01.png,OMITTED_RAW_MODEL_JSON/visual_logic_page_006_tile_r02_c01.json,extracted_unvalidated,valid,pending,,,False,pending,unreleased,,,fb37bd35b9600db4be399bf050248336e868cafc9634cfe74ab4762530e1cc48,fb37bd35b9600db4be399bf050248336e868cafc9634cfe74ab4762530e1cc48,True
visual_p006-page-006-tile-r02-c01::page-006-tile-r02-c01-structure-tile-001::edge::edge-004,p006-page-006-tile-r02-c01::page-006-tile-r02-c01-structure-tile-001::edge::edge-004,CONTROLLED_SOURCE_PDF/ADA principles for pharmacologic therapy.pdf,7c2913f79b61bc60f8f51327bb73b80391988fd277116b29e57df4242b2a2404,0929ca38ad29f903468637f26d74c7aa2879fd4c3c802648076823db14825893,page_006_tile_r02_c01,tile,"[0.0,288.0,360.0,648.0]",normalized_0_1000,6,Insulin Initiation and Adjustment for Type 1 Diabetes with CGM,visual_edge,Insulin Initiation and Adjustment for Type 1 Diabetes with CGM,3,,visual_logic; recommendation_edge,Insulin Initiation and Adjustment for Type 1 Diabetes with CGM; Recommendation edge; N2; to; N4,If hyperglycemia is present → adjust basal and/or prandial insulin based on timing of hyperglycemia,"[732.0,136.8,999.0,223.2]",CONTROLLED_SOURCE_IMAGE/ada_page_006_tile_r02_c01.png,OMITTED_RAW_MODEL_JSON/visual_logic_page_006_tile_r02_c01.json,extracted_unvalidated,valid,pending,,,False,pending,unreleased,,,e63ab7e7dd34398ee4f3167d3e36eab0d29986cd5d6de6a2d1c57b24e1531488,e63ab7e7dd34398ee4f3167d3e36eab0d29986cd5d6de6a2d1c57b24e1531488,True
visual_p006-page-006-tile-r02-c01::page-006-tile-r02-c01-structure-tile-001::edge::edge-005,p006-page-006-tile-r02-c01::page-006-tile-r02-c01-structure-tile-001::edge::edge-005,CONTROLLED_SOURCE_PDF/ADA principles for pharmacologic therapy.pdf,7c2913f79b61bc60f8f51327bb73b80391988fd277116b29e57df4242b2a2404,0929ca38ad29f903468637f26d74c7aa2879fd4c3c802648076823db14825893,page_006_tile_r02_c01,tile,"[0.0,288.0,360.0,648.0]",normalized_0_1000,6,Insulin Initiation and Adjustment for Type 1 Diabetes with CGM,visual_edge,Insulin Initiation and Adjustment for Type 1 Diabetes with CGM,3,,visual_logic; recommendation_edge,Insulin Initiation and Adjustment for Type 1 Diabetes with CGM; Recommendation edge; N2; to; N5,If hyperglycemia is present → If fasting hyperglycemia is present,"[732.0,136.8,999.0,410.4]",CONTROLLED_SOURCE_IMAGE/ada_page_006_tile_r02_c01.png,OMITTED_RAW_MODEL_JSON/visual_logic_page_006_tile_r02_c01.json,extracted_unvalidated,valid,pending,,,False,pending,unreleased,,,d723fd70a59b0ff9d8af49bca65a2b601d7ee819792b9818c349768cbb51cf3c,d723fd70a59b0ff9d8af49bca65a2b601d7ee819792b9818c349768cbb51cf3c,True
visual_p006-page-006-tile-r02-c01::page-006-tile-r02-c01-structure-tile-001::edge::edge-006,p006-page-006-tile-r02-c01::page-006-tile-r02-c01-structure-tile-001::edge::edge-006,CONTROLLED_SOURCE_PDF/ADA principles for pharmacologic therapy.pdf,7c2913f79b61bc60f8f51327bb73b80391988fd277116b29e57df4242b2a2404,0929ca38ad29f903468637f26d74c7aa2879fd4c3c802648076823db14825893,page_006_tile_r02_c01,tile,"[0.0,288.0,360.0,648.0]",normalized_0_1000,6,Insulin Initiation and Adjustment for Type 1 Diabetes with CGM,visual_edge,Insulin Initiation and Adjustment for Type 1 Diabetes with CGM,3,,visual_logic; recommendation_edge,Insulin Initiation and Adjustment for Type 1 Diabetes with CGM; Recommendation edge; N5; to; N7,If fasting hyperglycemia is present → review overnight glucose pattern and adjust basal insulin if appropriate,"[624.0,302.4,918.0,388.8]",CONTROLLED_SOURCE_IMAGE/ada_page_006_tile_r02_c01.png,OMITTED_RAW_MODEL_JSON/visual_logic_page_006_tile_r02_c01.json,extracted_unvalidated,valid,pending,,,False,pending,unreleased,,,e54b16f99425fb843ac5455201f4afb7bd087123f5345c5132285e3d8003de38,e54b16f99425fb843ac5455201f4afb7bd087123f5345c5132285e3d8003de38,True
visual_p006-page-006-tile-r02-c02::page-006-tile-r02-c02-structure-tile-r02-c02::edge::edge-001,p006-page-006-tile-r02-c02::page-006-tile-r02-c02-structure-tile-r02-c02::edge::edge-001,CONTROLLED_SOURCE_PDF/ADA principles for pharmacologic therapy.pdf,7c2913f79b61bc60f8f51327bb73b80391988fd277116b29e57df4242b2a2404,189f76f27515916f3d3411dc8fd87f721266516d5734c1334b0faa8013a5aa29,page_006_tile_r02_c02,tile,"[233.972,288.0,593.972,648.0]",normalized_0_1000,6,Figure 9.2,visual_edge,Figure 9.2,3,,visual_logic; recommendation_edge,Figure 9.2; Recommendation edge; N0; to; N1,"If hyperglycemia is present, adjust basal and/or prandial insulin based on the timing and extent of hyperglycemia (e.g., 1–4 units or 5–10% dosage adjustments)3,4","[287.76,248.0,315.76,298.0]",CONTROLLED_SOURCE_IMAGE/ada_page_006_tile_r02_c02.png,OMITTED_RAW_MODEL_JSON/visual_logic_page_006_tile_r02_c02.json,extracted_unvalidated,valid,pending,,,False,pending,unreleased,,,f884904dc79be20b989ec0bebfe6d52ed2ef5c42f8e507813c5410f39a06f674,f884904dc79be20b989ec0bebfe6d52ed2ef5c42f8e507813c5410f39a06f674,True
visual_p006-page-006-tile-r02-c02::page-006-tile-r02-c02-structure-tile-r02-c02::edge::edge-002,p006-page-006-tile-r02-c02::page-006-tile-r02-c02-structure-tile-r02-c02::edge::edge-002,CONTROLLED_SOURCE_PDF/ADA principles for pharmacologic therapy.pdf,7c2913f79b61bc60f8f51327bb73b80391988fd277116b29e57df4242b2a2404,189f76f27515916f3d3411dc8fd87f721266516d5734c1334b0faa8013a5aa29,page_006_tile_r02_c02,tile,"[233.972,288.0,593.972,648.0]",normalized_0_1000,6,Figure 9.2,visual_edge,Figure 9.2,3,,visual_logic; recommendation_edge,Figure 9.2; Recommendation edge; N0; to; N2,"If hyperglycemia is present, adjust basal and/or prandial insulin based on the timing and extent of hyperglycemia (e.g., 1–4 units or 5–10% dosage adjustments)3,4","[315.76,248.0,343.76,298.0]",CONTROLLED_SOURCE_IMAGE/ada_page_006_tile_r02_c02.png,OMITTED_RAW_MODEL_JSON/visual_logic_page_006_tile_r02_c02.json,extracted_unvalidated,valid,pending,,,False,pending,unreleased,,,40c579aea63900f30355be4b647898e8cc90eb502daa3c622086d47a38cef150,40c579aea63900f30355be4b647898e8cc90eb502daa3c622086d47a38cef150,True
visual_p008-page-008-tile-r01-c01::page-008-tile-r01-c01-structure-s190-pat::edge::edge-001,p008-page-008-tile-r01-c01::page-008-tile-r01-c01-structure-s190-pat::edge::edge-001,CONTROLLED_SOURCE_PDF/ADA principles for pharmacologic therapy.pdf,7c2913f79b61bc60f8f51327bb73b80391988fd277116b29e57df4242b2a2404,f8d36aa60152781137f95dbfa9948f72c3abcef991554fd7a05fa82a29511d2e,page_008_tile_r01_c01,tile,"[0.0,0.0,360.0,360.0]",normalized_0_1000,8,Simplified overview of indications for β-cell replacement therapy,visual_edge,Simplified overview of indications for β-cell replacement therapy,3,,visual_logic; recommendation_edge,Simplified overview of indications for β-cell replacement therapy; Recommendation edge; N1; to; N3; Living donor kidney → Pancreas after kidney,Living donor kidney → Pancreas after kidney,"[240.0,621.0,750.0,745.0]",CONTROLLED_SOURCE_IMAGE/ada_page_008_tile_r01_c01.png,OMITTED_RAW_MODEL_JSON/visual_logic_page_008_tile_r01_c01.json,extracted_unvalidated,valid,pending,,,False,pending,unreleased,,,46b9c46ff0d30d7a146b686c8d6fd1f8bcf4d7189038c9bbae14fcf2bd07b551,46b9c46ff0d30d7a146b686c8d6fd1f8bcf4d7189038c9bbae14fcf2bd07b551,True
visual_p008-page-008-tile-r01-c01::page-008-tile-r01-c01-structure-s190-pat::edge::edge-002,p008-page-008-tile-r01-c01::page-008-tile-r01-c01-structure-s190-pat::edge::edge-002,CONTROLLED_SOURCE_PDF/ADA principles for pharmacologic therapy.pdf,7c2913f79b61bc60f8f51327bb73b80391988fd277116b29e57df4242b2a2404,f8d36aa60152781137f95dbfa9948f72c3abcef991554fd7a05fa82a29511d2e,page_008_tile_r01_c01,tile,"[0.0,0.0,360.0,360.0]",normalized_0_1000,8,Simplified overview of indications for β-cell replacement therapy,visual_edge,Simplified overview of indications for β-cell replacement therapy,3,,visual_logic; recommendation_edge,Simplified overview of indications for β-cell replacement therapy; Recommendation edge; N1; to; N3; Living donor kidney → Islet after kidney,Living donor kidney → Islet after kidney,"[240.0,621.0,750.0,745.0]",CONTROLLED_SOURCE_IMAGE/ada_page_008_tile_r01_c01.png,OMITTED_RAW_MODEL_JSON/visual_logic_page_008_tile_r01_c01.json,extracted_unvalidated,valid,pending,,,False,pending,unreleased,,,594cf05ea0aa8ac93c34a33f515fa3d05519d55a63928c1850d2b6403a0f73fb,594cf05ea0aa8ac93c34a33f515fa3d05519d55a63928c1850d2b6403a0f73fb,True
visual_p008-page-008-tile-r01-c01::page-008-tile-r01-c01-structure-s190-pat::edge::edge-003,p008-page-008-tile-r01-c01::page-008-tile-r01-c01-structure-s190-pat::edge::edge-003,CONTROLLED_SOURCE_PDF/ADA principles for pharmacologic therapy.pdf,7c2913f79b61bc60f8f51327bb73b80391988fd277116b29e57df4242b2a2404,f8d36aa60152781137f95dbfa9948f72c3abcef991554fd7a05fa82a29511d2e,page_008_tile_r01_c01,tile,"[0.0,0.0,360.0,360.0]",normalized_0_1000,8,Simplified overview of indications for β-cell replacement therapy,visual_edge,Simplified overview of indications for β-cell replacement therapy,3,,visual_logic; recommendation_edge,Simplified overview of indications for β-cell replacement therapy; Recommendation edge; N1; to; N3; Simultaneous transplantation → Simultaneous pancreas and kidney,Simultaneous transplantation → Simultaneous pancreas and kidney,"[240.0,621.0,750.0,745.0]",CONTROLLED_SOURCE_IMAGE/ada_page_008_tile_r01_c01.png,OMITTED_RAW_MODEL_JSON/visual_logic_page_008_tile_r01_c01.json,extracted_unvalidated,valid,pending,,,False,pending,unreleased,,,b295736cfff25308e8fea49ccdd8ff4ceb0adb7c02db30b1615050870af59eb4,b295736cfff25308e8fea49ccdd8ff4ceb0adb7c02db30b1615050870af59eb4,True
visual_p008-page-008-tile-r01-c01::page-008-tile-r01-c01-structure-s190-pat::edge::edge-004,p008-page-008-tile-r01-c01::page-008-tile-r01-c01-structure-s190-pat::edge::edge-004,CONTROLLED_SOURCE_PDF/ADA principles for pharmacologic therapy.pdf,7c2913f79b61bc60f8f51327bb73b80391988fd277116b29e57df4242b2a2404,f8d36aa60152781137f95dbfa9948f72c3abcef991554fd7a05fa82a29511d2e,page_008_tile_r01_c01,tile,"[0.0,0.0,360.0,360.0]",normalized_0_1000,8,Simplified overview of indications for β-cell replacement therapy,visual_edge,Simplified overview of indications for β-cell replacement therapy,3,,visual_logic; recommendation_edge,Simplified overview of indications for β-cell replacement therapy; Recommendation edge; N1; to; N3; Simultaneous transplantation → Simultaneous islet and kidney,Simultaneous transplantation → Simultaneous islet and kidney,"[240.0,621.0,750.0,745.0]",CONTROLLED_SOURCE_IMAGE/ada_page_008_tile_r01_c01.png,OMITTED_RAW_MODEL_JSON/visual_logic_page_008_tile_r01_c01.json,extracted_unvalidated,valid,pending,,,False,pending,unreleased,,,fb59703b7258bb7a7431c94783bcfa65860c2d3ad1e06e16ddbfb371ef7c7480,fb59703b7258bb7a7431c94783bcfa65860c2d3ad1e06e16ddbfb371ef7c7480,True
visual_p008-page-008-tile-r01-c02::page-008-tile-r01-c02-structure-tile-001::edge::edge-001,p008-page-008-tile-r01-c02::page-008-tile-r01-c02-structure-tile-001::edge::edge-001,CONTROLLED_SOURCE_PDF/ADA principles for pharmacologic therapy.pdf,7c2913f79b61bc60f8f51327bb73b80391988fd277116b29e57df4242b2a2404,f4bfc917ddcedd9b5ec93c8f1b295b48a6c0d1dce4eaddf946ffabcac741a5eb,page_008_tile_r01_c02,tile,"[233.972,0.0,593.972,360.0]",normalized_0_1000,8,Criteria for β-cell replacement therapy in people with type 1 diabetes,visual_edge,Criteria for β-cell replacement therapy in people with type 1 diabetes,3,,visual_logic; recommendation_edge,Criteria for β-cell replacement therapy in people with type 1 diabetes; Recommendation edge; node_001; to; node_002; ↓,Severe metabolic complications → Impaired kidney function,"[345.0,485.0,517.0,630.0]",CONTROLLED_SOURCE_IMAGE/ada_page_008_tile_r01_c02.png,OMITTED_RAW_MODEL_JSON/visual_logic_page_008_tile_r01_c02.json,extracted_unvalidated,valid,pending,,,False,pending,unreleased,,,6a2356f1af1300ed7abec45c1628298dcfa7d10abfa21f8d4150ef5075a73514,6a2356f1af1300ed7abec45c1628298dcfa7d10abfa21f8d4150ef5075a73514,True
visual_p008-page-008-tile-r01-c02::page-008-tile-r01-c02-structure-tile-001::edge::edge-002,p008-page-008-tile-r01-c02::page-008-tile-r01-c02-structure-tile-001::edge::edge-002,CONTROLLED_SOURCE_PDF/ADA principles for pharmacologic therapy.pdf,7c2913f79b61bc60f8f51327bb73b80391988fd277116b29e57df4242b2a2404,f4bfc917ddcedd9b5ec93c8f1b295b48a6c0d1dce4eaddf946ffabcac741a5eb,page_008_tile_r01_c02,tile,"[233.972,0.0,593.972,360.0]",normalized_0_1000,8,Criteria for β-cell replacement therapy in people with type 1 diabetes,visual_edge,Criteria for β-cell replacement therapy in people with type 1 diabetes,3,,visual_logic; recommendation_edge,Criteria for β-cell replacement therapy in people with type 1 diabetes; Recommendation edge; node_001; to; node_003; ↓,Severe metabolic complications → Intact/stable kidney function,"[540.0,485.0,712.0,630.0]",CONTROLLED_SOURCE_IMAGE/ada_page_008_tile_r01_c02.png,OMITTED_RAW_MODEL_JSON/visual_logic_page_008_tile_r01_c02.json,extracted_unvalidated,valid,pending,,,False,pending,unreleased,,,eebb95a5458672728bef1888e5e1770134b29cf6d71330a999d342ba98d44a19,eebb95a5458672728bef1888e5e1770134b29cf6d71330a999d342ba98d44a19,True
visual_p008-page-008-tile-r01-c02::page-008-tile-r01-c02-structure-tile-001::edge::edge-003,p008-page-008-tile-r01-c02::page-008-tile-r01-c02-structure-tile-001::edge::edge-003,CONTROLLED_SOURCE_PDF/ADA principles for pharmacologic therapy.pdf,7c2913f79b61bc60f8f51327bb73b80391988fd277116b29e57df4242b2a2404,f4bfc917ddcedd9b5ec93c8f1b295b48a6c0d1dce4eaddf946ffabcac741a5eb,page_008_tile_r01_c02,tile,"[233.972,0.0,593.972,360.0]",normalized_0_1000,8,Criteria for β-cell replacement therapy in people with type 1 diabetes,visual_edge,Criteria for β-cell replacement therapy in people with type 1 diabetes,3,,visual_logic; recommendation_edge,Criteria for β-cell replacement therapy in people with type 1 diabetes; Recommendation edge; node_002; to; node_004; ↓,"Impaired kidney function → Risk, metabolic need, and the choice of the individual with diabetes","[197.0,630.0,260.0,745.0]",CONTROLLED_SOURCE_IMAGE/ada_page_008_tile_r01_c02.png,OMITTED_RAW_MODEL_JSON/visual_logic_page_008_tile_r01_c02.json,extracted_unvalidated,valid,pending,,,False,pending,unreleased,,,f12fe9c060303d814d6794c183daebe59335542d0c1218778c0346f1a8a8d729,f12fe9c060303d814d6794c183daebe59335542d0c1218778c0346f1a8a8d729,True
visual_p008-page-008-tile-r01-c02::page-008-tile-r01-c02-structure-tile-001::edge::edge-004,p008-page-008-tile-r01-c02::page-008-tile-r01-c02-structure-tile-001::edge::edge-004,CONTROLLED_SOURCE_PDF/ADA principles for pharmacologic therapy.pdf,7c2913f79b61bc60f8f51327bb73b80391988fd277116b29e57df4242b2a2404,f4bfc917ddcedd9b5ec93c8f1b295b48a6c0d1dce4eaddf946ffabcac741a5eb,page_008_tile_r01_c02,tile,"[233.972,0.0,593.972,360.0]",normalized_0_1000,8,Criteria for β-cell replacement therapy in people with type 1 diabetes,visual_edge,Criteria for β-cell replacement therapy in people with type 1 diabetes,3,,visual_logic; recommendation_edge,Criteria for β-cell replacement therapy in people with type 1 diabetes; Recommendation edge; node_003; to; node_004; ↓,"Intact/stable kidney function → Risk, metabolic need, and the choice of the individual with diabetes","[540.0,630.0,612.0,745.0]",CONTROLLED_SOURCE_IMAGE/ada_page_008_tile_r01_c02.png,OMITTED_RAW_MODEL_JSON/visual_logic_page_008_tile_r01_c02.json,extracted_unvalidated,valid,pending,,,False,pending,unreleased,,,a03a15364dc6deb7ba37f35b972d42b87248694cf2af422f6f9eb764e80384d7,a03a15364dc6deb7ba37f35b972d42b87248694cf2af422f6f9eb764e80384d7,True
visual_p008-page-008-tile-r01-c02::page-008-tile-r01-c02-structure-tile-001::edge::edge-005,p008-page-008-tile-r01-c02::page-008-tile-r01-c02-structure-tile-001::edge::edge-005,CONTROLLED_SOURCE_PDF/ADA principles for pharmacologic therapy.pdf,7c2913f79b61bc60f8f51327bb73b80391988fd277116b29e57df4242b2a2404,f4bfc917ddcedd9b5ec93c8f1b295b48a6c0d1dce4eaddf946ffabcac741a5eb,page_008_tile_r01_c02,tile,"[233.972,0.0,593.972,360.0]",normalized_0_1000,8,Criteria for β-cell replacement therapy in people with type 1 diabetes,visual_edge,Criteria for β-cell replacement therapy in people with type 1 diabetes,3,,visual_logic; recommendation_edge,Criteria for β-cell replacement therapy in people with type 1 diabetes; Recommendation edge; node_004; to; node_002; ↓,"Risk, metabolic need, and the choice of the individual with diabetes → Simultaneous islet and kidney","[197.0,745.0,260.0,862.0]",CONTROLLED_SOURCE_IMAGE/ada_page_008_tile_r01_c02.png,OMITTED_RAW_MODEL_JSON/visual_logic_page_008_tile_r01_c02.json,extracted_unvalidated,valid,pending,,,False,pending,unreleased,,,373c46c734ec46534bfb300617515ee5297db254619beff0fb1f5c52a6143c21,373c46c734ec46534bfb300617515ee5297db254619beff0fb1f5c52a6143c21,True
visual_p009-page-009-tile-r01-c01::page-009-tile-r01-c01-structure-tile-001::edge::edge-001,p009-page-009-tile-r01-c01::page-009-tile-r01-c01-structure-tile-001::edge::edge-001,CONTROLLED_SOURCE_PDF/ADA principles for pharmacologic therapy.pdf,7c2913f79b61bc60f8f51327bb73b80391988fd277116b29e57df4242b2a2404,23e55292fd35e93be8252d9109129584a161ccdce0f466df0c737432e53bc23e,page_009_tile_r01_c01,tile,"[0.0,0.0,360.0,360.0]",normalized_0_1000,9,Use of glucose-lowering medications in the management...,visual_edge,Use of glucose-lowering medications in the management...,3,,visual_logic; recommendation_edge,Use of glucose-lowering medications in the management...; Recommendation edge; goal_node; to; +ASCVD_node; ↓,Goal: cardiovascular and kidney risk reduction* → +ASCVD+,"[143.0,536.0,307.0,590.0]",CONTROLLED_SOURCE_IMAGE/ada_page_009_tile_r01_c01.png,OMITTED_RAW_MODEL_JSON/visual_logic_page_009_tile_r01_c01.json,extracted_unvalidated,valid,pending,,,False,pending,unreleased,,,ad2af89ab3eb55ad5931dc8f2b404a1e54152f848a19c1c832e10eb740133554,ad2af89ab3eb55ad5931dc8f2b404a1e54152f848a19c1c832e10eb740133554,True
visual_p009-page-009-tile-r01-c01::page-009-tile-r01-c01-structure-tile-001::edge::edge-002,p009-page-009-tile-r01-c01::page-009-tile-r01-c01-structure-tile-001::edge::edge-002,CONTROLLED_SOURCE_PDF/ADA principles for pharmacologic therapy.pdf,7c2913f79b61bc60f8f51327bb73b80391988fd277116b29e57df4242b2a2404,23e55292fd35e93be8252d9109129584a161ccdce0f466df0c737432e53bc23e,page_009_tile_r01_c01,tile,"[0.0,0.0,360.0,360.0]",normalized_0_1000,9,Use of glucose-lowering medications in the management...,visual_edge,Use of glucose-lowering medications in the management...,3,,visual_logic; recommendation_edge,Use of glucose-lowering medications in the management...; Recommendation edge; goal_node; to; +high_CVD_risk_node; ↓,Goal: cardiovascular and kidney risk reduction* → +Indicators of high CVD risk,"[320.0,536.0,486.0,590.0]",CONTROLLED_SOURCE_IMAGE/ada_page_009_tile_r01_c01.png,OMITTED_RAW_MODEL_JSON/visual_logic_page_009_tile_r01_c01.json,extracted_unvalidated,valid,pending,,,False,pending,unreleased,,,cce18376c48b1ec67cda64cf387f676ca40b0035f149f16cb98ddcd0f5b59f5d,cce18376c48b1ec67cda64cf387f676ca40b0035f149f16cb98ddcd0f5b59f5d,True
visual_p009-page-009-tile-r01-c01::page-009-tile-r01-c01-structure-tile-001::edge::edge-003,p009-page-009-tile-r01-c01::page-009-tile-r01-c01-structure-tile-001::edge::edge-003,CONTROLLED_SOURCE_PDF/ADA principles for pharmacologic therapy.pdf,7c2913f79b61bc60f8f51327bb73b80391988fd277116b29e57df4242b2a2404,23e55292fd35e93be8252d9109129584a161ccdce0f466df0c737432e53bc23e,page_009_tile_r01_c01,tile,"[0.0,0.0,360.0,360.0]",normalized_0_1000,9,Use of glucose-lowering medications in the management...,visual_edge,Use of glucose-lowering medications in the management...,3,,visual_logic; recommendation_edge,Use of glucose-lowering medications in the management...; Recommendation edge; goal_node; to; +HF_node; ↓,Goal: cardiovascular and kidney risk reduction* → +HF,"[501.0,536.0,673.0,590.0]",CONTROLLED_SOURCE_IMAGE/ada_page_009_tile_r01_c01.png,OMITTED_RAW_MODEL_JSON/visual_logic_page_009_tile_r01_c01.json,extracted_unvalidated,valid,pending,,,False,pending,unreleased,,,22d9431ef0f929c36824cb784a87532b0d1faf63f5570bb357fae1b03647453b,22d9431ef0f929c36824cb784a87532b0d1faf63f5570bb357fae1b03647453b,True
visual_p009-page-009-tile-r01-c01::page-009-tile-r01-c01-structure-tile-001::edge::edge-004,p009-page-009-tile-r01-c01::page-009-tile-r01-c01-structure-tile-001::edge::edge-004,CONTROLLED_SOURCE_PDF/ADA principles for pharmacologic therapy.pdf,7c2913f79b61bc60f8f51327bb73b80391988fd277116b29e57df4242b2a2404,23e55292fd35e93be8252d9109129584a161ccdce0f466df0c737432e53bc23e,page_009_tile_r01_c01,tile,"[0.0,0.0,360.0,360.0]",normalized_0_1000,9,Use of glucose-lowering medications in the management...,visual_edge,Use of glucose-lowering medications in the management...,3,,visual_logic; recommendation_edge,Use of glucose-lowering medications in the management...; Recommendation edge; goal_node; to; +CKD_node; ↓,Goal: cardiovascular and kidney risk reduction* → +CKD eGFR <60 mL/min/1.73 m² or albuminuria (ACR ≥3.0 mg/mmol [30 mg/g]). Repeat measurement is required to confirm CKD,"[689.0,536.0,980.0,590.0]",CONTROLLED_SOURCE_IMAGE/ada_page_009_tile_r01_c01.png,OMITTED_RAW_MODEL_JSON/visual_logic_page_009_tile_r01_c01.json,extracted_unvalidated,valid,pending,,,False,pending,unreleased,,,3e67b56deecfdb75e781abe26b8c4d503501c790f245f5c9a0ce70c1980c82f3,3e67b56deecfdb75e781abe26b8c4d503501c790f245f5c9a0ce70c1980c82f3,True
visual_p009-page-009-tile-r01-c01::page-009-tile-r01-c01-structure-tile-001::edge::edge-005,p009-page-009-tile-r01-c01::page-009-tile-r01-c01-structure-tile-001::edge::edge-005,CONTROLLED_SOURCE_PDF/ADA principles for pharmacologic therapy.pdf,7c2913f79b61bc60f8f51327bb73b80391988fd277116b29e57df4242b2a2404,23e55292fd35e93be8252d9109129584a161ccdce0f466df0c737432e53bc23e,page_009_tile_r01_c01,tile,"[0.0,0.0,360.0,360.0]",normalized_0_1000,9,Use of glucose-lowering medications in the management...,visual_edge,Use of glucose-lowering medications in the management...,3,,visual_logic; recommendation_edge,Use of glucose-lowering medications in the management...; Recommendation edge; +ASCVD_node; to; +ASCVD_high_CVD_risk_node; ↓,+ASCVD+ → +ASCVD/indicators of high CVD risk*,"[143.0,652.0,307.0,698.0]",CONTROLLED_SOURCE_IMAGE/ada_page_009_tile_r01_c01.png,OMITTED_RAW_MODEL_JSON/visual_logic_page_009_tile_r01_c01.json,extracted_unvalidated,valid,pending,,,False,pending,unreleased,,,511477d0e383d74f64bdf83bf52e0c34b0ff8593440f6c4ed0f8f27f4cd5a3b9,511477d0e383d74f64bdf83bf52e0c34b0ff8593440f6c4ed0f8f27f4cd5a3b9,True
visual_p009-page-009-tile-r01-c01::page-009-tile-r01-c01-structure-tile-001::edge::edge-006,p009-page-009-tile-r01-c01::page-009-tile-r01-c01-structure-tile-001::edge::edge-006,CONTROLLED_SOURCE_PDF/ADA principles for pharmacologic therapy.pdf,7c2913f79b61bc60f8f51327bb73b80391988fd277116b29e57df4242b2a2404,23e55292fd35e93be8252d9109129584a161ccdce0f466df0c737432e53bc23e,page_009_tile_r01_c01,tile,"[0.0,0.0,360.0,360.0]",normalized_0_1000,9,Use of glucose-lowering medications in the management...,visual_edge,Use of glucose-lowering medications in the management...,3,,visual_logic; recommendation_edge,Use of glucose-lowering medications in the management...; Recommendation edge; +high_CVD_risk_node; to; +ASCVD_high_CVD_risk_node; ↓,+Indicators of high CVD risk → +ASCVD/indicators of high CVD risk*,"[320.0,652.0,486.0,698.0]",CONTROLLED_SOURCE_IMAGE/ada_page_009_tile_r01_c01.png,OMITTED_RAW_MODEL_JSON/visual_logic_page_009_tile_r01_c01.json,extracted_unvalidated,valid,pending,,,False,pending,unreleased,,,6a67a09207ec42f8c9eaa3b774bdf5096ede9949a859741d4492e8f983389b23,6a67a09207ec42f8c9eaa3b774bdf5096ede9949a859741d4492e8f983389b23,True
visual_p009-page-009-tile-r01-c01::page-009-tile-r01-c01-structure-tile-001::edge::edge-007,p009-page-009-tile-r01-c01::page-009-tile-r01-c01-structure-tile-001::edge::edge-007,CONTROLLED_SOURCE_PDF/ADA principles for pharmacologic therapy.pdf,7c2913f79b61bc60f8f51327bb73b80391988fd277116b29e57df4242b2a2404,23e55292fd35e93be8252d9109129584a161ccdce0f466df0c737432e53bc23e,page_009_tile_r01_c01,tile,"[0.0,0.0,360.0,360.0]",normalized_0_1000,9,Use of glucose-lowering medications in the management...,visual_edge,Use of glucose-lowering medications in the management...,3,,visual_logic; recommendation_edge,Use of glucose-lowering medications in the management...; Recommendation edge; +HF_node; to; SGLT2i_with_HF_node; ↓,+HF → SGLT2i with proven HF benefit in current or prior symptoms of HFrEF or HFpEF,"[501.0,652.0,673.0,698.0]",CONTROLLED_SOURCE_IMAGE/ada_page_009_tile_r01_c01.png,OMITTED_RAW_MODEL_JSON/visual_logic_page_009_tile_r01_c01.json,extracted_unvalidated,valid,pending,,,False,pending,unreleased,,,4bd5a3db4312280e5a75880cbf214c5ce64f195dff4961cd1b0acf0bc1b91de0,4bd5a3db4312280e5a75880cbf214c5ce64f195dff4961cd1b0acf0bc1b91de0,True
visual_p009-page-009-tile-r01-c01::page-009-tile-r01-c01-structure-tile-001::edge::edge-008,p009-page-009-tile-r01-c01::page-009-tile-r01-c01-structure-tile-001::edge::edge-008,CONTROLLED_SOURCE_PDF/ADA principles for pharmacologic therapy.pdf,7c2913f79b61bc60f8f51327bb73b80391988fd277116b29e57df4242b2a2404,23e55292fd35e93be8252d9109129584a161ccdce0f466df0c737432e53bc23e,page_009_tile_r01_c01,tile,"[0.0,0.0,360.0,360.0]",normalized_0_1000,9,Use of glucose-lowering medications in the management...,visual_edge,Use of glucose-lowering medications in the management...,3,,visual_logic; recommendation_edge,Use of glucose-lowering medications in the management...; Recommendation edge; +CKD_node; to; +CKD_on_max_tolerated_node; ↓,+CKD eGFR <60 mL/min/1.73 m² or albuminuria (ACR ≥3.0 mg/mmol [30 mg/g]). Repeat measurement is required to confirm CKD → +CKD (on maximally tolerated dose of ACEi or ARB),"[689.0,698.0,980.0,754.0]",CONTROLLED_SOURCE_IMAGE/ada_page_009_tile_r01_c01.png,OMITTED_RAW_MODEL_JSON/visual_logic_page_009_tile_r01_c01.json,extracted_unvalidated,valid,pending,,,False,pending,unreleased,,,af909deb6acb25b69d122389ee819c3a90cc3c7c76d9479d8ac74571e67a8f70,af909deb6acb25b69d122389ee819c3a90cc3c7c76d9479d8ac74571e67a8f70,True
visual_p009-page-009-tile-r01-c01::page-009-tile-r01-c01-structure-tile-001::edge::edge-009,p009-page-009-tile-r01-c01::page-009-tile-r01-c01-structure-tile-001::edge::edge-009,CONTROLLED_SOURCE_PDF/ADA principles for pharmacologic therapy.pdf,7c2913f79b61bc60f8f51327bb73b80391988fd277116b29e57df4242b2a2404,23e55292fd35e93be8252d9109129584a161ccdce0f466df0c737432e53bc23e,page_009_tile_r01_c01,tile,"[0.0,0.0,360.0,360.0]",normalized_0_1000,9,Use of glucose-lowering medications in the management...,visual_edge,Use of glucose-lowering medications in the management...,3,,visual_logic; recommendation_edge,Use of glucose-lowering medications in the management...; Recommendation edge; +ASCVD_high_CVD_risk_node; to; if_glycemia_above_goal_node; ↓,+ASCVD/indicators of high CVD risk* → If glycemia is above goal,"[143.0,842.0,501.0,890.0]",CONTROLLED_SOURCE_IMAGE/ada_page_009_tile_r01_c01.png,OMITTED_RAW_MODEL_JSON/visual_logic_page_009_tile_r01_c01.json,extracted_unvalidated,valid,pending,,,False,pending,unreleased,,,d44513735c138bdc8a41aecf3501dde5bc01f4b1741c633a5d0c5f1541d073b4,d44513735c138bdc8a41aecf3501dde5bc01f4b1741c633a5d0c5f1541d073b4,True
visual_p009-page-009-tile-r01-c01::page-009-tile-r01-c01-structure-tile-001::edge::edge-010,p009-page-009-tile-r01-c01::page-009-tile-r01-c01-structure-tile-001::edge::edge-010,CONTROLLED_SOURCE_PDF/ADA principles for pharmacologic therapy.pdf,7c2913f79b61bc60f8f51327bb73b80391988fd277116b29e57df4242b2a2404,23e55292fd35e93be8252d9109129584a161ccdce0f466df0c737432e53bc23e,page_009_tile_r01_c01,tile,"[0.0,0.0,360.0,360.0]",normalized_0_1000,9,Use of glucose-lowering medications in the management...,visual_edge,Use of glucose-lowering medications in the management...,3,,visual_logic; recommendation_edge,Use of glucose-lowering medications in the management...; Recommendation edge; SGLT2i_with_HF_node; to; SGLT2i_and_or_dual_GIP_node; ↓,SGLT2i with proven HF benefit in current or prior symptoms of HFrEF or HFpEF → SGLT2i and/or either dual GIP/GLP-1 RA or GLP-1 RA with proven benefit in symptomatic HFpEF and obesity,"[501.0,842.0,673.0,890.0]",CONTROLLED_SOURCE_IMAGE/ada_page_009_tile_r01_c01.png,OMITTED_RAW_MODEL_JSON/visual_logic_page_009_tile_r01_c01.json,extracted_unvalidated,valid,pending,,,False,pending,unreleased,,,6534b22c45c826591af3ea40448c557fe89fdeaa858e27f988c28ecdd97be4e7,6534b22c45c826591af3ea40448c557fe89fdeaa858e27f988c28ecdd97be4e7,True
visual_p009-page-009-tile-r01-c01::page-009-tile-r01-c01-structure-tile-001::edge::edge-011,p009-page-009-tile-r01-c01::page-009-tile-r01-c01-structure-tile-001::edge::edge-011,CONTROLLED_SOURCE_PDF/ADA principles for pharmacologic therapy.pdf,7c2913f79b61bc60f8f51327bb73b80391988fd277116b29e57df4242b2a2404,23e55292fd35e93be8252d9109129584a161ccdce0f466df0c737432e53bc23e,page_009_tile_r01_c01,tile,"[0.0,0.0,360.0,360.0]",normalized_0_1000,9,Use of glucose-lowering medications in the management...,visual_edge,Use of glucose-lowering medications in the management...,3,,visual_logic; recommendation_edge,Use of glucose-lowering medications in the management...; Recommendation edge; +CKD_on_max_tolerated_node; to; SGLT2i_with_CKD_progression_node; ↓,+CKD (on maximally tolerated dose of ACEi or ARB) → SGLT2i with primary evidence of reducing CKD progression,"[689.0,831.0,980.0,842.0]",CONTROLLED_SOURCE_IMAGE/ada_page_009_tile_r01_c01.png,OMITTED_RAW_MODEL_JSON/visual_logic_page_009_tile_r01_c01.json,extracted_unvalidated,valid,pending,,,False,pending,unreleased,,,31c73c0567f998ee7b78cdad6c3800dd31286b06421623341bcce97a2cda4a3c,31c73c0567f998ee7b78cdad6c3800dd31286b06421623341bcce97a2cda4a3c,True
visual_p009-page-009-tile-r01-c02::page-009-tile-r01-c02-structure-tile-r01-c02::edge::edge-001,p009-page-009-tile-r01-c02::page-009-tile-r01-c02-structure-tile-r01-c02::edge::edge-001,CONTROLLED_SOURCE_PDF/ADA principles for pharmacologic therapy.pdf,7c2913f79b61bc60f8f51327bb73b80391988fd277116b29e57df4242b2a2404,ac9895088166584c4f4d973a5590b2d315454f82a669fd42fc3648381d58b5a1,page_009_tile_r01_c02,tile,"[233.972,0.0,593.972,360.0]",normalized_0_1000,9,Medications in the management of type 2 diabetes,visual_edge,Medications in the management of type 2 diabetes,3,,visual_logic; recommendation_edge,Medications in the management of type 2 diabetes; Recommendation edge; N1; to; N6; →,Risk reduction* → Goal: achievement and maintenance of weight and glycemic goals,"[0.0,475.0,817.0,539.0]",CONTROLLED_SOURCE_IMAGE/ada_page_009_tile_r01_c02.png,OMITTED_RAW_MODEL_JSON/visual_logic_page_009_tile_r01_c02.json,extracted_unvalidated,valid,pending,,,False,pending,unreleased,,,61066e267cd755054c293a8243141eb9fc489fa735daaca10bd69633057a762d,61066e267cd755054c293a8243141eb9fc489fa735daaca10bd69633057a762d,True
visual_p009-page-009-tile-r01-c02::page-009-tile-r01-c02-structure-tile-r01-c02::edge::edge-002,p009-page-009-tile-r01-c02::page-009-tile-r01-c02-structure-tile-r01-c02::edge::edge-002,CONTROLLED_SOURCE_PDF/ADA principles for pharmacologic therapy.pdf,7c2913f79b61bc60f8f51327bb73b80391988fd277116b29e57df4242b2a2404,ac9895088166584c4f4d973a5590b2d315454f82a669fd42fc3648381d58b5a1,page_009_tile_r01_c02,tile,"[233.972,0.0,593.972,360.0]",normalized_0_1000,9,Medications in the management of type 2 diabetes,visual_edge,Medications in the management of type 2 diabetes,3,,visual_logic; recommendation_edge,Medications in the management of type 2 diabetes; Recommendation edge; N6; to; N3; →,Goal: achievement and maintenance of weight and glycemic goals → +Weight management,"[406.0,475.0,817.0,590.0]",CONTROLLED_SOURCE_IMAGE/ada_page_009_tile_r01_c02.png,OMITTED_RAW_MODEL_JSON/visual_logic_page_009_tile_r01_c02.json,extracted_unvalidated,valid,pending,,,False,pending,unreleased,,,d7fe9124241360aee2b4a2f54862c23c57f1e23e83958aecb23e1b2fc7d32b62,d7fe9124241360aee2b4a2f54862c23c57f1e23e83958aecb23e1b2fc7d32b62,True
visual_p009-page-009-tile-r01-c02::page-009-tile-r01-c02-structure-tile-r01-c02::edge::edge-003,p009-page-009-tile-r01-c02::page-009-tile-r01-c02-structure-tile-r01-c02::edge::edge-003,CONTROLLED_SOURCE_PDF/ADA principles for pharmacologic therapy.pdf,7c2913f79b61bc60f8f51327bb73b80391988fd277116b29e57df4242b2a2404,ac9895088166584c4f4d973a5590b2d315454f82a669fd42fc3648381d58b5a1,page_009_tile_r01_c02,tile,"[233.972,0.0,593.972,360.0]",normalized_0_1000,9,Medications in the management of type 2 diabetes,visual_edge,Medications in the management of type 2 diabetes,3,,visual_logic; recommendation_edge,Medications in the management of type 2 diabetes; Recommendation edge; N6; to; N5; →,Goal: achievement and maintenance of weight and glycemic goals → +Achievement and maintenance of glycemic goals,"[406.0,475.0,817.0,604.0]",CONTROLLED_SOURCE_IMAGE/ada_page_009_tile_r01_c02.png,OMITTED_RAW_MODEL_JSON/visual_logic_page_009_tile_r01_c02.json,extracted_unvalidated,valid,pending,,,False,pending,unreleased,,,f5e801ca04dc889fce56248965b98b854353bace24a914da5189273fce0ad0af,f5e801ca04dc889fce56248965b98b854353bace24a914da5189273fce0ad0af,True
visual_p009-page-009-tile-r01-c02::page-009-tile-r01-c02-structure-tile-r01-c02::edge::edge-004,p009-page-009-tile-r01-c02::page-009-tile-r01-c02-structure-tile-r01-c02::edge::edge-004,CONTROLLED_SOURCE_PDF/ADA principles for pharmacologic therapy.pdf,7c2913f79b61bc60f8f51327bb73b80391988fd277116b29e57df4242b2a2404,ac9895088166584c4f4d973a5590b2d315454f82a669fd42fc3648381d58b5a1,page_009_tile_r01_c02,tile,"[233.972,0.0,593.972,360.0]",normalized_0_1000,9,Medications in the management of type 2 diabetes,visual_edge,Medications in the management of type 2 diabetes,3,,visual_logic; recommendation_edge,Medications in the management of type 2 diabetes; Recommendation edge; N2; to; N4; →,+CKD → +CKD (on maximally tolerated dose of ACEi or ARB),"[0.0,590.0,338.0,756.0]",CONTROLLED_SOURCE_IMAGE/ada_page_009_tile_r01_c02.png,OMITTED_RAW_MODEL_JSON/visual_logic_page_009_tile_r01_c02.json,extracted_unvalidated,valid,pending,,,False,pending,unreleased,,,c1564132136b946a1f45ffe63b2d661d06263de7b26f43ba5a2366b97597fa31,c1564132136b946a1f45ffe63b2d661d06263de7b26f43ba5a2366b97597fa31,True
visual_p009-page-009-tile-r01-c02::page-009-tile-r01-c02-structure-tile-r01-c02::edge::edge-005,p009-page-009-tile-r01-c02::page-009-tile-r01-c02-structure-tile-r01-c02::edge::edge-005,CONTROLLED_SOURCE_PDF/ADA principles for pharmacologic therapy.pdf,7c2913f79b61bc60f8f51327bb73b80391988fd277116b29e57df4242b2a2404,ac9895088166584c4f4d973a5590b2d315454f82a669fd42fc3648381d58b5a1,page_009_tile_r01_c02,tile,"[233.972,0.0,593.972,360.0]",normalized_0_1000,9,Medications in the management of type 2 diabetes,visual_edge,Medications in the management of type 2 diabetes,3,,visual_logic; recommendation_edge,Medications in the management of type 2 diabetes; Recommendation edge; N4; to; N9; →,+CKD (on maximally tolerated dose of ACEi or ARB) → SGLT2i with primary evidence of reducing CKD progression,"[42.0,756.0,338.0,820.0]",CONTROLLED_SOURCE_IMAGE/ada_page_009_tile_r01_c02.png,OMITTED_RAW_MODEL_JSON/visual_logic_page_009_tile_r01_c02.json,extracted_unvalidated,valid,pending,,,False,pending,unreleased,,,88f6ace830e6081713f89003937871fe923254cc3acac45aec7eb0b431b351b3,88f6ace830e6081713f89003937871fe923254cc3acac45aec7eb0b431b351b3,True
visual_p009-page-009-tile-r01-c02::page-009-tile-r01-c02-structure-tile-r01-c02::edge::edge-007,p009-page-009-tile-r01-c02::page-009-tile-r01-c02-structure-tile-r01-c02::edge::edge-007,CONTROLLED_SOURCE_PDF/ADA principles for pharmacologic therapy.pdf,7c2913f79b61bc60f8f51327bb73b80391988fd277116b29e57df4242b2a2404,ac9895088166584c4f4d973a5590b2d315454f82a669fd42fc3648381d58b5a1,page_009_tile_r01_c02,tile,"[233.972,0.0,593.972,360.0]",normalized_0_1000,9,Medications in the management of type 2 diabetes,visual_edge,Medications in the management of type 2 diabetes,3,,visual_logic; recommendation_edge,Medications in the management of type 2 diabetes; Recommendation edge; N4; to; N10; →,+CKD (on maximally tolerated dose of ACEi or ARB) → Metformin or other agent (including combination therapy) that provides adequate efficacy to achieve and maintain glycemic treatment goals.,"[42.0,756.0,817.0,903.0]",CONTROLLED_SOURCE_IMAGE/ada_page_009_tile_r01_c02.png,OMITTED_RAW_MODEL_JSON/visual_logic_page_009_tile_r01_c02.json,extracted_unvalidated,valid,pending,,,False,pending,unreleased,,,a2bc499c0072c8668e23a4adcd66b58196d82ebad6617b967edf2e4ab34fbed4,a2bc499c0072c8668e23a4adcd66b58196d82ebad6617b967edf2e4ab34fbed4,True
visual_p009-page-009-tile-r01-c02::page-009-tile-r01-c02-structure-tile-r01-c02::edge::edge-008,p009-page-009-tile-r01-c02::page-009-tile-r01-c02-structure-tile-r01-c02::edge::edge-008,CONTROLLED_SOURCE_PDF/ADA principles for pharmacologic therapy.pdf,7c2913f79b61bc60f8f51327bb73b80391988fd277116b29e57df4242b2a2404,ac9895088166584c4f4d973a5590b2d315454f82a669fd42fc3648381d58b5a1,page_009_tile_r01_c02,tile,"[233.972,0.0,593.972,360.0]",normalized_0_1000,9,Medications in the management of type 2 diabetes,visual_edge,Medications in the management of type 2 diabetes,3,,visual_logic; recommendation_edge,Medications in the management of type 2 diabetes; Recommendation edge; N3; to; N7; →,+Weight management → Efficacy for weight loss,"[406.0,590.0,817.0,725.0]",CONTROLLED_SOURCE_IMAGE/ada_page_009_tile_r01_c02.png,OMITTED_RAW_MODEL_JSON/visual_logic_page_009_tile_r01_c02.json,extracted_unvalidated,valid,pending,,,False,pending,unreleased,,,dcd38c2480389f8039c748cb17e66f3380500a3d20996e98effa36504eca6220,dcd38c2480389f8039c748cb17e66f3380500a3d20996e98effa36504eca6220,True
visual_p009-page-009-tile-r01-c02::page-009-tile-r01-c02-structure-tile-r01-c02::edge::edge-009,p009-page-009-tile-r01-c02::page-009-tile-r01-c02-structure-tile-r01-c02::edge::edge-009,CONTROLLED_SOURCE_PDF/ADA principles for pharmacologic therapy.pdf,7c2913f79b61bc60f8f51327bb73b80391988fd277116b29e57df4242b2a2404,ac9895088166584c4f4d973a5590b2d315454f82a669fd42fc3648381d58b5a1,page_009_tile_r01_c02,tile,"[233.972,0.0,593.972,360.0]",normalized_0_1000,9,Medications in the management of type 2 diabetes,visual_edge,Medications in the management of type 2 diabetes,3,,visual_logic; recommendation_edge,Medications in the management of type 2 diabetes; Recommendation edge; N5; to; N10; →,+Achievement and maintenance of glycemic goals → Metformin or other agent (including combination therapy) that provides adequate efficacy to achieve and maintain glycemic treatment goals.,"[530.0,604.0,817.0,903.0]",CONTROLLED_SOURCE_IMAGE/ada_page_009_tile_r01_c02.png,OMITTED_RAW_MODEL_JSON/visual_logic_page_009_tile_r01_c02.json,extracted_unvalidated,valid,pending,,,False,pending,unreleased,,,a8436c6a3858a35954a82657f1282cc16fe29970452b8f2b954a011bd01844d6,a8436c6a3858a35954a82657f1282cc16fe29970452b8f2b954a011bd01844d6,True
visual_p009-page-009-tile-r01-c02::page-009-tile-r01-c02-structure-tile-r01-c02::edge::edge-010,p009-page-009-tile-r01-c02::page-009-tile-r01-c02-structure-tile-r01-c02::edge::edge-010,CONTROLLED_SOURCE_PDF/ADA principles for pharmacologic therapy.pdf,7c2913f79b61bc60f8f51327bb73b80391988fd277116b29e57df4242b2a2404,ac9895088166584c4f4d973a5590b2d315454f82a669fd42fc3648381d58b5a1,page_009_tile_r01_c02,tile,"[233.972,0.0,593.972,360.0]",normalized_0_1000,9,Medications in the management of type 2 diabetes,visual_edge,Medications in the management of type 2 diabetes,3,,visual_logic; recommendation_edge,Medications in the management of type 2 diabetes; Recommendation edge; N7; to; N11; →,"Efficacy for weight loss → Very high: Semaglutide, tirzepatide","[406.0,725.0,817.0,785.0]",CONTROLLED_SOURCE_IMAGE/ada_page_009_tile_r01_c02.png,OMITTED_RAW_MODEL_JSON/visual_logic_page_009_tile_r01_c02.json,extracted_unvalidated,valid,pending,,,False,pending,unreleased,,,4382a05cae2e68ac3615469146c2a4c60dd8f0dd4b1ef2211a52f6133b0c308f,4382a05cae2e68ac3615469146c2a4c60dd8f0dd4b1ef2211a52f6133b0c308f,True
visual_p009-page-009-tile-r01-c02::page-009-tile-r01-c02-structure-tile-r01-c02::edge::edge-011,p009-page-009-tile-r01-c02::page-009-tile-r01-c02-structure-tile-r01-c02::edge::edge-011,CONTROLLED_SOURCE_PDF/ADA principles for pharmacologic therapy.pdf,7c2913f79b61bc60f8f51327bb73b80391988fd277116b29e57df4242b2a2404,ac9895088166584c4f4d973a5590b2d315454f82a669fd42fc3648381d58b5a1,page_009_tile_r01_c02,tile,"[233.972,0.0,593.972,360.0]",normalized_0_1000,9,Medications in the management of type 2 diabetes,visual_edge,Medications in the management of type 2 diabetes,3,,visual_logic; recommendation_edge,Medications in the management of type 2 diabetes; Recommendation edge; N7; to; N12; →,"Efficacy for weight loss → High: Dulaglutide, liraglutide","[406.0,785.0,817.0,839.0]",CONTROLLED_SOURCE_IMAGE/ada_page_009_tile_r01_c02.png,OMITTED_RAW_MODEL_JSON/visual_logic_page_009_tile_r01_c02.json,extracted_unvalidated,valid,pending,,,False,pending,unreleased,,,8c06a81ae45ef0ac9dd56000e2a7d8024cc18fe27597a9e5a172950c00522db8,8c06a81ae45ef0ac9dd56000e2a7d8024cc18fe27597a9e5a172950c00522db8,True
visual_p009-page-009-tile-r01-c02::page-009-tile-r01-c02-structure-tile-r01-c02::edge::edge-012,p009-page-009-tile-r01-c02::page-009-tile-r01-c02-structure-tile-r01-c02::edge::edge-012,CONTROLLED_SOURCE_PDF/ADA principles for pharmacologic therapy.pdf,7c2913f79b61bc60f8f51327bb73b80391988fd277116b29e57df4242b2a2404,ac9895088166584c4f4d973a5590b2d315454f82a669fd42fc3648381d58b5a1,page_009_tile_r01_c02,tile,"[233.972,0.0,593.972,360.0]",normalized_0_1000,9,Medications in the management of type 2 diabetes,visual_edge,Medications in the management of type 2 diabetes,3,,visual_logic; recommendation_edge,Medications in the management of type 2 diabetes; Recommendation edge; N7; to; N13; →,Efficacy for weight loss → Intermediate: GLP-1 RA (not listed above),"[406.0,839.0,817.0,879.0]",CONTROLLED_SOURCE_IMAGE/ada_page_009_tile_r01_c02.png,OMITTED_RAW_MODEL_JSON/visual_logic_page_009_tile_r01_c02.json,extracted_unvalidated,valid,pending,,,False,pending,unreleased,,,9f541ab49d9cf3543df9e24ff7121d170f066f0a2347f334189e0eb978e2c5ae,9f541ab49d9cf3543df9e24ff7121d170f066f0a2347f334189e0eb978e2c5ae,True
visual_p009-page-009-tile-r01-c02::page-009-tile-r01-c02-structure-tile-r01-c02::edge::edge-013,p009-page-009-tile-r01-c02::page-009-tile-r01-c02-structure-tile-r01-c02::edge::edge-013,CONTROLLED_SOURCE_PDF/ADA principles for pharmacologic therapy.pdf,7c2913f79b61bc60f8f51327bb73b80391988fd277116b29e57df4242b2a2404,ac9895088166584c4f4d973a5590b2d315454f82a669fd42fc3648381d58b5a1,page_009_tile_r01_c02,tile,"[233.972,0.0,593.972,360.0]",normalized_0_1000,9,Medications in the management of type 2 diabetes,visual_edge,Medications in the management of type 2 diabetes,3,,visual_logic; recommendation_edge,Medications in the management of type 2 diabetes; Recommendation edge; N5; to; N8; →,+Achievement and maintenance of glycemic goals → Efficacy for glucose lowering,"[530.0,604.0,817.0,912.0]",CONTROLLED_SOURCE_IMAGE/ada_page_009_tile_r01_c02.png,OMITTED_RAW_MODEL_JSON/visual_logic_page_009_tile_r01_c02.json,extracted_unvalidated,valid,pending,,,False,pending,unreleased,,,c58ce015dc6e906a4d5ae88753fac606b8a269012f3f7d815bfe57bf980294d8,c58ce015dc6e906a4d5ae88753fac606b8a269012f3f7d815bfe57bf980294d8,True
visual_p009-page-009-tile-r01-c02::page-009-tile-r01-c02-structure-tile-r01-c02::edge::edge-014,p009-page-009-tile-r01-c02::page-009-tile-r01-c02-structure-tile-r01-c02::edge::edge-014,CONTROLLED_SOURCE_PDF/ADA principles for pharmacologic therapy.pdf,7c2913f79b61bc60f8f51327bb73b80391988fd277116b29e57df4242b2a2404,ac9895088166584c4f4d973a5590b2d315454f82a669fd42fc3648381d58b5a1,page_009_tile_r01_c02,tile,"[233.972,0.0,593.972,360.0]",normalized_0_1000,9,Medications in the management of type 2 diabetes,visual_edge,Medications in the management of type 2 diabetes,3,,visual_logic; recommendation_edge,Medications in the management of type 2 diabetes; Recommendation edge; N8; to; N14; →,"Efficacy for glucose lowering → Very high: Dulaglutide (high dose),","[530.0,912.0,817.0,948.0]",CONTROLLED_SOURCE_IMAGE/ada_page_009_tile_r01_c02.png,OMITTED_RAW_MODEL_JSON/visual_logic_page_009_tile_r01_c02.json,extracted_unvalidated,valid,pending,,,False,pending,unreleased,,,cd280f25821c8696710e173fc71881c566046bdf42283950e821f98b877f2f03,cd280f25821c8696710e173fc71881c566046bdf42283950e821f98b877f2f03,True
visual_p009-page-009-tile-r01-c02::page-009-tile-r01-c02-structure-tile-r01-c02::edge::edge-015,p009-page-009-tile-r01-c02::page-009-tile-r01-c02-structure-tile-r01-c02::edge::edge-015,CONTROLLED_SOURCE_PDF/ADA principles for pharmacologic therapy.pdf,7c2913f79b61bc60f8f51327bb73b80391988fd277116b29e57df4242b2a2404,ac9895088166584c4f4d973a5590b2d315454f82a669fd42fc3648381d58b5a1,page_009_tile_r01_c02,tile,"[233.972,0.0,593.972,360.0]",normalized_0_1000,9,Medications in the management of type 2 diabetes,visual_edge,Medications in the management of type 2 diabetes,3,,visual_logic; recommendation_edge,Medications in the management of type 2 diabetes; Recommendation edge; N10; to; N8; →,Metformin or other agent (including combination therapy) that provides adequate efficacy to achieve and maintain glycemic treatment goals. → Efficacy for glucose lowering,"[530.0,725.0,817.0,912.0]",CONTROLLED_SOURCE_IMAGE/ada_page_009_tile_r01_c02.png,OMITTED_RAW_MODEL_JSON/visual_logic_page_009_tile_r01_c02.json,extracted_unvalidated,valid,pending,,,False,pending,unreleased,,,7f31c7cb75ebf59a9c674668716d00b81dd9fef03565a9abab0fd5d7b78a7873,7f31c7cb75ebf59a9c674668716d00b81dd9fef03565a9abab0fd5d7b78a7873,True
visual_p009-page-009-tile-r02-c01::page-009-tile-r02-c01-structure-tile-001::edge::edge-001,p009-page-009-tile-r02-c01::page-009-tile-r02-c01-structure-tile-001::edge::edge-001,CONTROLLED_SOURCE_PDF/ADA principles for pharmacologic therapy.pdf,7c2913f79b61bc60f8f51327bb73b80391988fd277116b29e57df4242b2a2404,936835293d1d5e15feb927064c3384c4f71d8817072e7850048a8ee7cb0d0396,page_009_tile_r02_c01,tile,"[0.0,288.0,360.0,648.0]",normalized_0_1000,9,Clinical Guideline Evidence for Glycemic Management and Comorbidity Risk Reduction,visual_edge,Clinical Guideline Evidence for Glycemic Management and Comorbidity Risk Reduction,3,,visual_logic; recommendation_edge,"Clinical Guideline Evidence for Glycemic Management and Comorbidity Risk Reduction; Recommendation edge; node_01; to; node_02; If glycemia is above goal → If additional cardiovascular and kidney risk reduction, management of other metabolic comorbidities, and/or glycemic lowering is needed","If glycemia is above goal → If additional cardiovascular and kidney risk reduction, management of other metabolic comorbidities, and/or glycemic lowering is needed","[140.0,269.0,820.0,456.0]",CONTROLLED_SOURCE_IMAGE/ada_page_009_tile_r02_c01.png,OMITTED_RAW_MODEL_JSON/visual_logic_page_009_tile_r02_c01.json,extracted_unvalidated,valid,pending,,,False,pending,unreleased,,,63b3f17aec2894310d198466a6138bfe0d03df0fd73ec1959ee084f16a23ae06,63b3f17aec2894310d198466a6138bfe0d03df0fd73ec1959ee084f16a23ae06,True
visual_p009-page-009-tile-r02-c01::page-009-tile-r02-c01-structure-tile-001::edge::edge-002,p009-page-009-tile-r02-c01::page-009-tile-r02-c01-structure-tile-001::edge::edge-002,CONTROLLED_SOURCE_PDF/ADA principles for pharmacologic therapy.pdf,7c2913f79b61bc60f8f51327bb73b80391988fd277116b29e57df4242b2a2404,936835293d1d5e15feb927064c3384c4f71d8817072e7850048a8ee7cb0d0396,page_009_tile_r02_c01,tile,"[0.0,288.0,360.0,648.0]",normalized_0_1000,9,Clinical Guideline Evidence for Glycemic Management and Comorbidity Risk Reduction,visual_edge,Clinical Guideline Evidence for Glycemic Management and Comorbidity Risk Reduction,3,,visual_logic; recommendation_edge,"Clinical Guideline Evidence for Glycemic Management and Comorbidity Risk Reduction; Recommendation edge; node_02; to; node_03; +Mitigating risk of MASLD or MASH; If additional cardiovascular and kidney risk reduction, management of other metabolic comorbidities, and/or glycemic lowering is needed → Agents with proven or potential benefit in MASLD or MASH","If additional cardiovascular and kidney risk reduction, management of other metabolic comorbidities, and/or glycemic lowering is needed → Agents with proven or potential benefit in MASLD or MASH","[140.0,539.0,980.0,652.0]",CONTROLLED_SOURCE_IMAGE/ada_page_009_tile_r02_c01.png,OMITTED_RAW_MODEL_JSON/visual_logic_page_009_tile_r02_c01.json,extracted_unvalidated,valid,pending,,,False,pending,unreleased,,,b1c78b92c8239cddd4c445910bb250001597c3b8598849bfec29aa83bd208f6a,b1c78b92c8239cddd4c445910bb250001597c3b8598849bfec29aa83bd208f6a,True
visual_p009-page-009-tile-r02-c02::page-009-tile-r02-c02-structure-tile-r02-c02::edge::edge-003,p009-page-009-tile-r02-c02::page-009-tile-r02-c02-structure-tile-r02-c02::edge::edge-003,CONTROLLED_SOURCE_PDF/ADA principles for pharmacologic therapy.pdf,7c2913f79b61bc60f8f51327bb73b80391988fd277116b29e57df4242b2a2404,16c3522a55a32f083a61b6c439e61e267b7d6d3d8e66f8cfe911c1143cba8dab,page_009_tile_r02_c02,tile,"[233.972,288.0,593.972,648.0]",normalized_0_1000,9,Clinical Guideline Evidence for Glycemic Management in T2D with CKD or MASLD/MASH,visual_edge,Clinical Guideline Evidence for Glycemic Management in T2D with CKD or MASLD/MASH,3,,visual_logic; recommendation_edge,Clinical Guideline Evidence for Glycemic Management in T2D with CKD or MASLD/MASH; Recommendation edge; n3; to; n1; →,SGLT2i with primary evidence of reducing CKD progression → If glycemia is above goal or significant hypoglycemia or hyperglycemia or barriers to care are identified,"[50.0,64.0,813.0,462.0]",CONTROLLED_SOURCE_IMAGE/ada_page_009_tile_r02_c02.png,OMITTED_RAW_MODEL_JSON/visual_logic_page_009_tile_r02_c02.json,extracted_unvalidated,valid,pending,,,False,pending,unreleased,,,69b72e6ed7f5f88d0424f0bd60fa513f6db78c413032600338222a935e33b1e6,69b72e6ed7f5f88d0424f0bd60fa513f6db78c413032600338222a935e33b1e6,True
visual_p009-page-009-tile-r02-c02::page-009-tile-r02-c02-structure-tile-r02-c02::edge::edge-004,p009-page-009-tile-r02-c02::page-009-tile-r02-c02-structure-tile-r02-c02::edge::edge-004,CONTROLLED_SOURCE_PDF/ADA principles for pharmacologic therapy.pdf,7c2913f79b61bc60f8f51327bb73b80391988fd277116b29e57df4242b2a2404,16c3522a55a32f083a61b6c439e61e267b7d6d3d8e66f8cfe911c1143cba8dab,page_009_tile_r02_c02,tile,"[233.972,288.0,593.972,648.0]",normalized_0_1000,9,Clinical Guideline Evidence for Glycemic Management in T2D with CKD or MASLD/MASH,visual_edge,Clinical Guideline Evidence for Glycemic Management in T2D with CKD or MASLD/MASH,3,,visual_logic; recommendation_edge,Clinical Guideline Evidence for Glycemic Management in T2D with CKD or MASLD/MASH; Recommendation edge; n4; to; n1; →,GLP-1 RA# with proven CKD benefit → If glycemia is above goal or significant hypoglycemia or hyperglycemia or barriers to care are identified,"[50.0,236.0,813.0,462.0]",CONTROLLED_SOURCE_IMAGE/ada_page_009_tile_r02_c02.png,OMITTED_RAW_MODEL_JSON/visual_logic_page_009_tile_r02_c02.json,extracted_unvalidated,valid,pending,,,False,pending,unreleased,,,e3b7ab11dd6dc77ca17d9a72c0e467db050105c95bb9e7f82ceb76db09c05b85,e3b7ab11dd6dc77ca17d9a72c0e467db050105c95bb9e7f82ceb76db09c05b85,True
visual_p009-page-009-tile-r02-c02::page-009-tile-r02-c02-structure-tile-r02-c02::edge::edge-005,p009-page-009-tile-r02-c02::page-009-tile-r02-c02-structure-tile-r02-c02::edge::edge-005,CONTROLLED_SOURCE_PDF/ADA principles for pharmacologic therapy.pdf,7c2913f79b61bc60f8f51327bb73b80391988fd277116b29e57df4242b2a2404,16c3522a55a32f083a61b6c439e61e267b7d6d3d8e66f8cfe911c1143cba8dab,page_009_tile_r02_c02,tile,"[233.972,288.0,593.972,648.0]",normalized_0_1000,9,Clinical Guideline Evidence for Glycemic Management in T2D with CKD or MASLD/MASH,visual_edge,Clinical Guideline Evidence for Glycemic Management in T2D with CKD or MASLD/MASH,3,,visual_logic; recommendation_edge,Clinical Guideline Evidence for Glycemic Management in T2D with CKD or MASLD/MASH; Recommendation edge; n5; to; n9; →,"Very high: Semaglutide, tirzepatide → Very high: Dulaglutide (high dose), semaglutide, tirzepatide, insulin Combination oral, combination injectable (GLP-1 RA and insulin)","[407.0,48.0,593.0,200.0]",CONTROLLED_SOURCE_IMAGE/ada_page_009_tile_r02_c02.png,OMITTED_RAW_MODEL_JSON/visual_logic_page_009_tile_r02_c02.json,extracted_unvalidated,valid,pending,,,False,pending,unreleased,,,ee9fb963d5edf3e09489ab24fad930f14af73ad50c8f312d136d1b5bac4d23a6,ee9fb963d5edf3e09489ab24fad930f14af73ad50c8f312d136d1b5bac4d23a6,True
visual_p009-page-009-tile-r02-c02::page-009-tile-r02-c02-structure-tile-r02-c02::edge::edge-006,p009-page-009-tile-r02-c02::page-009-tile-r02-c02-structure-tile-r02-c02::edge::edge-006,CONTROLLED_SOURCE_PDF/ADA principles for pharmacologic therapy.pdf,7c2913f79b61bc60f8f51327bb73b80391988fd277116b29e57df4242b2a2404,16c3522a55a32f083a61b6c439e61e267b7d6d3d8e66f8cfe911c1143cba8dab,page_009_tile_r02_c02,tile,"[233.972,288.0,593.972,648.0]",normalized_0_1000,9,Clinical Guideline Evidence for Glycemic Management in T2D with CKD or MASLD/MASH,visual_edge,Clinical Guideline Evidence for Glycemic Management in T2D with CKD or MASLD/MASH,3,,visual_logic; recommendation_edge,Clinical Guideline Evidence for Glycemic Management in T2D with CKD or MASLD/MASH; Recommendation edge; n6; to; n9; →,"High: Dulaglutide, liraglutide → Very high: Dulaglutide (high dose), semaglutide, tirzepatide, insulin Combination oral, combination injectable (GLP-1 RA and insulin)","[407.0,84.0,593.0,200.0]",CONTROLLED_SOURCE_IMAGE/ada_page_009_tile_r02_c02.png,OMITTED_RAW_MODEL_JSON/visual_logic_page_009_tile_r02_c02.json,extracted_unvalidated,valid,pending,,,False,pending,unreleased,,,d4b21c14b3eb6e2cd2e9883ef95612d74a13c3da0c0336e3f5e527efe1adf5e8,d4b21c14b3eb6e2cd2e9883ef95612d74a13c3da0c0336e3f5e527efe1adf5e8,True
visual_p009-page-009-tile-r02-c02::page-009-tile-r02-c02-structure-tile-r02-c02::edge::edge-007,p009-page-009-tile-r02-c02::page-009-tile-r02-c02-structure-tile-r02-c02::edge::edge-007,CONTROLLED_SOURCE_PDF/ADA principles for pharmacologic therapy.pdf,7c2913f79b61bc60f8f51327bb73b80391988fd277116b29e57df4242b2a2404,16c3522a55a32f083a61b6c439e61e267b7d6d3d8e66f8cfe911c1143cba8dab,page_009_tile_r02_c02,tile,"[233.972,288.0,593.972,648.0]",normalized_0_1000,9,Clinical Guideline Evidence for Glycemic Management in T2D with CKD or MASLD/MASH,visual_edge,Clinical Guideline Evidence for Glycemic Management in T2D with CKD or MASLD/MASH,3,,visual_logic; recommendation_edge,Clinical Guideline Evidence for Glycemic Management in T2D with CKD or MASLD/MASH; Recommendation edge; n7; to; n9; →,"Intermediate: GLP-1 RA (not listed above), SGLT2i → Very high: Dulaglutide (high dose), semaglutide, tirzepatide, insulin Combination oral, combination injectable (GLP-1 RA and insulin)","[407.0,128.0,593.0,200.0]",CONTROLLED_SOURCE_IMAGE/ada_page_009_tile_r02_c02.png,OMITTED_RAW_MODEL_JSON/visual_logic_page_009_tile_r02_c02.json,extracted_unvalidated,valid,pending,,,False,pending,unreleased,,,d9e602bff5bd25540e8417333d0d991c02279fafce8256f7d966bf69f8c7a26e,d9e602bff5bd25540e8417333d0d991c02279fafce8256f7d966bf69f8c7a26e,True
visual_p009-page-009-tile-r02-c02::page-009-tile-r02-c02-structure-tile-r02-c02::edge::edge-008,p009-page-009-tile-r02-c02::page-009-tile-r02-c02-structure-tile-r02-c02::edge::edge-008,CONTROLLED_SOURCE_PDF/ADA principles for pharmacologic therapy.pdf,7c2913f79b61bc60f8f51327bb73b80391988fd277116b29e57df4242b2a2404,16c3522a55a32f083a61b6c439e61e267b7d6d3d8e66f8cfe911c1143cba8dab,page_009_tile_r02_c02,tile,"[233.972,288.0,593.972,648.0]",normalized_0_1000,9,Clinical Guideline Evidence for Glycemic Management in T2D with CKD or MASLD/MASH,visual_edge,Clinical Guideline Evidence for Glycemic Management in T2D with CKD or MASLD/MASH,3,,visual_logic; recommendation_edge,Clinical Guideline Evidence for Glycemic Management in T2D with CKD or MASLD/MASH; Recommendation edge; n8; to; n10; →,"Neutral: Metformin, DPP-4i → High: GLP-1 RA (not listed above), metformin, pioglitazone, SGLT2i, sulfonylurea","[407.0,164.0,593.0,240.0]",CONTROLLED_SOURCE_IMAGE/ada_page_009_tile_r02_c02.png,OMITTED_RAW_MODEL_JSON/visual_logic_page_009_tile_r02_c02.json,extracted_unvalidated,valid,pending,,,False,pending,unreleased,,,26ba519f9dfe380ebf917453c538a9080ce9b98ce94030b17178cad9015849c6,26ba519f9dfe380ebf917453c538a9080ce9b98ce94030b17178cad9015849c6,True
visual_p009-page-009-tile-r02-c02::page-009-tile-r02-c02-structure-tile-r02-c02::edge::edge-009,p009-page-009-tile-r02-c02::page-009-tile-r02-c02-structure-tile-r02-c02::edge::edge-009,CONTROLLED_SOURCE_PDF/ADA principles for pharmacologic therapy.pdf,7c2913f79b61bc60f8f51327bb73b80391988fd277116b29e57df4242b2a2404,16c3522a55a32f083a61b6c439e61e267b7d6d3d8e66f8cfe911c1143cba8dab,page_009_tile_r02_c02,tile,"[233.972,288.0,593.972,648.0]",normalized_0_1000,9,Clinical Guideline Evidence for Glycemic Management in T2D with CKD or MASLD/MASH,visual_edge,Clinical Guideline Evidence for Glycemic Management in T2D with CKD or MASLD/MASH,3,,visual_logic; recommendation_edge,Clinical Guideline Evidence for Glycemic Management in T2D with CKD or MASLD/MASH; Recommendation edge; n9; to; n1; →,"Very high: Dulaglutide (high dose), semaglutide, tirzepatide, insulin Combination oral, combination injectable (GLP-1 RA and insulin) → If glycemia is above goal or significant hypoglycemia or hyperglycemia or barriers to care are identified","[407.0,200.0,813.0,509.0]",CONTROLLED_SOURCE_IMAGE/ada_page_009_tile_r02_c02.png,OMITTED_RAW_MODEL_JSON/visual_logic_page_009_tile_r02_c02.json,extracted_unvalidated,valid,pending,,,False,pending,unreleased,,,a4f368ade8b9bbf90c23475d491e5911938936a2fb5810316b9f5a0569a755e6,a4f368ade8b9bbf90c23475d491e5911938936a2fb5810316b9f5a0569a755e6,True
visual_p009-page-009-tile-r02-c02::page-009-tile-r02-c02-structure-tile-r02-c02::edge::edge-010,p009-page-009-tile-r02-c02::page-009-tile-r02-c02-structure-tile-r02-c02::edge::edge-010,CONTROLLED_SOURCE_PDF/ADA principles for pharmacologic therapy.pdf,7c2913f79b61bc60f8f51327bb73b80391988fd277116b29e57df4242b2a2404,16c3522a55a32f083a61b6c439e61e267b7d6d3d8e66f8cfe911c1143cba8dab,page_009_tile_r02_c02,tile,"[233.972,288.0,593.972,648.0]",normalized_0_1000,9,Clinical Guideline Evidence for Glycemic Management in T2D with CKD or MASLD/MASH,visual_edge,Clinical Guideline Evidence for Glycemic Management in T2D with CKD or MASLD/MASH,3,,visual_logic; recommendation_edge,Clinical Guideline Evidence for Glycemic Management in T2D with CKD or MASLD/MASH; Recommendation edge; n10; to; n1; →,"High: GLP-1 RA (not listed above), metformin, pioglitazone, SGLT2i, sulfonylurea → If glycemia is above goal or significant hypoglycemia or hyperglycemia or barriers to care are identified","[407.0,240.0,813.0,509.0]",CONTROLLED_SOURCE_IMAGE/ada_page_009_tile_r02_c02.png,OMITTED_RAW_MODEL_JSON/visual_logic_page_009_tile_r02_c02.json,extracted_unvalidated,valid,pending,,,False,pending,unreleased,,,7a17ec45b74c0439eaa6a2f5666d467bf0a0139e3ec8ea2760f08e398be0be57,7a17ec45b74c0439eaa6a2f5666d467bf0a0139e3ec8ea2760f08e398be0be57,True
visual_p009-page-009-tile-r02-c02::page-009-tile-r02-c02-structure-tile-r02-c02::edge::edge-011,p009-page-009-tile-r02-c02::page-009-tile-r02-c02-structure-tile-r02-c02::edge::edge-011,CONTROLLED_SOURCE_PDF/ADA principles for pharmacologic therapy.pdf,7c2913f79b61bc60f8f51327bb73b80391988fd277116b29e57df4242b2a2404,16c3522a55a32f083a61b6c439e61e267b7d6d3d8e66f8cfe911c1143cba8dab,page_009_tile_r02_c02,tile,"[233.972,288.0,593.972,648.0]",normalized_0_1000,9,Clinical Guideline Evidence for Glycemic Management in T2D with CKD or MASLD/MASH,visual_edge,Clinical Guideline Evidence for Glycemic Management in T2D with CKD or MASLD/MASH,3,,visual_logic; recommendation_edge,Clinical Guideline Evidence for Glycemic Management in T2D with CKD or MASLD/MASH; Recommendation edge; n11; to; n1; →,Intermediate: DPP-4i → If glycemia is above goal or significant hypoglycemia or hyperglycemia or barriers to care are identified,"[407.0,280.0,813.0,509.0]",CONTROLLED_SOURCE_IMAGE/ada_page_009_tile_r02_c02.png,OMITTED_RAW_MODEL_JSON/visual_logic_page_009_tile_r02_c02.json,extracted_unvalidated,valid,pending,,,False,pending,unreleased,,,5119514f31279a02e6e33dc2eb6885076f289f32454568474499fbe95b3b49d2,5119514f31279a02e6e33dc2eb6885076f289f32454568474499fbe95b3b49d2,True
visual_p009-page-009-tile-r03-c01::page-009-tile-r03-c01-structure-tile-001::edge::edge-001,p009-page-009-tile-r03-c01::page-009-tile-r03-c01-structure-tile-001::edge::edge-001,CONTROLLED_SOURCE_PDF/ADA principles for pharmacologic therapy.pdf,7c2913f79b61bc60f8f51327bb73b80391988fd277116b29e57df4242b2a2404,3154eb177bed280435b48352abedf71aabb52d08e790a9a99b77d726731f937d,page_009_tile_r03_c01,tile,"[0.0,422.986,360.0,782.986]",normalized_0_1000,9,Figure 9.4—Use of glucose-lowering medications in the management of type 2 diabetes.,visual_edge,Figure 9.4—Use of glucose-lowering medications in the management of type 2 diabetes.,3,,visual_logic; recommendation_edge,Figure 9.4—Use of glucose-lowering medications in the management of type 2 diabetes.; Recommendation edge; node_01; to; node_02; dashed arrow from node_01 to node_02,+Mitigating risk of MASLD or MASH,"[540.0,135.0,680.0,185.0]",CONTROLLED_SOURCE_IMAGE/ada_page_009_tile_r03_c01.png,OMITTED_RAW_MODEL_JSON/visual_logic_page_009_tile_r03_c01.json,extracted_unvalidated,valid,pending,,,False,pending,unreleased,,,d53c637461e6a2e6b151c716cfeee310436ee7de2cec70f037ce3998189f0f29,d53c637461e6a2e6b151c716cfeee310436ee7de2cec70f037ce3998189f0f29,True
visual_p009-page-009-tile-r03-c01::page-009-tile-r03-c01-structure-tile-001::edge::edge-002,p009-page-009-tile-r03-c01::page-009-tile-r03-c01-structure-tile-001::edge::edge-002,CONTROLLED_SOURCE_PDF/ADA principles for pharmacologic therapy.pdf,7c2913f79b61bc60f8f51327bb73b80391988fd277116b29e57df4242b2a2404,3154eb177bed280435b48352abedf71aabb52d08e790a9a99b77d726731f937d,page_009_tile_r03_c01,tile,"[0.0,422.986,360.0,782.986]",normalized_0_1000,9,Figure 9.4—Use of glucose-lowering medications in the management of type 2 diabetes.,visual_edge,Figure 9.4—Use of glucose-lowering medications in the management of type 2 diabetes.,3,,visual_logic; recommendation_edge,Figure 9.4—Use of glucose-lowering medications in the management of type 2 diabetes.; Recommendation edge; node_02; to; node_03; dashed arrow from node_02 to node_03,Agents with proven or potential benefit in MASLD or MASH,"[540.0,235.0,680.0,285.0]",CONTROLLED_SOURCE_IMAGE/ada_page_009_tile_r03_c01.png,OMITTED_RAW_MODEL_JSON/visual_logic_page_009_tile_r03_c01.json,extracted_unvalidated,valid,pending,,,False,pending,unreleased,,,c74b76ad9ba55e2e4f554419526b8e7fe52e167730faa5eecfe19189f60b0d4f,c74b76ad9ba55e2e4f554419526b8e7fe52e167730faa5eecfe19189f60b0d4f,True
visual_p009-page-009-tile-r03-c02::page-009-tile-r03-c02-structure-tile-r03-c02::edge::edge-001,p009-page-009-tile-r03-c02::page-009-tile-r03-c02-structure-tile-r03-c02::edge::edge-001,CONTROLLED_SOURCE_PDF/ADA principles for pharmacologic therapy.pdf,7c2913f79b61bc60f8f51327bb73b80391988fd277116b29e57df4242b2a2404,cad6ccc08acb141c1614c55c006bdd7a2fe9a990d35d5625e05b34183b827230,page_009_tile_r03_c02,tile,"[233.972,422.986,593.972,782.986]",normalized_0_1000,9,Clinical Guideline Evidence for Type 2 Diabetes Management,visual_edge,Clinical Guideline Evidence for Type 2 Diabetes Management,3,,visual_logic; recommendation_edge,Clinical Guideline Evidence for Type 2 Diabetes Management; Recommendation edge; N1; to; N2; If glycemia is above goal or significant hypoglycemia or hyperglycemia or barriers to care are identified → Decision to use a GLP-1 RA or SGLT2i with proven benefit should be made irrespective of attainment of glycemic goal.,If glycemia is above goal or significant hypoglycemia or hyperglycemia or barriers to care are identified → Decision to use a GLP-1 RA or SGLT2i with proven benefit should be made irrespective of attainment of glycemic goal.,"[412.0,85.0,807.0,136.0]",CONTROLLED_SOURCE_IMAGE/ada_page_009_tile_r03_c02.png,OMITTED_RAW_MODEL_JSON/visual_logic_page_009_tile_r03_c02.json,extracted_unvalidated,valid,pending,,,False,pending,unreleased,,,4a6a0547e53fa1c716daf79b43d90aac060dc1bb16947aa73f4183627a6d4b74,4a6a0547e53fa1c716daf79b43d90aac060dc1bb16947aa73f4183627a6d4b74,True
visual_p009-page-009-tile-r03-c02::page-009-tile-r03-c02-structure-tile-r03-c02::edge::edge-002,p009-page-009-tile-r03-c02::page-009-tile-r03-c02-structure-tile-r03-c02::edge::edge-002,CONTROLLED_SOURCE_PDF/ADA principles for pharmacologic therapy.pdf,7c2913f79b61bc60f8f51327bb73b80391988fd277116b29e57df4242b2a2404,cad6ccc08acb141c1614c55c006bdd7a2fe9a990d35d5625e05b34183b827230,page_009_tile_r03_c02,tile,"[233.972,422.986,593.972,782.986]",normalized_0_1000,9,Clinical Guideline Evidence for Type 2 Diabetes Management,visual_edge,Clinical Guideline Evidence for Type 2 Diabetes Management,3,,visual_logic; recommendation_edge,"Clinical Guideline Evidence for Type 2 Diabetes Management; Recommendation edge; N2; to; N3; Decision to use a GLP-1 RA or SGLT2i with proven benefit should be made irrespective of attainment of glycemic goal. → Indicators of high risk CVD: While definitions vary, most comprise ≥55 years of age with two or more indicators (e.g., hypertension, smoking, dyslipidemia, family history, albuminuria).","Decision to use a GLP-1 RA or SGLT2i with proven benefit should be made irrespective of attainment of glycemic goal. → Indicators of high risk CVD: While definitions vary, most comprise ≥55 years of age with two or more indicators (e.g., hypertension, smoking, dyslipidemia, family history, albuminuria).","[0.0,385.0,497.0,416.0]",CONTROLLED_SOURCE_IMAGE/ada_page_009_tile_r03_c02.png,OMITTED_RAW_MODEL_JSON/visual_logic_page_009_tile_r03_c02.json,extracted_unvalidated,valid,pending,,,False,pending,unreleased,,,6c14e3605a51f28cf5211515afc63a4e1e151a693accc4e57e0179b59e1fabb3,6c14e3605a51f28cf5211515afc63a4e1e151a693accc4e57e0179b59e1fabb3,True
visual_p009-page-009-tile-r03-c02::page-009-tile-r03-c02-structure-tile-r03-c02::edge::edge-003,p009-page-009-tile-r03-c02::page-009-tile-r03-c02-structure-tile-r03-c02::edge::edge-003,CONTROLLED_SOURCE_PDF/ADA principles for pharmacologic therapy.pdf,7c2913f79b61bc60f8f51327bb73b80391988fd277116b29e57df4242b2a2404,cad6ccc08acb141c1614c55c006bdd7a2fe9a990d35d5625e05b34183b827230,page_009_tile_r03_c02,tile,"[233.972,422.986,593.972,782.986]",normalized_0_1000,9,Clinical Guideline Evidence for Type 2 Diabetes Management,visual_edge,Clinical Guideline Evidence for Type 2 Diabetes Management,3,,visual_logic; recommendation_edge,"Clinical Guideline Evidence for Type 2 Diabetes Management; Recommendation edge; N3; to; N4; Indicators of high risk CVD: While definitions vary, most comprise ≥55 years of age with two or more indicators (e.g., hypertension, smoking, dyslipidemia, family history, albuminuria). → Recommendation for those with indicators of high risk CVD. Moreover, a higher absolute risk reduction and thus lower numbers needed to treat (NNT) are expected in the shared decision-making process.","Indicators of high risk CVD: While definitions vary, most comprise ≥55 years of age with two or more indicators (e.g., hypertension, smoking, dyslipidemia, family history, albuminuria). → Recommendation for those with indicators of high risk CVD. Moreover, a higher absolute risk reduction and thus lower numbers needed to treat (NNT) are expected in the shared decision-making process.","[0.0,436.0,807.0,469.0]",CONTROLLED_SOURCE_IMAGE/ada_page_009_tile_r03_c02.png,OMITTED_RAW_MODEL_JSON/visual_logic_page_009_tile_r03_c02.json,extracted_unvalidated,valid,pending,,,False,pending,unreleased,,,63916b511796af349c5415b9bc75f16a4c1e12b346914e12ba00a26eeed97e90,63916b511796af349c5415b9bc75f16a4c1e12b346914e12ba00a26eeed97e90,True
visual_p009-page-009-tile-r03-c02::page-009-tile-r03-c02-structure-tile-r03-c02::edge::edge-004,p009-page-009-tile-r03-c02::page-009-tile-r03-c02-structure-tile-r03-c02::edge::edge-004,CONTROLLED_SOURCE_PDF/ADA principles for pharmacologic therapy.pdf,7c2913f79b61bc60f8f51327bb73b80391988fd277116b29e57df4242b2a2404,cad6ccc08acb141c1614c55c006bdd7a2fe9a990d35d5625e05b34183b827230,page_009_tile_r03_c02,tile,"[233.972,422.986,593.972,782.986]",normalized_0_1000,9,Clinical Guideline Evidence for Type 2 Diabetes Management,visual_edge,Clinical Guideline Evidence for Type 2 Diabetes Management,3,,visual_logic; recommendation_edge,"Clinical Guideline Evidence for Type 2 Diabetes Management; Recommendation edge; N4; to; N5; Recommendation for those with indicators of high risk CVD. Moreover, a higher absolute risk reduction and thus lower numbers needed to treat (NNT) are expected in the shared decision-making process. → One of the outcomes for a GLP-1 RA in individuals with CKD and T2D: MACE, CV death, all-cause mortality, MI, stroke, and kidney end points.","Recommendation for those with indicators of high risk CVD. Moreover, a higher absolute risk reduction and thus lower numbers needed to treat (NNT) are expected in the shared decision-making process. → One of the outcomes for a GLP-1 RA in individuals with CKD and T2D: MACE, CV death, all-cause mortality, MI, stroke, and kidney end points.","[0.0,487.0,807.0,519.0]",CONTROLLED_SOURCE_IMAGE/ada_page_009_tile_r03_c02.png,OMITTED_RAW_MODEL_JSON/visual_logic_page_009_tile_r03_c02.json,extracted_unvalidated,valid,pending,,,False,pending,unreleased,,,2b6b9c0fcd15bdb60ca8dc6c27ba1e5468bcb1784df54ad183222167937f3a5d,2b6b9c0fcd15bdb60ca8dc6c27ba1e5468bcb1784df54ad183222167937f3a5d,True
visual_p009-page-009-tile-r03-c02::page-009-tile-r03-c02-structure-tile-r03-c02::edge::edge-005,p009-page-009-tile-r03-c02::page-009-tile-r03-c02-structure-tile-r03-c02::edge::edge-005,CONTROLLED_SOURCE_PDF/ADA principles for pharmacologic therapy.pdf,7c2913f79b61bc60f8f51327bb73b80391988fd277116b29e57df4242b2a2404,cad6ccc08acb141c1614c55c006bdd7a2fe9a990d35d5625e05b34183b827230,page_009_tile_r03_c02,tile,"[233.972,422.986,593.972,782.986]",normalized_0_1000,9,Clinical Guideline Evidence for Type 2 Diabetes Management,visual_edge,Clinical Guideline Evidence for Type 2 Diabetes Management,3,,visual_logic; recommendation_edge,"Clinical Guideline Evidence for Type 2 Diabetes Management; Recommendation edge; N5; to; N6; One of the outcomes for a GLP-1 RA in individuals with CKD and T2D: MACE, CV death, all-cause mortality, MI, stroke, and kidney end points. → Reducing the risks of composite MACE, CV death, all-cause mortality, MI, HHF, and kidney outcomes in individuals with T2D and CKD.","One of the outcomes for a GLP-1 RA in individuals with CKD and T2D: MACE, CV death, all-cause mortality, MI, stroke, and kidney end points. → Reducing the risks of composite MACE, CV death, all-cause mortality, MI, HHF, and kidney outcomes in individuals with T2D and CKD.","[0.0,538.0,807.0,569.0]",CONTROLLED_SOURCE_IMAGE/ada_page_009_tile_r03_c02.png,OMITTED_RAW_MODEL_JSON/visual_logic_page_009_tile_r03_c02.json,extracted_unvalidated,valid,pending,,,False,pending,unreleased,,,a0739058eac8816dcb5716ac3524ced3bb3d00ccbcbcce47e21ae3f113f59230,a0739058eac8816dcb5716ac3524ced3bb3d00ccbcbcce47e21ae3f113f59230,True
visual_p009-page-009-tile-r03-c02::page-009-tile-r03-c02-structure-tile-r03-c02::edge::edge-006,p009-page-009-tile-r03-c02::page-009-tile-r03-c02-structure-tile-r03-c02::edge::edge-006,CONTROLLED_SOURCE_PDF/ADA principles for pharmacologic therapy.pdf,7c2913f79b61bc60f8f51327bb73b80391988fd277116b29e57df4242b2a2404,cad6ccc08acb141c1614c55c006bdd7a2fe9a990d35d5625e05b34183b827230,page_009_tile_r03_c02,tile,"[233.972,422.986,593.972,782.986]",normalized_0_1000,9,Clinical Guideline Evidence for Type 2 Diabetes Management,visual_edge,Clinical Guideline Evidence for Type 2 Diabetes Management,3,,visual_logic; recommendation_edge,"Clinical Guideline Evidence for Type 2 Diabetes Management; Recommendation edge; N6; to; N7; Reducing the risks of composite MACE, CV death, all-cause mortality, MI, HHF, and kidney outcomes in individuals with T2D and CKD. → The left side of the algorithm prioritizes mitigation of cardiovascular risk, while the right side addresses weight and glucose management goals.","Reducing the risks of composite MACE, CV death, all-cause mortality, MI, HHF, and kidney outcomes in individuals with T2D and CKD. → The left side of the algorithm prioritizes mitigation of cardiovascular risk, while the right side addresses weight and glucose management goals.","[0.0,589.0,807.0,621.0]",CONTROLLED_SOURCE_IMAGE/ada_page_009_tile_r03_c02.png,OMITTED_RAW_MODEL_JSON/visual_logic_page_009_tile_r03_c02.json,extracted_unvalidated,valid,pending,,,False,pending,unreleased,,,c4f89dd9d2651dda55ab0ae275ff9ddcac44a14cd4063ccae37f9edc1a281a57,c4f89dd9d2651dda55ab0ae275ff9ddcac44a14cd4063ccae37f9edc1a281a57,True
visual_p012-page-012-tile-r01-c01::page-012-tile-r01-c01-structure-tile-r01-c01::edge::edge-001,p012-page-012-tile-r01-c01::page-012-tile-r01-c01-structure-tile-r01-c01::edge::edge-001,CONTROLLED_SOURCE_PDF/ADA principles for pharmacologic therapy.pdf,7c2913f79b61bc60f8f51327bb73b80391988fd277116b29e57df4242b2a2404,2827f69cbe55c85bc309ea480faff078e76c008ba8afce0bdf46a42d09594dbe,page_012_tile_r01_c01,tile,"[0.0,0.0,360.0,360.0]",normalized_0_1000,12,Pharmacologic Approaches to Glycemic Treatment,visual_edge,Pharmacologic Approaches to Glycemic Treatment,3,,visual_logic; recommendation_edge,Pharmacologic Approaches to Glycemic Treatment; Recommendation edge; N0; to; N1,Thyroid C-cell tumors identified in rodents; human relevance not determined • Provide guidance on discontinuation prior to surgical procedures to mitigate potential for pulmonary aspiration with general anesthesia or deep sedation,"[360.0,198.0,450.0,270.0]",CONTROLLED_SOURCE_IMAGE/ada_page_012_tile_r01_c01.png,OMITTED_RAW_MODEL_JSON/visual_logic_page_012_tile_r01_c01.json,extracted_unvalidated,valid,pending,,,False,pending,unreleased,,,4d1d9e097cb0fdcb3fa55c8aaa9bfa85c1e634f6d8b0ef2d405c28e0103b4200,4d1d9e097cb0fdcb3fa55c8aaa9bfa85c1e634f6d8b0ef2d405c28e0103b4200,True
visual_p012-page-012-tile-r01-c01::page-012-tile-r01-c01-structure-tile-r01-c01::edge::edge-002,p012-page-012-tile-r01-c01::page-012-tile-r01-c01-structure-tile-r01-c01::edge::edge-002,CONTROLLED_SOURCE_PDF/ADA principles for pharmacologic therapy.pdf,7c2913f79b61bc60f8f51327bb73b80391988fd277116b29e57df4242b2a2404,2827f69cbe55c85bc309ea480faff078e76c008ba8afce0bdf46a42d09594dbe,page_012_tile_r01_c01,tile,"[0.0,0.0,360.0,360.0]",normalized_0_1000,12,Pharmacologic Approaches to Glycemic Treatment,visual_edge,Pharmacologic Approaches to Glycemic Treatment,3,,visual_logic; recommendation_edge,Pharmacologic Approaches to Glycemic Treatment; Recommendation edge; N1; to; N2,"Pancreatitis: acute pancreatitis has been reported, but causality has not been established; do not initiate if at high risk for pancreatitis, and discontinue if pancreatitis is suspected","[450.0,198.0,540.0,270.0]",CONTROLLED_SOURCE_IMAGE/ada_page_012_tile_r01_c01.png,OMITTED_RAW_MODEL_JSON/visual_logic_page_012_tile_r01_c01.json,extracted_unvalidated,valid,pending,,,False,pending,unreleased,,,8d16d91d6442fb0a4d26511f6f7fe3bafae7a6b1a5058eab38407b80825df75a,8d16d91d6442fb0a4d26511f6f7fe3bafae7a6b1a5058eab38407b80825df75a,True
visual_p012-page-012-tile-r01-c01::page-012-tile-r01-c01-structure-tile-r01-c01::edge::edge-003,p012-page-012-tile-r01-c01::page-012-tile-r01-c01-structure-tile-r01-c01::edge::edge-003,CONTROLLED_SOURCE_PDF/ADA principles for pharmacologic therapy.pdf,7c2913f79b61bc60f8f51327bb73b80391988fd277116b29e57df4242b2a2404,2827f69cbe55c85bc309ea480faff078e76c008ba8afce0bdf46a42d09594dbe,page_012_tile_r01_c01,tile,"[0.0,0.0,360.0,360.0]",normalized_0_1000,12,Pharmacologic Approaches to Glycemic Treatment,visual_edge,Pharmacologic Approaches to Glycemic Treatment,3,,visual_logic; recommendation_edge,Pharmacologic Approaches to Glycemic Treatment; Recommendation edge; N2; to; N3,Biliary disease: evaluate for gallbladder disease if cholelithiasis or cholecystitis is suspected; avoid use in at-risk individuals,"[540.0,198.0,630.0,270.0]",CONTROLLED_SOURCE_IMAGE/ada_page_012_tile_r01_c01.png,OMITTED_RAW_MODEL_JSON/visual_logic_page_012_tile_r01_c01.json,extracted_unvalidated,valid,pending,,,False,pending,unreleased,,,78ce09aa721cc768c228dc2df32501fc3900136581103cf762fba5899a05c65c,78ce09aa721cc768c228dc2df32501fc3900136581103cf762fba5899a05c65c,True
visual_p012-page-012-tile-r01-c01::page-012-tile-r01-c01-structure-tile-r01-c01::edge::edge-004,p012-page-012-tile-r01-c01::page-012-tile-r01-c01-structure-tile-r01-c01::edge::edge-004,CONTROLLED_SOURCE_PDF/ADA principles for pharmacologic therapy.pdf,7c2913f79b61bc60f8f51327bb73b80391988fd277116b29e57df4242b2a2404,2827f69cbe55c85bc309ea480faff078e76c008ba8afce0bdf46a42d09594dbe,page_012_tile_r01_c01,tile,"[0.0,0.0,360.0,360.0]",normalized_0_1000,12,Pharmacologic Approaches to Glycemic Treatment,visual_edge,Pharmacologic Approaches to Glycemic Treatment,3,,visual_logic; recommendation_edge,Pharmacologic Approaches to Glycemic Treatment; Recommendation edge; N3; to; N4,"Ileus: reported, but risk level is not well established","[630.0,198.0,720.0,270.0]",CONTROLLED_SOURCE_IMAGE/ada_page_012_tile_r01_c01.png,OMITTED_RAW_MODEL_JSON/visual_logic_page_012_tile_r01_c01.json,extracted_unvalidated,valid,pending,,,False,pending,unreleased,,,15218ac71f7852b33533b8cd807e9828a70a069dbfffe4543a9d95da5575c4dd,15218ac71f7852b33533b8cd807e9828a70a069dbfffe4543a9d95da5575c4dd,True
visual_p012-page-012-tile-r02-c01::page-012-tile-r02-c01-structure-tile-r02-c01::edge::edge-001,p012-page-012-tile-r02-c01::page-012-tile-r02-c01-structure-tile-r02-c01::edge::edge-001,CONTROLLED_SOURCE_PDF/ADA principles for pharmacologic therapy.pdf,7c2913f79b61bc60f8f51327bb73b80391988fd277116b29e57df4242b2a2404,8b273dcf90983c0ed7bccc297f0e9ed4fc845b5877a87fa215c45fe51c6167d2,page_012_tile_r02_c01,tile,"[0.0,288.0,360.0,648.0]",normalized_0_1000,12,Table 9.2,visual_edge,Table 9.2,3,,visual_logic; recommendation_edge,Table 9.2; Recommendation edge; hypoglycemia_risk; to; cv_effects,Hypoglycemia risk High No,"[10.0,289.0,357.0,648.0]",CONTROLLED_SOURCE_IMAGE/ada_page_012_tile_r02_c01.png,OMITTED_RAW_MODEL_JSON/visual_logic_page_012_tile_r02_c01.json,extracted_unvalidated,valid,pending,,,False,pending,unreleased,,,a96f98a056010ef91b483a18a898233361deb9f6caa890905c7002efdb8b8697,a96f98a056010ef91b483a18a898233361deb9f6caa890905c7002efdb8b8697,True
visual_p012-page-012-tile-r02-c01::page-012-tile-r02-c01-structure-tile-r02-c01::edge::edge-002,p012-page-012-tile-r02-c01::page-012-tile-r02-c01-structure-tile-r02-c01::edge::edge-002,CONTROLLED_SOURCE_PDF/ADA principles for pharmacologic therapy.pdf,7c2913f79b61bc60f8f51327bb73b80391988fd277116b29e57df4242b2a2404,8b273dcf90983c0ed7bccc297f0e9ed4fc845b5877a87fa215c45fe51c6167d2,page_012_tile_r02_c01,tile,"[0.0,288.0,360.0,648.0]",normalized_0_1000,12,Table 9.2,visual_edge,Table 9.2,3,,visual_logic; recommendation_edge,Table 9.2; Recommendation edge; hypoglycemia_risk; to; weight_effects,Hypoglycemia risk High No,"[10.0,289.0,357.0,648.0]",CONTROLLED_SOURCE_IMAGE/ada_page_012_tile_r02_c01.png,OMITTED_RAW_MODEL_JSON/visual_logic_page_012_tile_r02_c01.json,extracted_unvalidated,valid,pending,,,False,pending,unreleased,,,be3c0f991257dbbaf236907c73be017b3c08f586b0d743194324dce79dea8bc7,be3c0f991257dbbaf236907c73be017b3c08f586b0d743194324dce79dea8bc7,True
visual_p012-page-012-tile-r02-c01::page-012-tile-r02-c01-structure-tile-r02-c01::edge::edge-003,p012-page-012-tile-r02-c01::page-012-tile-r02-c01-structure-tile-r02-c01::edge::edge-003,CONTROLLED_SOURCE_PDF/ADA principles for pharmacologic therapy.pdf,7c2913f79b61bc60f8f51327bb73b80391988fd277116b29e57df4242b2a2404,8b273dcf90983c0ed7bccc297f0e9ed4fc845b5877a87fa215c45fe51c6167d2,page_012_tile_r02_c01,tile,"[0.0,288.0,360.0,648.0]",normalized_0_1000,12,Table 9.2,visual_edge,Table 9.2,3,,visual_logic; recommendation_edge,Table 9.2; Recommendation edge; hypoglycemia_risk; to; progression_of_ckd,Hypoglycemia risk High No,"[10.0,289.0,357.0,648.0]",CONTROLLED_SOURCE_IMAGE/ada_page_012_tile_r02_c01.png,OMITTED_RAW_MODEL_JSON/visual_logic_page_012_tile_r02_c01.json,extracted_unvalidated,valid,pending,,,False,pending,unreleased,,,18d9fbf49c8db73087971109fa81c33359be50b9af98c6de268bcdfa65249f52,18d9fbf49c8db73087971109fa81c33359be50b9af98c6de268bcdfa65249f52,True
visual_p012-page-012-tile-r02-c01::page-012-tile-r02-c01-structure-tile-r02-c01::edge::edge-004,p012-page-012-tile-r02-c01::page-012-tile-r02-c01-structure-tile-r02-c01::edge::edge-004,CONTROLLED_SOURCE_PDF/ADA principles for pharmacologic therapy.pdf,7c2913f79b61bc60f8f51327bb73b80391988fd277116b29e57df4242b2a2404,8b273dcf90983c0ed7bccc297f0e9ed4fc845b5877a87fa215c45fe51c6167d2,page_012_tile_r02_c01,tile,"[0.0,288.0,360.0,648.0]",normalized_0_1000,12,Table 9.2,visual_edge,Table 9.2,3,,visual_logic; recommendation_edge,Table 9.2; Recommendation edge; hypoglycemia_risk; to; dosing_use_considerations,Hypoglycemia risk High No,"[10.0,289.0,357.0,648.0]",CONTROLLED_SOURCE_IMAGE/ada_page_012_tile_r02_c01.png,OMITTED_RAW_MODEL_JSON/visual_logic_page_012_tile_r02_c01.json,extracted_unvalidated,valid,pending,,,False,pending,unreleased,,,cc494ff3bf997c726c9f655a59d4ce4c9b2915a5d15ffaa94e8907dc3b3a829b,cc494ff3bf997c726c9f655a59d4ce4c9b2915a5d15ffaa94e8907dc3b3a829b,True
visual_p013-page-013-tile-r01-c01::page-013-tile-r01-c01-structure-tile-r01-c01::edge::edge-001,p013-page-013-tile-r01-c01::page-013-tile-r01-c01-structure-tile-r01-c01::edge::edge-001,CONTROLLED_SOURCE_PDF/ADA principles for pharmacologic therapy.pdf,7c2913f79b61bc60f8f51327bb73b80391988fd277116b29e57df4242b2a2404,369f34fe74ff8589553d7d52ed3dee302203f9a057b88e94d303834a9e4063fb,page_013_tile_r01_c01,tile,"[0.0,0.0,360.0,360.0]",normalized_0_1000,13,Table 9.2,visual_edge,Table 9.2,3,,visual_logic; recommendation_edge,Table 9.2; Recommendation edge; N1; to; N2,"• Dose adjustment required based on kidney function (sitagliptin, saxagliptin, alogliptin) • No dose adjustment required for linaglptin","[140.0,235.0,610.0,360.0]",CONTROLLED_SOURCE_IMAGE/ada_page_013_tile_r01_c01.png,OMITTED_RAW_MODEL_JSON/visual_logic_page_013_tile_r01_c01.json,extracted_unvalidated,valid,pending,,,False,pending,unreleased,,,03026466d10774074ac64a16a62fce74b8d4ef4b96dbd5926eafdd5ecc34d440,03026466d10774074ac64a16a62fce74b8d4ef4b96dbd5926eafdd5ecc34d440,True
visual_p013-page-013-tile-r01-c01::page-013-tile-r01-c01-structure-tile-r01-c01::edge::edge-002,p013-page-013-tile-r01-c01::page-013-tile-r01-c01-structure-tile-r01-c01::edge::edge-002,CONTROLLED_SOURCE_PDF/ADA principles for pharmacologic therapy.pdf,7c2913f79b61bc60f8f51327bb73b80391988fd277116b29e57df4242b2a2404,369f34fe74ff8589553d7d52ed3dee302203f9a057b88e94d303834a9e4063fb,page_013_tile_r01_c01,tile,"[0.0,0.0,360.0,360.0]",normalized_0_1000,13,Table 9.2,visual_edge,Table 9.2,3,,visual_logic; recommendation_edge,Table 9.2; Recommendation edge; N2; to; N3,• Pancreatitis has been reported but causality has not been established; discontinue if pancreatitis is suspected • Postmarketing concerns about joint pain (consider discontinuing if debilitating),"[480.0,235.0,610.0,360.0]",CONTROLLED_SOURCE_IMAGE/ada_page_013_tile_r01_c01.png,OMITTED_RAW_MODEL_JSON/visual_logic_page_013_tile_r01_c01.json,extracted_unvalidated,valid,pending,,,False,pending,unreleased,,,5dd536a3063c8ecf507be714b08c7c6e20dd7712ca70f45cf73cd9dc0473e1b7,5dd536a3063c8ecf507be714b08c7c6e20dd7712ca70f45cf73cd9dc0473e1b7,True
visual_p013-page-013-tile-r01-c01::page-013-tile-r01-c01-structure-tile-r01-c01::edge::edge-003,p013-page-013-tile-r01-c01::page-013-tile-r01-c01-structure-tile-r01-c01::edge::edge-003,CONTROLLED_SOURCE_PDF/ADA principles for pharmacologic therapy.pdf,7c2913f79b61bc60f8f51327bb73b80391988fd277116b29e57df4242b2a2404,369f34fe74ff8589553d7d52ed3dee302203f9a057b88e94d303834a9e4063fb,page_013_tile_r01_c01,tile,"[0.0,0.0,360.0,360.0]",normalized_0_1000,13,Table 9.2,visual_edge,Table 9.2,3,,visual_logic; recommendation_edge,Table 9.2; Recommendation edge; N3; to; N4,• Postmarketing concerns about joint pain (consider discontinuing if debilitating) • Pemphigoid (discontinue if suspected) reversible upon discontinuation,"[480.0,315.0,610.0,360.0]",CONTROLLED_SOURCE_IMAGE/ada_page_013_tile_r01_c01.png,OMITTED_RAW_MODEL_JSON/visual_logic_page_013_tile_r01_c01.json,extracted_unvalidated,valid,pending,,,False,pending,unreleased,,,dfe6296f2cd451e7d38024486ae1e1d7c3ba25db2d574178ffcc2154551eb92f,dfe6296f2cd451e7d38024486ae1e1d7c3ba25db2d574178ffcc2154551eb92f,True
visual_p013-page-013-tile-r01-c01::page-013-tile-r01-c01-structure-tile-r01-c01::edge::edge-004,p013-page-013-tile-r01-c01::page-013-tile-r01-c01-structure-tile-r01-c01::edge::edge-004,CONTROLLED_SOURCE_PDF/ADA principles for pharmacologic therapy.pdf,7c2913f79b61bc60f8f51327bb73b80391988fd277116b29e57df4242b2a2404,369f34fe74ff8589553d7d52ed3dee302203f9a057b88e94d303834a9e4063fb,page_013_tile_r01_c01,tile,"[0.0,0.0,360.0,360.0]",normalized_0_1000,13,Table 9.2,visual_edge,Table 9.2,3,,visual_logic; recommendation_edge,Table 9.2; Recommendation edge; N4; to; N5,• Pemphigoid (discontinue if suspected) reversible upon discontinuation • Increased risk of HF and fluid retention; do not use in setting of HF,"[480.0,350.0,610.0,360.0]",CONTROLLED_SOURCE_IMAGE/ada_page_013_tile_r01_c01.png,OMITTED_RAW_MODEL_JSON/visual_logic_page_013_tile_r01_c01.json,extracted_unvalidated,valid,pending,,,False,pending,unreleased,,,34956b81e9e0aebecddf82a29c5c272a90aa0dc49ec6f7b671dbb2181145b091,34956b81e9e0aebecddf82a29c5c272a90aa0dc49ec6f7b671dbb2181145b091,True
visual_p013-page-013-tile-r01-c01::page-013-tile-r01-c01-structure-tile-r01-c01::edge::edge-005,p013-page-013-tile-r01-c01::page-013-tile-r01-c01-structure-tile-r01-c01::edge::edge-005,CONTROLLED_SOURCE_PDF/ADA principles for pharmacologic therapy.pdf,7c2913f79b61bc60f8f51327bb73b80391988fd277116b29e57df4242b2a2404,369f34fe74ff8589553d7d52ed3dee302203f9a057b88e94d303834a9e4063fb,page_013_tile_r01_c01,tile,"[0.0,0.0,360.0,360.0]",normalized_0_1000,13,Table 9.2,visual_edge,Table 9.2,3,,visual_logic; recommendation_edge,Table 9.2; Recommendation edge; N5; to; N6,• Increased risk of HF and fluid retention; do not use in setting of HF • Risk of bone fractures,"[740.0,235.0,860.0,360.0]",CONTROLLED_SOURCE_IMAGE/ada_page_013_tile_r01_c01.png,OMITTED_RAW_MODEL_JSON/visual_logic_page_013_tile_r01_c01.json,extracted_unvalidated,valid,pending,,,False,pending,unreleased,,,1d23e9f61aa3284b41cb0adea7deafd9598761dc52a2a0137d956721d44cdff5,1d23e9f61aa3284b41cb0adea7deafd9598761dc52a2a0137d956721d44cdff5,True
visual_p013-page-013-tile-r01-c01::page-013-tile-r01-c01-structure-tile-r01-c01::edge::edge-006,p013-page-013-tile-r01-c01::page-013-tile-r01-c01-structure-tile-r01-c01::edge::edge-006,CONTROLLED_SOURCE_PDF/ADA principles for pharmacologic therapy.pdf,7c2913f79b61bc60f8f51327bb73b80391988fd277116b29e57df4242b2a2404,369f34fe74ff8589553d7d52ed3dee302203f9a057b88e94d303834a9e4063fb,page_013_tile_r01_c01,tile,"[0.0,0.0,360.0,360.0]",normalized_0_1000,13,Table 9.2,visual_edge,Table 9.2,3,,visual_logic; recommendation_edge,Table 9.2; Recommendation edge; N6; to; N7,"• Risk of bone fractures • Bladder cancer: do not use in individuals with active bladder cancer, and use caution in those with prior history of bladder cancer","[740.0,285.0,860.0,360.0]",CONTROLLED_SOURCE_IMAGE/ada_page_013_tile_r01_c01.png,OMITTED_RAW_MODEL_JSON/visual_logic_page_013_tile_r01_c01.json,extracted_unvalidated,valid,pending,,,False,pending,unreleased,,,6480d23ecd61d68c3462f3c59ac56d61528e0ec8a8e34b95beb1b333863454fc,6480d23ecd61d68c3462f3c59ac56d61528e0ec8a8e34b95beb1b333863454fc,True
visual_p016-page-016-tile-r01-c01::page-016-tile-r01-c01-structure-tile-01::edge::edge-001,p016-page-016-tile-r01-c01::page-016-tile-r01-c01-structure-tile-01::edge::edge-001,CONTROLLED_SOURCE_PDF/ADA principles for pharmacologic therapy.pdf,7c2913f79b61bc60f8f51327bb73b80391988fd277116b29e57df4242b2a2404,d850c41ab1506eb8c63dab03c386e6ec32615a0e553ba2cafb87df4ac5a4dc93,page_016_tile_r01_c01,tile,"[0.0,0.0,360.0,360.0]",normalized_0_1000,16,Pharmacologic Approaches to Glycemic Treatment,visual_edge,Pharmacologic Approaches to Glycemic Treatment,3,,visual_logic; recommendation_edge,Pharmacologic Approaches to Glycemic Treatment; Recommendation edge; n0; to; n1; ↓,If injectable therapy is needed to attain glycemic goals¹,"[675.0,342.0,960.0,380.0]",CONTROLLED_SOURCE_IMAGE/ada_page_016_tile_r01_c01.png,OMITTED_RAW_MODEL_JSON/visual_logic_page_016_tile_r01_c01.json,extracted_unvalidated,valid,pending,,,False,pending,unreleased,,,09846a1c9b07a62688f133acfb5d95d607780eb3ca8ddb7f2863d9bfc73920f0,09846a1c9b07a62688f133acfb5d95d607780eb3ca8ddb7f2863d9bfc73920f0,True
visual_p016-page-016-tile-r01-c01::page-016-tile-r01-c01-structure-tile-01::edge::edge-002,p016-page-016-tile-r01-c01::page-016-tile-r01-c01-structure-tile-01::edge::edge-002,CONTROLLED_SOURCE_PDF/ADA principles for pharmacologic therapy.pdf,7c2913f79b61bc60f8f51327bb73b80391988fd277116b29e57df4242b2a2404,d850c41ab1506eb8c63dab03c386e6ec32615a0e553ba2cafb87df4ac5a4dc93,page_016_tile_r01_c01,tile,"[0.0,0.0,360.0,360.0]",normalized_0_1000,16,Pharmacologic Approaches to Glycemic Treatment,visual_edge,Pharmacologic Approaches to Glycemic Treatment,3,,visual_logic; recommendation_edge,Pharmacologic Approaches to Glycemic Treatment; Recommendation edge; n1; to; n2; ↓,Consider GLP-1 RA or dual GIP and GLP-1 RA in most individuals prior to insulin²,"[430.0,415.0,960.0,472.0]",CONTROLLED_SOURCE_IMAGE/ada_page_016_tile_r01_c01.png,OMITTED_RAW_MODEL_JSON/visual_logic_page_016_tile_r01_c01.json,extracted_unvalidated,valid,pending,,,False,pending,unreleased,,,afbaadd3384e091c295604bc2f51a046b2a276c022eaf9643a8b0f9d3857916c,afbaadd3384e091c295604bc2f51a046b2a276c022eaf9643a8b0f9d3857916c,True
visual_p016-page-016-tile-r01-c01::page-016-tile-r01-c01-structure-tile-01::edge::edge-003,p016-page-016-tile-r01-c01::page-016-tile-r01-c01-structure-tile-01::edge::edge-003,CONTROLLED_SOURCE_PDF/ADA principles for pharmacologic therapy.pdf,7c2913f79b61bc60f8f51327bb73b80391988fd277116b29e57df4242b2a2404,d850c41ab1506eb8c63dab03c386e6ec32615a0e553ba2cafb87df4ac5a4dc93,page_016_tile_r01_c01,tile,"[0.0,0.0,360.0,360.0]",normalized_0_1000,16,Pharmacologic Approaches to Glycemic Treatment,visual_edge,Pharmacologic Approaches to Glycemic Treatment,3,,visual_logic; recommendation_edge,Pharmacologic Approaches to Glycemic Treatment; Recommendation edge; n2; to; n3; ↓,If glycemia is above goal,"[450.0,518.0,960.0,570.0]",CONTROLLED_SOURCE_IMAGE/ada_page_016_tile_r01_c01.png,OMITTED_RAW_MODEL_JSON/visual_logic_page_016_tile_r01_c01.json,extracted_unvalidated,valid,pending,,,False,pending,unreleased,,,47996b1bd2a072eae3e50125f0d7a454e0ea63120c1ecdfef7d38b0b29268d4e,47996b1bd2a072eae3e50125f0d7a454e0ea63120c1ecdfef7d38b0b29268d4e,True
visual_p016-page-016-tile-r01-c01::page-016-tile-r01-c01-structure-tile-01::edge::edge-004,p016-page-016-tile-r01-c01::page-016-tile-r01-c01-structure-tile-01::edge::edge-004,CONTROLLED_SOURCE_PDF/ADA principles for pharmacologic therapy.pdf,7c2913f79b61bc60f8f51327bb73b80391988fd277116b29e57df4242b2a2404,d850c41ab1506eb8c63dab03c386e6ec32615a0e553ba2cafb87df4ac5a4dc93,page_016_tile_r01_c01,tile,"[0.0,0.0,360.0,360.0]",normalized_0_1000,16,Pharmacologic Approaches to Glycemic Treatment,visual_edge,Pharmacologic Approaches to Glycemic Treatment,3,,visual_logic; recommendation_edge,Pharmacologic Approaches to Glycemic Treatment; Recommendation edge; n3; to; n4; ↓,Considerations for adding basal insulin³,"[675.0,690.0,960.0,728.0]",CONTROLLED_SOURCE_IMAGE/ada_page_016_tile_r01_c01.png,OMITTED_RAW_MODEL_JSON/visual_logic_page_016_tile_r01_c01.json,extracted_unvalidated,valid,pending,,,False,pending,unreleased,,,31529b22f69020942f2b2f434bf4f9e3f79b5ec87564a27059d8a2ea6faf7978,31529b22f69020942f2b2f434bf4f9e3f79b5ec87564a27059d8a2ea6faf7978,True
visual_p016-page-016-tile-r01-c01::page-016-tile-r01-c01-structure-tile-01::edge::edge-005,p016-page-016-tile-r01-c01::page-016-tile-r01-c01-structure-tile-01::edge::edge-005,CONTROLLED_SOURCE_PDF/ADA principles for pharmacologic therapy.pdf,7c2913f79b61bc60f8f51327bb73b80391988fd277116b29e57df4242b2a2404,d850c41ab1506eb8c63dab03c386e6ec32615a0e553ba2cafb87df4ac5a4dc93,page_016_tile_r01_c01,tile,"[0.0,0.0,360.0,360.0]",normalized_0_1000,16,Pharmacologic Approaches to Glycemic Treatment,visual_edge,Pharmacologic Approaches to Glycemic Treatment,3,,visual_logic; recommendation_edge,Pharmacologic Approaches to Glycemic Treatment; Recommendation edge; n4; to; n5; ↓,Initiation and titration of basal analog or bedtime NPH insulin⁴,"[675.0,730.0,960.0,812.0]",CONTROLLED_SOURCE_IMAGE/ada_page_016_tile_r01_c01.png,OMITTED_RAW_MODEL_JSON/visual_logic_page_016_tile_r01_c01.json,extracted_unvalidated,valid,pending,,,False,pending,unreleased,,,1edabdde43e56ca75e5a5ea349dd2301a3537184433c21ca69babed9da6d72b8,1edabdde43e56ca75e5a5ea349dd2301a3537184433c21ca69babed9da6d72b8,True
visual_p016-page-016-tile-r01-c01::page-016-tile-r01-c01-structure-tile-01::edge::edge-006,p016-page-016-tile-r01-c01::page-016-tile-r01-c01-structure-tile-01::edge::edge-006,CONTROLLED_SOURCE_PDF/ADA principles for pharmacologic therapy.pdf,7c2913f79b61bc60f8f51327bb73b80391988fd277116b29e57df4242b2a2404,d850c41ab1506eb8c63dab03c386e6ec32615a0e553ba2cafb87df4ac5a4dc93,page_016_tile_r01_c01,tile,"[0.0,0.0,360.0,360.0]",normalized_0_1000,16,Pharmacologic Approaches to Glycemic Treatment,visual_edge,Pharmacologic Approaches to Glycemic Treatment,3,,visual_logic; recommendation_edge,Pharmacologic Approaches to Glycemic Treatment; Recommendation edge; n5; to; n6; ↓,Assess adequacy of insulin dose at every visit,"[675.0,820.0,960.0,914.0]",CONTROLLED_SOURCE_IMAGE/ada_page_016_tile_r01_c01.png,OMITTED_RAW_MODEL_JSON/visual_logic_page_016_tile_r01_c01.json,extracted_unvalidated,valid,pending,,,False,pending,unreleased,,,dfe74f7c7ed6c5df7b23157fe834301f12e4e4931c930524a07c475485fdf854,dfe74f7c7ed6c5df7b23157fe834301f12e4e4931c930524a07c475485fdf854,True
visual_p016-page-016-tile-r01-c02::page-016-tile-r01-c02-structure-tile-r01-c02::edge::edge-001,p016-page-016-tile-r01-c02::page-016-tile-r01-c02-structure-tile-r01-c02::edge::edge-001,CONTROLLED_SOURCE_PDF/ADA principles for pharmacologic therapy.pdf,7c2913f79b61bc60f8f51327bb73b80391988fd277116b29e57df4242b2a2404,81a3d24fd82a123a33c82efc918dc6cd04dacaee7180b66afbacfb9d38b6e5f2,page_016_tile_r01_c02,tile,"[233.972,0.0,593.972,360.0]",normalized_0_1000,16,"Diabetes Care Volume 49, Supplement 1, January 2026",visual_edge,"Diabetes Care Volume 49, Supplement 1, January 2026",3,,visual_logic; recommendation_edge,"Diabetes Care Volume 49, Supplement 1, January 2026; Recommendation edge; N1; to; N2; ↓","Enforcement of behavioral interventions (weight management of DSMES, to meet individualized treatment goals → GLP-1 RA is needed to attain glycemic goals","[0.0,233.972,496.3,280.445]",CONTROLLED_SOURCE_IMAGE/ada_page_016_tile_r01_c02.png,OMITTED_RAW_MODEL_JSON/visual_logic_page_016_tile_r01_c02.json,extracted_unvalidated,valid,pending,,,False,pending,unreleased,,,d0f169430b6ebb7d6ddf368ca03dea23d18f68ad5beda47b3fd009e662425ebe,d0f169430b6ebb7d6ddf368ca03dea23d18f68ad5beda47b3fd009e662425ebe,True
visual_p016-page-016-tile-r01-c02::page-016-tile-r01-c02-structure-tile-r01-c02::edge::edge-002,p016-page-016-tile-r01-c02::page-016-tile-r01-c02-structure-tile-r01-c02::edge::edge-002,CONTROLLED_SOURCE_PDF/ADA principles for pharmacologic therapy.pdf,7c2913f79b61bc60f8f51327bb73b80391988fd277116b29e57df4242b2a2404,81a3d24fd82a123a33c82efc918dc6cd04dacaee7180b66afbacfb9d38b6e5f2,page_016_tile_r01_c02,tile,"[233.972,0.0,593.972,360.0]",normalized_0_1000,16,"Diabetes Care Volume 49, Supplement 1, January 2026",visual_edge,"Diabetes Care Volume 49, Supplement 1, January 2026",3,,visual_logic; recommendation_edge,"Diabetes Care Volume 49, Supplement 1, January 2026; Recommendation edge; N2; to; N3; ↓",GLP-1 RA is needed to attain glycemic goals → Glycemia is above goal,"[0.0,280.445,496.3,326.917]",CONTROLLED_SOURCE_IMAGE/ada_page_016_tile_r01_c02.png,OMITTED_RAW_MODEL_JSON/visual_logic_page_016_tile_r01_c02.json,extracted_unvalidated,valid,pending,,,False,pending,unreleased,,,e8655a6e74fcabeb4d3b83095781e61d774c11a2d7e3cef5bb58507e64fb92c9,e8655a6e74fcabeb4d3b83095781e61d774c11a2d7e3cef5bb58507e64fb92c9,True
visual_p016-page-016-tile-r01-c02::page-016-tile-r01-c02-structure-tile-r01-c02::edge::edge-003,p016-page-016-tile-r01-c02::page-016-tile-r01-c02-structure-tile-r01-c02::edge::edge-003,CONTROLLED_SOURCE_PDF/ADA principles for pharmacologic therapy.pdf,7c2913f79b61bc60f8f51327bb73b80391988fd277116b29e57df4242b2a2404,81a3d24fd82a123a33c82efc918dc6cd04dacaee7180b66afbacfb9d38b6e5f2,page_016_tile_r01_c02,tile,"[233.972,0.0,593.972,360.0]",normalized_0_1000,16,"Diabetes Care Volume 49, Supplement 1, January 2026",visual_edge,"Diabetes Care Volume 49, Supplement 1, January 2026",3,,visual_logic; recommendation_edge,"Diabetes Care Volume 49, Supplement 1, January 2026; Recommendation edge; N3; to; N4; ↓",Glycemia is above goal → Consider adding basal insulin,"[0.0,326.917,496.3,373.39]",CONTROLLED_SOURCE_IMAGE/ada_page_016_tile_r01_c02.png,OMITTED_RAW_MODEL_JSON/visual_logic_page_016_tile_r01_c02.json,extracted_unvalidated,valid,pending,,,False,pending,unreleased,,,227700509f9f5ebda829c6e799336067b6d123cf3bad2d6c52ad1d2ae2370b9d,227700509f9f5ebda829c6e799336067b6d123cf3bad2d6c52ad1d2ae2370b9d,True
visual_p016-page-016-tile-r01-c02::page-016-tile-r01-c02-structure-tile-r01-c02::edge::edge-004,p016-page-016-tile-r01-c02::page-016-tile-r01-c02-structure-tile-r01-c02::edge::edge-004,CONTROLLED_SOURCE_PDF/ADA principles for pharmacologic therapy.pdf,7c2913f79b61bc60f8f51327bb73b80391988fd277116b29e57df4242b2a2404,81a3d24fd82a123a33c82efc918dc6cd04dacaee7180b66afbacfb9d38b6e5f2,page_016_tile_r01_c02,tile,"[233.972,0.0,593.972,360.0]",normalized_0_1000,16,"Diabetes Care Volume 49, Supplement 1, January 2026",visual_edge,"Diabetes Care Volume 49, Supplement 1, January 2026",3,,visual_logic; recommendation_edge,"Diabetes Care Volume 49, Supplement 1, January 2026; Recommendation edge; N4; to; N5; ↓",Consider adding basal insulin → Consider basal analog or bedtime NPH insulin,"[0.0,373.39,496.3,419.863]",CONTROLLED_SOURCE_IMAGE/ada_page_016_tile_r01_c02.png,OMITTED_RAW_MODEL_JSON/visual_logic_page_016_tile_r01_c02.json,extracted_unvalidated,valid,pending,,,False,pending,unreleased,,,72b143a7c41e6c9f128768cd218a1b0263a60822bd92969d96fd21f62fd26370,72b143a7c41e6c9f128768cd218a1b0263a60822bd92969d96fd21f62fd26370,True
visual_p016-page-016-tile-r01-c02::page-016-tile-r01-c02-structure-tile-r01-c02::edge::edge-005,p016-page-016-tile-r01-c02::page-016-tile-r01-c02-structure-tile-r01-c02::edge::edge-005,CONTROLLED_SOURCE_PDF/ADA principles for pharmacologic therapy.pdf,7c2913f79b61bc60f8f51327bb73b80391988fd277116b29e57df4242b2a2404,81a3d24fd82a123a33c82efc918dc6cd04dacaee7180b66afbacfb9d38b6e5f2,page_016_tile_r01_c02,tile,"[233.972,0.0,593.972,360.0]",normalized_0_1000,16,"Diabetes Care Volume 49, Supplement 1, January 2026",visual_edge,"Diabetes Care Volume 49, Supplement 1, January 2026",3,,visual_logic; recommendation_edge,"Diabetes Care Volume 49, Supplement 1, January 2026; Recommendation edge; N5; to; N6; ↓",Consider basal analog or bedtime NPH insulin → Adjust insulin dose at every visit,"[0.0,419.863,496.3,466.335]",CONTROLLED_SOURCE_IMAGE/ada_page_016_tile_r01_c02.png,OMITTED_RAW_MODEL_JSON/visual_logic_page_016_tile_r01_c02.json,extracted_unvalidated,valid,pending,,,False,pending,unreleased,,,272ac3a213e6d3e468d3a9fb95ce54a4a4a1d88bba42dea274ae0709e9b98235,272ac3a213e6d3e468d3a9fb95ce54a4a4a1d88bba42dea274ae0709e9b98235,True
visual_p016-page-016-tile-r02-c01::page-016-tile-r02-c01-structure-tile-r02-c01::edge::edge-001,p016-page-016-tile-r02-c01::page-016-tile-r02-c01-structure-tile-r02-c01::edge::edge-001,CONTROLLED_SOURCE_PDF/ADA principles for pharmacologic therapy.pdf,7c2913f79b61bc60f8f51327bb73b80391988fd277116b29e57df4242b2a2404,ccce6deda1722bc0d79f8651e2c15da7aee0156e3cddab5d7bf21c7a77628d65,page_016_tile_r02_c01,tile,"[0.0,288.0,360.0,648.0]",normalized_0_1000,16,Insulin Titration and Management Algorithm,visual_edge,Insulin Titration and Management Algorithm,3,,visual_logic; recommendation_edge,Insulin Titration and Management Algorithm; Recommendation edge; n01; to; n02; →,"If glycemia is above goal and the individual is not already on a GLP-1 RA or dual GIP and GLP-1 receptor agonist consider these classes in combination and with insulin (may use fixed-ratio product, if available and appropriate)³ → If glycemia remains above goal:","[320.0,304.0,975.0,315.0]",CONTROLLED_SOURCE_IMAGE/ada_page_016_tile_r02_c01.png,OMITTED_RAW_MODEL_JSON/visual_logic_page_016_tile_r02_c01.json,extracted_unvalidated,valid,pending,,,False,pending,unreleased,,,04e4fd5daec44d09626c5155f0bb5d6e4dc2ea026f50b9133c48b08a64249301,04e4fd5daec44d09626c5155f0bb5d6e4dc2ea026f50b9133c48b08a64249301,True
visual_p016-page-016-tile-r02-c01::page-016-tile-r02-c01-structure-tile-r02-c01::edge::edge-002,p016-page-016-tile-r02-c01::page-016-tile-r02-c01-structure-tile-r02-c01::edge::edge-002,CONTROLLED_SOURCE_PDF/ADA principles for pharmacologic therapy.pdf,7c2913f79b61bc60f8f51327bb73b80391988fd277116b29e57df4242b2a2404,ccce6deda1722bc0d79f8651e2c15da7aee0156e3cddab5d7bf21c7a77628d65,page_016_tile_r02_c01,tile,"[0.0,288.0,360.0,648.0]",normalized_0_1000,16,Insulin Titration and Management Algorithm,visual_edge,Insulin Titration and Management Algorithm,3,,visual_logic; recommendation_edge,Insulin Titration and Management Algorithm; Recommendation edge; n02; to; n03; →,If glycemia remains above goal: → If glycemia is above goal,"[320.0,348.0,975.0,542.0]",CONTROLLED_SOURCE_IMAGE/ada_page_016_tile_r02_c01.png,OMITTED_RAW_MODEL_JSON/visual_logic_page_016_tile_r02_c01.json,extracted_unvalidated,valid,pending,,,False,pending,unreleased,,,d031f34f9d7c801ed9ae04404b93fdb3c2cd44b736615d7f922452900c7dfc81,d031f34f9d7c801ed9ae04404b93fdb3c2cd44b736615d7f922452900c7dfc81,True
visual_p016-page-016-tile-r02-c02::page-016-tile-r02-c02-structure-tile-r02-c02::edge::edge-001,p016-page-016-tile-r02-c02::page-016-tile-r02-c02-structure-tile-r02-c02::edge::edge-001,CONTROLLED_SOURCE_PDF/ADA principles for pharmacologic therapy.pdf,7c2913f79b61bc60f8f51327bb73b80391988fd277116b29e57df4242b2a2404,a27cdba8ff2cf5319432911a83c311d8ee007fce5d98d9876db31897949a8e49,page_016_tile_r02_c02,tile,"[233.972,288.0,593.972,648.0]",normalized_0_1000,16,Insulin Titration and Management Algorithm,visual_edge,Insulin Titration and Management Algorithm,3,,visual_logic; recommendation_edge,"Insulin Titration and Management Algorithm; Recommendation edge; n0; to; n1; If glycemia is above goal → If on bedtime NPH, consider converting to twice-daily NPH plan","If glycemia is above goal → If on bedtime NPH, consider converting to twice-daily NPH plan","[450.0,328.0,791.0,360.0]",CONTROLLED_SOURCE_IMAGE/ada_page_016_tile_r02_c02.png,OMITTED_RAW_MODEL_JSON/visual_logic_page_016_tile_r02_c02.json,extracted_unvalidated,valid,pending,,,False,pending,unreleased,,,ccd147e01db2eb2e0be80581c25cc5c5cb0339602c9d0157f07f6898b94b8e52,ccd147e01db2eb2e0be80581c25cc5c5cb0339602c9d0157f07f6898b94b8e52,True
visual_p016-page-016-tile-r02-c02::page-016-tile-r02-c02-structure-tile-r02-c02::edge::edge-002,p016-page-016-tile-r02-c02::page-016-tile-r02-c02-structure-tile-r02-c02::edge::edge-002,CONTROLLED_SOURCE_PDF/ADA principles for pharmacologic therapy.pdf,7c2913f79b61bc60f8f51327bb73b80391988fd277116b29e57df4242b2a2404,a27cdba8ff2cf5319432911a83c311d8ee007fce5d98d9876db31897949a8e49,page_016_tile_r02_c02,tile,"[233.972,288.0,593.972,648.0]",normalized_0_1000,16,Insulin Titration and Management Algorithm,visual_edge,Insulin Titration and Management Algorithm,3,,visual_logic; recommendation_edge,Insulin Titration and Management Algorithm; Recommendation edge; n0; to; n3; If glycemia is above goal → Consider self-mixed/split insulin plan,If glycemia is above goal → Consider self-mixed/split insulin plan,"[0.0,628.0,415.0,673.0]",CONTROLLED_SOURCE_IMAGE/ada_page_016_tile_r02_c02.png,OMITTED_RAW_MODEL_JSON/visual_logic_page_016_tile_r02_c02.json,extracted_unvalidated,valid,pending,,,False,pending,unreleased,,,7547b980365094fa534e1bd44e21dd26e40dd7da95bfecd3265dcf6f2229f68f,7547b980365094fa534e1bd44e21dd26e40dd7da95bfecd3265dcf6f2229f68f,True
visual_p016-page-016-tile-r02-c02::page-016-tile-r02-c02-structure-tile-r02-c02::edge::edge-003,p016-page-016-tile-r02-c02::page-016-tile-r02-c02-structure-tile-r02-c02::edge::edge-003,CONTROLLED_SOURCE_PDF/ADA principles for pharmacologic therapy.pdf,7c2913f79b61bc60f8f51327bb73b80391988fd277116b29e57df4242b2a2404,a27cdba8ff2cf5319432911a83c311d8ee007fce5d98d9876db31897949a8e49,page_016_tile_r02_c02,tile,"[233.972,288.0,593.972,648.0]",normalized_0_1000,16,Insulin Titration and Management Algorithm,visual_edge,Insulin Titration and Management Algorithm,3,,visual_logic; recommendation_edge,Insulin Titration and Management Algorithm; Recommendation edge; n0; to; n4; If glycemia is above goal → Consider twice-daily premixed insulin plan,If glycemia is above goal → Consider twice-daily premixed insulin plan,"[450.0,628.0,791.0,673.0]",CONTROLLED_SOURCE_IMAGE/ada_page_016_tile_r02_c02.png,OMITTED_RAW_MODEL_JSON/visual_logic_page_016_tile_r02_c02.json,extracted_unvalidated,valid,pending,,,False,pending,unreleased,,,3cdc5819ac632480cd881d70c01e6a6576b9608d6e4672129a292f9f2e45fa16,3cdc5819ac632480cd881d70c01e6a6576b9608d6e4672129a292f9f2e45fa16,True
visual_p016-page-016-tile-r02-c02::page-016-tile-r02-c02-structure-tile-r02-c02::edge::edge-004,p016-page-016-tile-r02-c02::page-016-tile-r02-c02-structure-tile-r02-c02::edge::edge-004,CONTROLLED_SOURCE_PDF/ADA principles for pharmacologic therapy.pdf,7c2913f79b61bc60f8f51327bb73b80391988fd277116b29e57df4242b2a2404,a27cdba8ff2cf5319432911a83c311d8ee007fce5d98d9876db31897949a8e49,page_016_tile_r02_c02,tile,"[233.972,288.0,593.972,648.0]",normalized_0_1000,16,Insulin Titration and Management Algorithm,visual_edge,Insulin Titration and Management Algorithm,3,,visual_logic; recommendation_edge,"Insulin Titration and Management Algorithm; Recommendation edge; n1; to; n2; If on bedtime NPH, consider converting to twice-daily NPH plan → If glycemia is above goal (after conversion)","If on bedtime NPH, consider converting to twice-daily NPH plan → If glycemia is above goal","[450.0,360.0,791.0,382.0]",CONTROLLED_SOURCE_IMAGE/ada_page_016_tile_r02_c02.png,OMITTED_RAW_MODEL_JSON/visual_logic_page_016_tile_r02_c02.json,extracted_unvalidated,valid,pending,,,False,pending,unreleased,,,beb47625f9d62ea1701526d8d4f1a9555d07ae1c2881157681bedb81aec7ba48,beb47625f9d62ea1701526d8d4f1a9555d07ae1c2881157681bedb81aec7ba48,True
visual_p016-page-016-tile-r03-c01::page-016-tile-r03-c01-structure-tile-01::edge::edge-001,p016-page-016-tile-r03-c01::page-016-tile-r03-c01-structure-tile-01::edge::edge-001,CONTROLLED_SOURCE_PDF/ADA principles for pharmacologic therapy.pdf,7c2913f79b61bc60f8f51327bb73b80391988fd277116b29e57df4242b2a2404,261a22de3ea4dd739c4ea54401373f7095a181f29eccf2ad65f6e59c8356f15a,page_016_tile_r03_c01,tile,"[0.0,422.986,360.0,782.986]",normalized_0_1000,16,Figure 9.5—Intensifying to injectable therapies in type 2 diabetes.,visual_edge,Figure 9.5—Intensifying to injectable therapies in type 2 diabetes.,3,,visual_logic; recommendation_edge,Figure 9.5—Intensifying to injectable therapies in type 2 diabetes.; Recommendation edge; n01; to; n02; ↓,"If glycemia is above goal → Stepwise doses of prandial insulin (i.e., two, then three additional injections)","[504.986,172.986,930.0,202.986]",CONTROLLED_SOURCE_IMAGE/ada_page_016_tile_r03_c01.png,OMITTED_RAW_MODEL_JSON/visual_logic_page_016_tile_r03_c01.json,extracted_unvalidated,valid,pending,,,False,pending,unreleased,,,4ecca194f89c5d4002bf462c7ab96e240cfdb815330e9171664e625828b97306,4ecca194f89c5d4002bf462c7ab96e240cfdb815330e9171664e625828b97306,True
visual_p016-page-016-tile-r03-c01::page-016-tile-r03-c01-structure-tile-01::edge::edge-002,p016-page-016-tile-r03-c01::page-016-tile-r03-c01-structure-tile-01::edge::edge-002,CONTROLLED_SOURCE_PDF/ADA principles for pharmacologic therapy.pdf,7c2913f79b61bc60f8f51327bb73b80391988fd277116b29e57df4242b2a2404,261a22de3ea4dd739c4ea54401373f7095a181f29eccf2ad65f6e59c8356f15a,page_016_tile_r03_c01,tile,"[0.0,422.986,360.0,782.986]",normalized_0_1000,16,Figure 9.5—Intensifying to injectable therapies in type 2 diabetes.,visual_edge,Figure 9.5—Intensifying to injectable therapies in type 2 diabetes.,3,,visual_logic; recommendation_edge,Figure 9.5—Intensifying to injectable therapies in type 2 diabetes.; Recommendation edge; n01; to; n03; ↓,If glycemia is above goal → Consider self-mixed/split insulin plan,"[540.0,256.986,930.0,327.986]",CONTROLLED_SOURCE_IMAGE/ada_page_016_tile_r03_c01.png,OMITTED_RAW_MODEL_JSON/visual_logic_page_016_tile_r03_c01.json,extracted_unvalidated,valid,pending,,,False,pending,unreleased,,,3f0c1a14ff7f43c7c5f86d1b7bfe57d5c7989edd104304411584c36386450d6d,3f0c1a14ff7f43c7c5f86d1b7bfe57d5c7989edd104304411584c36386450d6d,True
visual_p016-page-016-tile-r03-c02::page-016-tile-r03-c02-structure-tile-r03-c02::edge::edge-001,p016-page-016-tile-r03-c02::page-016-tile-r03-c02-structure-tile-r03-c02::edge::edge-001,CONTROLLED_SOURCE_PDF/ADA principles for pharmacologic therapy.pdf,7c2913f79b61bc60f8f51327bb73b80391988fd277116b29e57df4242b2a2404,460881c76000908bd06cfa8334dfc551a9266b16ed527bd8539d26164692086b,page_016_tile_r03_c02,tile,"[233.972,422.986,593.972,782.986]",normalized_0_1000,16,Insulin Dosing Strategies for Glycemic Control,visual_edge,Insulin Dosing Strategies for Glycemic Control,3,,visual_logic; recommendation_edge,Insulin Dosing Strategies for Glycemic Control; Recommendation edge; n1; to; n2; If glycemia is above goal → Consider self-mixed/split insulin plan; ↓,If glycemia is above goal ↓ Consider self-mixed/split insulin plan,"[450.0,168.0,793.0,200.0]",CONTROLLED_SOURCE_IMAGE/ada_page_016_tile_r03_c02.png,OMITTED_RAW_MODEL_JSON/visual_logic_page_016_tile_r03_c02.json,extracted_unvalidated,valid,pending,,,False,pending,unreleased,,,5bd17081f992c5d0594b1114fb54a1fde89ca808511f9f1e9669f588b7f210bf,5bd17081f992c5d0594b1114fb54a1fde89ca808511f9f1e9669f588b7f210bf,True
visual_p016-page-016-tile-r03-c02::page-016-tile-r03-c02-structure-tile-r03-c02::edge::edge-002,p016-page-016-tile-r03-c02::page-016-tile-r03-c02-structure-tile-r03-c02::edge::edge-002,CONTROLLED_SOURCE_PDF/ADA principles for pharmacologic therapy.pdf,7c2913f79b61bc60f8f51327bb73b80391988fd277116b29e57df4242b2a2404,460881c76000908bd06cfa8334dfc551a9266b16ed527bd8539d26164692086b,page_016_tile_r03_c02,tile,"[233.972,422.986,593.972,782.986]",normalized_0_1000,16,Insulin Dosing Strategies for Glycemic Control,visual_edge,Insulin Dosing Strategies for Glycemic Control,3,,visual_logic; recommendation_edge,Insulin Dosing Strategies for Glycemic Control; Recommendation edge; n1; to; n3; If glycemia is above goal → Consider twice-daily premixed insulin plan; ↓,If glycemia is above goal ↓ Consider twice-daily premixed insulin plan,"[450.0,168.0,793.0,200.0]",CONTROLLED_SOURCE_IMAGE/ada_page_016_tile_r03_c02.png,OMITTED_RAW_MODEL_JSON/visual_logic_page_016_tile_r03_c02.json,extracted_unvalidated,valid,pending,,,False,pending,unreleased,,,85ac7905122d08707c13d911bbaf63dde6c3504c55b1a07ba829deee0dc63b29,85ac7905122d08707c13d911bbaf63dde6c3504c55b1a07ba829deee0dc63b29,True
visual_p016-page-016-tile-r03-c02::page-016-tile-r03-c02-structure-tile-r03-c02::edge::edge-003,p016-page-016-tile-r03-c02::page-016-tile-r03-c02-structure-tile-r03-c02::edge::edge-003,CONTROLLED_SOURCE_PDF/ADA principles for pharmacologic therapy.pdf,7c2913f79b61bc60f8f51327bb73b80391988fd277116b29e57df4242b2a2404,460881c76000908bd06cfa8334dfc551a9266b16ed527bd8539d26164692086b,page_016_tile_r03_c02,tile,"[233.972,422.986,593.972,782.986]",normalized_0_1000,16,Insulin Dosing Strategies for Glycemic Control,visual_edge,Insulin Dosing Strategies for Glycemic Control,3,,visual_logic; recommendation_edge,Insulin Dosing Strategies for Glycemic Control; Recommendation edge; n2; to; n5; Consider self-mixed/split insulin plan → Titrate based on individualized needs; ↓,Consider self-mixed/split insulin plan ↓ Titrate based on individualized needs,"[0.0,256.0,431.0,478.0]",CONTROLLED_SOURCE_IMAGE/ada_page_016_tile_r03_c02.png,OMITTED_RAW_MODEL_JSON/visual_logic_page_016_tile_r03_c02.json,extracted_unvalidated,valid,pending,,,False,pending,unreleased,,,aed1bc051ae5ab966653b9a26349b409e6ef599176fc3d6357483aa309d9ffad,aed1bc051ae5ab966653b9a26349b409e6ef599176fc3d6357483aa309d9ffad,True
visual_p016-page-016-tile-r03-c02::page-016-tile-r03-c02-structure-tile-r03-c02::edge::edge-004,p016-page-016-tile-r03-c02::page-016-tile-r03-c02-structure-tile-r03-c02::edge::edge-004,CONTROLLED_SOURCE_PDF/ADA principles for pharmacologic therapy.pdf,7c2913f79b61bc60f8f51327bb73b80391988fd277116b29e57df4242b2a2404,460881c76000908bd06cfa8334dfc551a9266b16ed527bd8539d26164692086b,page_016_tile_r03_c02,tile,"[233.972,422.986,593.972,782.986]",normalized_0_1000,16,Insulin Dosing Strategies for Glycemic Control,visual_edge,Insulin Dosing Strategies for Glycemic Control,3,,visual_logic; recommendation_edge,Insulin Dosing Strategies for Glycemic Control; Recommendation edge; n3; to; n7; Consider twice-daily premixed insulin plan → Titrate based on individualized needs; ↓,Consider twice-daily premixed insulin plan ↓ Titrate based on individualized needs,"[450.0,256.0,793.0,418.0]",CONTROLLED_SOURCE_IMAGE/ada_page_016_tile_r03_c02.png,OMITTED_RAW_MODEL_JSON/visual_logic_page_016_tile_r03_c02.json,extracted_unvalidated,valid,pending,,,False,pending,unreleased,,,dcb135f055deadfba8d1844c35e655f0eb089a4e18dec63972da68c231774440,dcb135f055deadfba8d1844c35e655f0eb089a4e18dec63972da68c231774440,True
visual_p002-page-002-tile-r01-c02::page-002-tile-r01-c02-actions-tile-r01-c02::action::action-001,p002-page-002-tile-r01-c02::page-002-tile-r01-c02-actions-tile-r01-c02::action::action-001,CONTROLLED_SOURCE_PDF/ADA principles for pharmacologic therapy.pdf,7c2913f79b61bc60f8f51327bb73b80391988fd277116b29e57df4242b2a2404,b802fc0ac32363321ba43b29c977c17536a41f3b027753bf6153a6825a2ac180,page_002_tile_r01_c02,tile,"[233.972,0.0,593.972,360.0]",normalized_0_1000,2,Figure 9.1,visual_action,Figure 9.1,3,insulin analogs,visual_logic; drug_action,Figure 9.1; insulin analogs; may cause less hypoglycemia while improving postprandial glucose excursions and administration flexibility (in relation to prandial intake) compared with RAA; compared with RAA,These newer formulations may cause less hypoglycemia while improving postprandial glucose excursions and administration flexibility (in relation to prandial intake) compared with RAA (10–12).,"[437.0,658.0,879.0,712.0]",CONTROLLED_SOURCE_IMAGE/ada_page_002_tile_r01_c02.png,OMITTED_RAW_MODEL_JSON/visual_logic_page_002_tile_r01_c02.json,extracted_unvalidated,valid,pending,,,False,pending,unreleased,,,eb966982d6f6d52a3f5dc91ce0912b3c955eb25df14aa3122db4206c413eb378,eb966982d6f6d52a3f5dc91ce0912b3c955eb25df14aa3122db4206c413eb378,True
visual_p002-page-002-tile-r01-c02::page-002-tile-r01-c02-actions-tile-r01-c02::action::action-002,p002-page-002-tile-r01-c02::page-002-tile-r01-c02-actions-tile-r01-c02::action::action-002,CONTROLLED_SOURCE_PDF/ADA principles for pharmacologic therapy.pdf,7c2913f79b61bc60f8f51327bb73b80391988fd277116b29e57df4242b2a2404,b802fc0ac32363321ba43b29c977c17536a41f3b027753bf6153a6825a2ac180,page_002_tile_r01_c02,tile,"[233.972,0.0,593.972,360.0]",normalized_0_1000,2,Figure 9.1,visual_action,Figure 9.1,3,longer-acting basal analogs (U-300 glargine or degludec),visual_logic; drug_action,Figure 9.1; longer-acting basal analogs (U-300 glargine or degludec); may confer a lower hypoglycemia risk compared with U-100 glargine; in individuals with type 1 diabetes,"In addition, longer-acting basal analogs (U-300 glargine or degludec) may confer a lower hypoglycemia risk compared with U-100 glargine in individuals with type 1 diabetes (13,14).","[437.0,726.0,879.0,857.0]",CONTROLLED_SOURCE_IMAGE/ada_page_002_tile_r01_c02.png,OMITTED_RAW_MODEL_JSON/visual_logic_page_002_tile_r01_c02.json,extracted_unvalidated,valid,pending,,,False,pending,unreleased,,,93775301577a45988ce99390ff84c9644306e2e0714d10233f3932084bf66ca9,93775301577a45988ce99390ff84c9644306e2e0714d10233f3932084bf66ca9,True
visual_p006-page-006-tile-r01-c01::page-006-tile-r01-c01-actions-s188-pagetile::action::action-001,p006-page-006-tile-r01-c01::page-006-tile-r01-c01-actions-s188-pagetile::action::action-001,CONTROLLED_SOURCE_PDF/ADA principles for pharmacologic therapy.pdf,7c2913f79b61bc60f8f51327bb73b80391988fd277116b29e57df4242b2a2404,171481028df5f80b30a55353193e91568bfbd66504987ba8db080982192a624b,page_006_tile_r01_c01,tile,"[0.0,0.0,360.0,360.0]",normalized_0_1000,6,Initiation and adjustment of insulin using multiple daily dosing,visual_action,Initiation and adjustment of insulin using multiple daily dosing,3,insulin,visual_logic; drug_action,Initiation and adjustment of insulin using multiple daily dosing; insulin; Start 0.4–0.5 units/kg/day divided equally between basal and prandial coverage; Initiation of insulin therapy; Divided equally between basal and prandial coverage,INITIATION Start 0.4–0.5 units/kg/day divided equally between basal and prandial² coverage,"[261.0,378.0,999.0,400.0]",CONTROLLED_SOURCE_IMAGE/ada_page_006_tile_r01_c01.png,OMITTED_RAW_MODEL_JSON/visual_logic_page_006_tile_r01_c01.json,extracted_unvalidated,valid,pending,,,False,pending,unreleased,,,1542472a3c09beed85f67df2636a3aed73751bc8feaf6a1646893203190e42d7,1542472a3c09beed85f67df2636a3aed73751bc8feaf6a1646893203190e42d7,True
visual_p006-page-006-tile-r01-c01::page-006-tile-r01-c01-actions-s188-pagetile::action::action-002,p006-page-006-tile-r01-c01::page-006-tile-r01-c01-actions-s188-pagetile::action::action-002,CONTROLLED_SOURCE_PDF/ADA principles for pharmacologic therapy.pdf,7c2913f79b61bc60f8f51327bb73b80391988fd277116b29e57df4242b2a2404,171481028df5f80b30a55353193e91568bfbd66504987ba8db080982192a624b,page_006_tile_r01_c01,tile,"[0.0,0.0,360.0,360.0]",normalized_0_1000,6,Initiation and adjustment of insulin using multiple daily dosing,visual_action,Initiation and adjustment of insulin using multiple daily dosing,3,insulin,visual_logic; drug_action,"Initiation and adjustment of insulin using multiple daily dosing; insulin; Uptitrate or downtitrate as necessary, adjusting basal and prandial doses based on individualized goals for A1C, CGM, and SMBG; Titration of insulin therapy; Adjusting basal and prandial doses based on individualized goals for A1C, CGM, and SMBG","TITRATION Uptitrate or downtitrate as necessary, adjusting basal and prandial doses based on individualized goals for A1C, CGM, and SMBG","[261.0,400.0,999.0,423.0]",CONTROLLED_SOURCE_IMAGE/ada_page_006_tile_r01_c01.png,OMITTED_RAW_MODEL_JSON/visual_logic_page_006_tile_r01_c01.json,extracted_unvalidated,valid,pending,,,False,pending,unreleased,,,cb3bedd2826521e56c2d59850e2b058105a8ebc7708c198fd45061dc8c1ea106,cb3bedd2826521e56c2d59850e2b058105a8ebc7708c198fd45061dc8c1ea106,True
visual_p006-page-006-tile-r01-c01::page-006-tile-r01-c01-actions-s188-pagetile::action::action-003,p006-page-006-tile-r01-c01::page-006-tile-r01-c01-actions-s188-pagetile::action::action-003,CONTROLLED_SOURCE_PDF/ADA principles for pharmacologic therapy.pdf,7c2913f79b61bc60f8f51327bb73b80391988fd277116b29e57df4242b2a2404,171481028df5f80b30a55353193e91568bfbd66504987ba8db080982192a624b,page_006_tile_r01_c01,tile,"[0.0,0.0,360.0,360.0]",normalized_0_1000,6,Initiation and adjustment of insulin using multiple daily dosing,visual_action,Initiation and adjustment of insulin using multiple daily dosing,3,glucagon,visual_logic; drug_action,Initiation and adjustment of insulin using multiple daily dosing; glucagon; Prescribe for emergent hypoglycemia; Considerations for starting insulin,Glucagon should be prescribed for emergent hypoglycemia,"[450.0,523.0,999.0,546.0]",CONTROLLED_SOURCE_IMAGE/ada_page_006_tile_r01_c01.png,OMITTED_RAW_MODEL_JSON/visual_logic_page_006_tile_r01_c01.json,extracted_unvalidated,valid,pending,,,False,pending,unreleased,,,cfdbcf4dac5633aa1aeea42775ca3ca9e97d5847fac2f88020e31c999b1dc54f,cfdbcf4dac5633aa1aeea42775ca3ca9e97d5847fac2f88020e31c999b1dc54f,True
visual_p006-page-006-tile-r01-c02::page-006-tile-r01-c02-actions-tile-r01-c02::action::action-001,p006-page-006-tile-r01-c02::page-006-tile-r01-c02-actions-tile-r01-c02::action::action-001,CONTROLLED_SOURCE_PDF/ADA principles for pharmacologic therapy.pdf,7c2913f79b61bc60f8f51327bb73b80391988fd277116b29e57df4242b2a2404,8dd16976076c4dc0b61fc940193599a3ad60084cff0f56c431772b1a0295828f,page_006_tile_r01_c02,tile,"[233.972,0.0,593.972,360.0]",normalized_0_1000,6,Using multiple daily dosing in individuals with type 1 diabetes,visual_action,Using multiple daily dosing in individuals with type 1 diabetes,3,Insulin,visual_logic; drug_action,"Using multiple daily dosing in individuals with type 1 diabetes; Insulin; Titration of insulin; Initial presentation with DKA, overweight or obesity; Distribute equally between basal and prandial coverage; adjust based on CGM and SMBG.; Consider person-specific considerations for modification of administration method (switch to or from MDI, AID, inhaled insulin) and for overbasalization (e.g., elevated bedtime-to-morning and/or postprandial-to-preprandial differential, hypoglycemia [aware or unaware], high glucose variability).",Titration of insulin: Distribute equally between basal and prandial coverage; adjusting basal and prandial doses based on CGM and SMBG.,"[0.0,587.964,1000.0,632.964]",CONTROLLED_SOURCE_IMAGE/ada_page_006_tile_r01_c02.png,OMITTED_RAW_MODEL_JSON/visual_logic_page_006_tile_r01_c02.json,extracted_unvalidated,valid,pending,,,False,pending,unreleased,,,d757fe02d457f2ec2c44fd8c88a009cbfea0de2ce6831796f97f116a21e7f463,d757fe02d457f2ec2c44fd8c88a009cbfea0de2ce6831796f97f116a21e7f463,True
visual_p006-page-006-tile-r01-c02::page-006-tile-r01-c02-actions-tile-r01-c02::action::action-002,p006-page-006-tile-r01-c02::page-006-tile-r01-c02-actions-tile-r01-c02::action::action-002,CONTROLLED_SOURCE_PDF/ADA principles for pharmacologic therapy.pdf,7c2913f79b61bc60f8f51327bb73b80391988fd277116b29e57df4242b2a2404,8dd16976076c4dc0b61fc940193599a3ad60084cff0f56c431772b1a0295828f,page_006_tile_r01_c02,tile,"[233.972,0.0,593.972,360.0]",normalized_0_1000,6,Using multiple daily dosing in individuals with type 1 diabetes,visual_action,Using multiple daily dosing in individuals with type 1 diabetes,3,Insulin,visual_logic; drug_action,"Using multiple daily dosing in individuals with type 1 diabetes; Insulin; Assess adequacy of insulin dose and insulin-taking behaviors at every visit; Every visit; Consider person-specific considerations and clinical signs to evaluate for need for modification of administration method (switch to or from MDI, AID, inhaled insulin) and for overbasalization (e.g., elevated bedtime-to-morning and/or postprandial-to-preprandial differential, hypoglycemia [aware or unaware], high glucose variability).","Assess adequacy of insulin dose and insulin-taking behaviors at every visit. Consider person-specific considerations and clinical signs to evaluate for need for modification of administration method (switch to or from MDI, AID, inhaled insulin) and for overbasalization (e.g., elevated bedtime-to-morning and/or postprandial-to-preprandial differential, hypoglycemia [aware or unaware], high glucose variability).","[0.0,632.964,1000.0,758.964]",CONTROLLED_SOURCE_IMAGE/ada_page_006_tile_r01_c02.png,OMITTED_RAW_MODEL_JSON/visual_logic_page_006_tile_r01_c02.json,extracted_unvalidated,valid,pending,,,False,pending,unreleased,,,4385ee87aaa3fb23f205943a1283e503a03bd69aa8955ff76eab476b4626bd57,4385ee87aaa3fb23f205943a1283e503a03bd69aa8955ff76eab476b4626bd57,True
visual_p006-page-006-tile-r01-c02::page-006-tile-r01-c02-actions-tile-r01-c02::action::action-003,p006-page-006-tile-r01-c02::page-006-tile-r01-c02-actions-tile-r01-c02::action::action-003,CONTROLLED_SOURCE_PDF/ADA principles for pharmacologic therapy.pdf,7c2913f79b61bc60f8f51327bb73b80391988fd277116b29e57df4242b2a2404,8dd16976076c4dc0b61fc940193599a3ad60084cff0f56c431772b1a0295828f,page_006_tile_r01_c02,tile,"[233.972,0.0,593.972,360.0]",normalized_0_1000,6,Using multiple daily dosing in individuals with type 1 diabetes,visual_action,Using multiple daily dosing in individuals with type 1 diabetes,3,Insulin,visual_logic; drug_action,"Using multiple daily dosing in individuals with type 1 diabetes; Insulin; If hyperglycemia is present, adjust basal and/or prandial insulin based on the timing and extent of hyperglycemia (e.g., p. 14); Hyperglycemia present; Adjust basal and/or prandial insulin based on the timing and extent of hyperglycemia.","If hyperglycemia is present, adjust basal and/or prandial insulin based on the timing and extent of hyperglycemia (e.g., p. 14).","[0.0,758.964,1000.0,823.964]",CONTROLLED_SOURCE_IMAGE/ada_page_006_tile_r01_c02.png,OMITTED_RAW_MODEL_JSON/visual_logic_page_006_tile_r01_c02.json,extracted_unvalidated,valid,pending,,,False,pending,unreleased,,,b8707eb79c9fb661a07b103c88ab313ece74099b69c5afdca8580f4594ac6aec,b8707eb79c9fb661a07b103c88ab313ece74099b69c5afdca8580f4594ac6aec,True
visual_p006-page-006-tile-r02-c01::page-006-tile-r02-c01-actions-figure-92::action::action-001,p006-page-006-tile-r02-c01::page-006-tile-r02-c01-actions-figure-92::action::action-001,CONTROLLED_SOURCE_PDF/ADA principles for pharmacologic therapy.pdf,7c2913f79b61bc60f8f51327bb73b80391988fd277116b29e57df4242b2a2404,0929ca38ad29f903468637f26d74c7aa2879fd4c3c802648076823db14825893,page_006_tile_r02_c01,tile,"[0.0,288.0,360.0,648.0]",normalized_0_1000,6,"Figure 9.2—Insulin initiation and adjustment for people with type 1 diabetes using multi-continuous glucose monitoring; DKA, diabetic ketoacidosis; MDI, multiple daily injection",visual_action,"Figure 9.2—Insulin initiation and adjustment for people with type 1 diabetes using multi-continuous glucose monitoring; DKA, diabetic ketoacidosis; MDI, multiple daily injection",3,Insulin (basal and/or prandial),visual_logic; drug_action,"Figure 9.2—Insulin initiation and adjustment for people with type 1 diabetes using multi-continuous glucose monitoring; DKA, diabetic ketoacidosis; MDI, multiple daily injection; Insulin (basal and/or prandial); Adjust dosage based on timing of hypoglycemia; If hypoglycemia is present; e.g., 1–4 units or 5–10% dosage adjustments","If hypoglycemia is present, adjust basal and/or prandial insulin based on the timing of the hypoglycemia (e.g., 1-4 units or 5–10% dosage adjustments)3,4","[172.8,136.9,590.4,244.8]",CONTROLLED_SOURCE_IMAGE/ada_page_006_tile_r02_c01.png,OMITTED_RAW_MODEL_JSON/visual_logic_page_006_tile_r02_c01.json,extracted_unvalidated,valid,pending,,,False,pending,unreleased,,,277e69a6fabb7bacf257d7694520afe4ebaab6e34888dd9f5babbb172afd0efa,277e69a6fabb7bacf257d7694520afe4ebaab6e34888dd9f5babbb172afd0efa,True
visual_p006-page-006-tile-r02-c01::page-006-tile-r02-c01-actions-figure-92::action::action-002,p006-page-006-tile-r02-c01::page-006-tile-r02-c01-actions-figure-92::action::action-002,CONTROLLED_SOURCE_PDF/ADA principles for pharmacologic therapy.pdf,7c2913f79b61bc60f8f51327bb73b80391988fd277116b29e57df4242b2a2404,0929ca38ad29f903468637f26d74c7aa2879fd4c3c802648076823db14825893,page_006_tile_r02_c01,tile,"[0.0,288.0,360.0,648.0]",normalized_0_1000,6,"Figure 9.2—Insulin initiation and adjustment for people with type 1 diabetes using multi-continuous glucose monitoring; DKA, diabetic ketoacidosis; MDI, multiple daily injection",visual_action,"Figure 9.2—Insulin initiation and adjustment for people with type 1 diabetes using multi-continuous glucose monitoring; DKA, diabetic ketoacidosis; MDI, multiple daily injection",3,Insulin (basal and/or prandial),visual_logic; drug_action,"Figure 9.2—Insulin initiation and adjustment for people with type 1 diabetes using multi-continuous glucose monitoring; DKA, diabetic ketoacidosis; MDI, multiple daily injection; Insulin (basal and/or prandial); Adjust dosage based on extent of hyperglycemia; If hyperglycemia is present; e.g., 1–4 units or 5–10% dosage adjustments","If hyperglycemia is present, adjust basal and/or prandial insulin based on the extent of hyperglycemia (e.g., 1-4 units or 5–10% dosage adjustments)","[732.8,136.9,1000.0,244.8]",CONTROLLED_SOURCE_IMAGE/ada_page_006_tile_r02_c01.png,OMITTED_RAW_MODEL_JSON/visual_logic_page_006_tile_r02_c01.json,extracted_unvalidated,valid,pending,,,False,pending,unreleased,,,fbaddc469ad2a52583afa7b83ddf1dc9b1c8d1d920c47c2e8337fc02ff1997b8,fbaddc469ad2a52583afa7b83ddf1dc9b1c8d1d920c47c2e8337fc02ff1997b8,True
visual_p006-page-006-tile-r02-c01::page-006-tile-r02-c01-actions-figure-92::action::action-003,p006-page-006-tile-r02-c01::page-006-tile-r02-c01-actions-figure-92::action::action-003,CONTROLLED_SOURCE_PDF/ADA principles for pharmacologic therapy.pdf,7c2913f79b61bc60f8f51327bb73b80391988fd277116b29e57df4242b2a2404,0929ca38ad29f903468637f26d74c7aa2879fd4c3c802648076823db14825893,page_006_tile_r02_c01,tile,"[0.0,288.0,360.0,648.0]",normalized_0_1000,6,"Figure 9.2—Insulin initiation and adjustment for people with type 1 diabetes using multi-continuous glucose monitoring; DKA, diabetic ketoacidosis; MDI, multiple daily injection",visual_action,"Figure 9.2—Insulin initiation and adjustment for people with type 1 diabetes using multi-continuous glucose monitoring; DKA, diabetic ketoacidosis; MDI, multiple daily injection",3,Insulin (basal),visual_logic; drug_action,"Figure 9.2—Insulin initiation and adjustment for people with type 1 diabetes using multi-continuous glucose monitoring; DKA, diabetic ketoacidosis; MDI, multiple daily injection; Insulin (basal); Adjust dosage based on overnight glucose pattern; If fasting hyperglycemia is present; Review overnight glucose pattern and adjust basal insulin if appropriate","If fasting hyperglycemia is present, review overnight glucose pattern (using CGM, if available) and adjust basal insulin, if appropriate","[624.0,301.9,957.6,408.8]",CONTROLLED_SOURCE_IMAGE/ada_page_006_tile_r02_c01.png,OMITTED_RAW_MODEL_JSON/visual_logic_page_006_tile_r02_c01.json,extracted_unvalidated,valid,pending,,,False,pending,unreleased,,,56523465cdbf48089e55255f5606cb2c476abf4c236f4b85a7228bc35ffee9af,56523465cdbf48089e55255f5606cb2c476abf4c236f4b85a7228bc35ffee9af,True
visual_p008-page-008-tile-r03-c02::page-008-tile-r03-c02-actions-tile-0::action::action-001,p008-page-008-tile-r03-c02::page-008-tile-r03-c02-actions-tile-0::action::action-001,CONTROLLED_SOURCE_PDF/ADA principles for pharmacologic therapy.pdf,7c2913f79b61bc60f8f51327bb73b80391988fd277116b29e57df4242b2a2404,6ff8b0fe2f77a5a8cd8c8358ed249e5a2082215e86b5279494e616364e00fdc7,page_008_tile_r03_c02,tile,"[233.972,422.986,593.972,782.986]",normalized_0_1000,8,Figure 9.3,visual_action,Figure 9.3,3,SGLT2 inhibitor,visual_logic; drug_action,Figure 9.3; SGLT2 inhibitor; recommended for both glycemic management and prevention of HF hospitalizations (irrespective of A1C); In adults with type 2 diabetes who have heart failure (HF) (with either reduced or preserved ejection fraction); A,"In adults with type 2 diabetes who have heart failure (HF) (with either reduced or preserved ejection fraction), an SGLT2 inhibitor is recommended for both glycemic management and prevention of HF hospitalizations (irrespective of A1C) (Fig. 9.4).","[0.0,0.0,387.0,25.0]",CONTROLLED_SOURCE_IMAGE/ada_page_008_tile_r03_c02.png,OMITTED_RAW_MODEL_JSON/visual_logic_page_008_tile_r03_c02.json,extracted_unvalidated,valid,pending,,,False,pending,unreleased,,,e69c71f7277010f7b4089ed7e884dad97ec0efa6f8ecff13dd0fbf57f7e4385f,e69c71f7277010f7b4089ed7e884dad97ec0efa6f8ecff13dd0fbf57f7e4385f,True
visual_p009-page-009-tile-r01-c01::page-009-tile-r01-c01-actions-tile-0::action::action-001,p009-page-009-tile-r01-c01::page-009-tile-r01-c01-actions-tile-0::action::action-001,CONTROLLED_SOURCE_PDF/ADA principles for pharmacologic therapy.pdf,7c2913f79b61bc60f8f51327bb73b80391988fd277116b29e57df4242b2a2404,23e55292fd35e93be8252d9109129584a161ccdce0f466df0c737432e53bc23e,page_009_tile_r01_c01,tile,"[0.0,0.0,360.0,360.0]",normalized_0_1000,9,Use of glucose-lowering medications in the management of diabetes,visual_action,Use of glucose-lowering medications in the management of diabetes,3,GLP-1 RA,visual_logic; drug_action,Use of glucose-lowering medications in the management of diabetes; GLP-1 RA; with proven CVD benefit; +ASCVD/indicators of high CVD risk*,+ASCVD/indicators of high CVD risk* → GLP-1 RA with proven CVD benefit,"[0.0,360.0,360.0,420.0]",CONTROLLED_SOURCE_IMAGE/ada_page_009_tile_r01_c01.png,OMITTED_RAW_MODEL_JSON/visual_logic_page_009_tile_r01_c01.json,extracted_unvalidated,valid,pending,,,False,pending,unreleased,,,f2ca6fb61ed0bb95cece0b09515a96107e87b80175bb51d0c825b6d2f5035281,f2ca6fb61ed0bb95cece0b09515a96107e87b80175bb51d0c825b6d2f5035281,True
visual_p009-page-009-tile-r01-c01::page-009-tile-r01-c01-actions-tile-0::action::action-002,p009-page-009-tile-r01-c01::page-009-tile-r01-c01-actions-tile-0::action::action-002,CONTROLLED_SOURCE_PDF/ADA principles for pharmacologic therapy.pdf,7c2913f79b61bc60f8f51327bb73b80391988fd277116b29e57df4242b2a2404,23e55292fd35e93be8252d9109129584a161ccdce0f466df0c737432e53bc23e,page_009_tile_r01_c01,tile,"[0.0,0.0,360.0,360.0]",normalized_0_1000,9,Use of glucose-lowering medications in the management of diabetes,visual_action,Use of glucose-lowering medications in the management of diabetes,3,SGLT2i,visual_logic; drug_action,Use of glucose-lowering medications in the management of diabetes; SGLT2i; with proven CVD benefit; +ASCVD/indicators of high CVD risk*,+ASCVD/indicators of high CVD risk* → SGLT2i with proven CVD benefit,"[0.0,360.0,360.0,420.0]",CONTROLLED_SOURCE_IMAGE/ada_page_009_tile_r01_c01.png,OMITTED_RAW_MODEL_JSON/visual_logic_page_009_tile_r01_c01.json,extracted_unvalidated,valid,pending,,,False,pending,unreleased,,,d323dd4396f6e2b98ca26ab5023095ca8b811cce887366fdc58a4e18149311d6,d323dd4396f6e2b98ca26ab5023095ca8b811cce887366fdc58a4e18149311d6,True
visual_p009-page-009-tile-r01-c01::page-009-tile-r01-c01-actions-tile-0::action::action-003,p009-page-009-tile-r01-c01::page-009-tile-r01-c01-actions-tile-0::action::action-003,CONTROLLED_SOURCE_PDF/ADA principles for pharmacologic therapy.pdf,7c2913f79b61bc60f8f51327bb73b80391988fd277116b29e57df4242b2a2404,23e55292fd35e93be8252d9109129584a161ccdce0f466df0c737432e53bc23e,page_009_tile_r01_c01,tile,"[0.0,0.0,360.0,360.0]",normalized_0_1000,9,Use of glucose-lowering medications in the management of diabetes,visual_action,Use of glucose-lowering medications in the management of diabetes,3,SGLT2i,visual_logic; drug_action,Use of glucose-lowering medications in the management of diabetes; SGLT2i; with proven HF benefit in current or prior symptoms of HFrEF or HFpEF; +HF,+HF → SGLT2i with proven HF benefit in current or prior symptoms of HFrEF or HFpEF,"[0.0,360.0,360.0,420.0]",CONTROLLED_SOURCE_IMAGE/ada_page_009_tile_r01_c01.png,OMITTED_RAW_MODEL_JSON/visual_logic_page_009_tile_r01_c01.json,extracted_unvalidated,valid,pending,,,False,pending,unreleased,,,d07f098b67b984e262b63de41cae4af693e4d6ff5d2c5b50161922ebb0c31ade,d07f098b67b984e262b63de41cae4af693e4d6ff5d2c5b50161922ebb0c31ade,True
visual_p009-page-009-tile-r01-c01::page-009-tile-r01-c01-actions-tile-0::action::action-004,p009-page-009-tile-r01-c01::page-009-tile-r01-c01-actions-tile-0::action::action-004,CONTROLLED_SOURCE_PDF/ADA principles for pharmacologic therapy.pdf,7c2913f79b61bc60f8f51327bb73b80391988fd277116b29e57df4242b2a2404,23e55292fd35e93be8252d9109129584a161ccdce0f466df0c737432e53bc23e,page_009_tile_r01_c01,tile,"[0.0,0.0,360.0,360.0]",normalized_0_1000,9,Use of glucose-lowering medications in the management of diabetes,visual_action,Use of glucose-lowering medications in the management of diabetes,3,SGLT2i,visual_logic; drug_action,Use of glucose-lowering medications in the management of diabetes; SGLT2i; with primary evidence of reducing CKD progression; +CKD (on maximally tolerated dose of ACEi or ARB); • SGLT2i can be started with eGFR ≥20 mL/min/1.73 m² • Glucose-lowering efficacy is reduced with eGFR <45 mL/min/1.73 m²,+CKD (on maximally tolerated dose of ACEi or ARB) → SGLT2i with primary evidence of reducing CKD progression • SGLT2i can be started with eGFR ≥20 mL/min/1.73 m² • Glucose-lowering efficacy is reduced with eGFR <45 mL/min/1.73 m²,"[0.0,360.0,360.0,420.0]",CONTROLLED_SOURCE_IMAGE/ada_page_009_tile_r01_c01.png,OMITTED_RAW_MODEL_JSON/visual_logic_page_009_tile_r01_c01.json,extracted_unvalidated,valid,pending,,,False,pending,unreleased,,,c6c2b30bb493a1adf859aba872638385d0afeba403c7a4de2e34a4f3e06367a9,c6c2b30bb493a1adf859aba872638385d0afeba403c7a4de2e34a4f3e06367a9,True
visual_p009-page-009-tile-r01-c01::page-009-tile-r01-c01-actions-tile-0::action::action-005,p009-page-009-tile-r01-c01::page-009-tile-r01-c01-actions-tile-0::action::action-005,CONTROLLED_SOURCE_PDF/ADA principles for pharmacologic therapy.pdf,7c2913f79b61bc60f8f51327bb73b80391988fd277116b29e57df4242b2a2404,23e55292fd35e93be8252d9109129584a161ccdce0f466df0c737432e53bc23e,page_009_tile_r01_c01,tile,"[0.0,0.0,360.0,360.0]",normalized_0_1000,9,Use of glucose-lowering medications in the management of diabetes,visual_action,Use of glucose-lowering medications in the management of diabetes,3,SGLT2i and/or either dual GIP/GLP-1 RA or GLP-1 RA,visual_logic; drug_action,Use of glucose-lowering medications in the management of diabetes; SGLT2i and/or either dual GIP/GLP-1 RA or GLP-1 RA; with proven benefit in symptomatic HFpEF and obesity; +HF (on maximally tolerated dose of ACEi or ARB),+HF → SGLT2i and/or either dual GIP/GLP-1 RA or GLP-1 RA with proven benefit in symptomatic HFpEF and obesity,"[0.0,360.0,360.0,420.0]",CONTROLLED_SOURCE_IMAGE/ada_page_009_tile_r01_c01.png,OMITTED_RAW_MODEL_JSON/visual_logic_page_009_tile_r01_c01.json,extracted_unvalidated,valid,pending,,,False,pending,unreleased,,,ee29cdce43320ba7a4d4f36d97ce5e7130961de49ea18d5070d866dce439570e,ee29cdce43320ba7a4d4f36d97ce5e7130961de49ea18d5070d866dce439570e,True
visual_p009-page-009-tile-r01-c02::page-009-tile-r01-c02-actions-tile-r01-c02::action::action-001,p009-page-009-tile-r01-c02::page-009-tile-r01-c02-actions-tile-r01-c02::action::action-001,CONTROLLED_SOURCE_PDF/ADA principles for pharmacologic therapy.pdf,7c2913f79b61bc60f8f51327bb73b80391988fd277116b29e57df4242b2a2404,ac9895088166584c4f4d973a5590b2d315454f82a669fd42fc3648381d58b5a1,page_009_tile_r01_c02,tile,"[233.972,0.0,593.972,360.0]",normalized_0_1000,9,Medications in the management of type 2 diabetes,visual_action,Medications in the management of type 2 diabetes,3,SGLT2i,visual_logic; drug_action,Medications in the management of type 2 diabetes; SGLT2i; can be started with h eGFR ≥20 mL/min/1.73 m²; +CKD (on maximally tolerated dose of ACEi or ARB); Glucose-lowering efficacy is reduced with eGFR <45 mL/min/1.73 m²; SGLT2i with primary evidence of reducing CKD progression,+CKD (on maximally tolerated dose of ACEi or ARB) SGLT2i with primary evidence of reducing CKD progression • SGLT2i can be started wit h eGFR ≥20 mL/min/1.73 m² • Glucose-lowering efficacy is reduced with eGFR <45 mL/min/1.73 m²,"[46.0,758.0,329.0,970.0]",CONTROLLED_SOURCE_IMAGE/ada_page_009_tile_r01_c02.png,OMITTED_RAW_MODEL_JSON/visual_logic_page_009_tile_r01_c02.json,extracted_unvalidated,valid,pending,,,False,pending,unreleased,,,2bee97a32f40f20c50cb7eab703ec98b0eec87ed2636a51552bc92c279d568c0,2bee97a32f40f20c50cb7eab703ec98b0eec87ed2636a51552bc92c279d568c0,True
visual_p009-page-009-tile-r01-c02::page-009-tile-r01-c02-actions-tile-r01-c02::action::action-002,p009-page-009-tile-r01-c02::page-009-tile-r01-c02-actions-tile-r01-c02::action::action-002,CONTROLLED_SOURCE_PDF/ADA principles for pharmacologic therapy.pdf,7c2913f79b61bc60f8f51327bb73b80391988fd277116b29e57df4242b2a2404,ac9895088166584c4f4d973a5590b2d315454f82a669fd42fc3648381d58b5a1,page_009_tile_r01_c02,tile,"[233.972,0.0,593.972,360.0]",normalized_0_1000,9,Medications in the management of type 2 diabetes,visual_action,Medications in the management of type 2 diabetes,3,Metformin or other agent (including combination therapy),visual_logic; drug_action,Medications in the management of type 2 diabetes; Metformin or other agent (including combination therapy); provide adequate efficacy to achieve and maintain glycemic treatment goals; +Achievement and maintenance of glycemic goals; Prioritize avoidance of hypoglycemia in high risk individuals,Metformin or other agent (including combination therapy) that provides adequate efficacy to achieve and maintain glycemic treatment goals. Prioritize avoidance of hypoglycemia in high risk individuals,"[532.0,724.0,816.0,859.0]",CONTROLLED_SOURCE_IMAGE/ada_page_009_tile_r01_c02.png,OMITTED_RAW_MODEL_JSON/visual_logic_page_009_tile_r01_c02.json,extracted_unvalidated,valid,pending,,,False,pending,unreleased,,,83d13dae6861a0aa9f1e5c6cb883772775dca91c0f5c917a7667dddf5a130c8e,83d13dae6861a0aa9f1e5c6cb883772775dca91c0f5c917a7667dddf5a130c8e,True
visual_p009-page-009-tile-r01-c02::page-009-tile-r01-c02-actions-tile-r01-c02::action::action-003,p009-page-009-tile-r01-c02::page-009-tile-r01-c02-actions-tile-r01-c02::action::action-003,CONTROLLED_SOURCE_PDF/ADA principles for pharmacologic therapy.pdf,7c2913f79b61bc60f8f51327bb73b80391988fd277116b29e57df4242b2a2404,ac9895088166584c4f4d973a5590b2d315454f82a669fd42fc3648381d58b5a1,page_009_tile_r01_c02,tile,"[233.972,0.0,593.972,360.0]",normalized_0_1000,9,Medications in the management of type 2 diabetes,visual_action,Medications in the management of type 2 diabetes,3,"Semaglutide, tirzepatide",visual_logic; drug_action,"Medications in the management of type 2 diabetes; Semaglutide, tirzepatide; Very high efficacy for weight loss; +Weight management; Very high","Efficacy for weight loss Very high: Semaglutide, tirzepatide","[409.0,724.0,516.0,837.0]",CONTROLLED_SOURCE_IMAGE/ada_page_009_tile_r01_c02.png,OMITTED_RAW_MODEL_JSON/visual_logic_page_009_tile_r01_c02.json,extracted_unvalidated,valid,pending,,,False,pending,unreleased,,,3023cc6a9ca91295dac92bfb39571f1686831a18d366ca33b00ffc93c1649a21,3023cc6a9ca91295dac92bfb39571f1686831a18d366ca33b00ffc93c1649a21,True
visual_p009-page-009-tile-r01-c02::page-009-tile-r01-c02-actions-tile-r01-c02::action::action-004,p009-page-009-tile-r01-c02::page-009-tile-r01-c02-actions-tile-r01-c02::action::action-004,CONTROLLED_SOURCE_PDF/ADA principles for pharmacologic therapy.pdf,7c2913f79b61bc60f8f51327bb73b80391988fd277116b29e57df4242b2a2404,ac9895088166584c4f4d973a5590b2d315454f82a669fd42fc3648381d58b5a1,page_009_tile_r01_c02,tile,"[233.972,0.0,593.972,360.0]",normalized_0_1000,9,Medications in the management of type 2 diabetes,visual_action,Medications in the management of type 2 diabetes,3,"Dulaglutide, liraglutide",visual_logic; drug_action,"Medications in the management of type 2 diabetes; Dulaglutide, liraglutide; High efficacy for weight loss; +Weight management; High","Efficacy for weight loss High: Dulaglutide, liraglutide","[409.0,837.0,516.0,920.0]",CONTROLLED_SOURCE_IMAGE/ada_page_009_tile_r01_c02.png,OMITTED_RAW_MODEL_JSON/visual_logic_page_009_tile_r01_c02.json,extracted_unvalidated,valid,pending,,,False,pending,unreleased,,,a6cb66bf7b939baa73d38c7e2cba17f0069e0c06c47699db14d4935b5b3e9e40,a6cb66bf7b939baa73d38c7e2cba17f0069e0c06c47699db14d4935b5b3e9e40,True
visual_p009-page-009-tile-r01-c02::page-009-tile-r01-c02-actions-tile-r01-c02::action::action-005,p009-page-009-tile-r01-c02::page-009-tile-r01-c02-actions-tile-r01-c02::action::action-005,CONTROLLED_SOURCE_PDF/ADA principles for pharmacologic therapy.pdf,7c2913f79b61bc60f8f51327bb73b80391988fd277116b29e57df4242b2a2404,ac9895088166584c4f4d973a5590b2d315454f82a669fd42fc3648381d58b5a1,page_009_tile_r01_c02,tile,"[233.972,0.0,593.972,360.0]",normalized_0_1000,9,Medications in the management of type 2 diabetes,visual_action,Medications in the management of type 2 diabetes,3,GLP-1 RA (not listed above),visual_logic; drug_action,Medications in the management of type 2 diabetes; GLP-1 RA (not listed above); Intermediate efficacy for weight loss; +Weight management; Intermediate,Efficacy for weight loss Intermediate: GLP-1 RA (not listed above),"[409.0,920.0,516.0,970.0]",CONTROLLED_SOURCE_IMAGE/ada_page_009_tile_r01_c02.png,OMITTED_RAW_MODEL_JSON/visual_logic_page_009_tile_r01_c02.json,extracted_unvalidated,valid,pending,,,False,pending,unreleased,,,fbae00cef4419a1a54dba0238018eae36d5e9a60d6647dc48c4da3a2c985e2d2,fbae00cef4419a1a54dba0238018eae36d5e9a60d6647dc48c4da3a2c985e2d2,True
visual_p009-page-009-tile-r01-c02::page-009-tile-r01-c02-actions-tile-r01-c02::action::action-006,p009-page-009-tile-r01-c02::page-009-tile-r01-c02-actions-tile-r01-c02::action::action-006,CONTROLLED_SOURCE_PDF/ADA principles for pharmacologic therapy.pdf,7c2913f79b61bc60f8f51327bb73b80391988fd277116b29e57df4242b2a2404,ac9895088166584c4f4d973a5590b2d315454f82a669fd42fc3648381d58b5a1,page_009_tile_r01_c02,tile,"[233.972,0.0,593.972,360.0]",normalized_0_1000,9,Medications in the management of type 2 diabetes,visual_action,Medications in the management of type 2 diabetes,3,"Dulaglutide (high dose),",visual_logic; drug_action,"Medications in the management of type 2 diabetes; Dulaglutide (high dose),; Very high efficacy for glucose lowering; +Achievement and maintenance of glycemic goals; Very high","Efficacy for glucose lowering Very high: Dulaglutide (high dose),","[532.0,910.0,816.0,970.0]",CONTROLLED_SOURCE_IMAGE/ada_page_009_tile_r01_c02.png,OMITTED_RAW_MODEL_JSON/visual_logic_page_009_tile_r01_c02.json,extracted_unvalidated,valid,pending,,,False,pending,unreleased,,,370142a3e322766ccbd17a5a997fbc6c0d9d14cf819641b095625f994c4dc4f5,370142a3e322766ccbd17a5a997fbc6c0d9d14cf819641b095625f994c4dc4f5,True
visual_p009-page-009-tile-r02-c01::page-009-tile-r02-c01-actions-tile-r02-c01::action::action-001,p009-page-009-tile-r02-c01::page-009-tile-r02-c01-actions-tile-r02-c01::action::action-001,CONTROLLED_SOURCE_PDF/ADA principles for pharmacologic therapy.pdf,7c2913f79b61bc60f8f51327bb73b80391988fd277116b29e57df4242b2a2404,936835293d1d5e15feb927064c3384c4f71d8817072e7850048a8ee7cb0d0396,page_009_tile_r02_c01,tile,"[0.0,288.0,360.0,648.0]",normalized_0_1000,9,Figure 9.4,visual_action,Figure 9.4,3,SGLT2i,visual_logic; drug_action,"Figure 9.4; SGLT2i; Consider adding SGLT2i with proven CVD benefit or vice versa.; If glycemia is above goal, for individuals on a GLP-1 RA.; SGLT2i can be started with h eGFR ≥20 mL/min/1.73 m². Glucose-lowering efficacy is reduced with eGFR <45 mL/min/1.73 m².","For individuals on a GLP-1 RA, consider adding SGLT2i with proven CVD benefit or vice versa","[130.0,205.0,486.0,220.0]",CONTROLLED_SOURCE_IMAGE/ada_page_009_tile_r02_c01.png,OMITTED_RAW_MODEL_JSON/visual_logic_page_009_tile_r02_c01.json,extracted_unvalidated,valid,pending,,,False,pending,unreleased,,,7b224da165dfe3d0123537e8d4ee2c03839e8b8678ed9b1a3ee47278984e494f,7b224da165dfe3d0123537e8d4ee2c03839e8b8678ed9b1a3ee47278984e494f,True
visual_p009-page-009-tile-r02-c01::page-009-tile-r02-c01-actions-tile-r02-c01::action::action-002,p009-page-009-tile-r02-c01::page-009-tile-r02-c01-actions-tile-r02-c01::action::action-002,CONTROLLED_SOURCE_PDF/ADA principles for pharmacologic therapy.pdf,7c2913f79b61bc60f8f51327bb73b80391988fd277116b29e57df4242b2a2404,936835293d1d5e15feb927064c3384c4f71d8817072e7850048a8ee7cb0d0396,page_009_tile_r02_c01,tile,"[0.0,288.0,360.0,648.0]",normalized_0_1000,9,Figure 9.4,visual_action,Figure 9.4,3,Pioglitazone^,visual_logic; drug_action,"Figure 9.4; Pioglitazone^; Consider adding pioglitazone.; If glycemia is above goal, for individuals on a GLP-1 RA.",Pioglitazone^,"[130.0,220.0,486.0,235.0]",CONTROLLED_SOURCE_IMAGE/ada_page_009_tile_r02_c01.png,OMITTED_RAW_MODEL_JSON/visual_logic_page_009_tile_r02_c01.json,extracted_unvalidated,valid,pending,,,False,pending,unreleased,,,2f118714ea9cdef333431e20fdb8a68b00dbb1c6a02055f5d490c52c4dc45c47,2f118714ea9cdef333431e20fdb8a68b00dbb1c6a02055f5d490c52c4dc45c47,True
visual_p009-page-009-tile-r02-c01::page-009-tile-r02-c01-actions-tile-r02-c01::action::action-003,p009-page-009-tile-r02-c01::page-009-tile-r02-c01-actions-tile-r02-c01::action::action-003,CONTROLLED_SOURCE_PDF/ADA principles for pharmacologic therapy.pdf,7c2913f79b61bc60f8f51327bb73b80391988fd277116b29e57df4242b2a2404,936835293d1d5e15feb927064c3384c4f71d8817072e7850048a8ee7cb0d0396,page_009_tile_r02_c01,tile,"[0.0,288.0,360.0,648.0]",normalized_0_1000,9,Figure 9.4,visual_action,Figure 9.4,3,GLP-1 RA#,visual_logic; drug_action,"Figure 9.4; GLP-1 RA#; Consider incorporating a GLP-1 RA or vice versa.; If glycemia is above goal, for individuals on SGLT2i.","If glycemia is above goal, for individuals on SGLT2i, consider incorporating a GLP-1 RA or vice versa","[640.0,305.0,964.0,320.0]",CONTROLLED_SOURCE_IMAGE/ada_page_009_tile_r02_c01.png,OMITTED_RAW_MODEL_JSON/visual_logic_page_009_tile_r02_c01.json,extracted_unvalidated,valid,pending,,,False,pending,unreleased,,,630ed27b9f2b5052fe43274a6bdaccf80564b07b2448b99221d2a0b8b5eecf64,630ed27b9f2b5052fe43274a6bdaccf80564b07b2448b99221d2a0b8b5eecf64,True
visual_p009-page-009-tile-r02-c01::page-009-tile-r02-c01-actions-tile-r02-c01::action::action-004,p009-page-009-tile-r02-c01::page-009-tile-r02-c01-actions-tile-r02-c01::action::action-004,CONTROLLED_SOURCE_PDF/ADA principles for pharmacologic therapy.pdf,7c2913f79b61bc60f8f51327bb73b80391988fd277116b29e57df4242b2a2404,936835293d1d5e15feb927064c3384c4f71d8817072e7850048a8ee7cb0d0396,page_009_tile_r02_c01,tile,"[0.0,288.0,360.0,648.0]",normalized_0_1000,9,Figure 9.4,visual_action,Figure 9.4,3,GLP-1 RA,visual_logic; drug_action,Figure 9.4; GLP-1 RA; Use in the setting of decompensated cirrhosis.; In MASLD or MASH.,Use insulin in the setting of decompensated cirrhosis,"[130.0,725.0,964.0,740.0]",CONTROLLED_SOURCE_IMAGE/ada_page_009_tile_r02_c01.png,OMITTED_RAW_MODEL_JSON/visual_logic_page_009_tile_r02_c01.json,extracted_unvalidated,valid,pending,,,False,pending,unreleased,,,bdcd2111137eb39fc238995df47f62deb7670dda23cb48c82fbe2b347b56a0f9,bdcd2111137eb39fc238995df47f62deb7670dda23cb48c82fbe2b347b56a0f9,True
visual_p009-page-009-tile-r02-c02::page-009-tile-r02-c02-actions-tile-r02-c02::action::action-001,p009-page-009-tile-r02-c02::page-009-tile-r02-c02-actions-tile-r02-c02::action::action-001,CONTROLLED_SOURCE_PDF/ADA principles for pharmacologic therapy.pdf,7c2913f79b61bc60f8f51327bb73b80391988fd277116b29e57df4242b2a2404,16c3522a55a32f083a61b6c439e61e267b7d6d3d8e66f8cfe911c1143cba8dab,page_009_tile_r02_c02,tile,"[233.972,288.0,593.972,648.0]",normalized_0_1000,9,Figure 9.4,visual_action,Figure 9.4,3,SGLT2i,visual_logic; drug_action,Figure 9.4; SGLT2i; can be started with h eGFR ≥20 mL/min/1.73 m²; primary evidence of reducing CKD progression; Glucose-lowering efficacy is reduced with eGFR <45 mL/min/1.73 m²,SGLT2i with primary evidence of reducing CKD progression • SGLT2i can be started wit h eGFR ≥20 mL/min/1.73 m² • Glucose-lowering efficacy is reduced with eGFR <45 mL/min/1.73 m²,"[68.0,29.0,288.0,140.0]",CONTROLLED_SOURCE_IMAGE/ada_page_009_tile_r02_c02.png,OMITTED_RAW_MODEL_JSON/visual_logic_page_009_tile_r02_c02.json,extracted_unvalidated,valid,pending,,,False,pending,unreleased,,,0f8adc5cba91e4a467a1f04c116bda43b09d0dbd544694767df480b1dff1361c,0f8adc5cba91e4a467a1f04c116bda43b09d0dbd544694767df480b1dff1361c,True
visual_p009-page-009-tile-r02-c02::page-009-tile-r02-c02-actions-tile-r02-c02::action::action-003,p009-page-009-tile-r02-c02::page-009-tile-r02-c02-actions-tile-r02-c02::action::action-003,CONTROLLED_SOURCE_PDF/ADA principles for pharmacologic therapy.pdf,7c2913f79b61bc60f8f51327bb73b80391988fd277116b29e57df4242b2a2404,16c3522a55a32f083a61b6c439e61e267b7d6d3d8e66f8cfe911c1143cba8dab,page_009_tile_r02_c02,tile,"[233.972,288.0,593.972,648.0]",normalized_0_1000,9,Figure 9.4,visual_action,Figure 9.4,3,SGLT2i,visual_logic; drug_action,"Figure 9.4; SGLT2i; consider incorporating a GLP-1 RA or vice versa; If glycemia is above goal, for individuals on SGLT2i","If glycemia is above goal, for individuals on SGLT2i, consider incorporating a GLP-1 RA or vice versa","[68.0,235.0,288.0,309.0]",CONTROLLED_SOURCE_IMAGE/ada_page_009_tile_r02_c02.png,OMITTED_RAW_MODEL_JSON/visual_logic_page_009_tile_r02_c02.json,extracted_unvalidated,valid,pending,,,False,pending,unreleased,,,00a997de05be744be4f119f35c34d96136bb0ada148975767b8837c824adfd85,00a997de05be744be4f119f35c34d96136bb0ada148975767b8837c824adfd85,True
visual_p009-page-009-tile-r03-c01::page-009-tile-r03-c01-actions-tile-0::action::action-001,p009-page-009-tile-r03-c01::page-009-tile-r03-c01-actions-tile-0::action::action-001,CONTROLLED_SOURCE_PDF/ADA principles for pharmacologic therapy.pdf,7c2913f79b61bc60f8f51327bb73b80391988fd277116b29e57df4242b2a2404,3154eb177bed280435b48352abedf71aabb52d08e790a9a99b77d726731f937d,page_009_tile_r03_c01,tile,"[0.0,422.986,360.0,782.986]",normalized_0_1000,9,Figure 9.4—Use of glucose-lowering medications in the management of type 2 diabetes.,visual_action,Figure 9.4—Use of glucose-lowering medications in the management of type 2 diabetes.,3,GLP-1 RA,visual_logic; drug_action,Figure 9.4—Use of glucose-lowering medications in the management of type 2 diabetes.; GLP-1 RA; Use insulin in the setting of decompensated cirrhosis.; MASLD or MASH risk mitigation,"Agents with proven or potential benefit in MASLD or MASH GLP-1 RA, dual GIP and GLP-1 RA, pioglitazone, or combination of GLP-1 RA with pioglitazone Use insulin in the setting of decompensated cirrhosis","[130.5,287.986,360.0,362.986]",CONTROLLED_SOURCE_IMAGE/ada_page_009_tile_r03_c01.png,OMITTED_RAW_MODEL_JSON/visual_logic_page_009_tile_r03_c01.json,extracted_unvalidated,valid,pending,,,False,pending,unreleased,,,9f1c2f00cc5b7c935e35a69b695af3c8d278de5c214029d35266bd74388e22a7,9f1c2f00cc5b7c935e35a69b695af3c8d278de5c214029d35266bd74388e22a7,True
visual_p009-page-009-tile-r03-c01::page-009-tile-r03-c01-actions-tile-0::action::action-002,p009-page-009-tile-r03-c01::page-009-tile-r03-c01-actions-tile-0::action::action-002,CONTROLLED_SOURCE_PDF/ADA principles for pharmacologic therapy.pdf,7c2913f79b61bc60f8f51327bb73b80391988fd277116b29e57df4242b2a2404,3154eb177bed280435b48352abedf71aabb52d08e790a9a99b77d726731f937d,page_009_tile_r03_c01,tile,"[0.0,422.986,360.0,782.986]",normalized_0_1000,9,Figure 9.4—Use of glucose-lowering medications in the management of type 2 diabetes.,visual_action,Figure 9.4—Use of glucose-lowering medications in the management of type 2 diabetes.,3,SGLT2i,visual_logic; drug_action,Figure 9.4—Use of glucose-lowering medications in the management of type 2 diabetes.; SGLT2i; Use in patients with established or high risk of CVD.; CV and kidney outcomes trials demonstrate efficacy,"For SGLT2is, CV and kidney outcomes trials demonstrate their efficacy in reducing the risks of composite MACE, CV death, all-cause mortality...","[130.5,572.986,360.0,612.986]",CONTROLLED_SOURCE_IMAGE/ada_page_009_tile_r03_c01.png,OMITTED_RAW_MODEL_JSON/visual_logic_page_009_tile_r03_c01.json,extracted_unvalidated,valid,pending,,,False,pending,unreleased,,,e593f778ac4c876fd9cb1ef6f4d1e624d08694d44fc340eb0b7d3a5c7de28e7d,e593f778ac4c876fd9cb1ef6f4d1e624d08694d44fc340eb0b7d3a5c7de28e7d,True
visual_p009-page-009-tile-r03-c01::page-009-tile-r03-c01-actions-tile-0::action::action-003,p009-page-009-tile-r03-c01::page-009-tile-r03-c01-actions-tile-0::action::action-003,CONTROLLED_SOURCE_PDF/ADA principles for pharmacologic therapy.pdf,7c2913f79b61bc60f8f51327bb73b80391988fd277116b29e57df4242b2a2404,3154eb177bed280435b48352abedf71aabb52d08e790a9a99b77d726731f937d,page_009_tile_r03_c01,tile,"[0.0,422.986,360.0,782.986]",normalized_0_1000,9,Figure 9.4—Use of glucose-lowering medications in the management of type 2 diabetes.,visual_action,Figure 9.4—Use of glucose-lowering medications in the management of type 2 diabetes.,3,GLP-1 RA,visual_logic; drug_action,"Figure 9.4—Use of glucose-lowering medications in the management of type 2 diabetes.; GLP-1 RA; Use in patients with established CVD or CKD.; CVOTs demonstrate efficacy in reducing composite MACE, CV death, all-cause mortality, MI, stroke, and kidney outcomes.","# For GLP-1 RAs, CVOTs demonstrate their efficacy in reducing composite MACE, CV death, all-cause mortality, MI, stroke, and kidney...","[130.5,547.986,360.0,572.986]",CONTROLLED_SOURCE_IMAGE/ada_page_009_tile_r03_c01.png,OMITTED_RAW_MODEL_JSON/visual_logic_page_009_tile_r03_c01.json,extracted_unvalidated,valid,pending,,,False,pending,unreleased,,,7063c11ae1c2a3943fdd2168f85e2f1c71e312a9e099bf72b07159b32f42d9b3,7063c11ae1c2a3943fdd2168f85e2f1c71e312a9e099bf72b07159b32f42d9b3,True
visual_p012-page-012-tile-r02-c02::page-012-tile-r02-c02-actions-tile-r02-c02::action::action-001,p012-page-012-tile-r02-c02::page-012-tile-r02-c02-actions-tile-r02-c02::action::action-001,CONTROLLED_SOURCE_PDF/ADA principles for pharmacologic therapy.pdf,7c2913f79b61bc60f8f51327bb73b80391988fd277116b29e57df4242b2a2404,0b10c0d8095e179b9666ab9330f998052c4e1aef6ee1e69fc5996db3a3269a2e,page_012_tile_r02_c02,tile,"[233.972,288.0,593.972,648.0]",normalized_0_1000,12,Table 9.2,visual_action,Table 9.2,3,semaglutide (SQ),visual_logic; drug_action,Table 9.2; semaglutide (SQ); No dose adjustment when initiating therapy in patients with CKD; Initiating therapy in patients with CKD; No dose adjustment required.; See label for additional information regarding use in patients with renal impairment. Monitor kidney function when initiating therapy.,• No dose adjustment needed • Monitor kidney function when initiating therapy,"[234.0,105.0,367.0,189.0]",CONTROLLED_SOURCE_IMAGE/ada_page_012_tile_r02_c02.png,OMITTED_RAW_MODEL_JSON/visual_logic_page_012_tile_r02_c02.json,extracted_unvalidated,valid,pending,,,False,pending,unreleased,,,f339bd73dd7d5707da5d59cfb0f857bc7f9a2b940586cff935b98c130c7df700,f339bd73dd7d5707da5d59cfb0f857bc7f9a2b940586cff935b98c130c7df700,True
visual_p012-page-012-tile-r02-c02::page-012-tile-r02-c02-actions-tile-r02-c02::action::action-002,p012-page-012-tile-r02-c02::page-012-tile-r02-c02-actions-tile-r02-c02::action::action-002,CONTROLLED_SOURCE_PDF/ADA principles for pharmacologic therapy.pdf,7c2913f79b61bc60f8f51327bb73b80391988fd277116b29e57df4242b2a2404,0b10c0d8095e179b9666ab9330f998052c4e1aef6ee1e69fc5996db3a3269a2e,page_012_tile_r02_c02,tile,"[233.972,288.0,593.972,648.0]",normalized_0_1000,12,Table 9.2,visual_action,Table 9.2,3,tirzepatide,visual_logic; drug_action,Table 9.2; tirzepatide; No dose adjustment when initiating therapy in patients with CKD; Initiating therapy in patients with CKD; No dose adjustment required.; See label for additional information regarding use in patients with renal impairment. Monitor kidney function when initiating therapy.,• No dose adjustment needed • Monitor kidney function when initiating therapy,"[234.0,105.0,367.0,189.0]",CONTROLLED_SOURCE_IMAGE/ada_page_012_tile_r02_c02.png,OMITTED_RAW_MODEL_JSON/visual_logic_page_012_tile_r02_c02.json,extracted_unvalidated,valid,pending,,,False,pending,unreleased,,,845952215607ff84e45611358b74bf51040fab80a013f937eaba9beedc56a45b,845952215607ff84e45611358b74bf51040fab80a013f937eaba9beedc56a45b,True
visual_p012-page-012-tile-r03-c01::page-012-tile-r03-c01-actions-table-9-2-continued::action::action-001,p012-page-012-tile-r03-c01::page-012-tile-r03-c01-actions-table-9-2-continued::action::action-001,CONTROLLED_SOURCE_PDF/ADA principles for pharmacologic therapy.pdf,7c2913f79b61bc60f8f51327bb73b80391988fd277116b29e57df4242b2a2404,26581b063f5c1a25a920d7724c68ddb037c1fe3dd41089fc5bd8d2b750844be9,page_012_tile_r03_c01,tile,"[0.0,422.986,360.0,782.986]",normalized_0_1000,12,Table 9.2—Continued,visual_action,Table 9.2—Continued,3,GLP-1 RAs (SQ; semaglutide also available in oral formulation),visual_logic; drug_action,"Table 9.2—Continued; GLP-1 RAs (SQ; semaglutide also available in oral formulation); High to very high glucose-lowering efficacy; Hypoglycemia risk: No; Loss (intermediate to very high) benefit for CV outcomes, including dulaglutide, liraglutide, semaglutide (SQ and oral)","Effect on MACE: Loss (intermediate to very high). Benefit: dulaglutide, liraglutide, semaglutide (SQ and oral).","[150.0,247.986,360.0,782.986]",CONTROLLED_SOURCE_IMAGE/ada_page_012_tile_r03_c01.png,OMITTED_RAW_MODEL_JSON/visual_logic_page_012_tile_r03_c01.json,extracted_unvalidated,valid,pending,,,False,pending,unreleased,,,b0a6094c14a140a82ba60fa8862af27bc3b2f7ed397b412c3b23b26694a3eb88,b0a6094c14a140a82ba60fa8862af27bc3b2f7ed397b412c3b23b26694a3eb88,True
visual_p012-page-012-tile-r03-c01::page-012-tile-r03-c01-actions-table-9-2-continued::action::action-002,p012-page-012-tile-r03-c01::page-012-tile-r03-c01-actions-table-9-2-continued::action::action-002,CONTROLLED_SOURCE_PDF/ADA principles for pharmacologic therapy.pdf,7c2913f79b61bc60f8f51327bb73b80391988fd277116b29e57df4242b2a2404,26581b063f5c1a25a920d7724c68ddb037c1fe3dd41089fc5bd8d2b750844be9,page_012_tile_r03_c01,tile,"[0.0,422.986,360.0,782.986]",normalized_0_1000,12,Table 9.2—Continued,visual_action,Table 9.2—Continued,3,Dual GIP and GLP-1 RA (SQ),visual_logic; drug_action,"Table 9.2—Continued; Dual GIP and GLP-1 RA (SQ); Very high glucose-lowering efficacy; Hypoglycemia risk: No; Loss (very high) benefit for CV outcomes, under investigation.",Effect on MACE: Loss (very high). Benefit: Under investigation. tirzepa,"[360.0,247.986,570.0,782.986]",CONTROLLED_SOURCE_IMAGE/ada_page_012_tile_r03_c01.png,OMITTED_RAW_MODEL_JSON/visual_logic_page_012_tile_r03_c01.json,extracted_unvalidated,valid,pending,,,False,pending,unreleased,,,2be2ae7e6612fb16d85f1a1227297faa7ded40bf35a193025cd19ff16a8837ba,2be2ae7e6612fb16d85f1a1227297faa7ded40bf35a193025cd19ff16a8837ba,True
visual_p013-page-013-tile-r01-c02::page-013-tile-r01-c02-actions-tile-r01-c02::action::action-001,p013-page-013-tile-r01-c02::page-013-tile-r01-c02-actions-tile-r01-c02::action::action-001,CONTROLLED_SOURCE_PDF/ADA principles for pharmacologic therapy.pdf,7c2913f79b61bc60f8f51327bb73b80391988fd277116b29e57df4242b2a2404,f3efc3b15895546cdbfedcb444bd539ed8d9d791fb77c9b03b54bd224ab6be43,page_013_tile_r01_c02,tile,"[233.972,0.0,593.972,360.0]",normalized_0_1000,13,Pharmacologic Approaches to Glycemic Treatment,visual_action,Pharmacologic Approaches to Glycemic Treatment,3,linagliptin,visual_logic; drug_action,Pharmacologic Approaches to Glycemic Treatment; linagliptin; discontinue if debilitating and other treatment options are feasible) and bullous pemphigoid (discontinue if suspected) reversible upon discontinuation; deleterious effects or contraindications,discontinuing if debilitating and other treatment options are feasible) and bullous pemphigoid (discontinue if suspected) reversible upon discontinuation,"[0.0,233.972,148.56,360.0]",CONTROLLED_SOURCE_IMAGE/ada_page_013_tile_r01_c02.png,OMITTED_RAW_MODEL_JSON/visual_logic_page_013_tile_r01_c02.json,extracted_unvalidated,valid,pending,,,False,pending,unreleased,,,b23b918007d20bdd127122c464a5745c18d7460d8e4311be10bcb3a144eb8d39,b23b918007d20bdd127122c464a5745c18d7460d8e4311be10bcb3a144eb8d39,True
visual_p013-page-013-tile-r02-c01::page-013-tile-r02-c01-actions-tile-r02-c01::action::action-001,p013-page-013-tile-r02-c01::page-013-tile-r02-c01-actions-tile-r02-c01::action::action-001,CONTROLLED_SOURCE_PDF/ADA principles for pharmacologic therapy.pdf,7c2913f79b61bc60f8f51327bb73b80391988fd277116b29e57df4242b2a2404,4d4b09502aa8814aa21a223a495388d035742a0b2c738fcd17fd03afa50bfd5f,page_013_tile_r02_c01,tile,"[0.0,288.0,360.0,648.0]",normalized_0_1000,13,Table 9.2,visual_action,Table 9.2,3,DPP-4 inhibitors,visual_logic; drug_action,"Table 9.2; DPP-4 inhibitors; No dose adjustment required for patients with moderate to severe renal impairment (except sitagliptin); Renal function status; • No dose adjustment required for alogliptin and linaglptin • Dose adjustment required for sitagliptin in patients with moderate to severe renal impairment (e.g., CrCl <50 mL/min)","Dose adjustment required based on kidney function: • No dose adjustment required for alogliptin and linaglptin • Dose adjustment required for sitagliptin (kidney function-dependent) • Generally, no dose adjustment required for saxagliptin","[0.0,288.0,360.0,648.0]",CONTROLLED_SOURCE_IMAGE/ada_page_013_tile_r02_c01.png,OMITTED_RAW_MODEL_JSON/visual_logic_page_013_tile_r02_c01.json,extracted_unvalidated,valid,pending,,,False,pending,unreleased,,,4ec354ed0f8432cb3e2284363f228cb3494b9bb3da8c7849a5c706f7366d75f9,4ec354ed0f8432cb3e2284363f228cb3494b9bb3da8c7849a5c706f7366d75f9,True
visual_p013-page-013-tile-r02-c02::page-013-tile-r02-c02-actions-tile-r02-c02::action::action-001,p013-page-013-tile-r02-c02::page-013-tile-r02-c02-actions-tile-r02-c02::action::action-001,CONTROLLED_SOURCE_PDF/ADA principles for pharmacologic therapy.pdf,7c2913f79b61bc60f8f51327bb73b80391988fd277116b29e57df4242b2a2404,316ceeb13b608d604e6a9dd48559fbdac12ac4050f59e08fe34ed29ee2f25609,page_013_tile_r02_c02,tile,"[233.972,288.0,593.972,648.0]",normalized_0_1000,13,Table 9.2,visual_action,Table 9.2,3,linagliptin,visual_logic; drug_action,Table 9.2; linagliptin; No dose adjustment required; In patients with CKD (including those on dialysis); Generally recommended in impaired renal function; potential for retention of drug.,No dose adjustment required. Generally recommended in impaired renal function; potential for retention of drug.,"[234.0,288.0,594.0,648.0]",CONTROLLED_SOURCE_IMAGE/ada_page_013_tile_r02_c02.png,OMITTED_RAW_MODEL_JSON/visual_logic_page_013_tile_r02_c02.json,extracted_unvalidated,valid,pending,,,False,pending,unreleased,,,c21c5f8489a188ef5ebe5160817ab969674ac3067de8aec06bfc875e4b1507cb,c21c5f8489a188ef5ebe5160817ab969674ac3067de8aec06bfc875e4b1507cb,True
visual_p013-page-013-tile-r02-c02::page-013-tile-r02-c02-actions-tile-r02-c02::action::action-002,p013-page-013-tile-r02-c02::page-013-tile-r02-c02-actions-tile-r02-c02::action::action-002,CONTROLLED_SOURCE_PDF/ADA principles for pharmacologic therapy.pdf,7c2913f79b61bc60f8f51327bb73b80391988fd277116b29e57df4242b2a2404,316ceeb13b608d604e6a9dd48559fbdac12ac4050f59e08fe34ed29ee2f25609,page_013_tile_r02_c02,tile,"[233.972,288.0,593.972,648.0]",normalized_0_1000,13,Table 9.2,visual_action,Table 9.2,3,Glyburide,visual_logic; drug_action,Table 9.2; Glyburide; Not recommended; In patients with CKD (including those on dialysis); Avoid use in patients with CKD.,Glyburide: not recommended for use in patients with CKD. Avoid use in patients with CKD.,"[234.0,288.0,594.0,648.0]",CONTROLLED_SOURCE_IMAGE/ada_page_013_tile_r02_c02.png,OMITTED_RAW_MODEL_JSON/visual_logic_page_013_tile_r02_c02.json,extracted_unvalidated,valid,pending,,,False,pending,unreleased,,,352dfe8506c68a518135c7a91c03fbbdcac2ced5b50eb9fd7e1d0c6828cafd6e,352dfe8506c68a518135c7a91c03fbbdcac2ced5b50eb9fd7e1d0c6828cafd6e,True
visual_p013-page-013-tile-r02-c02::page-013-tile-r02-c02-actions-tile-r02-c02::action::action-003,p013-page-013-tile-r02-c02::page-013-tile-r02-c02-actions-tile-r02-c02::action::action-003,CONTROLLED_SOURCE_PDF/ADA principles for pharmacologic therapy.pdf,7c2913f79b61bc60f8f51327bb73b80391988fd277116b29e57df4242b2a2404,316ceeb13b608d604e6a9dd48559fbdac12ac4050f59e08fe34ed29ee2f25609,page_013_tile_r02_c02,tile,"[233.972,288.0,593.972,648.0]",normalized_0_1000,13,Table 9.2,visual_action,Table 9.2,3,Glipizide,visual_logic; drug_action,Table 9.2; Glipizide; Initiate cautiously; In patients with CKD (including those on dialysis); Start at lower dose and titrate slowly to avoid hypoglycemia.; Avoid use in patients with severe renal impairment or end-stage renal disease.,Glipizide: initiate cautiously. Start at lower dose and titrate slowly to avoid hypoglycemia. Avoid use in patients with severe renal impairment or end-stage renal disease.,"[234.0,288.0,594.0,648.0]",CONTROLLED_SOURCE_IMAGE/ada_page_013_tile_r02_c02.png,OMITTED_RAW_MODEL_JSON/visual_logic_page_013_tile_r02_c02.json,extracted_unvalidated,valid,pending,,,False,pending,unreleased,,,a545f5c3b1f08d98d08cfedfaece43226b3d06264b5f19dd190942629f4981e0,a545f5c3b1f08d98d08cfedfaece43226b3d06264b5f19dd190942629f4981e0,True
visual_p013-page-013-tile-r03-c01::page-013-tile-r03-c01-actions-table-92-continued::action::action-001,p013-page-013-tile-r03-c01::page-013-tile-r03-c01-actions-table-92-continued::action::action-001,CONTROLLED_SOURCE_PDF/ADA principles for pharmacologic therapy.pdf,7c2913f79b61bc60f8f51327bb73b80391988fd277116b29e57df4242b2a2404,cae23fe251f4f6ee32c6e90277f9293fd969edc6f6740153778500412e409dc6,page_013_tile_r03_c01,tile,"[0.0,422.986,360.0,782.986]",normalized_0_1000,13,Table 9.2—Continued,visual_action,Table 9.2—Continued,3,DPP-4 inhibitors (oral),visual_logic; drug_action,Table 9.2—Continued; DPP-4 inhibitors (oral); Neutral effect on CV outcomes; No significant benefit or harm observed in clinical trials.; Intermediate glucose-lowering efficacy; weight effects are neutral.; No specific contraindications noted for DPP-4 inhibitors (oral).,DPP-4 inhibitors (oral) — Glucose-lowering efficacy: Intermediate. Weight effects: Neutral. CV effects: Neutral (potential benefit with saxagliptin). Effect on MACE: No.,"[130.0,275.0,860.0,490.0]",CONTROLLED_SOURCE_IMAGE/ada_page_013_tile_r03_c01.png,OMITTED_RAW_MODEL_JSON/visual_logic_page_013_tile_r03_c01.json,extracted_unvalidated,valid,pending,,,False,pending,unreleased,,,389e35c4995888b363b5cb669569e3fde812b1b63d25b755f2dc6eec28646f23,389e35c4995888b363b5cb669569e3fde812b1b63d25b755f2dc6eec28646f23,True
visual_p013-page-013-tile-r03-c01::page-013-tile-r03-c01-actions-table-92-continued::action::action-002,p013-page-013-tile-r03-c01::page-013-tile-r03-c01-actions-table-92-continued::action::action-002,CONTROLLED_SOURCE_PDF/ADA principles for pharmacologic therapy.pdf,7c2913f79b61bc60f8f51327bb73b80391988fd277116b29e57df4242b2a2404,cae23fe251f4f6ee32c6e90277f9293fd969edc6f6740153778500412e409dc6,page_013_tile_r03_c01,tile,"[0.0,422.986,360.0,782.986]",normalized_0_1000,13,Table 9.2—Continued,visual_action,Table 9.2—Continued,3,Pioglitazone (oral),visual_logic; drug_action,Table 9.2—Continued; Pioglitazone (oral); Increased CV risk; Associated with increased risk of heart failure and potential benefit in reducing cardiovascular events.; High glucose-lowering efficacy; weight gain is a common side effect.; Contraindicated in patients with severe heart failure or those at high risk for myocardial infarction.,Pioglitazone (oral) — Glucose-lowering efficacy: High. Weight effects: Gain. CV effects: Increased. Effect on MACE: Potential benefit.,"[130.0,490.0,860.0,725.0]",CONTROLLED_SOURCE_IMAGE/ada_page_013_tile_r03_c01.png,OMITTED_RAW_MODEL_JSON/visual_logic_page_013_tile_r03_c01.json,extracted_unvalidated,valid,pending,,,False,pending,unreleased,,,363893b4e27cbf4b152ed8a884e029c30cd484edaf58e0bb101725c86f063d5e,363893b4e27cbf4b152ed8a884e029c30cd484edaf58e0bb101725c86f063d5e,True
visual_p013-page-013-tile-r03-c02::page-013-tile-r03-c02-actions-tile-r03-c02::action::action-001,p013-page-013-tile-r03-c02::page-013-tile-r03-c02-actions-tile-r03-c02::action::action-001,CONTROLLED_SOURCE_PDF/ADA principles for pharmacologic therapy.pdf,7c2913f79b61bc60f8f51327bb73b80391988fd277116b29e57df4242b2a2404,336ba11c11e116337789838a68c85271493095fa4b522d63e8c9725ed8553c2b,page_013_tile_r03_c02,tile,"[233.972,422.986,593.972,782.986]",normalized_0_1000,13,Table 9.2,visual_action,Table 9.2,3,Pioglitazone (oral),visual_logic; drug_action,Table 9.2; Pioglitazone (oral); High; No; Gain; Increased,Pioglitazone (oral) High No Gain Increased,"[234.0,783.0,594.0,816.0]",CONTROLLED_SOURCE_IMAGE/ada_page_013_tile_r03_c02.png,OMITTED_RAW_MODEL_JSON/visual_logic_page_013_tile_r03_c02.json,extracted_unvalidated,valid,pending,,,False,pending,unreleased,,,946e5d7af18e910791d78ec1da753795ca2538f4ded81624f5522e6b2b109901,946e5d7af18e910791d78ec1da753795ca2538f4ded81624f5522e6b2b109901,True
visual_p013-page-013-tile-r03-c02::page-013-tile-r03-c02-actions-tile-r03-c02::action::action-002,p013-page-013-tile-r03-c02::page-013-tile-r03-c02-actions-tile-r03-c02::action::action-002,CONTROLLED_SOURCE_PDF/ADA principles for pharmacologic therapy.pdf,7c2913f79b61bc60f8f51327bb73b80391988fd277116b29e57df4242b2a2404,336ba11c11e116337789838a68c85271493095fa4b522d63e8c9725ed8553c2b,page_013_tile_r03_c02,tile,"[233.972,422.986,593.972,782.986]",normalized_0_1000,13,Table 9.2,visual_action,Table 9.2,3,Sulfonylureas (2nd generation) (oral),visual_logic; drug_action,Table 9.2; Sulfonylureas (2nd generation) (oral); High; Yes; Gain; Neutral,Sulfonylureas (2nd generation) (oral) High Yes Gain Neutral,"[594.0,783.0,614.0,816.0]",CONTROLLED_SOURCE_IMAGE/ada_page_013_tile_r03_c02.png,OMITTED_RAW_MODEL_JSON/visual_logic_page_013_tile_r03_c02.json,extracted_unvalidated,valid,pending,,,False,pending,unreleased,,,775b92618d9605f2758718276f4b30bbbf41d14e227ea52a7970af5b357a00d5,775b92618d9605f2758718276f4b30bbbf41d14e227ea52a7970af5b357a00d5,True
visual_p014-page-014-tile-r01-c01::page-014-tile-r01-c01-actions-tile-r01-c01::action::action-001,p014-page-014-tile-r01-c01::page-014-tile-r01-c01-actions-tile-r01-c01::action::action-001,CONTROLLED_SOURCE_PDF/ADA principles for pharmacologic therapy.pdf,7c2913f79b61bc60f8f51327bb73b80391988fd277116b29e57df4242b2a2404,3eb354228aa145a560b3e745fb5ebcbd0b21549ec83340b3c648916562b50077,page_014_tile_r01_c01,tile,"[0.0,0.0,360.0,360.0]",normalized_0_1000,14,Pharmacologic Approaches to Glycemic Treatment,visual_action,Pharmacologic Approaches to Glycemic Treatment,3,Insulin,visual_logic; drug_action,"Pharmacologic Approaches to Glycemic Treatment; Insulin; Lower insulin doses required with a decrease in eGFR; titrate per clinical response.; Decreased estimated glomerular filtration rate (eGFR).; Dosing should be reduced as renal function declines. Titration must be based on individual clinical response, not solely on eGFR values.; Not specified in this excerpt; however, the context implies that insulin dosing adjustments are necessary for patients with impaired kidney function (e.g., decreased eGFR).",Lower insulin doses required with a decrease in eGFR; titrate per clinical response.,"[360.0,196.0,485.0,270.0]",CONTROLLED_SOURCE_IMAGE/ada_page_014_tile_r01_c01.png,OMITTED_RAW_MODEL_JSON/visual_logic_page_014_tile_r01_c01.json,extracted_unvalidated,valid,pending,,,False,pending,unreleased,,,a529bf0cfccf8f137ce676164cf7ff38ea98ee79d3c7f1d477cea58489590e5d,a529bf0cfccf8f137ce676164cf7ff38ea98ee79d3c7f1d477cea58489590e5d,True
visual_p014-page-014-tile-r01-c01::page-014-tile-r01-c01-actions-tile-r01-c01::action::action-002,p014-page-014-tile-r01-c01::page-014-tile-r01-c01-actions-tile-r01-c01::action::action-002,CONTROLLED_SOURCE_PDF/ADA principles for pharmacologic therapy.pdf,7c2913f79b61bc60f8f51327bb73b80391988fd277116b29e57df4242b2a2404,3eb354228aa145a560b3e745fb5ebcbd0b21549ec83340b3c648916562b50077,page_014_tile_r01_c01,tile,"[0.0,0.0,360.0,360.0]",normalized_0_1000,14,Pharmacologic Approaches to Glycemic Treatment,visual_action,Pharmacologic Approaches to Glycemic Treatment,3,Insulin,visual_logic; drug_action,"Pharmacologic Approaches to Glycemic Treatment; Insulin; Injection site reactions: Higher risk of hypoglycemia with human insulin (NPH or premixed formulations) vs. analogs.; Use of human insulin versus insulin analogs.; Human insulins (like NPH and premixed formulations) carry a higher risk for hypoglycemia compared to insulin analogs, which may influence choice based on patient-specific factors such as injection site reaction risk or preference.; Higher risk of hypoglycemia with human insulins. This is an important consideration when selecting between different types of insulin for patients who are at higher risk for low blood sugar events.",Injection site reactions • Higher risk of hypoglycemia with human insulin (NPH or premixed formulations) vs. analogs,"[485.0,196.0,600.0,270.0]",CONTROLLED_SOURCE_IMAGE/ada_page_014_tile_r01_c01.png,OMITTED_RAW_MODEL_JSON/visual_logic_page_014_tile_r01_c01.json,extracted_unvalidated,valid,pending,,,False,pending,unreleased,,,e06081dc295a7cc78565396a433c89a2ffca7e7b0fa1e3352d80e85c1b2da54e,e06081dc295a7cc78565396a433c89a2ffca7e7b0fa1e3352d80e85c1b2da54e,True
visual_p014-page-014-tile-r01-c01::page-014-tile-r01-c01-actions-tile-r01-c01::action::action-003,p014-page-014-tile-r01-c01::page-014-tile-r01-c01-actions-tile-r01-c01::action::action-003,CONTROLLED_SOURCE_PDF/ADA principles for pharmacologic therapy.pdf,7c2913f79b61bc60f8f51327bb73b80391988fd277116b29e57df4242b2a2404,3eb354228aa145a560b3e745fb5ebcbd0b21549ec83340b3c648916562b50077,page_014_tile_r01_c01,tile,"[0.0,0.0,360.0,360.0]",normalized_0_1000,14,Pharmacologic Approaches to Glycemic Treatment,visual_action,Pharmacologic Approaches to Glycemic Treatment,3,Insulin,visual_logic; drug_action,"Pharmacologic Approaches to Glycemic Treatment; Insulin; Risk of hypoglycemia and duration of activity increases with severity of impaired kidney function.; Impaired kidney function (e.g., decreased eGFR).; As renal function declines, the risk for hypoglycemia and the duration of insulin action increase. This necessitates careful dose adjustment to avoid complications such as severe hypoglycemia.; Increased risk of hypoglycemia with worsening kidney disease. Dose adjustments are required based on renal function status.",Risk of hypoglycemia and duration of activity increases with severity of impaired kidney function,"[600.0,196.0,725.0,270.0]",CONTROLLED_SOURCE_IMAGE/ada_page_014_tile_r01_c01.png,OMITTED_RAW_MODEL_JSON/visual_logic_page_014_tile_r01_c01.json,extracted_unvalidated,valid,pending,,,False,pending,unreleased,,,0b3375e91d0b8c937d7ab2c03303a39d11a33493aa18d5229ad1b62dfb3e30ae,0b3375e91d0b8c937d7ab2c03303a39d11a33493aa18d5229ad1b62dfb3e30ae,True
visual_p014-page-014-tile-r01-c01::page-014-tile-r01-c01-actions-tile-r01-c01::action::action-004,p014-page-014-tile-r01-c01::page-014-tile-r01-c01-actions-tile-r01-c01::action::action-004,CONTROLLED_SOURCE_PDF/ADA principles for pharmacologic therapy.pdf,7c2913f79b61bc60f8f51327bb73b80391988fd277116b29e57df4242b2a2404,3eb354228aa145a560b3e745fb5ebcbd0b21549ec83340b3c648916562b50077,page_014_tile_r01_c01,tile,"[0.0,0.0,360.0,360.0]",normalized_0_1000,14,Pharmacologic Approaches to Glycemic Treatment,visual_action,Pharmacologic Approaches to Glycemic Treatment,3,Insulin,visual_logic; drug_action,"Pharmacologic Approaches to Glycemic Treatment; Insulin; Refer to device-specific instructions for insulins compatible with different delivery systems (i.e., pumps, connected insulin pens, insulin patches).; Use of various insulin delivery devices.; Instructions for using insulin may vary depending on the delivery system. For example, some insulin formulations are not compatible with certain infusion sets or pumps. Always refer to device-specific instructions.; Device compatibility is critical; failure to follow specific instructions could lead to improper dosing or administration errors.","Refer to device-specific instructions for insulins compatible with different delivery systems (i.e., pumps, connected insulin pens, insulin patches)","[725.0,196.0,840.0,270.0]",CONTROLLED_SOURCE_IMAGE/ada_page_014_tile_r01_c01.png,OMITTED_RAW_MODEL_JSON/visual_logic_page_014_tile_r01_c01.json,extracted_unvalidated,valid,pending,,,False,pending,unreleased,,,7ea8f5469bc56edc8b50df79dc40306edfbf55acf853b9cb65d5030831bc033a,7ea8f5469bc56edc8b50df79dc40306edfbf55acf853b9cb65d5030831bc033a,True
visual_p014-page-014-tile-r01-c01::page-014-tile-r01-c01-actions-tile-r01-c01::action::action-005,p014-page-014-tile-r01-c01::page-014-tile-r01-c01-actions-tile-r01-c01::action::action-005,CONTROLLED_SOURCE_PDF/ADA principles for pharmacologic therapy.pdf,7c2913f79b61bc60f8f51327bb73b80391988fd277116b29e57df4242b2a2404,3eb354228aa145a560b3e745fb5ebcbd0b21549ec83340b3c648916562b50077,page_014_tile_r01_c01,tile,"[0.0,0.0,360.0,360.0]",normalized_0_1000,14,Pharmacologic Approaches to Glycemic Treatment,visual_action,Pharmacologic Approaches to Glycemic Treatment,3,Insulin,visual_logic; drug_action,"Pharmacologic Approaches to Glycemic Treatment; Insulin; MASH effects: Unknown.; Metabolic and adverse effects (MASH) related to insulin therapy.; The metabolic and adverse effect profile of insulin is not fully characterized in this context. This may imply that further research or clinical data are needed for specific patient populations or scenarios.; MASH effects are unknown, which suggests a lack of comprehensive safety data regarding long-term use or specific subpopulations (e.g., those with renal impairment).",MASH effects Unknown,"[840.0,196.0,925.0,270.0]",CONTROLLED_SOURCE_IMAGE/ada_page_014_tile_r01_c01.png,OMITTED_RAW_MODEL_JSON/visual_logic_page_014_tile_r01_c01.json,extracted_unvalidated,valid,pending,,,False,pending,unreleased,,,8db511485e5cde655416bf4ff30baddb4aa785e577846ea117a0c32b83babb25,8db511485e5cde655416bf4ff30baddb4aa785e577846ea117a0c32b83babb25,True
visual_p014-page-014-tile-r01-c01::page-014-tile-r01-c01-actions-tile-r01-c01::action::action-006,p014-page-014-tile-r01-c01::page-014-tile-r01-c01-actions-tile-r01-c01::action::action-006,CONTROLLED_SOURCE_PDF/ADA principles for pharmacologic therapy.pdf,7c2913f79b61bc60f8f51327bb73b80391988fd277116b29e57df4242b2a2404,3eb354228aa145a560b3e745fb5ebcbd0b21549ec83340b3c648916562b50077,page_014_tile_r01_c01,tile,"[0.0,0.0,360.0,360.0]",normalized_0_1000,14,Pharmacologic Approaches to Glycemic Treatment,visual_action,Pharmacologic Approaches to Glycemic Treatment,3,Insulin,visual_logic; drug_action,"Pharmacologic Approaches to Glycemic Treatment; Insulin; FDA, U.S. Food and Drug Administration; GL, gastro-oesophageal reflux disease (GERD); MACE, major adverse cardiovascular events; MASH, metabolic dysfunction-associated steatotic liver disease.; Abbreviations used in the context of insulin therapy or related conditions.; These are standard abbreviations used to describe clinical outcomes and conditions relevant to glycemic treatment. They do not directly influence dosing but provide context for understanding risk profiles (e.g., MACE, MASH).; None; these are definitions of commonly used terms in the field.","FDA, U.S. Food and Drug Administration; GL, gastro-oesophageal reflux disease (GERD); MACE, major adverse cardiovascular events; MASH, metabolic dysfunction-associated steatotic liver disease.","[925.0,196.0,980.0,340.0]",CONTROLLED_SOURCE_IMAGE/ada_page_014_tile_r01_c01.png,OMITTED_RAW_MODEL_JSON/visual_logic_page_014_tile_r01_c01.json,extracted_unvalidated,valid,pending,,,False,pending,unreleased,,,620110993442d20e7bd64ab8768d8f235e2697752b44f32b3176d2b80bfe1b53,620110993442d20e7bd64ab8768d8f235e2697752b44f32b3176d2b80bfe1b53,True
visual_p014-page-014-tile-r02-c02::page-014-tile-r02-c02-actions-page-014-tile-r02-c02::action::action-001,p014-page-014-tile-r02-c02::page-014-tile-r02-c02-actions-page-014-tile-r02-c02::action::action-001,CONTROLLED_SOURCE_PDF/ADA principles for pharmacologic therapy.pdf,7c2913f79b61bc60f8f51327bb73b80391988fd277116b29e57df4242b2a2404,344a985048e367ad68cd7d786866f7ede64ee47e58fc131a2a21876b8a942f46,page_014_tile_r02_c02,tile,"[233.972,288.0,593.972,648.0]",normalized_0_1000,14,Table 9.2,visual_action,Table 9.2,3,Metformin,visual_logic; drug_action,"Table 9.2; Metformin; First-line therapy for glucose lowering in T2D; For individuals with type 2 diabetes who require initiation or intensification of glucose-lowering therapy to achieve and/or maintain individualized glycemic goals and who do not have additional considerations informing choice of therapy beyond need for glucose lowering.; Available in immediate-release form (twice-daily dosing) or extended-release form (once daily).; Weight neutral, does not cause hypoglycemia, reduces cardiovascular mortality.","For individuals with type 2 diabetes who require initiation or intensification of glucose-lowering therapy to achieve and/or maintain individualized glycemic goals and who do not have additional considerations informing choice of therapy beyond need for glucose lowering, metformin is a commonly used medication that historically has been the first-line treatment for type 2 diabetes (93,94). Metformin is effective and safe, is inexpensive and widely available, and reduces risks of microvascular complications, cardiovascular events, and death (93,95,96). Metformin is available in an immediate-release form for twice-daily dosing or as an extended-release form that can be given once daily. Compared with sulfonylureas, metformin as first-line therapy has beneficial effects on A1C, is weight neutral, does not cause hypoglycemia, and reduces cardiovascular mortality.","[437.0,289.0,593.0,648.0]",CONTROLLED_SOURCE_IMAGE/ada_page_014_tile_r02_c02.png,OMITTED_RAW_MODEL_JSON/visual_logic_page_014_tile_r02_c02.json,extracted_unvalidated,valid,pending,,,False,pending,unreleased,,,fd1b63478cde6c2faf0fd3e66c8b48e02d84063e872626d87a0ba18b829873e9,fd1b63478cde6c2faf0fd3e66c8b48e02d84063e872626d87a0ba18b829873e9,True
visual_p014-page-014-tile-r03-c01::page-014-tile-r03-c01-actions-table-92-continued::action::action-001,p014-page-014-tile-r03-c01::page-014-tile-r03-c01-actions-table-92-continued::action::action-001,CONTROLLED_SOURCE_PDF/ADA principles for pharmacologic therapy.pdf,7c2913f79b61bc60f8f51327bb73b80391988fd277116b29e57df4242b2a2404,08908abddf0a607bfaebc87232783bf89089b427668ed7147eee4bab1b306dad,page_014_tile_r03_c01,tile,"[0.0,422.986,360.0,782.986]",normalized_0_1000,14,Table 9.2—Continued,visual_action,Table 9.2—Continued,3,Insulin (human),visual_logic; drug_action,Table 9.2—Continued; Insulin (human); Glucose-lowering efficacy; High to very high; Available as SQ; regular insulin also available as inhaled formulation; Hypoglycemia risk: Yes,Glucose-lowering efficacy¹ High to very high Hypoglycemia risk Yes,"[360.0,422.986,500.0,782.986]",CONTROLLED_SOURCE_IMAGE/ada_page_014_tile_r03_c01.png,OMITTED_RAW_MODEL_JSON/visual_logic_page_014_tile_r03_c01.json,extracted_unvalidated,valid,pending,,,False,pending,unreleased,,,7a5f62becf61f2e8a339909709a05e346786f693d481d4e4c797c2c393c04490,7a5f62becf61f2e8a339909709a05e346786f693d481d4e4c797c2c393c04490,True
visual_p014-page-014-tile-r03-c01::page-014-tile-r03-c01-actions-table-92-continued::action::action-002,p014-page-014-tile-r03-c01::page-014-tile-r03-c01-actions-table-92-continued::action::action-002,CONTROLLED_SOURCE_PDF/ADA principles for pharmacologic therapy.pdf,7c2913f79b61bc60f8f51327bb73b80391988fd277116b29e57df4242b2a2404,08908abddf0a607bfaebc87232783bf89089b427668ed7147eee4bab1b306dad,page_014_tile_r03_c01,tile,"[0.0,422.986,360.0,782.986]",normalized_0_1000,14,Table 9.2—Continued,visual_action,Table 9.2—Continued,3,Insulin (analogs),visual_logic; drug_action,Table 9.2—Continued; Insulin (analogs); Glucose-lowering efficacy; High to very high; (SQ); Hypoglycemia risk: Yes,Insulin (analogs) (SQ),"[500.0,422.986,630.0,782.986]",CONTROLLED_SOURCE_IMAGE/ada_page_014_tile_r03_c01.png,OMITTED_RAW_MODEL_JSON/visual_logic_page_014_tile_r03_c01.json,extracted_unvalidated,valid,pending,,,False,pending,unreleased,,,d98044b75923f9f1bbf0a994bb2bcceb7083b8f8b64e49a98c6adeaaf04e208d,d98044b75923f9f1bbf0a994bb2bcceb7083b8f8b64e49a98c6adeaaf04e208d,True
visual_p014-page-014-tile-r03-c02::page-014-tile-r03-c02-actions-tile-r03-c02::action::action-001,p014-page-014-tile-r03-c02::page-014-tile-r03-c02-actions-tile-r03-c02::action::action-001,CONTROLLED_SOURCE_PDF/ADA principles for pharmacologic therapy.pdf,7c2913f79b61bc60f8f51327bb73b80391988fd277116b29e57df4242b2a2404,869a35951ffde4367efcc075da2f6fe1d42dff15fed871e3de02d73dc235a4bf,page_014_tile_r03_c02,tile,"[233.972,422.986,593.972,782.986]",normalized_0_1000,14,Table 9.2,visual_action,Table 9.2,3,Metformin,visual_logic; drug_action,"Table 9.2; Metformin; First-line therapy to achieve and/or maintain individualized glycemic goals; Patients who do not have additional considerations informing choice of therapy beyond need for glucose lowering; Available in immediate-release form (twice-daily dosing) or extended-release form (once daily).; Principal side effects are gastrointestinal intolerance due to bloating, abdominal discomfort, and diarrhea; these can be mitigated by gradual dose titration and/or using extended-release forms.","Metformin is a commonly used medication that historically has been the first-line treatment for type 2 diabetes (93,94). Metformin is effective and safe, is inexpensive and widely available, and reduces risks of microvascular complications, cardiovascular events, and death (93,95,96).","[437.0,12.0,870.0,782.0]",CONTROLLED_SOURCE_IMAGE/ada_page_014_tile_r03_c02.png,OMITTED_RAW_MODEL_JSON/visual_logic_page_014_tile_r03_c02.json,extracted_unvalidated,valid,pending,,,False,pending,unreleased,,,571d445416fad1536800399353c89fb8b3b4e3a451580bf32f6aad8173714145,571d445416fad1536800399353c89fb8b3b4e3a451580bf32f6aad8173714145,True
visual_p016-page-016-tile-r01-c01::page-016-tile-r01-c01-actions-s198-patient-treatment-flow::action::action-001,p016-page-016-tile-r01-c01::page-016-tile-r01-c01-actions-s198-patient-treatment-flow::action::action-001,CONTROLLED_SOURCE_PDF/ADA principles for pharmacologic therapy.pdf,7c2913f79b61bc60f8f51327bb73b80391988fd277116b29e57df4242b2a2404,d850c41ab1506eb8c63dab03c386e6ec32615a0e553ba2cafb87df4ac5a4dc93,page_016_tile_r01_c01,tile,"[0.0,0.0,360.0,360.0]",normalized_0_1000,16,Pharmacologic Approaches to Glycemic Treatment,visual_action,Pharmacologic Approaches to Glycemic Treatment,3,GLP-1 RA or dual GIP and GLP-1 RA,visual_logic; drug_action,Pharmacologic Approaches to Glycemic Treatment; GLP-1 RA or dual GIP and GLP-1 RA; Consider in most individuals prior to insulin; If injectable therapy is needed to attain glycemic goals; Initiate appropriate starting dose for agent selected (varies within class); Titrate to maintenance dose (varies within class),Consider GLP-1 RA or dual GIP and GLP-1 RA in most individuals prior to insulin^2,"[308.0,427.0,956.0,470.0]",CONTROLLED_SOURCE_IMAGE/ada_page_016_tile_r01_c01.png,OMITTED_RAW_MODEL_JSON/visual_logic_page_016_tile_r01_c01.json,extracted_unvalidated,valid,pending,,,False,pending,unreleased,,,cd442d952d1c2cfa3f4816c19836552a640d9a3b6f760d0112fdce773273309a,cd442d952d1c2cfa3f4816c19836552a640d9a3b6f760d0112fdce773273309a,True
visual_p016-page-016-tile-r01-c01::page-016-tile-r01-c01-actions-s198-patient-treatment-flow::action::action-002,p016-page-016-tile-r01-c01::page-016-tile-r01-c01-actions-s198-patient-treatment-flow::action::action-002,CONTROLLED_SOURCE_PDF/ADA principles for pharmacologic therapy.pdf,7c2913f79b61bc60f8f51327bb73b80391988fd277116b29e57df4242b2a2404,d850c41ab1506eb8c63dab03c386e6ec32615a0e553ba2cafb87df4ac5a4dc93,page_016_tile_r01_c01,tile,"[0.0,0.0,360.0,360.0]",normalized_0_1000,16,Pharmacologic Approaches to Glycemic Treatment,visual_action,Pharmacologic Approaches to Glycemic Treatment,3,Basal Insulin (basal analog or bedtime NPH insulin),visual_logic; drug_action,"Pharmacologic Approaches to Glycemic Treatment; Basal Insulin (basal analog or bedtime NPH insulin); Initiation and titration; If glycemia is above goal; Start 10 units per day or 0.1–0.2 units/kg per day; Set FPG goal (see section 6, ""Glycemic Goals, Hypoglycemia, and Hyperglycemic Control""); Choose evidence-based titration algorithm, e.g., increase 2 units every 3 days to reach fasting plasma glucose goal without hypoglycemia; For hypoglycemia: determine cause; if no clear reason, lower dose by 10–20%","Initiation and titration of basal analog or bedtime NPH insulin^4 INITIATION Start 10 units per day or 0.1–0.2 units/kg per day TITRATION • Set FPG goal (see section 6, ""Glycemic Goals, Hypoglycemia, and Hyperglycemic Control"") • Choose evidence-based titration algorithm, e.g., increase 2 units every 3 days to reach fasting plasma glucose goal without hypoglycemia • For hypoglycemia: determine cause; if no clear reason, lower dose by 10–20%","[308.0,719.0,956.0,840.0]",CONTROLLED_SOURCE_IMAGE/ada_page_016_tile_r01_c01.png,OMITTED_RAW_MODEL_JSON/visual_logic_page_016_tile_r01_c01.json,extracted_unvalidated,valid,pending,,,False,pending,unreleased,,,a4e1ef765106fb27daf8a3acb919b9f691438d2c9e0a3159c75daf7bfda15358,a4e1ef765106fb27daf8a3acb919b9f691438d2c9e0a3159c75daf7bfda15358,True
visual_p016-page-016-tile-r01-c02::page-016-tile-r01-c02-actions-tile-r01-c02::action::action-001,p016-page-016-tile-r01-c02::page-016-tile-r01-c02-actions-tile-r01-c02::action::action-001,CONTROLLED_SOURCE_PDF/ADA principles for pharmacologic therapy.pdf,7c2913f79b61bc60f8f51327bb73b80391988fd277116b29e57df4242b2a2404,81a3d24fd82a123a33c82efc918dc6cd04dacaee7180b66afbacfb9d38b6e5f2,page_016_tile_r01_c02,tile,"[233.972,0.0,593.972,360.0]",normalized_0_1000,16,"Diabetes Care Volume 49, Supplement 1, January 2026",visual_action,"Diabetes Care Volume 49, Supplement 1, January 2026",3,GLP-1 RA,visual_logic; drug_action,"Diabetes Care Volume 49, Supplement 1, January 2026; GLP-1 RA; Initiate GLP-1 RA in most individuals prior to insulin; If glycemia is above goal and behavioral interventions are insufficient; Dose varies within class; refer to agent-specific guidelines; Not appropriate if already on dual GIP and GLP-1 RA or insulin preferred",Initiate GLP-1 RA in most individuals prior to insulin^2 (varies within class),"[0.0,360.0,593.972,480.0]",CONTROLLED_SOURCE_IMAGE/ada_page_016_tile_r01_c02.png,OMITTED_RAW_MODEL_JSON/visual_logic_page_016_tile_r01_c02.json,extracted_unvalidated,valid,pending,,,False,pending,unreleased,,,34c0d74127867db4d4ae9f6e74eed13751b4a5dab83b3f9a9a55d35e28f19f1e,34c0d74127867db4d4ae9f6e74eed13751b4a5dab83b3f9a9a55d35e28f19f1e,True
visual_p016-page-016-tile-r01-c02::page-016-tile-r01-c02-actions-tile-r01-c02::action::action-002,p016-page-016-tile-r01-c02::page-016-tile-r01-c02-actions-tile-r01-c02::action::action-002,CONTROLLED_SOURCE_PDF/ADA principles for pharmacologic therapy.pdf,7c2913f79b61bc60f8f51327bb73b80391988fd277116b29e57df4242b2a2404,81a3d24fd82a123a33c82efc918dc6cd04dacaee7180b66afbacfb9d38b6e5f2,page_016_tile_r01_c02,tile,"[233.972,0.0,593.972,360.0]",normalized_0_1000,16,"Diabetes Care Volume 49, Supplement 1, January 2026",visual_action,"Diabetes Care Volume 49, Supplement 1, January 2026",3,Basal Insulin,visual_logic; drug_action,"Diabetes Care Volume 49, Supplement 1, January 2026; Basal Insulin; Add basal insulin; If glycemia is above goal and GLP-1 RA not appropriate or preferred; Consider person-specific considerations including cost; refer to algorithm for titration (e.g., increase 2 units every 3 days); Prescribe glucagon for emergent hypoglycemia; consider adding CGM","Add basal insulin^3 (person-specific considerations, including cost. Refer to algorithm for prescription of glucagon for emergent hypoglycemia. Consider adding CGM.)","[0.0,480.0,593.972,600.0]",CONTROLLED_SOURCE_IMAGE/ada_page_016_tile_r01_c02.png,OMITTED_RAW_MODEL_JSON/visual_logic_page_016_tile_r01_c02.json,extracted_unvalidated,valid,pending,,,False,pending,unreleased,,,4b3faf6a63941e88a1632d75040f5ee091c5d67c8277dffc11fa6416682bc23f,4b3faf6a63941e88a1632d75040f5ee091c5d67c8277dffc11fa6416682bc23f,True
visual_p016-page-016-tile-r01-c02::page-016-tile-r01-c02-actions-tile-r01-c02::action::action-003,p016-page-016-tile-r01-c02::page-016-tile-r01-c02-actions-tile-r01-c02::action::action-003,CONTROLLED_SOURCE_PDF/ADA principles for pharmacologic therapy.pdf,7c2913f79b61bc60f8f51327bb73b80391988fd277116b29e57df4242b2a2404,81a3d24fd82a123a33c82efc918dc6cd04dacaee7180b66afbacfb9d38b6e5f2,page_016_tile_r01_c02,tile,"[233.972,0.0,593.972,360.0]",normalized_0_1000,16,"Diabetes Care Volume 49, Supplement 1, January 2026",visual_action,"Diabetes Care Volume 49, Supplement 1, January 2026",3,Basal Analogs or NPH Insulin,visual_logic; drug_action,"Diabetes Care Volume 49, Supplement 1, January 2026; Basal Analogs or NPH Insulin; Use basal analog or bedtime NPH insulin; If glycemia is above goal and basal insulin added; Titration algorithm: increase 2 units every 3 days to glucose goal without hypoglycemia; if no clear reason, lower dose by 10–20%; Avoid overbasalization; consider adjunctive therapy for high variability","Use basal analog or bedtime NPH insulin^4 (titration algorithm, e.g., increase 2 units every 3 days to glucose goal without hypoglycemia. If no clear reason, lower dose by 10–20%.)","[0.0,600.0,593.972,720.0]",CONTROLLED_SOURCE_IMAGE/ada_page_016_tile_r01_c02.png,OMITTED_RAW_MODEL_JSON/visual_logic_page_016_tile_r01_c02.json,extracted_unvalidated,valid,pending,,,False,pending,unreleased,,,23884d0d30e2611a772aff660f8029f85c387c47baba191fb1a4b34e5b2b1554,23884d0d30e2611a772aff660f8029f85c387c47baba191fb1a4b34e5b2b1554,True
visual_p016-page-016-tile-r01-c02::page-016-tile-r01-c02-actions-tile-r01-c02::action::action-004,p016-page-016-tile-r01-c02::page-016-tile-r01-c02-actions-tile-r01-c02::action::action-004,CONTROLLED_SOURCE_PDF/ADA principles for pharmacologic therapy.pdf,7c2913f79b61bc60f8f51327bb73b80391988fd277116b29e57df4242b2a2404,81a3d24fd82a123a33c82efc918dc6cd04dacaee7180b66afbacfb9d38b6e5f2,page_016_tile_r01_c02,tile,"[233.972,0.0,593.972,360.0]",normalized_0_1000,16,"Diabetes Care Volume 49, Supplement 1, January 2026",visual_action,"Diabetes Care Volume 49, Supplement 1, January 2026",3,Insulin Dose Adjustment,visual_logic; drug_action,"Diabetes Care Volume 49, Supplement 1, January 2026; Insulin Dose Adjustment; Adjust insulin dose at every visit; If glycemia is above goal and basal analog or NPH insulin used; Avoid overbasalization; consider adjunctive therapy for high variability; Consider postprandial-to-preprandial variability or unaware hypoglycemia","Adjust insulin dose at every visit (avoid overbasalization and need to consider adjunctive therapy [e.g., for postprandial-to-preprandial variability or unaware], high glucose variability)","[0.0,720.0,593.972,840.0]",CONTROLLED_SOURCE_IMAGE/ada_page_016_tile_r01_c02.png,OMITTED_RAW_MODEL_JSON/visual_logic_page_016_tile_r01_c02.json,extracted_unvalidated,valid,pending,,,False,pending,unreleased,,,6b6424d3d8188ef43274fd29adc40f55e4c13f712b00698549a88177c52dff25,6b6424d3d8188ef43274fd29adc40f55e4c13f712b00698549a88177c52dff25,True
visual_p016-page-016-tile-r02-c01::page-016-tile-r02-c01-actions-asset-page-016-tile-r02-c01::action::action-001,p016-page-016-tile-r02-c01::page-016-tile-r02-c01-actions-asset-page-016-tile-r02-c01::action::action-001,CONTROLLED_SOURCE_PDF/ADA principles for pharmacologic therapy.pdf,7c2913f79b61bc60f8f51327bb73b80391988fd277116b29e57df4242b2a2404,ccce6deda1722bc0d79f8651e2c15da7aee0156e3cddab5d7bf21c7a77628d65,page_016_tile_r02_c01,tile,"[0.0,288.0,360.0,648.0]",normalized_0_1000,16,Figure 9.5,visual_action,Figure 9.5,3,Insulin,visual_logic; drug_action,"Figure 9.5; Insulin; Initiation and titration of prandial insulin; If glycemia is above goal; Usually one dose with the largest meal or meal with greatest PPG excursion; prandial insulin can be dosed individually or mixed with NPH as appropriate. INITIATION: 4 units per day or 10% of basal insulin dose. If A1C <8% (<64 mmol/mol), consider lowering the basal dose by 4 units per day or 10% of basal dose. TITRATION: Increase dose by 1–2 units insulin dose or 10–15% twice weekly. For hypoglycemia: determine cause; if no clear reason, lower corresponding dose by 10–20%.","Initiation and titration of prandial insulin^5,6 Usually one dose with the largest meal or meal with greatest PPG excursion; prandial insulin can be dosed individually or mixed with NPH as appropriate INITIATION • 4 units per day or 10% of basal insulin dose • If A1C <8% (<64 mmol/mol), consider lowering the basal dose by 4 units per day or 10% of basal dose TITRATION • Increase dose by 1–2 units insulin dose or 10–15% twice weekly • For hypoglycemia: determine cause; if no clear reason, lower corresponding dose by 10–20%","[314.8,337.6,999.0,515.2]",CONTROLLED_SOURCE_IMAGE/ada_page_016_tile_r02_c01.png,OMITTED_RAW_MODEL_JSON/visual_logic_page_016_tile_r02_c01.json,extracted_unvalidated,valid,pending,,,False,pending,unreleased,,,e219e88427c453a605bcf3226cebe2a0339b333e9a80db39f6ac8d4c05fe36c6,e219e88427c453a605bcf3226cebe2a0339b333e9a80db39f6ac8d4c05fe36c6,True
visual_p016-page-016-tile-r02-c01::page-016-tile-r02-c01-actions-asset-page-016-tile-r02-c01::action::action-002,p016-page-016-tile-r02-c01::page-016-tile-r02-c01-actions-asset-page-016-tile-r02-c01::action::action-002,CONTROLLED_SOURCE_PDF/ADA principles for pharmacologic therapy.pdf,7c2913f79b61bc60f8f51327bb73b80391988fd277116b29e57df4242b2a2404,ccce6deda1722bc0d79f8651e2c15da7aee0156e3cddab5d7bf21c7a77628d65,page_016_tile_r02_c01,tile,"[0.0,288.0,360.0,648.0]",normalized_0_1000,16,Figure 9.5,visual_action,Figure 9.5,3,GLP-1 Receptor Agonists (GLP-1 RA),visual_logic; drug_action,Figure 9.5; GLP-1 Receptor Agonists (GLP-1 RA); Consider these classes in combination and with insulin; If glycemia is above goal and the individual is not already on a GLP-1 RA or dual GIP and GLP-1 receptor agonist,"• If glycemia is above goal and the individual is not already on a GLP-1 RA or dual GIP and GLP-1 receptor agonist, consider these classes in combination and with insulin (may use fixed-ratio product, if available and appropriate)^3","[314.8,217.6,999.0,305.2]",CONTROLLED_SOURCE_IMAGE/ada_page_016_tile_r02_c01.png,OMITTED_RAW_MODEL_JSON/visual_logic_page_016_tile_r02_c01.json,extracted_unvalidated,valid,pending,,,False,pending,unreleased,,,549fe737e2c7b7b4e29fd44d88f7896f30920821a90f35ac53b0e150ec6f5d3c,549fe737e2c7b7b4e29fd44d88f7896f30920821a90f35ac53b0e150ec6f5d3c,True
visual_p016-page-016-tile-r02-c01::page-016-tile-r02-c01-actions-asset-page-016-tile-r02-c01::action::action-003,p016-page-016-tile-r02-c01::page-016-tile-r02-c01-actions-asset-page-016-tile-r02-c01::action::action-003,CONTROLLED_SOURCE_PDF/ADA principles for pharmacologic therapy.pdf,7c2913f79b61bc60f8f51327bb73b80391988fd277116b29e57df4242b2a2404,ccce6deda1722bc0d79f8651e2c15da7aee0156e3cddab5d7bf21c7a77628d65,page_016_tile_r02_c01,tile,"[0.0,288.0,360.0,648.0]",normalized_0_1000,16,Figure 9.5,visual_action,Figure 9.5,3,Insulin (NPH and short/rapid-acting),visual_logic; drug_action,"Figure 9.5; Insulin (NPH and short/rapid-acting); Consider self-mixed/split insulin plan; If glycemia is above goal; INITIATION: Total NPH dose = 80% of current NPH dose at the same total daily dose. 2/3 given before breakfast, 1/3 given before dinner. Add 4 units of short/rapid-acting insulin to each injection or reduce NPH dose. TITRATION: Titrate each component of the plan based on individualized response.",Consider self-mixed/split insulin plan Can adjust NPH and short/rapid-acting insulins separately INITIATION • Total NPH dose = 80% of current NPH dose at the same total daily dose • 2/3 given before breakfast • 1/3 given before dinner • Add 4 units of short/rapid-acting insulin to each injection or reduce NPH dose TITRATION • Titrate each component of the plan based on individualized response,"[560.8,627.6,999.0,843.2]",CONTROLLED_SOURCE_IMAGE/ada_page_016_tile_r02_c01.png,OMITTED_RAW_MODEL_JSON/visual_logic_page_016_tile_r02_c01.json,extracted_unvalidated,valid,pending,,,False,pending,unreleased,,,699be6643f7f0ceeeffece9bf75835420580a49b15f08018db00ee74dad5cf6c,699be6643f7f0ceeeffece9bf75835420580a49b15f08018db00ee74dad5cf6c,True
visual_p016-page-016-tile-r02-c01::page-016-tile-r02-c01-actions-asset-page-016-tile-r02-c01::action::action-004,p016-page-016-tile-r02-c01::page-016-tile-r02-c01-actions-asset-page-016-tile-r02-c01::action::action-004,CONTROLLED_SOURCE_PDF/ADA principles for pharmacologic therapy.pdf,7c2913f79b61bc60f8f51327bb73b80391988fd277116b29e57df4242b2a2404,ccce6deda1722bc0d79f8651e2c15da7aee0156e3cddab5d7bf21c7a77628d65,page_016_tile_r02_c01,tile,"[0.0,288.0,360.0,648.0]",normalized_0_1000,16,Figure 9.5,visual_action,Figure 9.5,3,Insulin (basal and prandial),visual_logic; drug_action,Figure 9.5; Insulin (basal and prandial); Proceed to full basal-bolus plan; After stepwise doses of prandial insulin,"Proceed to full basal-bolus plan (i.e., basal insulin and prandial insulin with each meal)","[234.8,750.6,519.0,800.2]",CONTROLLED_SOURCE_IMAGE/ada_page_016_tile_r02_c01.png,OMITTED_RAW_MODEL_JSON/visual_logic_page_016_tile_r02_c01.json,extracted_unvalidated,valid,pending,,,False,pending,unreleased,,,15901f202097d98da372b74067e9b72676065b3869cfe0305de0b87f1b55f416,15901f202097d98da372b74067e9b72676065b3869cfe0305de0b87f1b55f416,True
visual_p016-page-016-tile-r02-c02::page-016-tile-r02-c02-actions-tile-r02-c02::action::action-001,p016-page-016-tile-r02-c02::page-016-tile-r02-c02-actions-tile-r02-c02::action::action-001,CONTROLLED_SOURCE_PDF/ADA principles for pharmacologic therapy.pdf,7c2913f79b61bc60f8f51327bb73b80391988fd277116b29e57df4242b2a2404,a27cdba8ff2cf5319432911a83c311d8ee007fce5d98d9876db31897949a8e49,page_016_tile_r02_c02,tile,"[233.972,288.0,593.972,648.0]",normalized_0_1000,16,Figure 9.5,visual_action,Figure 9.5,3,insulin,visual_logic; drug_action,"Figure 9.5; insulin; titrate dose at every visit; if glycemia is above goal; increase 2 units every 3 days to glucose goal without hypoglycemia; if no clear reason, lower dose by 10–20%; consider overbasalization and need to consider adjunctive (e.g., preprandial-to-postprandial) for unaware or aware patients with high glucose variability","of insulin dose at every visit overbasalization and need to consider adjunctive to-morning and/or postprandial-to-preprandial aware or unaware], high glucose variability)","[0.0,128.567,403.972,188.0]",CONTROLLED_SOURCE_IMAGE/ada_page_016_tile_r02_c02.png,OMITTED_RAW_MODEL_JSON/visual_logic_page_016_tile_r02_c02.json,extracted_unvalidated,valid,pending,,,False,pending,unreleased,,,6329f2601ee17ff90e3ef08241dc3eda6e2c2cbb4d44136a4d6473c3bca96202,6329f2601ee17ff90e3ef08241dc3eda6e2c2cbb4d44136a4d6473c3bca96202,True
visual_p016-page-016-tile-r02-c02::page-016-tile-r02-c02-actions-tile-r02-c02::action::action-002,p016-page-016-tile-r02-c02::page-016-tile-r02-c02-actions-tile-r02-c02::action::action-002,CONTROLLED_SOURCE_PDF/ADA principles for pharmacologic therapy.pdf,7c2913f79b61bc60f8f51327bb73b80391988fd277116b29e57df4242b2a2404,a27cdba8ff2cf5319432911a83c311d8ee007fce5d98d9876db31897949a8e49,page_016_tile_r02_c02,tile,"[233.972,288.0,593.972,648.0]",normalized_0_1000,16,Figure 9.5,visual_action,Figure 9.5,3,GLP-1 RA or dual GIP and GLP-1 RA,visual_logic; drug_action,"Figure 9.5; GLP-1 RA or dual GIP and GLP-1 RA; add with insulin; if patient is not already on a GLP-1 RA or dual GIP and GLP-1 RA; may use fixed-ratio product, if available","al is not already on a GLP-1 RA or dual GIP and GLP-1 RA, with insulin (may use fixed-ratio product, if available)","[0.0,208.567,403.972,268.0]",CONTROLLED_SOURCE_IMAGE/ada_page_016_tile_r02_c02.png,OMITTED_RAW_MODEL_JSON/visual_logic_page_016_tile_r02_c02.json,extracted_unvalidated,valid,pending,,,False,pending,unreleased,,,9f7256d0abc8becd2730e38ea1593e4874adeef7041cf2fffcf853bd17b430ff,9f7256d0abc8becd2730e38ea1593e4874adeef7041cf2fffcf853bd17b430ff,True
visual_p016-page-016-tile-r02-c02::page-016-tile-r02-c02-actions-tile-r02-c02::action::action-003,p016-page-016-tile-r02-c02::page-016-tile-r02-c02-actions-tile-r02-c02::action::action-003,CONTROLLED_SOURCE_PDF/ADA principles for pharmacologic therapy.pdf,7c2913f79b61bc60f8f51327bb73b80391988fd277116b29e57df4242b2a2404,a27cdba8ff2cf5319432911a83c311d8ee007fce5d98d9876db31897949a8e49,page_016_tile_r02_c02,tile,"[233.972,288.0,593.972,648.0]",normalized_0_1000,16,Figure 9.5,visual_action,Figure 9.5,3,prandial insulin,visual_logic; drug_action,"Figure 9.5; prandial insulin; titrate prandial insulin dose; if glycemia is above goal and patient is not on GLP-1 RA or dual GIP and GLP-1 RA; increase dose by 1–2 units insulin dose or 10–15% twice weekly; for hypoglycemia: determine cause; if no clear reason, lower corresponding dose by 10–20%","ration of prandial insulin at meal or meal with greatest PPG excursion; individually or mixed with NPH as appropriate TITRATION • Increase dose by 1–2 units insulin dose or 10–15% twice weekly • For hypoglycemia: determine cause; if no clear reason, lower corresponding dose by 10–20%","[0.0,348.567,403.972,408.0]",CONTROLLED_SOURCE_IMAGE/ada_page_016_tile_r02_c02.png,OMITTED_RAW_MODEL_JSON/visual_logic_page_016_tile_r02_c02.json,extracted_unvalidated,valid,pending,,,False,pending,unreleased,,,ad0c37561dd7fe63ab5969d54a8a1acc3f3c62d7275b7ad7c0cb38a0a3add84b,ad0c37561dd7fe63ab5969d54a8a1acc3f3c62d7275b7ad7c0cb38a0a3add84b,True
visual_p016-page-016-tile-r02-c02::page-016-tile-r02-c02-actions-tile-r02-c02::action::action-004,p016-page-016-tile-r02-c02::page-016-tile-r02-c02-actions-tile-r02-c02::action::action-004,CONTROLLED_SOURCE_PDF/ADA principles for pharmacologic therapy.pdf,7c2913f79b61bc60f8f51327bb73b80391988fd277116b29e57df4242b2a2404,a27cdba8ff2cf5319432911a83c311d8ee007fce5d98d9876db31897949a8e49,page_016_tile_r02_c02,tile,"[233.972,288.0,593.972,648.0]",normalized_0_1000,16,Figure 9.5,visual_action,Figure 9.5,3,bedtime NPH,visual_logic; drug_action,"Figure 9.5; bedtime NPH; convert to twice-daily NPH plan; if on bedtime NPH and glycemia is above goal; total dose = 80% of current bedtime NPH dose; 2/3 given in the morning, 1/3 given at bedtime; titrate based on individualized needs","If on bedtime NPH, consider converting to twice-daily NPH plan Conversion based on individual needs and current glycemic management. The following is one possible approach: INITIATION • Total dose = 80% of current bedtime NPH dose • 2/3 given in the morning • 1/3 given at bedtime TITRATION • Titrate based on individualized needs","[456.972,288.0,783.972,348.0]",CONTROLLED_SOURCE_IMAGE/ada_page_016_tile_r02_c02.png,OMITTED_RAW_MODEL_JSON/visual_logic_page_016_tile_r02_c02.json,extracted_unvalidated,valid,pending,,,False,pending,unreleased,,,a50e083804cc1cbe4867d9d4dbc443d2266d6bdc4b5c70ae86c4d75ccd052a3f,a50e083804cc1cbe4867d9d4dbc443d2266d6bdc4b5c70ae86c4d75ccd052a3f,True
visual_p016-page-016-tile-r02-c02::page-016-tile-r02-c02-actions-tile-r02-c02::action::action-005,p016-page-016-tile-r02-c02::page-016-tile-r02-c02-actions-tile-r02-c02::action::action-005,CONTROLLED_SOURCE_PDF/ADA principles for pharmacologic therapy.pdf,7c2913f79b61bc60f8f51327bb73b80391988fd277116b29e57df4242b2a2404,a27cdba8ff2cf5319432911a83c311d8ee007fce5d98d9876db31897949a8e49,page_016_tile_r02_c02,tile,"[233.972,288.0,593.972,648.0]",normalized_0_1000,16,Figure 9.5,visual_action,Figure 9.5,3,self-mixed/split insulin plan,visual_logic; drug_action,Figure 9.5; self-mixed/split insulin plan; consider self-mixed/split insulin plan; if glycemia is above goal and patient is not on GLP-1 RA or dual GIP and GLP-1 RA; total dose = 80% of current NPH dose at the same total before breakfast; before dinner: add short/rapid-acting insulin to each injection or 10% of NPH dose; titrate each component based on individualized needs,Consider self-mixed/split insulin plan just NPH and short/rapid-acting insulins separately dose = 80% of current NPH dose at the same total before breakfast before dinner 10% of NPH dose ach component of the plan based on individualized needs,"[0.0,468.567,403.972,528.0]",CONTROLLED_SOURCE_IMAGE/ada_page_016_tile_r02_c02.png,OMITTED_RAW_MODEL_JSON/visual_logic_page_016_tile_r02_c02.json,extracted_unvalidated,valid,pending,,,False,pending,unreleased,,,2ace30a01904ac4b9242d5446e0421833ff5ab30de09c82e34d7b1fb53a6aaf8,2ace30a01904ac4b9242d5446e0421833ff5ab30de09c82e34d7b1fb53a6aaf8,True
visual_p016-page-016-tile-r02-c02::page-016-tile-r02-c02-actions-tile-r02-c02::action::action-006,p016-page-016-tile-r02-c02::page-016-tile-r02-c02-actions-tile-r02-c02::action::action-006,CONTROLLED_SOURCE_PDF/ADA principles for pharmacologic therapy.pdf,7c2913f79b61bc60f8f51327bb73b80391988fd277116b29e57df4242b2a2404,a27cdba8ff2cf5319432911a83c311d8ee007fce5d98d9876db31897949a8e49,page_016_tile_r02_c02,tile,"[233.972,288.0,593.972,648.0]",normalized_0_1000,16,Figure 9.5,visual_action,Figure 9.5,3,twice-daily premixed insulin plan,visual_logic; drug_action,"Figure 9.5; twice-daily premixed insulin plan; consider twice-daily premixed insulin plan; if glycemia is above goal and patient is not on GLP-1 RA or dual GIP and GLP-1 RA; usually unit per unit at the same total insulin dose, but may require adjustment to individual needs; titrate based on individualized needs","Consider twice-daily premixed insulin plan INITIATION • Usually unit per unit at the same total insulin dose, but may require adjustment to individual needs TITRATION • Titrate based on individualized needs","[456.972,408.0,783.972,468.0]",CONTROLLED_SOURCE_IMAGE/ada_page_016_tile_r02_c02.png,OMITTED_RAW_MODEL_JSON/visual_logic_page_016_tile_r02_c02.json,extracted_unvalidated,valid,pending,,,False,pending,unreleased,,,04dfaa838e14dfb282afa75e87768813a5395905cac80d845a71b2facd7b94c8,04dfaa838e14dfb282afa75e87768813a5395905cac80d845a71b2facd7b94c8,True
visual_p016-page-016-tile-r03-c01::page-016-tile-r03-c01-actions-figure-95::action::action-001,p016-page-016-tile-r03-c01::page-016-tile-r03-c01-actions-figure-95::action::action-001,CONTROLLED_SOURCE_PDF/ADA principles for pharmacologic therapy.pdf,7c2913f79b61bc60f8f51327bb73b80391988fd277116b29e57df4242b2a2404,261a22de3ea4dd739c4ea54401373f7095a181f29eccf2ad65f6e59c8356f15a,page_016_tile_r03_c01,tile,"[0.0,422.986,360.0,782.986]",normalized_0_1000,16,Figure 9.5—Intensifying to injectable therapies in type 2 diabetes.,visual_action,Figure 9.5—Intensifying to injectable therapies in type 2 diabetes.,3,Insulin,visual_logic; drug_action,"Figure 9.5—Intensifying to injectable therapies in type 2 diabetes.; Insulin; Consider insulin as the first injectable if symptoms of hyperglycemia are present, when A1C or blood glucose ≥300 mg/dL (≥16.7 mmol/L), or when a diagnosis of type 1 diabetes is a possibility.; Symptoms of hyperglycemia OR A1C or blood glucose ≥300 mg/dL (≥16.7 mmol/L) OR possible type 1 diabetes","Consider insulin as the first injectable if symptoms of hyperglycemia are present, when A1C or blood glucose ≥300 mg/dL (≥16.7 mmol/L), or when a diagnosis of type 1 diabetes is a possibility.","[245.0,508.0,999.0,530.0]",CONTROLLED_SOURCE_IMAGE/ada_page_016_tile_r03_c01.png,OMITTED_RAW_MODEL_JSON/visual_logic_page_016_tile_r03_c01.json,extracted_unvalidated,valid,pending,,,False,pending,unreleased,,,c1d3919af22571e577c73e19c4df7ab371c4f735e360ddb0a68bff251f383fd7,c1d3919af22571e577c73e19c4df7ab371c4f735e360ddb0a68bff251f383fd7,True
visual_p016-page-016-tile-r03-c01::page-016-tile-r03-c01-actions-figure-95::action::action-004,p016-page-016-tile-r03-c01::page-016-tile-r03-c01-actions-figure-95::action::action-004,CONTROLLED_SOURCE_PDF/ADA principles for pharmacologic therapy.pdf,7c2913f79b61bc60f8f51327bb73b80391988fd277116b29e57df4242b2a2404,261a22de3ea4dd739c4ea54401373f7095a181f29eccf2ad65f6e59c8356f15a,page_016_tile_r03_c01,tile,"[0.0,422.986,360.0,782.986]",normalized_0_1000,16,Figure 9.5—Intensifying to injectable therapies in type 2 diabetes.,visual_action,Figure 9.5—Intensifying to injectable therapies in type 2 diabetes.,3,NPH,visual_logic; drug_action,Figure 9.5—Intensifying to injectable therapies in type 2 diabetes.; NPH; Consider switching from evening NPH to a basal analog if the individual develops hypoglycemia and/or fasting glucose is better managed with a morning dose of a long-acting basal insulin. Consider dosing NPH in the morning.; Hypoglycemia AND/OR fasting glucose not well controlled; Switch to basal analog; consider morning NPH,Consider switching from evening NPH to a basal analog if the individual develops hypoglycemia and/or fasting glucose is better managed with a morning dose of a long-acting basal insulin. Consider dosing NPH in the morning.,"[245.0,570.0,999.0,590.0]",CONTROLLED_SOURCE_IMAGE/ada_page_016_tile_r03_c01.png,OMITTED_RAW_MODEL_JSON/visual_logic_page_016_tile_r03_c01.json,extracted_unvalidated,valid,pending,,,False,pending,unreleased,,,789990101b469babc5f07b0a644736d814baf9f0e9e7c3cb41a30fca6db337cc,789990101b469babc5f07b0a644736d814baf9f0e9e7c3cb41a30fca6db337cc,True
visual_p021-page-021-tile-r01-c02::page-021-tile-r01-c02-actions-tile-r01-c02::action::action-001,p021-page-021-tile-r01-c02::page-021-tile-r01-c02-actions-tile-r01-c02::action::action-001,CONTROLLED_SOURCE_PDF/ADA principles for pharmacologic therapy.pdf,7c2913f79b61bc60f8f51327bb73b80391988fd277116b29e57df4242b2a2404,6d80b6127200fbbeb1e788072ccccbcf673edf9a00074a246edd6701d9097f61,page_021_tile_r01_c02,tile,"[233.972,0.0,593.972,360.0]",normalized_0_1000,21,NADAC of maximum approved daily dose of noninsulin glucose-lowering,visual_action,NADAC of maximum approved daily dose of noninsulin glucose-lowering,3,Noninsulin glucose-lowering agents,visual_logic; drug_action,"NADAC of maximum approved daily dose of noninsulin glucose-lowering; Noninsulin glucose-lowering agents; Dose adjustment based on NADAC and AWP values; Based on maximum approved daily dose, median AWP, and median NADAC; Maximum approved daily dose (mg), Median AWP ($ min, max), Median NADAC ($ min, max); NADAC values may vary by product formulation and dosage strength.","Dosage strength/product (if applicable) | Maximum approved daily dose† | Median AWP (min, max)* | Median NADAC (min, max)*","[234.0,280.0,593.0,316.0]",CONTROLLED_SOURCE_IMAGE/ada_page_021_tile_r01_c02.png,OMITTED_RAW_MODEL_JSON/visual_logic_page_021_tile_r01_c02.json,extracted_unvalidated,valid,pending,,,False,pending,unreleased,,,d97c35f84edb9b9ce84ac5a4e1931b3e9d0342dd5845358782d058da40ef072a,d97c35f84edb9b9ce84ac5a4e1931b3e9d0342dd5845358782d058da40ef072a,True
visual_p002-page-002-tile-r02-c02::page-002-tile-r02-c02-symbols-asset-r02-c02::footnote::footnote-001,p002-page-002-tile-r02-c02::page-002-tile-r02-c02-symbols-asset-r02-c02::footnote::footnote-001,CONTROLLED_SOURCE_PDF/ADA principles for pharmacologic therapy.pdf,7c2913f79b61bc60f8f51327bb73b80391988fd277116b29e57df4242b2a2404,f761a65d6e49e7b14cdc072a399201a2178c180e4fa6a3adb1a8adf76a3734a3,page_002_tile_r02_c02,tile,"[233.972,288.0,593.972,648.0]",normalized_0_1000,2,Relative attributes of insulin delivery approaches in people with type 1 diabetes,visual_footnote,Relative attributes of insulin delivery approaches in people with type 1 diabetes,3,,visual_logic; footnote,Relative attributes of insulin delivery approaches in people with type 1 diabetes; Footnote; +++; Greater flexibility; URAAs,Greater flexibility +++ for URAA in the first table section.,"[234.0,398.0,593.0,417.0]",CONTROLLED_SOURCE_IMAGE/ada_page_002_tile_r02_c02.png,OMITTED_RAW_MODEL_JSON/visual_logic_page_002_tile_r02_c02.json,extracted_unvalidated,valid,pending,,,False,pending,unreleased,,,9329b401307842b63c82110a9cf750c7a4575800af7b68124992f485626f660e,9329b401307842b63c82110a9cf750c7a4575800af7b68124992f485626f660e,True
visual_p002-page-002-tile-r02-c02::page-002-tile-r02-c02-symbols-asset-r02-c02::footnote::footnote-002,p002-page-002-tile-r02-c02::page-002-tile-r02-c02-symbols-asset-r02-c02::footnote::footnote-002,CONTROLLED_SOURCE_PDF/ADA principles for pharmacologic therapy.pdf,7c2913f79b61bc60f8f51327bb73b80391988fd277116b29e57df4242b2a2404,f761a65d6e49e7b14cdc072a399201a2178c180e4fa6a3adb1a8adf76a3734a3,page_002_tile_r02_c02,tile,"[233.972,288.0,593.972,648.0]",normalized_0_1000,2,Relative attributes of insulin delivery approaches in people with type 1 diabetes,visual_footnote,Relative attributes of insulin delivery approaches in people with type 1 diabetes,3,,visual_logic; footnote,Relative attributes of insulin delivery approaches in people with type 1 diabetes; Footnote; ++; Lower risk of hypoglycemia; URAAs,Lower risk of hypoglycemia ++ for URAA in the first table section.,"[234.0,417.0,593.0,436.0]",CONTROLLED_SOURCE_IMAGE/ada_page_002_tile_r02_c02.png,OMITTED_RAW_MODEL_JSON/visual_logic_page_002_tile_r02_c02.json,extracted_unvalidated,valid,pending,,,False,pending,unreleased,,,1ad867b472c20956d1371c3813f7c4a8468917ced4de295f3e41bd8d018c1375,1ad867b472c20956d1371c3813f7c4a8468917ced4de295f3e41bd8d018c1375,True
visual_p002-page-002-tile-r02-c02::page-002-tile-r02-c02-symbols-asset-r02-c02::footnote::footnote-003,p002-page-002-tile-r02-c02::page-002-tile-r02-c02-symbols-asset-r02-c02::footnote::footnote-003,CONTROLLED_SOURCE_PDF/ADA principles for pharmacologic therapy.pdf,7c2913f79b61bc60f8f51327bb73b80391988fd277116b29e57df4242b2a2404,f761a65d6e49e7b14cdc072a399201a2178c180e4fa6a3adb1a8adf76a3734a3,page_002_tile_r02_c02,tile,"[233.972,288.0,593.972,648.0]",normalized_0_1000,2,Relative attributes of insulin delivery approaches in people with type 1 diabetes,visual_footnote,Relative attributes of insulin delivery approaches in people with type 1 diabetes,3,,visual_logic; footnote,Relative attributes of insulin delivery approaches in people with type 1 diabetes; Footnote; $$$; Higher costs; URAAs,Higher costs $$$ for URAA in the first table section.,"[234.0,436.0,593.0,455.0]",CONTROLLED_SOURCE_IMAGE/ada_page_002_tile_r02_c02.png,OMITTED_RAW_MODEL_JSON/visual_logic_page_002_tile_r02_c02.json,extracted_unvalidated,valid,pending,,,False,pending,unreleased,,,7fe89f3e6bcf908f7a490a893e73adbe4deefe0a72b475c5f3138a636a09f413,7fe89f3e6bcf908f7a490a893e73adbe4deefe0a72b475c5f3138a636a09f413,True
visual_p002-page-002-tile-r02-c02::page-002-tile-r02-c02-symbols-asset-r02-c02::footnote::footnote-004,p002-page-002-tile-r02-c02::page-002-tile-r02-c02-symbols-asset-r02-c02::footnote::footnote-004,CONTROLLED_SOURCE_PDF/ADA principles for pharmacologic therapy.pdf,7c2913f79b61bc60f8f51327bb73b80391988fd277116b29e57df4242b2a2404,f761a65d6e49e7b14cdc072a399201a2178c180e4fa6a3adb1a8adf76a3734a3,page_002_tile_r02_c02,tile,"[233.972,288.0,593.972,648.0]",normalized_0_1000,2,Relative attributes of insulin delivery approaches in people with type 1 diabetes,visual_footnote,Relative attributes of insulin delivery approaches in people with type 1 diabetes,3,,visual_logic; footnote,Relative attributes of insulin delivery approaches in people with type 1 diabetes; Footnote; +; Lower risk of hypoglycemia; Rapid-acting,Lower risk of hypoglycemia + for rapid-acting in the first table section.,"[234.0,507.0,593.0,526.0]",CONTROLLED_SOURCE_IMAGE/ada_page_002_tile_r02_c02.png,OMITTED_RAW_MODEL_JSON/visual_logic_page_002_tile_r02_c02.json,extracted_unvalidated,valid,pending,,,False,pending,unreleased,,,71dc3db3f27e0321c041687e331b87a4f7d3f7ca99825fa8e3ed6a2451492170,71dc3db3f27e0321c041687e331b87a4f7d3f7ca99825fa8e3ed6a2451492170,True
visual_p002-page-002-tile-r02-c02::page-002-tile-r02-c02-symbols-asset-r02-c02::footnote::footnote-005,p002-page-002-tile-r02-c02::page-002-tile-r02-c02-symbols-asset-r02-c02::footnote::footnote-005,CONTROLLED_SOURCE_PDF/ADA principles for pharmacologic therapy.pdf,7c2913f79b61bc60f8f51327bb73b80391988fd277116b29e57df4242b2a2404,f761a65d6e49e7b14cdc072a399201a2178c180e4fa6a3adb1a8adf76a3734a3,page_002_tile_r02_c02,tile,"[233.972,288.0,593.972,648.0]",normalized_0_1000,2,Relative attributes of insulin delivery approaches in people with type 1 diabetes,visual_footnote,Relative attributes of insulin delivery approaches in people with type 1 diabetes,3,,visual_logic; footnote,Relative attributes of insulin delivery approaches in people with type 1 diabetes; Footnote; $; Higher costs; Rapid-acting,Higher costs $ for rapid-acting in the first table section.,"[234.0,526.0,593.0,545.0]",CONTROLLED_SOURCE_IMAGE/ada_page_002_tile_r02_c02.png,OMITTED_RAW_MODEL_JSON/visual_logic_page_002_tile_r02_c02.json,extracted_unvalidated,valid,pending,,,False,pending,unreleased,,,7b6782c55eea1a724d747d57229131dc41424ec2f8d17c5c09b9f6372f02b68a,7b6782c55eea1a724d747d57229131dc41424ec2f8d17c5c09b9f6372f02b68a,True
visual_p002-page-002-tile-r02-c02::page-002-tile-r02-c02-symbols-asset-r02-c02::footnote::footnote-006,p002-page-002-tile-r02-c02::page-002-tile-r02-c02-symbols-asset-r02-c02::footnote::footnote-006,CONTROLLED_SOURCE_PDF/ADA principles for pharmacologic therapy.pdf,7c2913f79b61bc60f8f51327bb73b80391988fd277116b29e57df4242b2a2404,f761a65d6e49e7b14cdc072a399201a2178c180e4fa6a3adb1a8adf76a3734a3,page_002_tile_r02_c02,tile,"[233.972,288.0,593.972,648.0]",normalized_0_1000,2,Relative attributes of insulin delivery approaches in people with type 1 diabetes,visual_footnote,Relative attributes of insulin delivery approaches in people with type 1 diabetes,3,,visual_logic; footnote,Relative attributes of insulin delivery approaches in people with type 1 diabetes; Footnote; +; Lower risk of hypoglycemia; With NPH + short- or premixed,Lower risk of hypoglycemia + for with NPH + short- or premixed in the first table section.,"[234.0,560.0,593.0,579.0]",CONTROLLED_SOURCE_IMAGE/ada_page_002_tile_r02_c02.png,OMITTED_RAW_MODEL_JSON/visual_logic_page_002_tile_r02_c02.json,extracted_unvalidated,valid,pending,,,False,pending,unreleased,,,867db9d7187ff68bdecfca76013e4132f76705f3e43a354964c416b0b5c86cde,867db9d7187ff68bdecfca76013e4132f76705f3e43a354964c416b0b5c86cde,True
visual_p002-page-002-tile-r02-c02::page-002-tile-r02-c02-symbols-asset-r02-c02::footnote::footnote-007,p002-page-002-tile-r02-c02::page-002-tile-r02-c02-symbols-asset-r02-c02::footnote::footnote-007,CONTROLLED_SOURCE_PDF/ADA principles for pharmacologic therapy.pdf,7c2913f79b61bc60f8f51327bb73b80391988fd277116b29e57df4242b2a2404,f761a65d6e49e7b14cdc072a399201a2178c180e4fa6a3adb1a8adf76a3734a3,page_002_tile_r02_c02,tile,"[233.972,288.0,593.972,648.0]",normalized_0_1000,2,Relative attributes of insulin delivery approaches in people with type 1 diabetes,visual_footnote,Relative attributes of insulin delivery approaches in people with type 1 diabetes,3,,visual_logic; footnote,Relative attributes of insulin delivery approaches in people with type 1 diabetes; Footnote; $; Higher costs; With NPH + short- or premixed,Higher costs $ for with NPH + short- or premixed in the first table section.,"[234.0,579.0,593.0,598.0]",CONTROLLED_SOURCE_IMAGE/ada_page_002_tile_r02_c02.png,OMITTED_RAW_MODEL_JSON/visual_logic_page_002_tile_r02_c02.json,extracted_unvalidated,valid,pending,,,False,pending,unreleased,,,46a36460ac69cf166ce402961c9bb055414a874b65cc848532dd3ebf5c71dc7e,46a36460ac69cf166ce402961c9bb055414a874b65cc848532dd3ebf5c71dc7e,True
visual_p002-page-002-tile-r02-c02::page-002-tile-r02-c02-symbols-asset-r02-c02::footnote::footnote-008,p002-page-002-tile-r02-c02::page-002-tile-r02-c02-symbols-asset-r02-c02::footnote::footnote-008,CONTROLLED_SOURCE_PDF/ADA principles for pharmacologic therapy.pdf,7c2913f79b61bc60f8f51327bb73b80391988fd277116b29e57df4242b2a2404,f761a65d6e49e7b14cdc072a399201a2178c180e4fa6a3adb1a8adf76a3734a3,page_002_tile_r02_c02,tile,"[233.972,288.0,593.972,648.0]",normalized_0_1000,2,Relative attributes of insulin delivery approaches in people with type 1 diabetes,visual_footnote,Relative attributes of insulin delivery approaches in people with type 1 diabetes,3,,visual_logic; footnote,Relative attributes of insulin delivery approaches in people with type 1 diabetes; Footnote; +++++; Greater flexibility; Insulin pump systems,Greater flexibility +++++ for insulin pump systems in the second table section.,"[234.0,650.0,593.0,669.0]",CONTROLLED_SOURCE_IMAGE/ada_page_002_tile_r02_c02.png,OMITTED_RAW_MODEL_JSON/visual_logic_page_002_tile_r02_c02.json,extracted_unvalidated,valid,pending,,,False,pending,unreleased,,,745a17d25badbde8e87859ba1c924268c5ec2597c8a64c08a8fd32e61a74f6be,745a17d25badbde8e87859ba1c924268c5ec2597c8a64c08a8fd32e61a74f6be,True
visual_p002-page-002-tile-r02-c02::page-002-tile-r02-c02-symbols-asset-r02-c02::footnote::footnote-009,p002-page-002-tile-r02-c02::page-002-tile-r02-c02-symbols-asset-r02-c02::footnote::footnote-009,CONTROLLED_SOURCE_PDF/ADA principles for pharmacologic therapy.pdf,7c2913f79b61bc60f8f51327bb73b80391988fd277116b29e57df4242b2a2404,f761a65d6e49e7b14cdc072a399201a2178c180e4fa6a3adb1a8adf76a3734a3,page_002_tile_r02_c02,tile,"[233.972,288.0,593.972,648.0]",normalized_0_1000,2,Relative attributes of insulin delivery approaches in people with type 1 diabetes,visual_footnote,Relative attributes of insulin delivery approaches in people with type 1 diabetes,3,,visual_logic; footnote,Relative attributes of insulin delivery approaches in people with type 1 diabetes; Footnote; +++++; Lower risk of hypoglycemia; Insulin pump systems,Lower risk of hypoglycemia +++++ for insulin pump systems in the second table section.,"[234.0,669.0,593.0,688.0]",CONTROLLED_SOURCE_IMAGE/ada_page_002_tile_r02_c02.png,OMITTED_RAW_MODEL_JSON/visual_logic_page_002_tile_r02_c02.json,extracted_unvalidated,valid,pending,,,False,pending,unreleased,,,c7adec87d46430641286ebd2edc9b9515870b38c45ae5baecbb5cede64ebd302,c7adec87d46430641286ebd2edc9b9515870b38c45ae5baecbb5cede64ebd302,True
visual_p002-page-002-tile-r02-c02::page-002-tile-r02-c02-symbols-asset-r02-c02::footnote::footnote-010,p002-page-002-tile-r02-c02::page-002-tile-r02-c02-symbols-asset-r02-c02::footnote::footnote-010,CONTROLLED_SOURCE_PDF/ADA principles for pharmacologic therapy.pdf,7c2913f79b61bc60f8f51327bb73b80391988fd277116b29e57df4242b2a2404,f761a65d6e49e7b14cdc072a399201a2178c180e4fa6a3adb1a8adf76a3734a3,page_002_tile_r02_c02,tile,"[233.972,288.0,593.972,648.0]",normalized_0_1000,2,Relative attributes of insulin delivery approaches in people with type 1 diabetes,visual_footnote,Relative attributes of insulin delivery approaches in people with type 1 diabetes,3,,visual_logic; footnote,Relative attributes of insulin delivery approaches in people with type 1 diabetes; Footnote; $$$$$; Higher costs; Insulin pump systems,Higher costs $$$$$ for insulin pump systems in the second table section.,"[234.0,688.0,593.0,707.0]",CONTROLLED_SOURCE_IMAGE/ada_page_002_tile_r02_c02.png,OMITTED_RAW_MODEL_JSON/visual_logic_page_002_tile_r02_c02.json,extracted_unvalidated,valid,pending,,,False,pending,unreleased,,,955727b66d9aca1e3e49417a777490bd431e2ae997fae089550107a339e041ef,955727b66d9aca1e3e49417a777490bd431e2ae997fae089550107a339e041ef,True
visual_p002-page-002-tile-r03-c01::page-002-tile-r03-c01-actions-figure-9-1::footnote::footnote-001,p002-page-002-tile-r03-c01::page-002-tile-r03-c01-actions-figure-9-1::footnote::footnote-001,CONTROLLED_SOURCE_PDF/ADA principles for pharmacologic therapy.pdf,7c2913f79b61bc60f8f51327bb73b80391988fd277116b29e57df4242b2a2404,e833b3ae588a84c0bd88178ef3086692d9a3cd3287bdd127a76da93b453a1a1e,page_002_tile_r03_c01,tile,"[0.0,422.986,360.0,782.986]",normalized_0_1000,2,Figure 9.1—Choices of insulin plans in people with type 1 diabetes.,visual_footnote,Figure 9.1—Choices of insulin plans in people with type 1 diabetes.,3,,visual_logic; footnote,"Figure 9.1—Choices of insulin plans in people with type 1 diabetes.; Footnote; +; estimate of relative association of the plan with greater flexibility, low cost, or ease of use compared to other different plans. Cost symbols are reflective of general costs, which may vary for individuals due to discounts, rebates, and other price adjustments involved in prescription sales.; All insulin plans listed","or dollar signs is an estimate of relative association of the plan with greater flexibility, low cost, or ease of use compared to other different plans. Cost symbols are reflective of general costs, which may vary for individuals due to discounts, rebates, and other price adjustments involved in prescription sales.","[190.0,825.0,360.0,924.0]",CONTROLLED_SOURCE_IMAGE/ada_page_002_tile_r03_c01.png,OMITTED_RAW_MODEL_JSON/visual_logic_page_002_tile_r03_c01.json,extracted_unvalidated,valid,pending,,,False,pending,unreleased,,,882f89e3876ea8b22b3535072a52fa142987d0cb0e2e463d2e32520bd10496bc,882f89e3876ea8b22b3535072a52fa142987d0cb0e2e463d2e32520bd10496bc,True
visual_p002-page-002-tile-r03-c01::page-002-tile-r03-c01-actions-figure-9-1::footnote::footnote-002,p002-page-002-tile-r03-c01::page-002-tile-r03-c01-actions-figure-9-1::footnote::footnote-002,CONTROLLED_SOURCE_PDF/ADA principles for pharmacologic therapy.pdf,7c2913f79b61bc60f8f51327bb73b80391988fd277116b29e57df4242b2a2404,e833b3ae588a84c0bd88178ef3086692d9a3cd3287bdd127a76da93b453a1a1e,page_002_tile_r03_c01,tile,"[0.0,422.986,360.0,782.986]",normalized_0_1000,2,Figure 9.1—Choices of insulin plans in people with type 1 diabetes.,visual_footnote,Figure 9.1—Choices of insulin plans in people with type 1 diabetes.,3,,visual_logic; footnote,Figure 9.1—Choices of insulin plans in people with type 1 diabetes.; Footnote; LAA; long-acting insulin analog; MDI with LAA + RAA or URAA,"LAA, long-acting insulin analog; URAA, injectable ultra-rapid-acting insulin analog or inhaled insulin.","[190.0,897.0,360.0,924.0]",CONTROLLED_SOURCE_IMAGE/ada_page_002_tile_r03_c01.png,OMITTED_RAW_MODEL_JSON/visual_logic_page_002_tile_r03_c01.json,extracted_unvalidated,valid,pending,,,False,pending,unreleased,,,7f6b421b9c6658b21142175abc477f13a058e4ae15f31e3589c06ff771459230,7f6b421b9c6658b21142175abc477f13a058e4ae15f31e3589c06ff771459230,True
visual_p002-page-002-tile-r03-c01::page-002-tile-r03-c01-actions-figure-9-1::footnote::footnote-003,p002-page-002-tile-r03-c01::page-002-tile-r03-c01-actions-figure-9-1::footnote::footnote-003,CONTROLLED_SOURCE_PDF/ADA principles for pharmacologic therapy.pdf,7c2913f79b61bc60f8f51327bb73b80391988fd277116b29e57df4242b2a2404,e833b3ae588a84c0bd88178ef3086692d9a3cd3287bdd127a76da93b453a1a1e,page_002_tile_r03_c01,tile,"[0.0,422.986,360.0,782.986]",normalized_0_1000,2,Figure 9.1—Choices of insulin plans in people with type 1 diabetes.,visual_footnote,Figure 9.1—Choices of insulin plans in people with type 1 diabetes.,3,,visual_logic; footnote,Figure 9.1—Choices of insulin plans in people with type 1 diabetes.; Footnote; URAA; injectable ultra-rapid-acting insulin analog or inhaled insulin; MDI with LAA + RAA or URAA,"LAA, long-acting insulin analog; URAA, injectable ultra-rapid-acting insulin analog or inhaled insulin.","[190.0,897.0,360.0,924.0]",CONTROLLED_SOURCE_IMAGE/ada_page_002_tile_r03_c01.png,OMITTED_RAW_MODEL_JSON/visual_logic_page_002_tile_r03_c01.json,extracted_unvalidated,valid,pending,,,False,pending,unreleased,,,35300a8a471f481d2def2e705767df9d1a25cdaa9f1779a32235f9d161498228,35300a8a471f481d2def2e705767df9d1a25cdaa9f1779a32235f9d161498228,True
visual_p002-page-002-tile-r03-c01::page-002-tile-r03-c01-symbols-figure-9-1::footnote::footnote-001,p002-page-002-tile-r03-c01::page-002-tile-r03-c01-symbols-figure-9-1::footnote::footnote-001,CONTROLLED_SOURCE_PDF/ADA principles for pharmacologic therapy.pdf,7c2913f79b61bc60f8f51327bb73b80391988fd277116b29e57df4242b2a2404,e833b3ae588a84c0bd88178ef3086692d9a3cd3287bdd127a76da93b453a1a1e,page_002_tile_r03_c01,tile,"[0.0,422.986,360.0,782.986]",normalized_0_1000,2,Figure 9.1—Choices of insulin plans in people with type 1 diabetes.,visual_footnote,Figure 9.1—Choices of insulin plans in people with type 1 diabetes.,3,,visual_logic; footnote,"Figure 9.1—Choices of insulin plans in people with type 1 diabetes.; Footnote; +; estimate of relative association of the plan with greater flexibility, low cost; all insulin plans listed in the table","or dollar signs is an estimate of relative association of the plan with greater flexibility, low cost for different plans. Cost symbols are reflective of general costs, which may vary for individuals due to discounts, rebates, and other price adjustments involved in prescription sales.","[195.0,820.0,360.0,924.0]",CONTROLLED_SOURCE_IMAGE/ada_page_002_tile_r03_c01.png,OMITTED_RAW_MODEL_JSON/visual_logic_page_002_tile_r03_c01.json,extracted_unvalidated,valid,pending,,,False,pending,unreleased,,,e10d6f9950f3d753e573668dfd584f0f463dc77d79d0b24be71f55181b5571fd,e10d6f9950f3d753e573668dfd584f0f463dc77d79d0b24be71f55181b5571fd,True
visual_p002-page-002-tile-r03-c01::page-002-tile-r03-c01-symbols-figure-9-1::footnote::footnote-002,p002-page-002-tile-r03-c01::page-002-tile-r03-c01-symbols-figure-9-1::footnote::footnote-002,CONTROLLED_SOURCE_PDF/ADA principles for pharmacologic therapy.pdf,7c2913f79b61bc60f8f51327bb73b80391988fd277116b29e57df4242b2a2404,e833b3ae588a84c0bd88178ef3086692d9a3cd3287bdd127a76da93b453a1a1e,page_002_tile_r03_c01,tile,"[0.0,422.986,360.0,782.986]",normalized_0_1000,2,Figure 9.1—Choices of insulin plans in people with type 1 diabetes.,visual_footnote,Figure 9.1—Choices of insulin plans in people with type 1 diabetes.,3,,visual_logic; footnote,Figure 9.1—Choices of insulin plans in people with type 1 diabetes.; Footnote; LAA; long-acting insulin analog; MDI with LAA + RAA or URAA plan,"LAA, long-acting insulin analog; URAA, injectable ultra-rapid-acting insulin analog or inhaled insulin.","[195.0,897.0,360.0,924.0]",CONTROLLED_SOURCE_IMAGE/ada_page_002_tile_r03_c01.png,OMITTED_RAW_MODEL_JSON/visual_logic_page_002_tile_r03_c01.json,extracted_unvalidated,valid,pending,,,False,pending,unreleased,,,793e970554f5a6156b87519066231f4095cef1ab960610abce66169e8dbe44a5,793e970554f5a6156b87519066231f4095cef1ab960610abce66169e8dbe44a5,True
visual_p002-page-002-tile-r03-c01::page-002-tile-r03-c01-symbols-figure-9-1::footnote::footnote-003,p002-page-002-tile-r03-c01::page-002-tile-r03-c01-symbols-figure-9-1::footnote::footnote-003,CONTROLLED_SOURCE_PDF/ADA principles for pharmacologic therapy.pdf,7c2913f79b61bc60f8f51327bb73b80391988fd277116b29e57df4242b2a2404,e833b3ae588a84c0bd88178ef3086692d9a3cd3287bdd127a76da93b453a1a1e,page_002_tile_r03_c01,tile,"[0.0,422.986,360.0,782.986]",normalized_0_1000,2,Figure 9.1—Choices of insulin plans in people with type 1 diabetes.,visual_footnote,Figure 9.1—Choices of insulin plans in people with type 1 diabetes.,3,,visual_logic; footnote,Figure 9.1—Choices of insulin plans in people with type 1 diabetes.; Footnote; URAA; injectable ultra-rapid-acting insulin analog or inhaled insulin; MDI with LAA + RAA or URAA plan,"LAA, long-acting insulin analog; URAA, injectable ultra-rapid-acting insulin analog or inhaled insulin.","[195.0,897.0,360.0,924.0]",CONTROLLED_SOURCE_IMAGE/ada_page_002_tile_r03_c01.png,OMITTED_RAW_MODEL_JSON/visual_logic_page_002_tile_r03_c01.json,extracted_unvalidated,valid,pending,,,False,pending,unreleased,,,18c75f16786bd87ff9ea250fd93387addbc73e69c0429f6aa04b4a80b39438ad,18c75f16786bd87ff9ea250fd93387addbc73e69c0429f6aa04b4a80b39438ad,True
visual_p002-page-002-tile-r03-c02::page-002-tile-r03-c02-actions-page-002-tile-r03-c02::footnote::footnote-001,p002-page-002-tile-r03-c02::page-002-tile-r03-c02-actions-page-002-tile-r03-c02::footnote::footnote-001,CONTROLLED_SOURCE_PDF/ADA principles for pharmacologic therapy.pdf,7c2913f79b61bc60f8f51327bb73b80391988fd277116b29e57df4242b2a2404,ec48cd70e8ce5f2fc8a2f89cde38786dbf78cd0312c60cbb9885114d68326001,page_002_tile_r03_c02,tile,"[233.972,422.986,593.972,782.986]",normalized_0_1000,2,Insulin Therapy Options for Type 1 Diabetes,visual_footnote,Insulin Therapy Options for Type 1 Diabetes,3,,visual_logic; footnote,"Insulin Therapy Options for Type 1 Diabetes; Footnote; LAA, long-acting insulin analog; MDI, multiple daily injections; RAA, rapid-acting insulin analog or inhaled insulin. Adapted from Holt et al. (4).; Definitions and source attribution for abbreviations used in the table.; All rows of the table","LAA, long-acting insulin analog; MDI, multiple daily injections; RAA, rapid-acting insulin analog or inhaled insulin. Adapted from Holt et al. (4).","[0.0,897.0,1000.0,925.0]",CONTROLLED_SOURCE_IMAGE/ada_page_002_tile_r03_c02.png,OMITTED_RAW_MODEL_JSON/visual_logic_page_002_tile_r03_c02.json,extracted_unvalidated,valid,pending,,,False,pending,unreleased,,,223ac035d35863d700ee7ea78b8b805d176b9d488717d3db66c4dd73e2213628,223ac035d35863d700ee7ea78b8b805d176b9d488717d3db66c4dd73e2213628,True
visual_p002-page-002-tile-r03-c02::page-002-tile-r03-c02-symbols-page-002-tile-r03-c02::footnote::footnote-001,p002-page-002-tile-r03-c02::page-002-tile-r03-c02-symbols-page-002-tile-r03-c02::footnote::footnote-001,CONTROLLED_SOURCE_PDF/ADA principles for pharmacologic therapy.pdf,7c2913f79b61bc60f8f51327bb73b80391988fd277116b29e57df4242b2a2404,ec48cd70e8ce5f2fc8a2f89cde38786dbf78cd0312c60cbb9885114d68326001,page_002_tile_r03_c02,tile,"[233.972,422.986,593.972,782.986]",normalized_0_1000,2,Insulin Therapy Options for Type 1 Diabetes,visual_footnote,Insulin Therapy Options for Type 1 Diabetes,3,,visual_logic; footnote,"Insulin Therapy Options for Type 1 Diabetes; Footnote; +; Ordinal scale indicating level of benefit or risk. A single '+' is not an ordinal score but a presence marker (e.g., '+HF' or '+CKD').; All three columns: 'Greater flexibility', 'Lower risk of hypoglycemia', and 'Higher costs'.","The table uses '+' symbols to indicate levels of benefit/risk. For example, under 'Injected insulin plans' for 'Long-acting', the row shows '+ + +' in 'Greater flexibility' column.","[234.0,423.0,594.0,783.0]",CONTROLLED_SOURCE_IMAGE/ada_page_002_tile_r03_c02.png,OMITTED_RAW_MODEL_JSON/visual_logic_page_002_tile_r03_c02.json,extracted_unvalidated,valid,pending,,,False,pending,unreleased,,,a9de675ad15efec0ce961637ee76b5335a616972a99958ac6ab330a73b57778e,a9de675ad15efec0ce961637ee76b5335a616972a99958ac6ab330a73b57778e,True
visual_p002-page-002-tile-r03-c02::page-002-tile-r03-c02-symbols-page-002-tile-r03-c02::footnote::footnote-002,p002-page-002-tile-r03-c02::page-002-tile-r03-c02-symbols-page-002-tile-r03-c02::footnote::footnote-002,CONTROLLED_SOURCE_PDF/ADA principles for pharmacologic therapy.pdf,7c2913f79b61bc60f8f51327bb73b80391988fd277116b29e57df4242b2a2404,ec48cd70e8ce5f2fc8a2f89cde38786dbf78cd0312c60cbb9885114d68326001,page_002_tile_r03_c02,tile,"[233.972,422.986,593.972,782.986]",normalized_0_1000,2,Insulin Therapy Options for Type 1 Diabetes,visual_footnote,Insulin Therapy Options for Type 1 Diabetes,3,,visual_logic; footnote,"Insulin Therapy Options for Type 1 Diabetes; Footnote; $; Ordinal scale indicating cost level. A single '$' is not an ordinal score but a presence marker (e.g., '$HF' or '$CKD').; The 'Higher costs' column.","In the 'Injected insulin plans' section, for 'Long-acting', the cost is indicated as '$'. In the 'Infusion plans' section, for 'With/without', the cost is indicated as '$$$'.","[234.0,423.0,594.0,783.0]",CONTROLLED_SOURCE_IMAGE/ada_page_002_tile_r03_c02.png,OMITTED_RAW_MODEL_JSON/visual_logic_page_002_tile_r03_c02.json,extracted_unvalidated,valid,pending,,,False,pending,unreleased,,,ce54926bcb2e8cfdff5c2919fa49b8171e5ca9ac910657330ad958c2af10a334,ce54926bcb2e8cfdff5c2919fa49b8171e5ca9ac910657330ad958c2af10a334,True
visual_p002-page-002-tile-r03-c02::page-002-tile-r03-c02-symbols-page-002-tile-r03-c02::footnote::footnote-003,p002-page-002-tile-r03-c02::page-002-tile-r03-c02-symbols-page-002-tile-r03-c02::footnote::footnote-003,CONTROLLED_SOURCE_PDF/ADA principles for pharmacologic therapy.pdf,7c2913f79b61bc60f8f51327bb73b80391988fd277116b29e57df4242b2a2404,ec48cd70e8ce5f2fc8a2f89cde38786dbf78cd0312c60cbb9885114d68326001,page_002_tile_r03_c02,tile,"[233.972,422.986,593.972,782.986]",normalized_0_1000,2,Insulin Therapy Options for Type 1 Diabetes,visual_footnote,Insulin Therapy Options for Type 1 Diabetes,3,,visual_logic; footnote,"Insulin Therapy Options for Type 1 Diabetes; Footnote; ++; Ordinal scale indicating moderate benefit or risk.; All three columns: 'Greater flexibility', 'Lower risk of hypoglycemia', and 'Higher costs'.","In the 'Injected insulin plans' section, for 'Long-acting', the row shows '++' in 'Greater flexibility' column.","[234.0,423.0,594.0,783.0]",CONTROLLED_SOURCE_IMAGE/ada_page_002_tile_r03_c02.png,OMITTED_RAW_MODEL_JSON/visual_logic_page_002_tile_r03_c02.json,extracted_unvalidated,valid,pending,,,False,pending,unreleased,,,a9a4fb95f699976732b546a8b7959e03d60ffe3398cc649b8ac90faa7092aa13,a9a4fb95f699976732b546a8b7959e03d60ffe3398cc649b8ac90faa7092aa13,True
visual_p002-page-002-tile-r03-c02::page-002-tile-r03-c02-symbols-page-002-tile-r03-c02::footnote::footnote-004,p002-page-002-tile-r03-c02::page-002-tile-r03-c02-symbols-page-002-tile-r03-c02::footnote::footnote-004,CONTROLLED_SOURCE_PDF/ADA principles for pharmacologic therapy.pdf,7c2913f79b61bc60f8f51327bb73b80391988fd277116b29e57df4242b2a2404,ec48cd70e8ce5f2fc8a2f89cde38786dbf78cd0312c60cbb9885114d68326001,page_002_tile_r03_c02,tile,"[233.972,422.986,593.972,782.986]",normalized_0_1000,2,Insulin Therapy Options for Type 1 Diabetes,visual_footnote,Insulin Therapy Options for Type 1 Diabetes,3,,visual_logic; footnote,"Insulin Therapy Options for Type 1 Diabetes; Footnote; +++; Ordinal scale indicating high benefit or risk.; All three columns: 'Greater flexibility', 'Lower risk of hypoglycemia', and 'Higher costs'.","In the 'Injected insulin plans' section, for 'Long-acting', the row shows '+++' in 'Lower risk of hypoglycemia' column.","[234.0,423.0,594.0,783.0]",CONTROLLED_SOURCE_IMAGE/ada_page_002_tile_r03_c02.png,OMITTED_RAW_MODEL_JSON/visual_logic_page_002_tile_r03_c02.json,extracted_unvalidated,valid,pending,,,False,pending,unreleased,,,cb0dc07c9c4f421417be91f3aa411726f0d4e4f074093d7cdb04c4efa7fcbdf2,cb0dc07c9c4f421417be91f3aa411726f0d4e4f074093d7cdb04c4efa7fcbdf2,True
visual_p002-page-002-tile-r03-c02::page-002-tile-r03-c02-symbols-page-002-tile-r03-c02::footnote::footnote-005,p002-page-002-tile-r03-c02::page-002-tile-r03-c02-symbols-page-002-tile-r03-c02::footnote::footnote-005,CONTROLLED_SOURCE_PDF/ADA principles for pharmacologic therapy.pdf,7c2913f79b61bc60f8f51327bb73b80391988fd277116b29e57df4242b2a2404,ec48cd70e8ce5f2fc8a2f89cde38786dbf78cd0312c60cbb9885114d68326001,page_002_tile_r03_c02,tile,"[233.972,422.986,593.972,782.986]",normalized_0_1000,2,Insulin Therapy Options for Type 1 Diabetes,visual_footnote,Insulin Therapy Options for Type 1 Diabetes,3,,visual_logic; footnote,"Insulin Therapy Options for Type 1 Diabetes; Footnote; ++++; Ordinal scale indicating very high benefit or risk.; All three columns: 'Greater flexibility', 'Lower risk of hypoglycemia', and 'Higher costs'.","In the 'Infusion plans' section, for 'With/without', the row shows '+++' in 'Greater flexibility' column.","[234.0,423.0,594.0,783.0]",CONTROLLED_SOURCE_IMAGE/ada_page_002_tile_r03_c02.png,OMITTED_RAW_MODEL_JSON/visual_logic_page_002_tile_r03_c02.json,extracted_unvalidated,valid,pending,,,False,pending,unreleased,,,9bd4fc8a94fe8a5403dbb07c863d2d61669dbf44a9505069e527e0e62b294f1c,9bd4fc8a94fe8a5403dbb07c863d2d61669dbf44a9505069e527e0e62b294f1c,True
visual_p002-page-002-tile-r03-c02::page-002-tile-r03-c02-symbols-page-002-tile-r03-c02::footnote::footnote-006,p002-page-002-tile-r03-c02::page-002-tile-r03-c02-symbols-page-002-tile-r03-c02::footnote::footnote-006,CONTROLLED_SOURCE_PDF/ADA principles for pharmacologic therapy.pdf,7c2913f79b61bc60f8f51327bb73b80391988fd277116b29e57df4242b2a2404,ec48cd70e8ce5f2fc8a2f89cde38786dbf78cd0312c60cbb9885114d68326001,page_002_tile_r03_c02,tile,"[233.972,422.986,593.972,782.986]",normalized_0_1000,2,Insulin Therapy Options for Type 1 Diabetes,visual_footnote,Insulin Therapy Options for Type 1 Diabetes,3,,visual_logic; footnote,"Insulin Therapy Options for Type 1 Diabetes; Footnote; +++++; Ordinal scale indicating maximum benefit or risk.; All three columns: 'Greater flexibility', 'Lower risk of hypoglycemia', and 'Higher costs'.","In the 'Infusion plans' section, for 'With/without', the row shows '+++++' in 'Greater flexibility' column.","[234.0,423.0,594.0,783.0]",CONTROLLED_SOURCE_IMAGE/ada_page_002_tile_r03_c02.png,OMITTED_RAW_MODEL_JSON/visual_logic_page_002_tile_r03_c02.json,extracted_unvalidated,valid,pending,,,False,pending,unreleased,,,aa7f5b24f49739ca4762555fdfe3e0cac9b34b5028526c03063f41e3f4a6eb62,aa7f5b24f49739ca4762555fdfe3e0cac9b34b5028526c03063f41e3f4a6eb62,True
visual_p002-page-002-tile-r03-c02::page-002-tile-r03-c02-symbols-page-002-tile-r03-c02::footnote::footnote-007,p002-page-002-tile-r03-c02::page-002-tile-r03-c02-symbols-page-002-tile-r03-c02::footnote::footnote-007,CONTROLLED_SOURCE_PDF/ADA principles for pharmacologic therapy.pdf,7c2913f79b61bc60f8f51327bb73b80391988fd277116b29e57df4242b2a2404,ec48cd70e8ce5f2fc8a2f89cde38786dbf78cd0312c60cbb9885114d68326001,page_002_tile_r03_c02,tile,"[233.972,422.986,593.972,782.986]",normalized_0_1000,2,Insulin Therapy Options for Type 1 Diabetes,visual_footnote,Insulin Therapy Options for Type 1 Diabetes,3,,visual_logic; footnote,Insulin Therapy Options for Type 1 Diabetes; Footnote; $$; Ordinal scale indicating moderate cost.; The 'Higher costs' column.,"In the 'Injected insulin plans' section, for 'Long-acting', the row shows '$$' in 'Higher costs' column.","[234.0,423.0,594.0,783.0]",CONTROLLED_SOURCE_IMAGE/ada_page_002_tile_r03_c02.png,OMITTED_RAW_MODEL_JSON/visual_logic_page_002_tile_r03_c02.json,extracted_unvalidated,valid,pending,,,False,pending,unreleased,,,26a82e9f737601ecb0d7b4340a0fafe70d04e3b2218d94f58fe703a76979a5b1,26a82e9f737601ecb0d7b4340a0fafe70d04e3b2218d94f58fe703a76979a5b1,True
visual_p002-page-002-tile-r03-c02::page-002-tile-r03-c02-symbols-page-002-tile-r03-c02::footnote::footnote-008,p002-page-002-tile-r03-c02::page-002-tile-r03-c02-symbols-page-002-tile-r03-c02::footnote::footnote-008,CONTROLLED_SOURCE_PDF/ADA principles for pharmacologic therapy.pdf,7c2913f79b61bc60f8f51327bb73b80391988fd277116b29e57df4242b2a2404,ec48cd70e8ce5f2fc8a2f89cde38786dbf78cd0312c60cbb9885114d68326001,page_002_tile_r03_c02,tile,"[233.972,422.986,593.972,782.986]",normalized_0_1000,2,Insulin Therapy Options for Type 1 Diabetes,visual_footnote,Insulin Therapy Options for Type 1 Diabetes,3,,visual_logic; footnote,Insulin Therapy Options for Type 1 Diabetes; Footnote; $$$; Ordinal scale indicating high cost.; The 'Higher costs' column.,"In the 'Injected insulin plans' section, for 'Long-acting', the row shows '$$$' in 'Higher costs' column.","[234.0,423.0,594.0,783.0]",CONTROLLED_SOURCE_IMAGE/ada_page_002_tile_r03_c02.png,OMITTED_RAW_MODEL_JSON/visual_logic_page_002_tile_r03_c02.json,extracted_unvalidated,valid,pending,,,False,pending,unreleased,,,3989d8fdd4d1a913b72761d81c5b03fc57d9f6883fd3e2d6de94229e76cd559b,3989d8fdd4d1a913b72761d81c5b03fc57d9f6883fd3e2d6de94229e76cd559b,True
visual_p002-page-002-tile-r03-c02::page-002-tile-r03-c02-symbols-page-002-tile-r03-c02::footnote::footnote-009,p002-page-002-tile-r03-c02::page-002-tile-r03-c02-symbols-page-002-tile-r03-c02::footnote::footnote-009,CONTROLLED_SOURCE_PDF/ADA principles for pharmacologic therapy.pdf,7c2913f79b61bc60f8f51327bb73b80391988fd277116b29e57df4242b2a2404,ec48cd70e8ce5f2fc8a2f89cde38786dbf78cd0312c60cbb9885114d68326001,page_002_tile_r03_c02,tile,"[233.972,422.986,593.972,782.986]",normalized_0_1000,2,Insulin Therapy Options for Type 1 Diabetes,visual_footnote,Insulin Therapy Options for Type 1 Diabetes,3,,visual_logic; footnote,Insulin Therapy Options for Type 1 Diabetes; Footnote; $$$$; Ordinal scale indicating very high cost.; The 'Higher costs' column.,"In the 'Infusion plans' section, for 'With/without', the row shows '$$$' in 'Higher costs' column.","[234.0,423.0,594.0,783.0]",CONTROLLED_SOURCE_IMAGE/ada_page_002_tile_r03_c02.png,OMITTED_RAW_MODEL_JSON/visual_logic_page_002_tile_r03_c02.json,extracted_unvalidated,valid,pending,,,False,pending,unreleased,,,f332c27a85bf5470e30819f7b9b02bb64b5f774620b4392412c1b84c49aa87cb,f332c27a85bf5470e30819f7b9b02bb64b5f774620b4392412c1b84c49aa87cb,True
visual_p002-page-002-tile-r03-c02::page-002-tile-r03-c02-symbols-page-002-tile-r03-c02::footnote::footnote-010,p002-page-002-tile-r03-c02::page-002-tile-r03-c02-symbols-page-002-tile-r03-c02::footnote::footnote-010,CONTROLLED_SOURCE_PDF/ADA principles for pharmacologic therapy.pdf,7c2913f79b61bc60f8f51327bb73b80391988fd277116b29e57df4242b2a2404,ec48cd70e8ce5f2fc8a2f89cde38786dbf78cd0312c60cbb9885114d68326001,page_002_tile_r03_c02,tile,"[233.972,422.986,593.972,782.986]",normalized_0_1000,2,Insulin Therapy Options for Type 1 Diabetes,visual_footnote,Insulin Therapy Options for Type 1 Diabetes,3,,visual_logic; footnote,Insulin Therapy Options for Type 1 Diabetes; Footnote; $$$$$; Ordinal scale indicating maximum cost.; The 'Higher costs' column.,"In the 'Infusion plans' section, for 'With/without', the row shows '$$$$' in 'Higher costs' column.","[234.0,423.0,594.0,783.0]",CONTROLLED_SOURCE_IMAGE/ada_page_002_tile_r03_c02.png,OMITTED_RAW_MODEL_JSON/visual_logic_page_002_tile_r03_c02.json,extracted_unvalidated,valid,pending,,,False,pending,unreleased,,,1dac2d72ef5a5f4655cfabcead78eb307c006dbbdf0390972f8aab57a9a616bf,1dac2d72ef5a5f4655cfabcead78eb307c006dbbdf0390972f8aab57a9a616bf,True
visual_p006-page-006-tile-r02-c01::page-006-tile-r02-c01-symbols-tile-r02-c01::footnote::footnote-001,p006-page-006-tile-r02-c01::page-006-tile-r02-c01-symbols-tile-r02-c01::footnote::footnote-001,CONTROLLED_SOURCE_PDF/ADA principles for pharmacologic therapy.pdf,7c2913f79b61bc60f8f51327bb73b80391988fd277116b29e57df4242b2a2404,0929ca38ad29f903468637f26d74c7aa2879fd4c3c802648076823db14825893,page_006_tile_r02_c01,tile,"[0.0,288.0,360.0,648.0]",normalized_0_1000,6,Insulin initiation and adjustment for people with type 1 diabetes using multi-continuous glucose monitoring,visual_footnote,Insulin initiation and adjustment for people with type 1 diabetes using multi-continuous glucose monitoring,3,,visual_logic; footnote,"Insulin initiation and adjustment for people with type 1 diabetes using multi-continuous glucose monitoring; Footnote; 3,4; Footnote references to supporting evidence or guidelines.; If hypoglycemia is present, adjust basal and/or prandial insulin based on the timing of the hypoglycemia (e.g., 1-4 units or 5-10% dosage adjustments)","3,4","[268.0,217.0,490.0,230.0]",CONTROLLED_SOURCE_IMAGE/ada_page_006_tile_r02_c01.png,OMITTED_RAW_MODEL_JSON/visual_logic_page_006_tile_r02_c01.json,extracted_unvalidated,valid,pending,,,False,pending,unreleased,,,70d6908d26c17f5ea4a3704c6ad5d25094d27ec1a5414ffe570a7c00af1d0a8c,70d6908d26c17f5ea4a3704c6ad5d25094d27ec1a5414ffe570a7c00af1d0a8c,True
visual_p006-page-006-tile-r02-c01::page-006-tile-r02-c01-symbols-tile-r02-c01::footnote::footnote-002,p006-page-006-tile-r02-c01::page-006-tile-r02-c01-symbols-tile-r02-c01::footnote::footnote-002,CONTROLLED_SOURCE_PDF/ADA principles for pharmacologic therapy.pdf,7c2913f79b61bc60f8f51327bb73b80391988fd277116b29e57df4242b2a2404,0929ca38ad29f903468637f26d74c7aa2879fd4c3c802648076823db14825893,page_006_tile_r02_c01,tile,"[0.0,288.0,360.0,648.0]",normalized_0_1000,6,Insulin initiation and adjustment for people with type 1 diabetes using multi-continuous glucose monitoring,visual_footnote,Insulin initiation and adjustment for people with type 1 diabetes using multi-continuous glucose monitoring,3,,visual_logic; footnote,"Insulin initiation and adjustment for people with type 1 diabetes using multi-continuous glucose monitoring; Footnote; 3,4; Footnote references to supporting evidence or guidelines.; If hyperglycemia is present, adjust basal and/or prandial insulin based on the timing of the hyperglycemia (e.g., 1-4 units or 5-10% dosage adjustments)","3,4","[782.0,217.0,996.0,230.0]",CONTROLLED_SOURCE_IMAGE/ada_page_006_tile_r02_c01.png,OMITTED_RAW_MODEL_JSON/visual_logic_page_006_tile_r02_c01.json,extracted_unvalidated,valid,pending,,,False,pending,unreleased,,,76b701d1f49d90b9b1908005209af37a7cf93c8f247ae649c83770d81f268d84,76b701d1f49d90b9b1908005209af37a7cf93c8f247ae649c83770d81f268d84,True
visual_p008-page-008-tile-r02-c01::page-008-tile-r02-c01-actions-figure-93::footnote::footnote-001,p008-page-008-tile-r02-c01::page-008-tile-r02-c01-actions-figure-93::footnote::footnote-001,CONTROLLED_SOURCE_PDF/ADA principles for pharmacologic therapy.pdf,7c2913f79b61bc60f8f51327bb73b80391988fd277116b29e57df4242b2a2404,7d73b7359ee28796a403b6afed90822798659994625f62d99fe9bbd9a137de23,page_008_tile_r02_c01,tile,"[0.0,288.0,360.0,648.0]",normalized_0_1000,8,Figure 9.3—Simplified overview of indications for β-cell replacement therapy in people with type 2 diabetes.,visual_footnote,Figure 9.3—Simplified overview of indications for β-cell replacement therapy in people with type 2 diabetes.,3,,visual_logic; footnote,Figure 9.3—Simplified overview of indications for β-cell replacement therapy in people with type 2 diabetes.; Footnote; Adapted from Holt et al. (4).; Source attribution for the figure content.; Figure 9.3,Adapted from Holt et al. (4).,"[197.0,308.0,265.0,330.0]",CONTROLLED_SOURCE_IMAGE/ada_page_008_tile_r02_c01.png,OMITTED_RAW_MODEL_JSON/visual_logic_page_008_tile_r02_c01.json,extracted_unvalidated,valid,pending,,,False,pending,unreleased,,,b1e485cb31addcd03aa37201f46218632ea5ad625fb164bd96e29c244e9c0ce9,b1e485cb31addcd03aa37201f46218632ea5ad625fb164bd96e29c244e9c0ce9,True
visual_p008-page-008-tile-r03-c02::page-008-tile-r03-c02-symbols-tile-0::footnote::footnote-001,p008-page-008-tile-r03-c02::page-008-tile-r03-c02-symbols-tile-0::footnote::footnote-001,CONTROLLED_SOURCE_PDF/ADA principles for pharmacologic therapy.pdf,7c2913f79b61bc60f8f51327bb73b80391988fd277116b29e57df4242b2a2404,6ff8b0fe2f77a5a8cd8c8358ed249e5a2082215e86b5279494e616364e00fdc7,page_008_tile_r03_c02,tile,"[233.972,422.986,593.972,782.986]",normalized_0_1000,8,Figure 9.3,visual_footnote,Figure 9.3,3,,visual_logic; footnote,"Figure 9.3; Footnote; A; Level of evidence: High quality, consistent benefit across multiple studies.; Recommendation for SGLT2 inhibitor use in HF patients with type 2 diabetes (irrespective of A1C).",A,"[304.972,206.986,593.972,233.986]",CONTROLLED_SOURCE_IMAGE/ada_page_008_tile_r03_c02.png,OMITTED_RAW_MODEL_JSON/visual_logic_page_008_tile_r03_c02.json,extracted_unvalidated,valid,pending,,,False,pending,unreleased,,,03a1dabf1de4f7173a206a2812d0913ee540d727533f589291272b35483c3c6f,03a1dabf1de4f7173a206a2812d0913ee540d727533f589291272b35483c3c6f,True
visual_p009-page-009-tile-r01-c01::page-009-tile-r01-c01-symbols-tile-r01-c01::footnote::footnote-001,p009-page-009-tile-r01-c01::page-009-tile-r01-c01-symbols-tile-r01-c01::footnote::footnote-001,CONTROLLED_SOURCE_PDF/ADA principles for pharmacologic therapy.pdf,7c2913f79b61bc60f8f51327bb73b80391988fd277116b29e57df4242b2a2404,23e55292fd35e93be8252d9109129584a161ccdce0f466df0c737432e53bc23e,page_009_tile_r01_c01,tile,"[0.0,0.0,360.0,360.0]",normalized_0_1000,9,Use of glucose-lowering medications in the management...,visual_footnote,Use of glucose-lowering medications in the management...,3,,visual_logic; footnote,Use of glucose-lowering medications in the management...; Footnote; +ASCVD+; Presence marker indicating ASCVD (Atherosclerotic Cardiovascular Disease) status.; Node labeled '+ASCVD+',+ASCVD+,"[140.0,592.0,300.0,648.0]",CONTROLLED_SOURCE_IMAGE/ada_page_009_tile_r01_c01.png,OMITTED_RAW_MODEL_JSON/visual_logic_page_009_tile_r01_c01.json,extracted_unvalidated,valid,pending,,,False,pending,unreleased,,,c8a5462584dea8065e6ca4c1d624ba36c520725553812aa0311517930edc5a65,c8a5462584dea8065e6ca4c1d624ba36c520725553812aa0311517930edc5a65,True
visual_p009-page-009-tile-r01-c01::page-009-tile-r01-c01-symbols-tile-r01-c01::footnote::footnote-002,p009-page-009-tile-r01-c01::page-009-tile-r01-c01-symbols-tile-r01-c01::footnote::footnote-002,CONTROLLED_SOURCE_PDF/ADA principles for pharmacologic therapy.pdf,7c2913f79b61bc60f8f51327bb73b80391988fd277116b29e57df4242b2a2404,23e55292fd35e93be8252d9109129584a161ccdce0f466df0c737432e53bc23e,page_009_tile_r01_c01,tile,"[0.0,0.0,360.0,360.0]",normalized_0_1000,9,Use of glucose-lowering medications in the management...,visual_footnote,Use of glucose-lowering medications in the management...,3,,visual_logic; footnote,Use of glucose-lowering medications in the management...; Footnote; +Indicators of high CVD risk; Presence marker indicating presence of indicators for high cardiovascular disease risk.; Node labeled '+Indicators of high CVD risk',+Indicators of high CVD risk,"[320.0,592.0,480.0,648.0]",CONTROLLED_SOURCE_IMAGE/ada_page_009_tile_r01_c01.png,OMITTED_RAW_MODEL_JSON/visual_logic_page_009_tile_r01_c01.json,extracted_unvalidated,valid,pending,,,False,pending,unreleased,,,a9d383cc67a65c8d9e8512e8bbde63b22c28a2e59d58a02a3d4652174ed584da,a9d383cc67a65c8d9e8512e8bbde63b22c28a2e59d58a02a3d4652174ed584da,True
visual_p009-page-009-tile-r01-c01::page-009-tile-r01-c01-symbols-tile-r01-c01::footnote::footnote-003,p009-page-009-tile-r01-c01::page-009-tile-r01-c01-symbols-tile-r01-c01::footnote::footnote-003,CONTROLLED_SOURCE_PDF/ADA principles for pharmacologic therapy.pdf,7c2913f79b61bc60f8f51327bb73b80391988fd277116b29e57df4242b2a2404,23e55292fd35e93be8252d9109129584a161ccdce0f466df0c737432e53bc23e,page_009_tile_r01_c01,tile,"[0.0,0.0,360.0,360.0]",normalized_0_1000,9,Use of glucose-lowering medications in the management...,visual_footnote,Use of glucose-lowering medications in the management...,3,,visual_logic; footnote,Use of glucose-lowering medications in the management...; Footnote; +HF; Presence marker indicating heart failure status.; Node labeled '+HF',+HF,"[500.0,592.0,660.0,648.0]",CONTROLLED_SOURCE_IMAGE/ada_page_009_tile_r01_c01.png,OMITTED_RAW_MODEL_JSON/visual_logic_page_009_tile_r01_c01.json,extracted_unvalidated,valid,pending,,,False,pending,unreleased,,,abf83346540f284516ce1339308ddff5c830ab242de8b1661a618b243e3d9d17,abf83346540f284516ce1339308ddff5c830ab242de8b1661a618b243e3d9d17,True
visual_p009-page-009-tile-r01-c01::page-009-tile-r01-c01-symbols-tile-r01-c01::footnote::footnote-004,p009-page-009-tile-r01-c01::page-009-tile-r01-c01-symbols-tile-r01-c01::footnote::footnote-004,CONTROLLED_SOURCE_PDF/ADA principles for pharmacologic therapy.pdf,7c2913f79b61bc60f8f51327bb73b80391988fd277116b29e57df4242b2a2404,23e55292fd35e93be8252d9109129584a161ccdce0f466df0c737432e53bc23e,page_009_tile_r01_c01,tile,"[0.0,0.0,360.0,360.0]",normalized_0_1000,9,Use of glucose-lowering medications in the management...,visual_footnote,Use of glucose-lowering medications in the management...,3,,visual_logic; footnote,Use of glucose-lowering medications in the management...; Footnote; +CKD; Presence marker indicating chronic kidney disease status.; Node labeled '+CKD',+CKD,"[680.0,592.0,840.0,648.0]",CONTROLLED_SOURCE_IMAGE/ada_page_009_tile_r01_c01.png,OMITTED_RAW_MODEL_JSON/visual_logic_page_009_tile_r01_c01.json,extracted_unvalidated,valid,pending,,,False,pending,unreleased,,,d966f01f1501b769c7e8874920dbd385e8b4c1d5785c3f60f555445d82b829be,d966f01f1501b769c7e8874920dbd385e8b4c1d5785c3f60f555445d82b829be,True
visual_p009-page-009-tile-r01-c01::page-009-tile-r01-c01-symbols-tile-r01-c01::footnote::footnote-005,p009-page-009-tile-r01-c01::page-009-tile-r01-c01-symbols-tile-r01-c01::footnote::footnote-005,CONTROLLED_SOURCE_PDF/ADA principles for pharmacologic therapy.pdf,7c2913f79b61bc60f8f51327bb73b80391988fd277116b29e57df4242b2a2404,23e55292fd35e93be8252d9109129584a161ccdce0f466df0c737432e53bc23e,page_009_tile_r01_c01,tile,"[0.0,0.0,360.0,360.0]",normalized_0_1000,9,Use of glucose-lowering medications in the management...,visual_footnote,Use of glucose-lowering medications in the management...,3,,visual_logic; footnote,Use of glucose-lowering medications in the management...; Footnote; +ASCVD/indicators of high CVD risk*; Presence marker indicating combined ASCVD or indicators of high CVD risk status.; Node labeled '+ASCVD/indicators of high CVD risk*',+ASCVD/indicators of high CVD risk*,"[140.0,692.0,500.0,748.0]",CONTROLLED_SOURCE_IMAGE/ada_page_009_tile_r01_c01.png,OMITTED_RAW_MODEL_JSON/visual_logic_page_009_tile_r01_c01.json,extracted_unvalidated,valid,pending,,,False,pending,unreleased,,,786407204eba9b3daf498d26804b7b8cbe20ff2482f103678970ff5ae951f910,786407204eba9b3daf498d26804b7b8cbe20ff2482f103678970ff5ae951f910,True
visual_p009-page-009-tile-r01-c01::page-009-tile-r01-c01-symbols-tile-r01-c01::footnote::footnote-006,p009-page-009-tile-r01-c01::page-009-tile-r01-c01-symbols-tile-r01-c01::footnote::footnote-006,CONTROLLED_SOURCE_PDF/ADA principles for pharmacologic therapy.pdf,7c2913f79b61bc60f8f51327bb73b80391988fd277116b29e57df4242b2a2404,23e55292fd35e93be8252d9109129584a161ccdce0f466df0c737432e53bc23e,page_009_tile_r01_c01,tile,"[0.0,0.0,360.0,360.0]",normalized_0_1000,9,Use of glucose-lowering medications in the management...,visual_footnote,Use of glucose-lowering medications in the management...,3,,visual_logic; footnote,Use of glucose-lowering medications in the management...; Footnote; +CKD (on maximally tolerated dose of ACEi or ARB); Presence marker indicating CKD status with maximal tolerated dose of ACEi or ARB.; Node labeled '+CKD (on maximally tolerated dose of ACEi or ARB)',+CKD (on maximally tolerated dose of ACEi or ARB),"[680.0,752.0,980.0,808.0]",CONTROLLED_SOURCE_IMAGE/ada_page_009_tile_r01_c01.png,OMITTED_RAW_MODEL_JSON/visual_logic_page_009_tile_r01_c01.json,extracted_unvalidated,valid,pending,,,False,pending,unreleased,,,85ce3b65f3fbf8cbb5e3fc277bb99231fdf66327c04f8ef9ffe05cc987f60ab9,85ce3b65f3fbf8cbb5e3fc277bb99231fdf66327c04f8ef9ffe05cc987f60ab9,True
visual_p009-page-009-tile-r01-c01::page-009-tile-r01-c01-symbols-tile-r01-c01::footnote::footnote-007,p009-page-009-tile-r01-c01::page-009-tile-r01-c01-symbols-tile-r01-c01::footnote::footnote-007,CONTROLLED_SOURCE_PDF/ADA principles for pharmacologic therapy.pdf,7c2913f79b61bc60f8f51327bb73b80391988fd277116b29e57df4242b2a2404,23e55292fd35e93be8252d9109129584a161ccdce0f466df0c737432e53bc23e,page_009_tile_r01_c01,tile,"[0.0,0.0,360.0,360.0]",normalized_0_1000,9,Use of glucose-lowering medications in the management...,visual_footnote,Use of glucose-lowering medications in the management...,3,,visual_logic; footnote,"Use of glucose-lowering medications in the management...; Footnote; +; Presence marker indicating a positive condition or status.; Multiple nodes with '+' prefix, e.g., '+ASCVD+', '+CKD'",+,"[140.0,592.0,840.0,648.0]",CONTROLLED_SOURCE_IMAGE/ada_page_009_tile_r01_c01.png,OMITTED_RAW_MODEL_JSON/visual_logic_page_009_tile_r01_c01.json,extracted_unvalidated,valid,pending,,,False,pending,unreleased,,,8906032cae921979a11dbaaa02d95b432f8d93ef0e149886c9e6837f20332cc9,8906032cae921979a11dbaaa02d95b432f8d93ef0e149886c9e6837f20332cc9,True
visual_p009-page-009-tile-r01-c02::page-009-tile-r01-c02-symbols-tile-r01-c02::footnote::footnote-001,p009-page-009-tile-r01-c02::page-009-tile-r01-c02-symbols-tile-r01-c02::footnote::footnote-001,CONTROLLED_SOURCE_PDF/ADA principles for pharmacologic therapy.pdf,7c2913f79b61bc60f8f51327bb73b80391988fd277116b29e57df4242b2a2404,ac9895088166584c4f4d973a5590b2d315454f82a669fd42fc3648381d58b5a1,page_009_tile_r01_c02,tile,"[233.972,0.0,593.972,360.0]",normalized_0_1000,9,Medications in the management of type 2 diabetes,visual_footnote,Medications in the management of type 2 diabetes,3,,visual_logic; footnote,Medications in the management of type 2 diabetes; Footnote; +CKD; presence_marker; eGFR <60 mL/min/1.73 m² or albuminuria (ACR ≥3.0 mg/mmol [30 mg/g]). Repeat measurement is required to confirm CKD,+CKD eGFR <60 mL/min/1.73 m² or albuminuria (ACR ≥3.0 mg/mmol [30 mg/g]). Repeat measurement is required to confirm CKD,"[42.0,598.0,330.0,694.0]",CONTROLLED_SOURCE_IMAGE/ada_page_009_tile_r01_c02.png,OMITTED_RAW_MODEL_JSON/visual_logic_page_009_tile_r01_c02.json,extracted_unvalidated,valid,pending,,,False,pending,unreleased,,,a20a14310b3b0418ce2eea305f634c829eb26fc8eab6597832cb1bbe9933059b,a20a14310b3b0418ce2eea305f634c829eb26fc8eab6597832cb1bbe9933059b,True
visual_p009-page-009-tile-r01-c02::page-009-tile-r01-c02-symbols-tile-r01-c02::footnote::footnote-002,p009-page-009-tile-r01-c02::page-009-tile-r01-c02-symbols-tile-r01-c02::footnote::footnote-002,CONTROLLED_SOURCE_PDF/ADA principles for pharmacologic therapy.pdf,7c2913f79b61bc60f8f51327bb73b80391988fd277116b29e57df4242b2a2404,ac9895088166584c4f4d973a5590b2d315454f82a669fd42fc3648381d58b5a1,page_009_tile_r01_c02,tile,"[233.972,0.0,593.972,360.0]",normalized_0_1000,9,Medications in the management of type 2 diabetes,visual_footnote,Medications in the management of type 2 diabetes,3,,visual_logic; footnote,Medications in the management of type 2 diabetes; Footnote; +Weight management; presence_marker; Efficacy for weight loss,+Weight management Efficacy for weight loss,"[407.0,598.0,513.0,694.0]",CONTROLLED_SOURCE_IMAGE/ada_page_009_tile_r01_c02.png,OMITTED_RAW_MODEL_JSON/visual_logic_page_009_tile_r01_c02.json,extracted_unvalidated,valid,pending,,,False,pending,unreleased,,,e5907bc9daa1f409e0fa501a0386b2b20881aa79647289013f1b77ecd6420259,e5907bc9daa1f409e0fa501a0386b2b20881aa79647289013f1b77ecd6420259,True
visual_p009-page-009-tile-r01-c02::page-009-tile-r01-c02-symbols-tile-r01-c02::footnote::footnote-003,p009-page-009-tile-r01-c02::page-009-tile-r01-c02-symbols-tile-r01-c02::footnote::footnote-003,CONTROLLED_SOURCE_PDF/ADA principles for pharmacologic therapy.pdf,7c2913f79b61bc60f8f51327bb73b80391988fd277116b29e57df4242b2a2404,ac9895088166584c4f4d973a5590b2d315454f82a669fd42fc3648381d58b5a1,page_009_tile_r01_c02,tile,"[233.972,0.0,593.972,360.0]",normalized_0_1000,9,Medications in the management of type 2 diabetes,visual_footnote,Medications in the management of type 2 diabetes,3,,visual_logic; footnote,Medications in the management of type 2 diabetes; Footnote; +Achievement and maintenance of glycemic goals; presence_marker; Efficacy for glucose lowering,+Achievement and maintenance of glycemic goals Efficacy for glucose lowering,"[530.0,612.0,814.0,709.0]",CONTROLLED_SOURCE_IMAGE/ada_page_009_tile_r01_c02.png,OMITTED_RAW_MODEL_JSON/visual_logic_page_009_tile_r01_c02.json,extracted_unvalidated,valid,pending,,,False,pending,unreleased,,,c6b3eae372ba866848310d073a34be50c6d9010e77063ef0fcaa64255bb41e43,c6b3eae372ba866848310d073a34be50c6d9010e77063ef0fcaa64255bb41e43,True
visual_p009-page-009-tile-r01-c02::page-009-tile-r01-c02-symbols-tile-r01-c02::footnote::footnote-004,p009-page-009-tile-r01-c02::page-009-tile-r01-c02-symbols-tile-r01-c02::footnote::footnote-004,CONTROLLED_SOURCE_PDF/ADA principles for pharmacologic therapy.pdf,7c2913f79b61bc60f8f51327bb73b80391988fd277116b29e57df4242b2a2404,ac9895088166584c4f4d973a5590b2d315454f82a669fd42fc3648381d58b5a1,page_009_tile_r01_c02,tile,"[233.972,0.0,593.972,360.0]",normalized_0_1000,9,Medications in the management of type 2 diabetes,visual_footnote,Medications in the management of type 2 diabetes,3,,visual_logic; footnote,Medications in the management of type 2 diabetes; Footnote; +Risk reduction*; presence_marker; eGFR <60 mL/min/1.73 m² or albuminuria (ACR ≥3.0 mg/mmol [30 mg/g]). Repeat measurement is required to confirm CKD,+Risk reduction* eGFR <60 mL/min/1.73 m² or albuminuria (ACR ≥3.0 mg/mmol [30 mg/g]). Repeat measurement is required to confirm CKD,"[42.0,598.0,330.0,694.0]",CONTROLLED_SOURCE_IMAGE/ada_page_009_tile_r01_c02.png,OMITTED_RAW_MODEL_JSON/visual_logic_page_009_tile_r01_c02.json,extracted_unvalidated,valid,pending,,,False,pending,unreleased,,,a3be1929daff0aea817eb54a1441431e578f2abf186fbb3867dd5dc66330f338,a3be1929daff0aea817eb54a1441431e578f2abf186fbb3867dd5dc66330f338,True
visual_p009-page-009-tile-r02-c01::page-009-tile-r02-c01-actions-tile-r02-c01::footnote::footnote-001,p009-page-009-tile-r02-c01::page-009-tile-r02-c01-actions-tile-r02-c01::footnote::footnote-001,CONTROLLED_SOURCE_PDF/ADA principles for pharmacologic therapy.pdf,7c2913f79b61bc60f8f51327bb73b80391988fd277116b29e57df4242b2a2404,936835293d1d5e15feb927064c3384c4f71d8817072e7850048a8ee7cb0d0396,page_009_tile_r02_c01,tile,"[0.0,288.0,360.0,648.0]",normalized_0_1000,9,Figure 9.4,visual_footnote,Figure 9.4,3,,visual_logic; footnote,"Figure 9.4; Footnote; *; In people with HF, CKD, established CVD, or multiple risk factors for CVD, the decision to use a GLP-1 RA or SGLT2i with proven benefit is based on individualized assessment.; SGLT2i and/or either dual GIP/GLP-1 RA or GLP-1 RA with proven benefit in symptomatic HFpEF and obesity","* In people with HF, CKD, established CVD, or multiple risk factors for CVD, the decision to use a GLP-1 RA or SGLT2i with proven benefit is based on individualized assessment.","[130.0,785.0,964.0,800.0]",CONTROLLED_SOURCE_IMAGE/ada_page_009_tile_r02_c01.png,OMITTED_RAW_MODEL_JSON/visual_logic_page_009_tile_r02_c01.json,extracted_unvalidated,valid,pending,,,False,pending,unreleased,,,374121053218c90f9718e923e448b02638174055d7d2f9b0c091f433f658d6b8,374121053218c90f9718e923e448b02638174055d7d2f9b0c091f433f658d6b8,True
visual_p009-page-009-tile-r02-c01::page-009-tile-r02-c01-actions-tile-r02-c01::footnote::footnote-002,p009-page-009-tile-r02-c01::page-009-tile-r02-c01-actions-tile-r02-c01::footnote::footnote-002,CONTROLLED_SOURCE_PDF/ADA principles for pharmacologic therapy.pdf,7c2913f79b61bc60f8f51327bb73b80391988fd277116b29e57df4242b2a2404,936835293d1d5e15feb927064c3384c4f71d8817072e7850048a8ee7cb0d0396,page_009_tile_r02_c01,tile,"[0.0,288.0,360.0,648.0]",normalized_0_1000,9,Figure 9.4,visual_footnote,Figure 9.4,3,,visual_logic; footnote,Figure 9.4; Footnote; +; Mitigating risk of MASLD or MASH.; Agents with proven or potential benefit in MASLD or MASH,+ Mitigating risk of MASLD or MASH,"[130.0,568.0,964.0,582.0]",CONTROLLED_SOURCE_IMAGE/ada_page_009_tile_r02_c01.png,OMITTED_RAW_MODEL_JSON/visual_logic_page_009_tile_r02_c01.json,extracted_unvalidated,valid,pending,,,False,pending,unreleased,,,05cfd6407a3c2cd4eb03ea10a151b2219ab8ba92ad8b22d44ecdd818ddd9fcfa,05cfd6407a3c2cd4eb03ea10a151b2219ab8ba92ad8b22d44ecdd818ddd9fcfa,True
visual_p009-page-009-tile-r02-c01::page-009-tile-r02-c01-actions-tile-r02-c01::footnote::footnote-003,p009-page-009-tile-r02-c01::page-009-tile-r02-c01-actions-tile-r02-c01::footnote::footnote-003,CONTROLLED_SOURCE_PDF/ADA principles for pharmacologic therapy.pdf,7c2913f79b61bc60f8f51327bb73b80391988fd277116b29e57df4242b2a2404,936835293d1d5e15feb927064c3384c4f71d8817072e7850048a8ee7cb0d0396,page_009_tile_r02_c01,tile,"[0.0,288.0,360.0,648.0]",normalized_0_1000,9,Figure 9.4,visual_footnote,Figure 9.4,3,,visual_logic; footnote,"Figure 9.4; Footnote; #; For GLP-1 RAs, CVOTs demonstrate their efficacy in reducing composite MACE, CV death, all-cause mortality, MI, stroke, and kidney outcomes. A trial demonstrated benefit in reducing persistent eGFR reduction and CV death for a GLP-1 RA in individuals with CKD.; GLP-1 RA with proven CVD benefit","# For GLP-1 RAs, CVOTs demonstrate their efficacy in reducing composite MACE, CV death, all-cause mortality, MI, stroke, and kidney outcome trial demonstrated benefit in reducing persistent eGFR reduction and CV death for a GLP-1 RA in individuals with CKD","[130.0,925.0,964.0,940.0]",CONTROLLED_SOURCE_IMAGE/ada_page_009_tile_r02_c01.png,OMITTED_RAW_MODEL_JSON/visual_logic_page_009_tile_r02_c01.json,extracted_unvalidated,valid,pending,,,False,pending,unreleased,,,87aeda8ee985a1c4d7f18039a6be5613bc78b73d6fab23c7fa69c04dcda9893d,87aeda8ee985a1c4d7f18039a6be5613bc78b73d6fab23c7fa69c04dcda9893d,True
visual_p009-page-009-tile-r02-c01::page-009-tile-r02-c01-actions-tile-r02-c01::footnote::footnote-004,p009-page-009-tile-r02-c01::page-009-tile-r02-c01-actions-tile-r02-c01::footnote::footnote-004,CONTROLLED_SOURCE_PDF/ADA principles for pharmacologic therapy.pdf,7c2913f79b61bc60f8f51327bb73b80391988fd277116b29e57df4242b2a2404,936835293d1d5e15feb927064c3384c4f71d8817072e7850048a8ee7cb0d0396,page_009_tile_r02_c01,tile,"[0.0,288.0,360.0,648.0]",normalized_0_1000,9,Figure 9.4,visual_footnote,Figure 9.4,3,,visual_logic; footnote,"Figure 9.4; Footnote; $; For SGLT2is, CV and kidney outcomes trials demonstrate their efficacy in reducing the risks of composite MACE, CV death, all-cause mortality, MI, stroke, and kidney events for individuals with established or high risk of CVD.; SGLT2i with primary evidence of reducing CKD progression","$ For SGLT2is, CV and kidney outcomes trials demonstrate their efficacy in reducing the risks of composite MACE, CV death, all-cause mortality, MI, stroke, and kidney events for individuals with established or high risk of CVD.","[130.0,965.0,964.0,980.0]",CONTROLLED_SOURCE_IMAGE/ada_page_009_tile_r02_c01.png,OMITTED_RAW_MODEL_JSON/visual_logic_page_009_tile_r02_c01.json,extracted_unvalidated,valid,pending,,,False,pending,unreleased,,,517906dd44bd28c1d652a0af16b6cfc70ca859cf0bde8e0704edf8a6596234d5,517906dd44bd28c1d652a0af16b6cfc70ca859cf0bde8e0704edf8a6596234d5,True
visual_p009-page-009-tile-r02-c01::page-009-tile-r02-c01-symbols-tile-r02-c01::footnote::footnote-001,p009-page-009-tile-r02-c01::page-009-tile-r02-c01-symbols-tile-r02-c01::footnote::footnote-001,CONTROLLED_SOURCE_PDF/ADA principles for pharmacologic therapy.pdf,7c2913f79b61bc60f8f51327bb73b80391988fd277116b29e57df4242b2a2404,936835293d1d5e15feb927064c3384c4f71d8817072e7850048a8ee7cb0d0396,page_009_tile_r02_c01,tile,"[0.0,288.0,360.0,648.0]",normalized_0_1000,9,Figure 9.4,visual_footnote,Figure 9.4,3,,visual_logic; footnote,"Figure 9.4; Footnote; *; In people with HF, CKD, established CVD, or multiple risk factors for CVD, the decision to use a GLP-1 RA or SGLT2i with proven benefit...; SGLT2i and/or either dual GIP/GLP-1 RA or GLP-1 RA with proven benefit in symptomatic HFpEF and obesity","* In people with HF, CKD, established CVD, or multiple risk factors for CVD, the decision to use a GLP-1 RA or SGLT2i with proven benefit...","[130.0,785.0,964.0,800.0]",CONTROLLED_SOURCE_IMAGE/ada_page_009_tile_r02_c01.png,OMITTED_RAW_MODEL_JSON/visual_logic_page_009_tile_r02_c01.json,extracted_unvalidated,valid,pending,,,False,pending,unreleased,,,f970ac4d45162b1c6334e75640a6249d5c1570049fe4ba19dff98328baa90ff7,f970ac4d45162b1c6334e75640a6249d5c1570049fe4ba19dff98328baa90ff7,True
visual_p009-page-009-tile-r02-c01::page-009-tile-r02-c01-symbols-tile-r02-c01::footnote::footnote-002,p009-page-009-tile-r02-c01::page-009-tile-r02-c01-symbols-tile-r02-c01::footnote::footnote-002,CONTROLLED_SOURCE_PDF/ADA principles for pharmacologic therapy.pdf,7c2913f79b61bc60f8f51327bb73b80391988fd277116b29e57df4242b2a2404,936835293d1d5e15feb927064c3384c4f71d8817072e7850048a8ee7cb0d0396,page_009_tile_r02_c01,tile,"[0.0,288.0,360.0,648.0]",normalized_0_1000,9,Figure 9.4,visual_footnote,Figure 9.4,3,,visual_logic; footnote,Figure 9.4; Footnote; +; Mitigating risk of MASLD or MASH; Agents with proven or potential benefit in MASLD or MASH,+Mitigating risk of MASLD or MASH,"[130.0,568.0,964.0,582.0]",CONTROLLED_SOURCE_IMAGE/ada_page_009_tile_r02_c01.png,OMITTED_RAW_MODEL_JSON/visual_logic_page_009_tile_r02_c01.json,extracted_unvalidated,valid,pending,,,False,pending,unreleased,,,7021e1d229a7a6af8340459257c04ae174fa238901bc9831a062879b77ee5428,7021e1d229a7a6af8340459257c04ae174fa238901bc9831a062879b77ee5428,True
visual_p009-page-009-tile-r02-c01::page-009-tile-r02-c01-symbols-tile-r02-c01::footnote::footnote-003,p009-page-009-tile-r02-c01::page-009-tile-r02-c01-symbols-tile-r02-c01::footnote::footnote-003,CONTROLLED_SOURCE_PDF/ADA principles for pharmacologic therapy.pdf,7c2913f79b61bc60f8f51327bb73b80391988fd277116b29e57df4242b2a2404,936835293d1d5e15feb927064c3384c4f71d8817072e7850048a8ee7cb0d0396,page_009_tile_r02_c01,tile,"[0.0,288.0,360.0,648.0]",normalized_0_1000,9,Figure 9.4,visual_footnote,Figure 9.4,3,,visual_logic; footnote,"Figure 9.4; Footnote; #; For GLP-1 RAs, CVOTs demonstrate their efficacy in reducing composite MACE, CV death, all-cause mortality, MI, stroke, and kidney e...; GLP-1 RA with proven CKD benefit","# For GLP-1 RAs, CVOTs demonstrate their efficacy in reducing composite MACE, CV death, all-cause mortality, MI, stroke, and kidney e...","[130.0,925.0,964.0,940.0]",CONTROLLED_SOURCE_IMAGE/ada_page_009_tile_r02_c01.png,OMITTED_RAW_MODEL_JSON/visual_logic_page_009_tile_r02_c01.json,extracted_unvalidated,valid,pending,,,False,pending,unreleased,,,15c7085012c86cf1a9fbe1eec537e61bcd68ac4be3b6c6966e5dd0378408d0df,15c7085012c86cf1a9fbe1eec537e61bcd68ac4be3b6c6966e5dd0378408d0df,True
visual_p009-page-009-tile-r02-c01::page-009-tile-r02-c01-symbols-tile-r02-c01::footnote::footnote-004,p009-page-009-tile-r02-c01::page-009-tile-r02-c01-symbols-tile-r02-c01::footnote::footnote-004,CONTROLLED_SOURCE_PDF/ADA principles for pharmacologic therapy.pdf,7c2913f79b61bc60f8f51327bb73b80391988fd277116b29e57df4242b2a2404,936835293d1d5e15feb927064c3384c4f71d8817072e7850048a8ee7cb0d0396,page_009_tile_r02_c01,tile,"[0.0,288.0,360.0,648.0]",normalized_0_1000,9,Figure 9.4,visual_footnote,Figure 9.4,3,,visual_logic; footnote,"Figure 9.4; Footnote; $; For SGLT2is, CV and kidney outcomes trials demonstrate their efficacy in reducing the risks of composite MACE, CV death, all-cause m...; SGLT2i with primary evidence of reducing CKD progression","$ For SGLT2is, CV and kidney outcomes trials demonstrate their efficacy in reducing the risks of composite MACE, CV death, all-cause m...","[130.0,965.0,964.0,980.0]",CONTROLLED_SOURCE_IMAGE/ada_page_009_tile_r02_c01.png,OMITTED_RAW_MODEL_JSON/visual_logic_page_009_tile_r02_c01.json,extracted_unvalidated,valid,pending,,,False,pending,unreleased,,,e7523767f66f94f18025b771e77b56945b827e641a2383b7c8a80d7074c19c3c,e7523767f66f94f18025b771e77b56945b827e641a2383b7c8a80d7074c19c3c,True
visual_p009-page-009-tile-r02-c02::page-009-tile-r02-c02-symbols-tile-r02-c02::footnote::footnote-001,p009-page-009-tile-r02-c02::page-009-tile-r02-c02-symbols-tile-r02-c02::footnote::footnote-001,CONTROLLED_SOURCE_PDF/ADA principles for pharmacologic therapy.pdf,7c2913f79b61bc60f8f51327bb73b80391988fd277116b29e57df4242b2a2404,16c3522a55a32f083a61b6c439e61e267b7d6d3d8e66f8cfe911c1143cba8dab,page_009_tile_r02_c02,tile,"[233.972,288.0,593.972,648.0]",normalized_0_1000,9,Clinical Guideline Evidence for Glycemic Management in T2D with CKD or MASLD/MASH,visual_footnote,Clinical Guideline Evidence for Glycemic Management in T2D with CKD or MASLD/MASH,3,,visual_logic; footnote,Clinical Guideline Evidence for Glycemic Management in T2D with CKD or MASLD/MASH; Footnote; +; presence_marker; CKD,"The presence marker '+' is used in the context of 'CKD' to indicate a specific condition or risk factor, but its exact role as an ordinal scale is not defined here.","[234.0,288.0,594.0,648.0]",CONTROLLED_SOURCE_IMAGE/ada_page_009_tile_r02_c02.png,OMITTED_RAW_MODEL_JSON/visual_logic_page_009_tile_r02_c02.json,extracted_unvalidated,valid,pending,,,False,pending,unreleased,,,4f5062668339e9fe46c52d8ae574e9a82ef4786bf91b3b3ab0a1916abe830536,4f5062668339e9fe46c52d8ae574e9a82ef4786bf91b3b3ab0a1916abe830536,True
visual_p009-page-009-tile-r03-c01::page-009-tile-r03-c01-actions-tile-0::footnote::footnote-001,p009-page-009-tile-r03-c01::page-009-tile-r03-c01-actions-tile-0::footnote::footnote-001,CONTROLLED_SOURCE_PDF/ADA principles for pharmacologic therapy.pdf,7c2913f79b61bc60f8f51327bb73b80391988fd277116b29e57df4242b2a2404,3154eb177bed280435b48352abedf71aabb52d08e790a9a99b77d726731f937d,page_009_tile_r03_c01,tile,"[0.0,422.986,360.0,782.986]",normalized_0_1000,9,Figure 9.4—Use of glucose-lowering medications in the management of type 2 diabetes.,visual_footnote,Figure 9.4—Use of glucose-lowering medications in the management of type 2 diabetes.,3,,visual_logic; footnote,"Figure 9.4—Use of glucose-lowering medications in the management of type 2 diabetes.; Footnote; *; In people with HF, CKD, established CVD, or multiple risk factors for CVD, the decision to use a GLP-1 RA or SGLT2i with proven benefit...; GLP-1 RA and SGLT2i usage","* In people with HF, CKD, established CVD, or multiple risk factors for CVD, the decision to use a GLP-1 RA or SGLT2i with proven benefit...","[130.5,407.986,360.0,432.986]",CONTROLLED_SOURCE_IMAGE/ada_page_009_tile_r03_c01.png,OMITTED_RAW_MODEL_JSON/visual_logic_page_009_tile_r03_c01.json,extracted_unvalidated,valid,pending,,,False,pending,unreleased,,,ab876f529d2a6f3204c8f8aefcb6f93beb08d980955959a636ec3e25385945fb,ab876f529d2a6f3204c8f8aefcb6f93beb08d980955959a636ec3e25385945fb,True
visual_p009-page-009-tile-r03-c01::page-009-tile-r03-c01-actions-tile-0::footnote::footnote-002,p009-page-009-tile-r03-c01::page-009-tile-r03-c01-actions-tile-0::footnote::footnote-002,CONTROLLED_SOURCE_PDF/ADA principles for pharmacologic therapy.pdf,7c2913f79b61bc60f8f51327bb73b80391988fd277116b29e57df4242b2a2404,3154eb177bed280435b48352abedf71aabb52d08e790a9a99b77d726731f937d,page_009_tile_r03_c01,tile,"[0.0,422.986,360.0,782.986]",normalized_0_1000,9,Figure 9.4—Use of glucose-lowering medications in the management of type 2 diabetes.,visual_footnote,Figure 9.4—Use of glucose-lowering medications in the management of type 2 diabetes.,3,,visual_logic; footnote,Figure 9.4—Use of glucose-lowering medications in the management of type 2 diabetes.; Footnote; +; Mitigating risk of MASLD or MASH; MASLD/MASH Risk Mitigation,+Mitigating risk of MASLD or MASH,"[130.5,207.986,360.0,232.986]",CONTROLLED_SOURCE_IMAGE/ada_page_009_tile_r03_c01.png,OMITTED_RAW_MODEL_JSON/visual_logic_page_009_tile_r03_c01.json,extracted_unvalidated,valid,pending,,,False,pending,unreleased,,,dde295fbec42252e33ea8c8fcbac78d05c1b2845e074f97bade8f13bc3b8842a,dde295fbec42252e33ea8c8fcbac78d05c1b2845e074f97bade8f13bc3b8842a,True
visual_p009-page-009-tile-r03-c01::page-009-tile-r03-c01-actions-tile-0::footnote::footnote-003,p009-page-009-tile-r03-c01::page-009-tile-r03-c01-actions-tile-0::footnote::footnote-003,CONTROLLED_SOURCE_PDF/ADA principles for pharmacologic therapy.pdf,7c2913f79b61bc60f8f51327bb73b80391988fd277116b29e57df4242b2a2404,3154eb177bed280435b48352abedf71aabb52d08e790a9a99b77d726731f937d,page_009_tile_r03_c01,tile,"[0.0,422.986,360.0,782.986]",normalized_0_1000,9,Figure 9.4—Use of glucose-lowering medications in the management of type 2 diabetes.,visual_footnote,Figure 9.4—Use of glucose-lowering medications in the management of type 2 diabetes.,3,,visual_logic; footnote,"Figure 9.4—Use of glucose-lowering medications in the management of type 2 diabetes.; Footnote; #; For GLP-1 RAs, CVOTs demonstrate their efficacy in reducing composite MACE, CV death, all-cause mortality, MI, stroke, and kidney outcomes.; GLP-1 RA Efficacy","# For GLP-1 RAs, CVOTs demonstrate their efficacy in reducing composite MACE, CV death, all-cause mortality, MI, stroke, and kidney...","[130.5,547.986,360.0,572.986]",CONTROLLED_SOURCE_IMAGE/ada_page_009_tile_r03_c01.png,OMITTED_RAW_MODEL_JSON/visual_logic_page_009_tile_r03_c01.json,extracted_unvalidated,valid,pending,,,False,pending,unreleased,,,b6828c6cc489bb9dcc9174f4aab2df533c82c6ad4d22d7c60d60ea2a66120c91,b6828c6cc489bb9dcc9174f4aab2df533c82c6ad4d22d7c60d60ea2a66120c91,True
visual_p009-page-009-tile-r03-c01::page-009-tile-r03-c01-actions-tile-0::footnote::footnote-004,p009-page-009-tile-r03-c01::page-009-tile-r03-c01-actions-tile-0::footnote::footnote-004,CONTROLLED_SOURCE_PDF/ADA principles for pharmacologic therapy.pdf,7c2913f79b61bc60f8f51327bb73b80391988fd277116b29e57df4242b2a2404,3154eb177bed280435b48352abedf71aabb52d08e790a9a99b77d726731f937d,page_009_tile_r03_c01,tile,"[0.0,422.986,360.0,782.986]",normalized_0_1000,9,Figure 9.4—Use of glucose-lowering medications in the management of type 2 diabetes.,visual_footnote,Figure 9.4—Use of glucose-lowering medications in the management of type 2 diabetes.,3,,visual_logic; footnote,"Figure 9.4—Use of glucose-lowering medications in the management of type 2 diabetes.; Footnote; †; ASCVD: Defined differently across CVOTs but all included individuals with established CVD (e.g., MI, stroke, and arterial revascularization).; ASCVD Definition","† ASCVD: Defined differently across CVOTs but all included individuals with established CVD (e.g., MI, stroke, and arterial revascularization)...","[130.5,432.986,360.0,472.986]",CONTROLLED_SOURCE_IMAGE/ada_page_009_tile_r03_c01.png,OMITTED_RAW_MODEL_JSON/visual_logic_page_009_tile_r03_c01.json,extracted_unvalidated,valid,pending,,,False,pending,unreleased,,,9e9325c9f44a586cc0765bb3227df68f025a0f8ca0f243be9c6812cfab891903,9e9325c9f44a586cc0765bb3227df68f025a0f8ca0f243be9c6812cfab891903,True
visual_p009-page-009-tile-r03-c01::page-009-tile-r03-c01-actions-tile-0::footnote::footnote-005,p009-page-009-tile-r03-c01::page-009-tile-r03-c01-actions-tile-0::footnote::footnote-005,CONTROLLED_SOURCE_PDF/ADA principles for pharmacologic therapy.pdf,7c2913f79b61bc60f8f51327bb73b80391988fd277116b29e57df4242b2a2404,3154eb177bed280435b48352abedf71aabb52d08e790a9a99b77d726731f937d,page_009_tile_r03_c01,tile,"[0.0,422.986,360.0,782.986]",normalized_0_1000,9,Figure 9.4—Use of glucose-lowering medications in the management of type 2 diabetes.,visual_footnote,Figure 9.4—Use of glucose-lowering medications in the management of type 2 diabetes.,3,,visual_logic; footnote,Figure 9.4—Use of glucose-lowering medications in the management of type 2 diabetes.; Footnote; ≈; A strong recommendation is warranted for people with CVD and a weaker recommendation for those with indicators of high risk CVD.; Recommendation Strength,≈ A strong recommendation is warranted for people with CVD and a weaker recommendation for those with indicators of high risk CVD. Individuals who are...,"[130.5,472.986,360.0,512.986]",CONTROLLED_SOURCE_IMAGE/ada_page_009_tile_r03_c01.png,OMITTED_RAW_MODEL_JSON/visual_logic_page_009_tile_r03_c01.json,extracted_unvalidated,valid,pending,,,False,pending,unreleased,,,5ed60e4233d8a3e84c59fdd164b6eb538a36ed75326b8b6d510b0e58513d6335,5ed60e4233d8a3e84c59fdd164b6eb538a36ed75326b8b6d510b0e58513d6335,True
visual_p009-page-009-tile-r03-c01::page-009-tile-r03-c01-actions-tile-0::footnote::footnote-006,p009-page-009-tile-r03-c01::page-009-tile-r03-c01-actions-tile-0::footnote::footnote-006,CONTROLLED_SOURCE_PDF/ADA principles for pharmacologic therapy.pdf,7c2913f79b61bc60f8f51327bb73b80391988fd277116b29e57df4242b2a2404,3154eb177bed280435b48352abedf71aabb52d08e790a9a99b77d726731f937d,page_009_tile_r03_c01,tile,"[0.0,422.986,360.0,782.986]",normalized_0_1000,9,Figure 9.4—Use of glucose-lowering medications in the management of type 2 diabetes.,visual_footnote,Figure 9.4—Use of glucose-lowering medications in the management of type 2 diabetes.,3,,visual_logic; footnote,"Figure 9.4—Use of glucose-lowering medications in the management of type 2 diabetes.; Footnote; ‡; For SGLT2is, CV and kidney outcomes trials demonstrate their efficacy in reducing the risks of composite MACE, CV death, all-cause mortality.; SGLT2i Efficacy","‡ For SGLT2is, CV and kidney outcomes trials demonstrate their efficacy in reducing the risks of composite MACE, CV death, all-cause mortality...","[130.5,572.986,360.0,612.986]",CONTROLLED_SOURCE_IMAGE/ada_page_009_tile_r03_c01.png,OMITTED_RAW_MODEL_JSON/visual_logic_page_009_tile_r03_c01.json,extracted_unvalidated,valid,pending,,,False,pending,unreleased,,,764f08ba7bcd7054d7f639ebb533511a70788404e0829602d2618ee17c8c4e63,764f08ba7bcd7054d7f639ebb533511a70788404e0829602d2618ee17c8c4e63,True
visual_p009-page-009-tile-r03-c01::page-009-tile-r03-c01-actions-tile-0::footnote::footnote-007,p009-page-009-tile-r03-c01::page-009-tile-r03-c01-actions-tile-0::footnote::footnote-007,CONTROLLED_SOURCE_PDF/ADA principles for pharmacologic therapy.pdf,7c2913f79b61bc60f8f51327bb73b80391988fd277116b29e57df4242b2a2404,3154eb177bed280435b48352abedf71aabb52d08e790a9a99b77d726731f937d,page_009_tile_r03_c01,tile,"[0.0,422.986,360.0,782.986]",normalized_0_1000,9,Figure 9.4—Use of glucose-lowering medications in the management of type 2 diabetes.,visual_footnote,Figure 9.4—Use of glucose-lowering medications in the management of type 2 diabetes.,3,,visual_logic; footnote,Figure 9.4—Use of glucose-lowering medications in the management of type 2 diabetes.; Footnote; ^; Low-dose pioglitazone may be better tolerated and similarly effective as higher doses.; Pioglitazone Dosing,^ Low-dose pioglitazone may be better tolerated and similarly effective as higher doses.,"[130.5,647.986,360.0,672.986]",CONTROLLED_SOURCE_IMAGE/ada_page_009_tile_r03_c01.png,OMITTED_RAW_MODEL_JSON/visual_logic_page_009_tile_r03_c01.json,extracted_unvalidated,valid,pending,,,False,pending,unreleased,,,45140303ae398f27fcfdb76e66e64236459da2fc1c86a6a180155bf21ecac56f,45140303ae398f27fcfdb76e66e64236459da2fc1c86a6a180155bf21ecac56f,True
visual_p009-page-009-tile-r03-c01::page-009-tile-r03-c01-symbols-tile-0::footnote::footnote-001,p009-page-009-tile-r03-c01::page-009-tile-r03-c01-symbols-tile-0::footnote::footnote-001,CONTROLLED_SOURCE_PDF/ADA principles for pharmacologic therapy.pdf,7c2913f79b61bc60f8f51327bb73b80391988fd277116b29e57df4242b2a2404,3154eb177bed280435b48352abedf71aabb52d08e790a9a99b77d726731f937d,page_009_tile_r03_c01,tile,"[0.0,422.986,360.0,782.986]",normalized_0_1000,9,Figure 9.4—Use of glucose-lowering medications in the management of type 2 diabetes.,visual_footnote,Figure 9.4—Use of glucose-lowering medications in the management of type 2 diabetes.,3,,visual_logic; footnote,"Figure 9.4—Use of glucose-lowering medications in the management of type 2 diabetes.; Footnote; *; In people with HF, CKD, established CVD, or multiple risk factors for CVD, the decision to use a GLP-1 RA or SGLT2i with proven benefit...; Decision-making for GLP-1 RA or SGLT2i in high-risk populations","* In people with HF, CKD, established CVD, or multiple risk factors for CVD, the decision to use a GLP-1 RA or SGLT2i with proven benefit...","[130.5,407.986,999.0,437.986]",CONTROLLED_SOURCE_IMAGE/ada_page_009_tile_r03_c01.png,OMITTED_RAW_MODEL_JSON/visual_logic_page_009_tile_r03_c01.json,extracted_unvalidated,valid,pending,,,False,pending,unreleased,,,0f7548a0f47ba2aef1a246bd9a38972388074ee83960467c0ba573688ce2046b,0f7548a0f47ba2aef1a246bd9a38972388074ee83960467c0ba573688ce2046b,True
visual_p009-page-009-tile-r03-c01::page-009-tile-r03-c01-symbols-tile-0::footnote::footnote-002,p009-page-009-tile-r03-c01::page-009-tile-r03-c01-symbols-tile-0::footnote::footnote-002,CONTROLLED_SOURCE_PDF/ADA principles for pharmacologic therapy.pdf,7c2913f79b61bc60f8f51327bb73b80391988fd277116b29e57df4242b2a2404,3154eb177bed280435b48352abedf71aabb52d08e790a9a99b77d726731f937d,page_009_tile_r03_c01,tile,"[0.0,422.986,360.0,782.986]",normalized_0_1000,9,Figure 9.4—Use of glucose-lowering medications in the management of type 2 diabetes.,visual_footnote,Figure 9.4—Use of glucose-lowering medications in the management of type 2 diabetes.,3,,visual_logic; footnote,Figure 9.4—Use of glucose-lowering medications in the management of type 2 diabetes.; Footnote; +; Mitigating risk of MASLD or MASH; Risk mitigation for metabolic liver disease,+Mitigating risk of MASLD or MASH,"[130.5,207.986,999.0,237.986]",CONTROLLED_SOURCE_IMAGE/ada_page_009_tile_r03_c01.png,OMITTED_RAW_MODEL_JSON/visual_logic_page_009_tile_r03_c01.json,extracted_unvalidated,valid,pending,,,False,pending,unreleased,,,87d705248b3e3fce58b02d0219a6abb17fd33ed33828756f157216c848a39f0c,87d705248b3e3fce58b02d0219a6abb17fd33ed33828756f157216c848a39f0c,True
visual_p009-page-009-tile-r03-c01::page-009-tile-r03-c01-symbols-tile-0::footnote::footnote-003,p009-page-009-tile-r03-c01::page-009-tile-r03-c01-symbols-tile-0::footnote::footnote-003,CONTROLLED_SOURCE_PDF/ADA principles for pharmacologic therapy.pdf,7c2913f79b61bc60f8f51327bb73b80391988fd277116b29e57df4242b2a2404,3154eb177bed280435b48352abedf71aabb52d08e790a9a99b77d726731f937d,page_009_tile_r03_c01,tile,"[0.0,422.986,360.0,782.986]",normalized_0_1000,9,Figure 9.4—Use of glucose-lowering medications in the management of type 2 diabetes.,visual_footnote,Figure 9.4—Use of glucose-lowering medications in the management of type 2 diabetes.,3,,visual_logic; footnote,"Figure 9.4—Use of glucose-lowering medications in the management of type 2 diabetes.; Footnote; #; For GLP-1 RAs, CVOTs demonstrate their efficacy in reducing composite MACE, CV death, all-cause mortality, MI, stroke, and kidney...; GLP-1 RA cardiovascular outcomes","# For GLP-1 RAs, CVOTs demonstrate their efficacy in reducing composite MACE, CV death, all-cause mortality, MI, stroke, and kidney...","[130.5,547.986,999.0,577.986]",CONTROLLED_SOURCE_IMAGE/ada_page_009_tile_r03_c01.png,OMITTED_RAW_MODEL_JSON/visual_logic_page_009_tile_r03_c01.json,extracted_unvalidated,valid,pending,,,False,pending,unreleased,,,4f9d7edc50ea4bf34d7e510b9a404d65d57f01259490fdeb9ea7227ab37e31ab,4f9d7edc50ea4bf34d7e510b9a404d65d57f01259490fdeb9ea7227ab37e31ab,True
visual_p009-page-009-tile-r03-c01::page-009-tile-r03-c01-symbols-tile-0::footnote::footnote-004,p009-page-009-tile-r03-c01::page-009-tile-r03-c01-symbols-tile-0::footnote::footnote-004,CONTROLLED_SOURCE_PDF/ADA principles for pharmacologic therapy.pdf,7c2913f79b61bc60f8f51327bb73b80391988fd277116b29e57df4242b2a2404,3154eb177bed280435b48352abedf71aabb52d08e790a9a99b77d726731f937d,page_009_tile_r03_c01,tile,"[0.0,422.986,360.0,782.986]",normalized_0_1000,9,Figure 9.4—Use of glucose-lowering medications in the management of type 2 diabetes.,visual_footnote,Figure 9.4—Use of glucose-lowering medications in the management of type 2 diabetes.,3,,visual_logic; footnote,"Figure 9.4—Use of glucose-lowering medications in the management of type 2 diabetes.; Footnote; †; ASCVD: Defined differently across CVOTs but all included individuals with established CVD (e.g., MI, stroke, and arterial revascularization...); Definition of ASCVD in clinical trials","† ASCVD: Defined differently across CVOTs but all included individuals with established CVD (e.g., MI, stroke, and arterial revascularization...)","[130.5,437.986,999.0,467.986]",CONTROLLED_SOURCE_IMAGE/ada_page_009_tile_r03_c01.png,OMITTED_RAW_MODEL_JSON/visual_logic_page_009_tile_r03_c01.json,extracted_unvalidated,valid,pending,,,False,pending,unreleased,,,f0deb9340495e3b6e886482abaa444291a776227df936954be13dc2fe3c01262,f0deb9340495e3b6e886482abaa444291a776227df936954be13dc2fe3c01262,True
visual_p009-page-009-tile-r03-c01::page-009-tile-r03-c01-symbols-tile-0::footnote::footnote-005,p009-page-009-tile-r03-c01::page-009-tile-r03-c01-symbols-tile-0::footnote::footnote-005,CONTROLLED_SOURCE_PDF/ADA principles for pharmacologic therapy.pdf,7c2913f79b61bc60f8f51327bb73b80391988fd277116b29e57df4242b2a2404,3154eb177bed280435b48352abedf71aabb52d08e790a9a99b77d726731f937d,page_009_tile_r03_c01,tile,"[0.0,422.986,360.0,782.986]",normalized_0_1000,9,Figure 9.4—Use of glucose-lowering medications in the management of type 2 diabetes.,visual_footnote,Figure 9.4—Use of glucose-lowering medications in the management of type 2 diabetes.,3,,visual_logic; footnote,Figure 9.4—Use of glucose-lowering medications in the management of type 2 diabetes.; Footnote; ≈; A strong recommendation is warranted for people with CVD and a weaker recommendation for those with indicators of high risk CVD.; Recommendation strength based on CVD status,≈ A strong recommendation is warranted for people with CVD and a weaker recommendation for those with indicators of high risk CVD. Individuals who are at higher levels of baseline risk should be factored into the shared decision-making process.,"[130.5,467.986,999.0,527.986]",CONTROLLED_SOURCE_IMAGE/ada_page_009_tile_r03_c01.png,OMITTED_RAW_MODEL_JSON/visual_logic_page_009_tile_r03_c01.json,extracted_unvalidated,valid,pending,,,False,pending,unreleased,,,87d9bc40860b2e1a09e3325d5d80dc25ad78c29132d0ebbc83c1a50dbf392ded,87d9bc40860b2e1a09e3325d5d80dc25ad78c29132d0ebbc83c1a50dbf392ded,True
visual_p009-page-009-tile-r03-c01::page-009-tile-r03-c01-symbols-tile-0::footnote::footnote-006,p009-page-009-tile-r03-c01::page-009-tile-r03-c01-symbols-tile-0::footnote::footnote-006,CONTROLLED_SOURCE_PDF/ADA principles for pharmacologic therapy.pdf,7c2913f79b61bc60f8f51327bb73b80391988fd277116b29e57df4242b2a2404,3154eb177bed280435b48352abedf71aabb52d08e790a9a99b77d726731f937d,page_009_tile_r03_c01,tile,"[0.0,422.986,360.0,782.986]",normalized_0_1000,9,Figure 9.4—Use of glucose-lowering medications in the management of type 2 diabetes.,visual_footnote,Figure 9.4—Use of glucose-lowering medications in the management of type 2 diabetes.,3,,visual_logic; footnote,"Figure 9.4—Use of glucose-lowering medications in the management of type 2 diabetes.; Footnote; ‡; For SGLT2is, CV and kidney outcomes trials demonstrate their efficacy in reducing the risks of composite MACE, CV death, all-cause mortality...; SGLT2i cardiovascular and renal outcomes","‡ For SGLT2is, CV and kidney outcomes trials demonstrate their efficacy in reducing the risks of composite MACE, CV death, all-cause mortality... for individuals with established or high risk of CVD.","[130.5,577.986,999.0,607.986]",CONTROLLED_SOURCE_IMAGE/ada_page_009_tile_r03_c01.png,OMITTED_RAW_MODEL_JSON/visual_logic_page_009_tile_r03_c01.json,extracted_unvalidated,valid,pending,,,False,pending,unreleased,,,68b39d30a0a3366f58c37096ff6e0c3e9475ce4fb364b053c016c2645382a220,68b39d30a0a3366f58c37096ff6e0c3e9475ce4fb364b053c016c2645382a220,True
visual_p009-page-009-tile-r03-c01::page-009-tile-r03-c01-symbols-tile-0::footnote::footnote-007,p009-page-009-tile-r03-c01::page-009-tile-r03-c01-symbols-tile-0::footnote::footnote-007,CONTROLLED_SOURCE_PDF/ADA principles for pharmacologic therapy.pdf,7c2913f79b61bc60f8f51327bb73b80391988fd277116b29e57df4242b2a2404,3154eb177bed280435b48352abedf71aabb52d08e790a9a99b77d726731f937d,page_009_tile_r03_c01,tile,"[0.0,422.986,360.0,782.986]",normalized_0_1000,9,Figure 9.4—Use of glucose-lowering medications in the management of type 2 diabetes.,visual_footnote,Figure 9.4—Use of glucose-lowering medications in the management of type 2 diabetes.,3,,visual_logic; footnote,Figure 9.4—Use of glucose-lowering medications in the management of type 2 diabetes.; Footnote; ^; Low-dose pioglitazone may be better tolerated and similarly effective as higher doses.; Dosing strategy for pioglitazone,^ Low-dose pioglitazone may be better tolerated and similarly effective as higher doses.,"[130.5,647.986,999.0,677.986]",CONTROLLED_SOURCE_IMAGE/ada_page_009_tile_r03_c01.png,OMITTED_RAW_MODEL_JSON/visual_logic_page_009_tile_r03_c01.json,extracted_unvalidated,valid,pending,,,False,pending,unreleased,,,c09bc03626a9c1d151178d2ae08d734ac993100104d96cfa6548a626f5991fc0,c09bc03626a9c1d151178d2ae08d734ac993100104d96cfa6548a626f5991fc0,True
visual_p009-page-009-tile-r03-c02::page-009-tile-r03-c02-symbols-tile-r03-c02::footnote::footnote-001,p009-page-009-tile-r03-c02::page-009-tile-r03-c02-symbols-tile-r03-c02::footnote::footnote-001,CONTROLLED_SOURCE_PDF/ADA principles for pharmacologic therapy.pdf,7c2913f79b61bc60f8f51327bb73b80391988fd277116b29e57df4242b2a2404,cad6ccc08acb141c1614c55c006bdd7a2fe9a990d35d5625e05b34183b827230,page_009_tile_r03_c02,tile,"[233.972,422.986,593.972,782.986]",normalized_0_1000,9,Clinical Guideline Evidence for Type 2 Diabetes Management Algorithm,visual_footnote,Clinical Guideline Evidence for Type 2 Diabetes Management Algorithm,3,,visual_logic; footnote,"Clinical Guideline Evidence for Type 2 Diabetes Management Algorithm; Footnote; +; Presence marker for high-risk conditions or comorbidities.; High-risk CVD indicators (e.g., ≥55 years, albuminuria).","Indicators of high risk: While definitions vary, most comprise ≥55 years of age with two or more [conditions].","[234.0,460.0,782.0,491.0]",CONTROLLED_SOURCE_IMAGE/ada_page_009_tile_r03_c02.png,OMITTED_RAW_MODEL_JSON/visual_logic_page_009_tile_r03_c02.json,extracted_unvalidated,valid,pending,,,False,pending,unreleased,,,0a16d8f4f7d6c07817240ed10e98fd7fa1121569d97741ff5d865591aefcb8b5,0a16d8f4f7d6c07817240ed10e98fd7fa1121569d97741ff5d865591aefcb8b5,True
visual_p011-page-011-tile-r01-c02::page-011-tile-r01-c02-actions-tile-r01-c02::footnote::footnote-001,p011-page-011-tile-r01-c02::page-011-tile-r01-c02-actions-tile-r01-c02::footnote::footnote-001,CONTROLLED_SOURCE_PDF/ADA principles for pharmacologic therapy.pdf,7c2913f79b61bc60f8f51327bb73b80391988fd277116b29e57df4242b2a2404,072e900f42fef63fcb3f0aa53ad921d9bdab4e27d514497a852fc12951881109,page_011_tile_r01_c02,tile,"[233.972,0.0,593.972,360.0]",normalized_0_1000,11,Pharmacologic Approaches to Glycemic Treatment,visual_footnote,Pharmacologic Approaches to Glycemic Treatment,3,,visual_logic; footnote,Pharmacologic Approaches to Glycemic Treatment; Footnote; Continued on p. S194; This table continues on the next page.; All content in this tile and subsequent tiles until 'Continued on p. S194' is encountered again or the document ends.,Continued on p. S194,"[750.0,236.0,800.0,360.0]",CONTROLLED_SOURCE_IMAGE/ada_page_011_tile_r01_c02.png,OMITTED_RAW_MODEL_JSON/visual_logic_page_011_tile_r01_c02.json,extracted_unvalidated,valid,pending,,,False,pending,unreleased,,,4bce37af9c6980f785a47fc1e4f4fa12a27ed9ae5cd49f8391f99c148580a406,4bce37af9c6980f785a47fc1e4f4fa12a27ed9ae5cd49f8391f99c148580a406,True
visual_p014-page-014-tile-r01-c01::page-014-tile-r01-c01-actions-tile-r01-c01::footnote::footnote-001,p014-page-014-tile-r01-c01::page-014-tile-r01-c01-actions-tile-r01-c01::footnote::footnote-001,CONTROLLED_SOURCE_PDF/ADA principles for pharmacologic therapy.pdf,7c2913f79b61bc60f8f51327bb73b80391988fd277116b29e57df4242b2a2404,3eb354228aa145a560b3e745fb5ebcbd0b21549ec83340b3c648916562b50077,page_014_tile_r01_c01,tile,"[0.0,0.0,360.0,360.0]",normalized_0_1000,14,Pharmacologic Approaches to Glycemic Treatment,visual_footnote,Pharmacologic Approaches to Glycemic Treatment,3,,visual_logic; footnote,"Pharmacologic Approaches to Glycemic Treatment; Footnote; *For agent-specific dosing recommendations, please refer to manufacturers' sites.; Refer to manufacturer's specific guidelines for dosage adjustments based on renal function and other factors. This is a footnote indicating that detailed information may be found elsewhere (e.g., in product inserts or manufacturer websites).; All agents listed in the table, as this note appears at the bottom of the table.","*For agent-specific dosing recommendations, please refer to manufacturers' sites. *For agent-specific dosing recommendations, please refer to manufacturers' sites.","[780.0,196.0,925.0,340.0]",CONTROLLED_SOURCE_IMAGE/ada_page_014_tile_r01_c01.png,OMITTED_RAW_MODEL_JSON/visual_logic_page_014_tile_r01_c01.json,extracted_unvalidated,valid,pending,,,False,pending,unreleased,,,21fcf08cc240dc54c36fc2b3032d361172a0521bbeebd1f37115127b638a6f38,21fcf08cc240dc54c36fc2b3032d361172a0521bbeebd1f37115127b638a6f38,True
visual_p014-page-014-tile-r03-c01::page-014-tile-r03-c01-actions-table-92-continued::footnote::footnote-001,p014-page-014-tile-r03-c01::page-014-tile-r03-c01-actions-table-92-continued::footnote::footnote-001,CONTROLLED_SOURCE_PDF/ADA principles for pharmacologic therapy.pdf,7c2913f79b61bc60f8f51327bb73b80391988fd277116b29e57df4242b2a2404,08908abddf0a607bfaebc87232783bf89089b427668ed7147eee4bab1b306dad,page_014_tile_r03_c01,tile,"[0.0,422.986,360.0,782.986]",normalized_0_1000,14,Table 9.2—Continued,visual_footnote,Table 9.2—Continued,3,,visual_logic; footnote,Table 9.2—Continued; Footnote; 1; Tsapas et al. (107).; Glucose-lowering efficacy column,¹Tsapas et al. (107).,"[360.0,422.986,500.0,782.986]",CONTROLLED_SOURCE_IMAGE/ada_page_014_tile_r03_c01.png,OMITTED_RAW_MODEL_JSON/visual_logic_page_014_tile_r03_c01.json,extracted_unvalidated,valid,pending,,,False,pending,unreleased,,,884af46ed3bdcf96d29ec98f90559a30cac409094df8837057180b2f39a56baa,884af46ed3bdcf96d29ec98f90559a30cac409094df8837057180b2f39a56baa,True
visual_p014-page-014-tile-r03-c01::page-014-tile-r03-c01-actions-table-92-continued::footnote::footnote-002,p014-page-014-tile-r03-c01::page-014-tile-r03-c01-actions-table-92-continued::footnote::footnote-002,CONTROLLED_SOURCE_PDF/ADA principles for pharmacologic therapy.pdf,7c2913f79b61bc60f8f51327bb73b80391988fd277116b29e57df4242b2a2404,08908abddf0a607bfaebc87232783bf89089b427668ed7147eee4bab1b306dad,page_014_tile_r03_c01,tile,"[0.0,422.986,360.0,782.986]",normalized_0_1000,14,Table 9.2—Continued,visual_footnote,Table 9.2—Continued,3,,visual_logic; footnote,Table 9.2—Continued; Footnote; 2; Tsapas et al. (107).; Effect on MACE column,²Tsapas et al. (107).,"[500.0,422.986,630.0,782.986]",CONTROLLED_SOURCE_IMAGE/ada_page_014_tile_r03_c01.png,OMITTED_RAW_MODEL_JSON/visual_logic_page_014_tile_r03_c01.json,extracted_unvalidated,valid,pending,,,False,pending,unreleased,,,940a6314f566c067250d28a79122c903ae5956b4a3d3a3390d3209121b36edbe,940a6314f566c067250d28a79122c903ae5956b4a3d3a3390d3209121b36edbe,True
visual_p016-page-016-tile-r03-c01::page-016-tile-r03-c01-actions-figure-95::footnote::footnote-001,p016-page-016-tile-r03-c01::page-016-tile-r03-c01-actions-figure-95::footnote::footnote-001,CONTROLLED_SOURCE_PDF/ADA principles for pharmacologic therapy.pdf,7c2913f79b61bc60f8f51327bb73b80391988fd277116b29e57df4242b2a2404,261a22de3ea4dd739c4ea54401373f7095a181f29eccf2ad65f6e59c8356f15a,page_016_tile_r03_c01,tile,"[0.0,422.986,360.0,782.986]",normalized_0_1000,16,Figure 9.5—Intensifying to injectable therapies in type 2 diabetes.,visual_footnote,Figure 9.5—Intensifying to injectable therapies in type 2 diabetes.,3,,visual_logic; footnote,"Figure 9.5—Intensifying to injectable therapies in type 2 diabetes.; Footnote; CGM, continuous glucose monitoring and support; FPG, fasting plasma glucose; GLP-1 RA, glucagon-like peptide 1 receptor agonist; PPG, postprandial glucose. Adapted from Davies et al. (318).; Definitions of abbreviations used in the figure.; All elements within this figure","CGM, continuous glucose monitoring and support; FPG, fasting plasma glucose; GLP-1 RA, glucagon-like peptide 1 receptor agonist; PPG, postprandial glucose. Adapted from Davies et al. (318).","[196.0,724.0,999.0,780.0]",CONTROLLED_SOURCE_IMAGE/ada_page_016_tile_r03_c01.png,OMITTED_RAW_MODEL_JSON/visual_logic_page_016_tile_r03_c01.json,extracted_unvalidated,valid,pending,,,False,pending,unreleased,,,70d9c838fa8cfa020d4c625161bec9b6840638eaa2e0b338f5b9b3eee0793f11,70d9c838fa8cfa020d4c625161bec9b6840638eaa2e0b338f5b9b3eee0793f11,True
visual_p016-page-016-tile-r03-c01::page-016-tile-r03-c01-symbols-figure-95::footnote::footnote-001,p016-page-016-tile-r03-c01::page-016-tile-r03-c01-symbols-figure-95::footnote::footnote-001,CONTROLLED_SOURCE_PDF/ADA principles for pharmacologic therapy.pdf,7c2913f79b61bc60f8f51327bb73b80391988fd277116b29e57df4242b2a2404,261a22de3ea4dd739c4ea54401373f7095a181f29eccf2ad65f6e59c8356f15a,page_016_tile_r03_c01,tile,"[0.0,422.986,360.0,782.986]",normalized_0_1000,16,Figure 9.5—Intensifying to injectable therapies in type 2 diabetes.,visual_footnote,Figure 9.5—Intensifying to injectable therapies in type 2 diabetes.,3,,visual_logic; footnote,Figure 9.5—Intensifying to injectable therapies in type 2 diabetes.; Footnote; CGM; continuous glucose monitoring and support; Figure 9.5 caption,"CGM, continuous glucose monitoring and support; FPG, fasting plasma glucose; GLP-1 RA, glucagon-like peptide 1 receptor agonist; PPG, postprandial glucose.","[203.0,745.0,986.0,782.0]",CONTROLLED_SOURCE_IMAGE/ada_page_016_tile_r03_c01.png,OMITTED_RAW_MODEL_JSON/visual_logic_page_016_tile_r03_c01.json,extracted_unvalidated,valid,pending,,,False,pending,unreleased,,,1b156cdd550d4359861ee5a804b99c7835598a1db3f1d5ed1f8c1037b523a515,1b156cdd550d4359861ee5a804b99c7835598a1db3f1d5ed1f8c1037b523a515,True
visual_p016-page-016-tile-r03-c01::page-016-tile-r03-c01-symbols-figure-95::footnote::footnote-002,p016-page-016-tile-r03-c01::page-016-tile-r03-c01-symbols-figure-95::footnote::footnote-002,CONTROLLED_SOURCE_PDF/ADA principles for pharmacologic therapy.pdf,7c2913f79b61bc60f8f51327bb73b80391988fd277116b29e57df4242b2a2404,261a22de3ea4dd739c4ea54401373f7095a181f29eccf2ad65f6e59c8356f15a,page_016_tile_r03_c01,tile,"[0.0,422.986,360.0,782.986]",normalized_0_1000,16,Figure 9.5—Intensifying to injectable therapies in type 2 diabetes.,visual_footnote,Figure 9.5—Intensifying to injectable therapies in type 2 diabetes.,3,,visual_logic; footnote,Figure 9.5—Intensifying to injectable therapies in type 2 diabetes.; Footnote; FPG; fasting plasma glucose; Figure 9.5 caption,"CGM, continuous glucose monitoring and support; FPG, fasting plasma glucose; GLP-1 RA, glucagon-like peptide 1 receptor agonist; PPG, postprandial glucose.","[203.0,745.0,986.0,782.0]",CONTROLLED_SOURCE_IMAGE/ada_page_016_tile_r03_c01.png,OMITTED_RAW_MODEL_JSON/visual_logic_page_016_tile_r03_c01.json,extracted_unvalidated,valid,pending,,,False,pending,unreleased,,,5701b75c7936bc0a666abb50d60a860ae3e2cad571f54c8287c76e7f014ad594,5701b75c7936bc0a666abb50d60a860ae3e2cad571f54c8287c76e7f014ad594,True
visual_p016-page-016-tile-r03-c01::page-016-tile-r03-c01-symbols-figure-95::footnote::footnote-003,p016-page-016-tile-r03-c01::page-016-tile-r03-c01-symbols-figure-95::footnote::footnote-003,CONTROLLED_SOURCE_PDF/ADA principles for pharmacologic therapy.pdf,7c2913f79b61bc60f8f51327bb73b80391988fd277116b29e57df4242b2a2404,261a22de3ea4dd739c4ea54401373f7095a181f29eccf2ad65f6e59c8356f15a,page_016_tile_r03_c01,tile,"[0.0,422.986,360.0,782.986]",normalized_0_1000,16,Figure 9.5—Intensifying to injectable therapies in type 2 diabetes.,visual_footnote,Figure 9.5—Intensifying to injectable therapies in type 2 diabetes.,3,,visual_logic; footnote,Figure 9.5—Intensifying to injectable therapies in type 2 diabetes.; Footnote; GLP-1 RA; glucagon-like peptide 1 receptor agonist; Figure 9.5 caption,"CGM, continuous glucose monitoring and support; FPG, fasting plasma glucose; GLP-1 RA, glucagon-like peptide 1 receptor agonist; PPG, postprandial glucose.","[203.0,745.0,986.0,782.0]",CONTROLLED_SOURCE_IMAGE/ada_page_016_tile_r03_c01.png,OMITTED_RAW_MODEL_JSON/visual_logic_page_016_tile_r03_c01.json,extracted_unvalidated,valid,pending,,,False,pending,unreleased,,,e1515671f67077597397d289591e676daf3861913ec2654c33b598bcf9b3004e,e1515671f67077597397d289591e676daf3861913ec2654c33b598bcf9b3004e,True
visual_p016-page-016-tile-r03-c01::page-016-tile-r03-c01-symbols-figure-95::footnote::footnote-004,p016-page-016-tile-r03-c01::page-016-tile-r03-c01-symbols-figure-95::footnote::footnote-004,CONTROLLED_SOURCE_PDF/ADA principles for pharmacologic therapy.pdf,7c2913f79b61bc60f8f51327bb73b80391988fd277116b29e57df4242b2a2404,261a22de3ea4dd739c4ea54401373f7095a181f29eccf2ad65f6e59c8356f15a,page_016_tile_r03_c01,tile,"[0.0,422.986,360.0,782.986]",normalized_0_1000,16,Figure 9.5—Intensifying to injectable therapies in type 2 diabetes.,visual_footnote,Figure 9.5—Intensifying to injectable therapies in type 2 diabetes.,3,,visual_logic; footnote,Figure 9.5—Intensifying to injectable therapies in type 2 diabetes.; Footnote; PPG; postprandial glucose; Figure 9.5 caption,"CGM, continuous glucose monitoring and support; FPG, fasting plasma glucose; GLP-1 RA, glucagon-like peptide 1 receptor agonist; PPG, postprandial glucose.","[203.0,745.0,986.0,782.0]",CONTROLLED_SOURCE_IMAGE/ada_page_016_tile_r03_c01.png,OMITTED_RAW_MODEL_JSON/visual_logic_page_016_tile_r03_c01.json,extracted_unvalidated,valid,pending,,,False,pending,unreleased,,,acdab2ceeffee8f2f623ceafd7fd6c1b237fe4edc2c8beec788bb1653f87b7b4,acdab2ceeffee8f2f623ceafd7fd6c1b237fe4edc2c8beec788bb1653f87b7b4,True
visual_p021-page-021-tile-r01-c02::page-021-tile-r01-c02-actions-tile-r01-c02::footnote::footnote-001,p021-page-021-tile-r01-c02::page-021-tile-r01-c02-actions-tile-r01-c02::footnote::footnote-001,CONTROLLED_SOURCE_PDF/ADA principles for pharmacologic therapy.pdf,7c2913f79b61bc60f8f51327bb73b80391988fd277116b29e57df4242b2a2404,6d80b6127200fbbeb1e788072ccccbcf673edf9a00074a246edd6701d9097f61,page_021_tile_r01_c02,tile,"[233.972,0.0,593.972,360.0]",normalized_0_1000,21,NADAC of maximum approved daily dose of noninsulin glucose-lowering,visual_footnote,NADAC of maximum approved daily dose of noninsulin glucose-lowering,3,,visual_logic; footnote,NADAC of maximum approved daily dose of noninsulin glucose-lowering; Footnote; +; Maximum approved daily dose†; All rows in the table,† Maximum approved daily dose+,"[234.0,280.0,593.0,316.0]",CONTROLLED_SOURCE_IMAGE/ada_page_021_tile_r01_c02.png,OMITTED_RAW_MODEL_JSON/visual_logic_page_021_tile_r01_c02.json,extracted_unvalidated,valid,pending,,,False,pending,unreleased,,,6b515579fbd8c87f6b80582b524c1e22050b61deea910070f27d37e002adeb93,6b515579fbd8c87f6b80582b524c1e22050b61deea910070f27d37e002adeb93,True
visual_p021-page-021-tile-r01-c02::page-021-tile-r01-c02-actions-tile-r01-c02::footnote::footnote-002,p021-page-021-tile-r01-c02::page-021-tile-r01-c02-actions-tile-r01-c02::footnote::footnote-002,CONTROLLED_SOURCE_PDF/ADA principles for pharmacologic therapy.pdf,7c2913f79b61bc60f8f51327bb73b80391988fd277116b29e57df4242b2a2404,6d80b6127200fbbeb1e788072ccccbcf673edf9a00074a246edd6701d9097f61,page_021_tile_r01_c02,tile,"[233.972,0.0,593.972,360.0]",normalized_0_1000,21,NADAC of maximum approved daily dose of noninsulin glucose-lowering,visual_footnote,NADAC of maximum approved daily dose of noninsulin glucose-lowering,3,,visual_logic; footnote,"NADAC of maximum approved daily dose of noninsulin glucose-lowering; Footnote; *; Median AWP (min, max)* and Median NADAC (min, max)*; All rows in the table","* Median AWP (min, max)* and Median NADAC (min, max)*","[234.0,280.0,593.0,316.0]",CONTROLLED_SOURCE_IMAGE/ada_page_021_tile_r01_c02.png,OMITTED_RAW_MODEL_JSON/visual_logic_page_021_tile_r01_c02.json,extracted_unvalidated,valid,pending,,,False,pending,unreleased,,,e9190b7b61f5bf5716af0ff9e64e5597ebd6925b8682186087e53ff84085be30,e9190b7b61f5bf5716af0ff9e64e5597ebd6925b8682186087e53ff84085be30,True
