record_id,asset_id,page_number,source_pdf,source_pdf_sha256,image_sha256,asset_type,asset_bbox,evidence_bbox_space,image_path,source_json,extraction_status,item_id,item_type,title,model_requires_manual_review,requires_manual_review,validation_status,validation_errors,validation_warnings,content_sha256,effective_content_sha256,review_status,reviewer,reviewed_at,corrections_json,review_notes,release_eligible,from_node,to_node,edge_condition,arrow_text,evidence_text,evidence_bbox
p002-page-002-tile-r01-c01::page-002-tile-r01-c01-structure-tile-0::edge::edge-001,page_002_tile_r01_c01,2,CONTROLLED_SOURCE_PDF/ADA principles for pharmacologic therapy.pdf,7c2913f79b61bc60f8f51327bb73b80391988fd277116b29e57df4242b2a2404,60267ead4957d41459a2d97fc92488544c8215720a8e2e5eca70d29fee452ec7,tile,"[0.0,0.0,360.0,360.0]",normalized_0_1000,CONTROLLED_SOURCE_IMAGE/ada_page_002_tile_r01_c01.png,OMITTED_RAW_MODEL_JSON/visual_logic_page_002_tile_r01_c01.json,extracted_unvalidated,page_002_tile_r01_c01__structure__tile_0,page,S184 Pharmacologic Approaches to Glycemic Treatment,True,True,invalid,to_node is required,"structure: The image is a single page from a document, not an interactive diagram or flowchart.; structure: No decision nodes or arrows are visible as graphical elements; all relationships are textual and inferred from the text content.; structure: The evidence bounding boxes are approximate based on visual layout.; actions: No explicit recommendation-strength word is visible; therefore, strength string is empty.; actions: The text mentions 'Fig. 9.1' but no visual content or detailed clinical guideline evidence is visible in this single image asset for Fig. 9.1.; symbols: The text is fragmented and incomplete; it appears to be a cropped section of a larger document. The full clinical guideline evidence cannot be extracted without the complete context.; symbols: No visual elements such as arrows, decision nodes, or drug actions are present in this asset.",3222a8fecceb07c872a4d5d6731e3d51ab16b1ab43da95a174beb7a774fc04cf,3222a8fecceb07c872a4d5d6731e3d51ab16b1ab43da95a174beb7a774fc04cf,pending,,,,,False,DCCT_node,,lower A1C with intensive management (7.3%) led to ~50% reductions in microvascular complications compared with 9.1% mean A1C in the conventional treatment arm over 6 years of treatment.,lower A1C with intensive management (7.3%) led to ~50% reductions in microvascular complications compared with 9.1% mean A1C in the conventional treatment arm over 6 years of treatment.,"In this landmark trial, lower A1C with intensive management (7.3%) led to ~50% reductions in microvascular complications compared with 9.1% mean A1C in the conventional treatment arm over 6 years of treatment.","[158.0,207.0,604.0,999.0]"
p006-page-006-tile-r01-c01::page-006-tile-r01-c01-structure-tile-0::edge::edge-001,page_006_tile_r01_c01,6,CONTROLLED_SOURCE_PDF/ADA principles for pharmacologic therapy.pdf,7c2913f79b61bc60f8f51327bb73b80391988fd277116b29e57df4242b2a2404,171481028df5f80b30a55353193e91568bfbd66504987ba8db080982192a624b,tile,"[0.0,0.0,360.0,360.0]",normalized_0_1000,CONTROLLED_SOURCE_IMAGE/ada_page_006_tile_r01_c01.png,OMITTED_RAW_MODEL_JSON/visual_logic_page_006_tile_r01_c01.json,extracted_unvalidated,page_006_tile_r01_c01__structure__tile_0,flowchart,Initiation and adjustment of insulin using multiple daily dosing,True,True,invalid,to_node endpoint 'R1' does not resolve to a unique node in this item,"structure: The image contains partial text that may be cut off or obscured. The full clinical guideline evidence cannot be extracted without additional context.; structure: Some nodes and edges are partially visible or truncated in the provided bounding box.; actions: The image contains partial text that may not fully capture the complete clinical guideline.; actions: Some arrows and decision nodes are partially cut off or obscured in the provided bounding box.; symbols: The flowchart contains partial or truncated text at some decision points. For example, the final two branches are partially obscured and do not contain complete instructions.",f77b0ce3ed92f7e4e8be0ec5be8ffbd4c4f41a840fa55a73433e1c84684189d7,f77b0ce3ed92f7e4e8be0ec5be8ffbd4c4f41a840fa55a73433e1c84684189d7,pending,,,,,False,D1,R1,If hypoglycemia is present...,,"If A1C, CGM metrics, or SMBG not at goal → If hypoglycemia is present...","[360.0,845.0,960.0,875.0]"
p006-page-006-tile-r01-c01::page-006-tile-r01-c01-structure-tile-0::edge::edge-002,page_006_tile_r01_c01,6,CONTROLLED_SOURCE_PDF/ADA principles for pharmacologic therapy.pdf,7c2913f79b61bc60f8f51327bb73b80391988fd277116b29e57df4242b2a2404,171481028df5f80b30a55353193e91568bfbd66504987ba8db080982192a624b,tile,"[0.0,0.0,360.0,360.0]",normalized_0_1000,CONTROLLED_SOURCE_IMAGE/ada_page_006_tile_r01_c01.png,OMITTED_RAW_MODEL_JSON/visual_logic_page_006_tile_r01_c01.json,extracted_unvalidated,page_006_tile_r01_c01__structure__tile_0,flowchart,Initiation and adjustment of insulin using multiple daily dosing,True,True,invalid,to_node endpoint 'R2' does not resolve to a unique node in this item,"structure: The image contains partial text that may be cut off or obscured. The full clinical guideline evidence cannot be extracted without additional context.; structure: Some nodes and edges are partially visible or truncated in the provided bounding box.; actions: The image contains partial text that may not fully capture the complete clinical guideline.; actions: Some arrows and decision nodes are partially cut off or obscured in the provided bounding box.; symbols: The flowchart contains partial or truncated text at some decision points. For example, the final two branches are partially obscured and do not contain complete instructions.",87313d929485348c662f72cc92d610c525494003ef339f715f4724c70684f28c,87313d929485348c662f72cc92d610c525494003ef339f715f4724c70684f28c,pending,,,,,False,D1,R2,If hyperglycemia is present...,,"If A1C, CGM metrics, or SMBG not at goal → If hyperglycemia is present...","[360.0,845.0,960.0,875.0]"
p006-page-006-tile-r01-c02::page-006-tile-r01-c02-structure-tile-r01-c02::edge::edge-001,page_006_tile_r01_c02,6,CONTROLLED_SOURCE_PDF/ADA principles for pharmacologic therapy.pdf,7c2913f79b61bc60f8f51327bb73b80391988fd277116b29e57df4242b2a2404,8dd16976076c4dc0b61fc940193599a3ad60084cff0f56c431772b1a0295828f,tile,"[233.972,0.0,593.972,360.0]",normalized_0_1000,CONTROLLED_SOURCE_IMAGE/ada_page_006_tile_r01_c02.png,OMITTED_RAW_MODEL_JSON/visual_logic_page_006_tile_r01_c02.json,extracted_unvalidated,page_006_tile_r01_c02__structure__tile_r01_c02,flowchart,Using multiple daily dosing in individuals with type 1 diabetes,True,True,valid,,"structure: The image is partially cut off at the bottom, so some text may be incomplete or truncated.; structure: Some nodes and edges are not fully visible due to cropping of the source image.; actions: The image is a flowchart with multiple decision points and actions related to insulin therapy in type 1 diabetes.; actions: Some text is cut off or partially obscured, requiring manual review for complete accuracy.; symbols: The provided image does not contain any visible symbols or footnotes that match the requested extraction criteria.; symbols: No ordinal scales are present in this flowchart.",b410976524092cf2d6c3cd297dd662014456946809f6763413ea1f72ff94ee3d,b410976524092cf2d6c3cd297dd662014456946809f6763413ea1f72ff94ee3d,pending,,,,,False,n0,n1,,↓,Deliver diabetes self-management education and ... to meet individualized treatment goals → Criteria for starting insulin.,"[0.0,297.0,584.0,360.0]"
p006-page-006-tile-r01-c02::page-006-tile-r01-c02-structure-tile-r01-c02::edge::edge-002,page_006_tile_r01_c02,6,CONTROLLED_SOURCE_PDF/ADA principles for pharmacologic therapy.pdf,7c2913f79b61bc60f8f51327bb73b80391988fd277116b29e57df4242b2a2404,8dd16976076c4dc0b61fc940193599a3ad60084cff0f56c431772b1a0295828f,tile,"[233.972,0.0,593.972,360.0]",normalized_0_1000,CONTROLLED_SOURCE_IMAGE/ada_page_006_tile_r01_c02.png,OMITTED_RAW_MODEL_JSON/visual_logic_page_006_tile_r01_c02.json,extracted_unvalidated,page_006_tile_r01_c02__structure__tile_r01_c02,flowchart,Using multiple daily dosing in individuals with type 1 diabetes,True,True,valid,,"structure: The image is partially cut off at the bottom, so some text may be incomplete or truncated.; structure: Some nodes and edges are not fully visible due to cropping of the source image.; actions: The image is a flowchart with multiple decision points and actions related to insulin therapy in type 1 diabetes.; actions: Some text is cut off or partially obscured, requiring manual review for complete accuracy.; symbols: The provided image does not contain any visible symbols or footnotes that match the requested extraction criteria.; symbols: No ordinal scales are present in this flowchart.",851dc46819a430eaacb3eaa1569ee1db87a5f1b232e508de5104c9959ab357e6,851dc46819a430eaacb3eaa1569ee1db87a5f1b232e508de5104c9959ab357e6,pending,,,,,False,n1,n2,,↓,Criteria for starting insulin → Initial titration of insulin.,"[0.0,417.0,584.0,536.0]"
p006-page-006-tile-r01-c02::page-006-tile-r01-c02-structure-tile-r01-c02::edge::edge-003,page_006_tile_r01_c02,6,CONTROLLED_SOURCE_PDF/ADA principles for pharmacologic therapy.pdf,7c2913f79b61bc60f8f51327bb73b80391988fd277116b29e57df4242b2a2404,8dd16976076c4dc0b61fc940193599a3ad60084cff0f56c431772b1a0295828f,tile,"[233.972,0.0,593.972,360.0]",normalized_0_1000,CONTROLLED_SOURCE_IMAGE/ada_page_006_tile_r01_c02.png,OMITTED_RAW_MODEL_JSON/visual_logic_page_006_tile_r01_c02.json,extracted_unvalidated,page_006_tile_r01_c02__structure__tile_r01_c02,flowchart,Using multiple daily dosing in individuals with type 1 diabetes,True,True,valid,,"structure: The image is partially cut off at the bottom, so some text may be incomplete or truncated.; structure: Some nodes and edges are not fully visible due to cropping of the source image.; actions: The image is a flowchart with multiple decision points and actions related to insulin therapy in type 1 diabetes.; actions: Some text is cut off or partially obscured, requiring manual review for complete accuracy.; symbols: The provided image does not contain any visible symbols or footnotes that match the requested extraction criteria.; symbols: No ordinal scales are present in this flowchart.",b72a590b837af7981ffb6c8cf67205ba328ccee192cd61d13cc8f9e444af0720,b72a590b837af7981ffb6c8cf67205ba328ccee192cd61d13cc8f9e444af0720,pending,,,,,False,n2,n3,,↓,Initial titration of insulin → Use CGM and/or SMBG to determine ... basal and prandial dosing balance.,"[0.0,546.0,584.0,701.0]"
p006-page-006-tile-r01-c02::page-006-tile-r01-c02-structure-tile-r01-c02::edge::edge-004,page_006_tile_r01_c02,6,CONTROLLED_SOURCE_PDF/ADA principles for pharmacologic therapy.pdf,7c2913f79b61bc60f8f51327bb73b80391988fd277116b29e57df4242b2a2404,8dd16976076c4dc0b61fc940193599a3ad60084cff0f56c431772b1a0295828f,tile,"[233.972,0.0,593.972,360.0]",normalized_0_1000,CONTROLLED_SOURCE_IMAGE/ada_page_006_tile_r01_c02.png,OMITTED_RAW_MODEL_JSON/visual_logic_page_006_tile_r01_c02.json,extracted_unvalidated,page_006_tile_r01_c02__structure__tile_r01_c02,flowchart,Using multiple daily dosing in individuals with type 1 diabetes,True,True,valid,,"structure: The image is partially cut off at the bottom, so some text may be incomplete or truncated.; structure: Some nodes and edges are not fully visible due to cropping of the source image.; actions: The image is a flowchart with multiple decision points and actions related to insulin therapy in type 1 diabetes.; actions: Some text is cut off or partially obscured, requiring manual review for complete accuracy.; symbols: The provided image does not contain any visible symbols or footnotes that match the requested extraction criteria.; symbols: No ordinal scales are present in this flowchart.",1b63c376f867e2871026d02790bf70640b3d859210d4f68c7aa13413e5af580e,1b63c376f867e2871026d02790bf70640b3d859210d4f68c7aa13413e5af580e,pending,,,,,False,n3,n4,,↓,"Use CGM and/or SMBG to determine ... basal and prandial dosing balance → CGMs, or SMBG not at goal.","[0.0,712.0,584.0,803.0]"
p006-page-006-tile-r01-c02::page-006-tile-r01-c02-structure-tile-r01-c02::edge::edge-005,page_006_tile_r01_c02,6,CONTROLLED_SOURCE_PDF/ADA principles for pharmacologic therapy.pdf,7c2913f79b61bc60f8f51327bb73b80391988fd277116b29e57df4242b2a2404,8dd16976076c4dc0b61fc940193599a3ad60084cff0f56c431772b1a0295828f,tile,"[233.972,0.0,593.972,360.0]",normalized_0_1000,CONTROLLED_SOURCE_IMAGE/ada_page_006_tile_r01_c02.png,OMITTED_RAW_MODEL_JSON/visual_logic_page_006_tile_r01_c02.json,extracted_unvalidated,page_006_tile_r01_c02__structure__tile_r01_c02,flowchart,Using multiple daily dosing in individuals with type 1 diabetes,True,True,valid,,"structure: The image is partially cut off at the bottom, so some text may be incomplete or truncated.; structure: Some nodes and edges are not fully visible due to cropping of the source image.; actions: The image is a flowchart with multiple decision points and actions related to insulin therapy in type 1 diabetes.; actions: Some text is cut off or partially obscured, requiring manual review for complete accuracy.; symbols: The provided image does not contain any visible symbols or footnotes that match the requested extraction criteria.; symbols: No ordinal scales are present in this flowchart.",c491820870c23b3160c1322a6535cb70cdc152d282bb778fb70abb8a62aced73,c491820870c23b3160c1322a6535cb70cdc152d282bb778fb70abb8a62aced73,pending,,,,,False,n4,n5,,↓,"CGMs, or SMBG not at goal → If hyperglycemia is present.","[0.0,814.0,584.0,999.0]"
p006-page-006-tile-r02-c01::page-006-tile-r02-c01-structure-tile-001::edge::edge-001,page_006_tile_r02_c01,6,CONTROLLED_SOURCE_PDF/ADA principles for pharmacologic therapy.pdf,7c2913f79b61bc60f8f51327bb73b80391988fd277116b29e57df4242b2a2404,0929ca38ad29f903468637f26d74c7aa2879fd4c3c802648076823db14825893,tile,"[0.0,288.0,360.0,648.0]",normalized_0_1000,CONTROLLED_SOURCE_IMAGE/ada_page_006_tile_r02_c01.png,OMITTED_RAW_MODEL_JSON/visual_logic_page_006_tile_r02_c01.json,extracted_unvalidated,page_006_tile_r02_c01__structure__tile_001,flowchart,Insulin Initiation and Adjustment for Type 1 Diabetes with CGM,False,True,valid,,"structure: The flowchart contains conditional branches that may require manual review for complete interpretation.; structure: Some nodes have partial or incomplete text visible in the image.; actions: The image is a cropped section of a larger document; some context may be missing.; actions: Some text in the flowchart (like '3,4' or '5–10%') might refer to external references not visible here.; actions: The exact trigger conditions for each action are implied by the arrows and decision boxes.; symbols: The image contains partial text that may not be fully captured in the extracted evidence.; symbols: Some footnotes and references are truncated or partially visible.",576f1ca229b25b7c69b39b46e6fbf8def81295edf953284a99287f66cb6f4643,576f1ca229b25b7c69b39b46e6fbf8def81295edf953284a99287f66cb6f4643,pending,,,,,False,N0,N1,If hypoglycemia is present,,"If A1C, CGM metrics, or SMBG not at goal → If hypoglycemia is present","[370.5,46.8,594.0,244.8]"
p006-page-006-tile-r02-c01::page-006-tile-r02-c01-structure-tile-001::edge::edge-002,page_006_tile_r02_c01,6,CONTROLLED_SOURCE_PDF/ADA principles for pharmacologic therapy.pdf,7c2913f79b61bc60f8f51327bb73b80391988fd277116b29e57df4242b2a2404,0929ca38ad29f903468637f26d74c7aa2879fd4c3c802648076823db14825893,tile,"[0.0,288.0,360.0,648.0]",normalized_0_1000,CONTROLLED_SOURCE_IMAGE/ada_page_006_tile_r02_c01.png,OMITTED_RAW_MODEL_JSON/visual_logic_page_006_tile_r02_c01.json,extracted_unvalidated,page_006_tile_r02_c01__structure__tile_001,flowchart,Insulin Initiation and Adjustment for Type 1 Diabetes with CGM,False,True,valid,,"structure: The flowchart contains conditional branches that may require manual review for complete interpretation.; structure: Some nodes have partial or incomplete text visible in the image.; actions: The image is a cropped section of a larger document; some context may be missing.; actions: Some text in the flowchart (like '3,4' or '5–10%') might refer to external references not visible here.; actions: The exact trigger conditions for each action are implied by the arrows and decision boxes.; symbols: The image contains partial text that may not be fully captured in the extracted evidence.; symbols: Some footnotes and references are truncated or partially visible.",98c24ad75634f0f59963b6fc26e2a851840a72f7e525ccf718d6948cafa7d641,98c24ad75634f0f59963b6fc26e2a851840a72f7e525ccf718d6948cafa7d641,pending,,,,,False,N0,N2,If hyperglycemia is present,,"If A1C, CGM metrics, or SMBG not at goal → If hyperglycemia is present","[370.5,46.8,999.0,244.8]"
p006-page-006-tile-r02-c01::page-006-tile-r02-c01-structure-tile-001::edge::edge-003,page_006_tile_r02_c01,6,CONTROLLED_SOURCE_PDF/ADA principles for pharmacologic therapy.pdf,7c2913f79b61bc60f8f51327bb73b80391988fd277116b29e57df4242b2a2404,0929ca38ad29f903468637f26d74c7aa2879fd4c3c802648076823db14825893,tile,"[0.0,288.0,360.0,648.0]",normalized_0_1000,CONTROLLED_SOURCE_IMAGE/ada_page_006_tile_r02_c01.png,OMITTED_RAW_MODEL_JSON/visual_logic_page_006_tile_r02_c01.json,extracted_unvalidated,page_006_tile_r02_c01__structure__tile_001,flowchart,Insulin Initiation and Adjustment for Type 1 Diabetes with CGM,False,True,valid,,"structure: The flowchart contains conditional branches that may require manual review for complete interpretation.; structure: Some nodes have partial or incomplete text visible in the image.; actions: The image is a cropped section of a larger document; some context may be missing.; actions: Some text in the flowchart (like '3,4' or '5–10%') might refer to external references not visible here.; actions: The exact trigger conditions for each action are implied by the arrows and decision boxes.; symbols: The image contains partial text that may not be fully captured in the extracted evidence.; symbols: Some footnotes and references are truncated or partially visible.",fb37bd35b9600db4be399bf050248336e868cafc9634cfe74ab4762530e1cc48,fb37bd35b9600db4be399bf050248336e868cafc9634cfe74ab4762530e1cc48,pending,,,,,False,N1,N3,,,If hypoglycemia is present → adjust basal and/or prandial insulin based on timing of hypoglycemia,"[172.8,136.8,504.0,223.2]"
p006-page-006-tile-r02-c01::page-006-tile-r02-c01-structure-tile-001::edge::edge-004,page_006_tile_r02_c01,6,CONTROLLED_SOURCE_PDF/ADA principles for pharmacologic therapy.pdf,7c2913f79b61bc60f8f51327bb73b80391988fd277116b29e57df4242b2a2404,0929ca38ad29f903468637f26d74c7aa2879fd4c3c802648076823db14825893,tile,"[0.0,288.0,360.0,648.0]",normalized_0_1000,CONTROLLED_SOURCE_IMAGE/ada_page_006_tile_r02_c01.png,OMITTED_RAW_MODEL_JSON/visual_logic_page_006_tile_r02_c01.json,extracted_unvalidated,page_006_tile_r02_c01__structure__tile_001,flowchart,Insulin Initiation and Adjustment for Type 1 Diabetes with CGM,False,True,valid,,"structure: The flowchart contains conditional branches that may require manual review for complete interpretation.; structure: Some nodes have partial or incomplete text visible in the image.; actions: The image is a cropped section of a larger document; some context may be missing.; actions: Some text in the flowchart (like '3,4' or '5–10%') might refer to external references not visible here.; actions: The exact trigger conditions for each action are implied by the arrows and decision boxes.; symbols: The image contains partial text that may not be fully captured in the extracted evidence.; symbols: Some footnotes and references are truncated or partially visible.",e63ab7e7dd34398ee4f3167d3e36eab0d29986cd5d6de6a2d1c57b24e1531488,e63ab7e7dd34398ee4f3167d3e36eab0d29986cd5d6de6a2d1c57b24e1531488,pending,,,,,False,N2,N4,,,If hyperglycemia is present → adjust basal and/or prandial insulin based on timing of hyperglycemia,"[732.0,136.8,999.0,223.2]"
p006-page-006-tile-r02-c01::page-006-tile-r02-c01-structure-tile-001::edge::edge-005,page_006_tile_r02_c01,6,CONTROLLED_SOURCE_PDF/ADA principles for pharmacologic therapy.pdf,7c2913f79b61bc60f8f51327bb73b80391988fd277116b29e57df4242b2a2404,0929ca38ad29f903468637f26d74c7aa2879fd4c3c802648076823db14825893,tile,"[0.0,288.0,360.0,648.0]",normalized_0_1000,CONTROLLED_SOURCE_IMAGE/ada_page_006_tile_r02_c01.png,OMITTED_RAW_MODEL_JSON/visual_logic_page_006_tile_r02_c01.json,extracted_unvalidated,page_006_tile_r02_c01__structure__tile_001,flowchart,Insulin Initiation and Adjustment for Type 1 Diabetes with CGM,False,True,valid,,"structure: The flowchart contains conditional branches that may require manual review for complete interpretation.; structure: Some nodes have partial or incomplete text visible in the image.; actions: The image is a cropped section of a larger document; some context may be missing.; actions: Some text in the flowchart (like '3,4' or '5–10%') might refer to external references not visible here.; actions: The exact trigger conditions for each action are implied by the arrows and decision boxes.; symbols: The image contains partial text that may not be fully captured in the extracted evidence.; symbols: Some footnotes and references are truncated or partially visible.",d723fd70a59b0ff9d8af49bca65a2b601d7ee819792b9818c349768cbb51cf3c,d723fd70a59b0ff9d8af49bca65a2b601d7ee819792b9818c349768cbb51cf3c,pending,,,,,False,N2,N5,,,If hyperglycemia is present → If fasting hyperglycemia is present,"[732.0,136.8,999.0,410.4]"
p006-page-006-tile-r02-c01::page-006-tile-r02-c01-structure-tile-001::edge::edge-006,page_006_tile_r02_c01,6,CONTROLLED_SOURCE_PDF/ADA principles for pharmacologic therapy.pdf,7c2913f79b61bc60f8f51327bb73b80391988fd277116b29e57df4242b2a2404,0929ca38ad29f903468637f26d74c7aa2879fd4c3c802648076823db14825893,tile,"[0.0,288.0,360.0,648.0]",normalized_0_1000,CONTROLLED_SOURCE_IMAGE/ada_page_006_tile_r02_c01.png,OMITTED_RAW_MODEL_JSON/visual_logic_page_006_tile_r02_c01.json,extracted_unvalidated,page_006_tile_r02_c01__structure__tile_001,flowchart,Insulin Initiation and Adjustment for Type 1 Diabetes with CGM,False,True,valid,,"structure: The flowchart contains conditional branches that may require manual review for complete interpretation.; structure: Some nodes have partial or incomplete text visible in the image.; actions: The image is a cropped section of a larger document; some context may be missing.; actions: Some text in the flowchart (like '3,4' or '5–10%') might refer to external references not visible here.; actions: The exact trigger conditions for each action are implied by the arrows and decision boxes.; symbols: The image contains partial text that may not be fully captured in the extracted evidence.; symbols: Some footnotes and references are truncated or partially visible.",e54b16f99425fb843ac5455201f4afb7bd087123f5345c5132285e3d8003de38,e54b16f99425fb843ac5455201f4afb7bd087123f5345c5132285e3d8003de38,pending,,,,,False,N5,N7,,,If fasting hyperglycemia is present → review overnight glucose pattern and adjust basal insulin if appropriate,"[624.0,302.4,918.0,388.8]"
p006-page-006-tile-r02-c02::page-006-tile-r02-c02-structure-tile-r02-c02::edge::edge-001,page_006_tile_r02_c02,6,CONTROLLED_SOURCE_PDF/ADA principles for pharmacologic therapy.pdf,7c2913f79b61bc60f8f51327bb73b80391988fd277116b29e57df4242b2a2404,189f76f27515916f3d3411dc8fd87f721266516d5734c1334b0faa8013a5aa29,tile,"[233.972,288.0,593.972,648.0]",normalized_0_1000,CONTROLLED_SOURCE_IMAGE/ada_page_006_tile_r02_c02.png,OMITTED_RAW_MODEL_JSON/visual_logic_page_006_tile_r02_c02.json,extracted_unvalidated,page_006_tile_r02_c02__structure__tile_r02_c02,flowchart,Figure 9.2,False,True,valid,,"structure: No evidence of medication-class distinctions or uncertainty indicators in the visible text.; actions: The image contains a partial view of the flowchart. The top portion appears to be cut off, but the visible content provides sufficient information to extract the clinical guideline evidence as requested.; actions: Some text in the flowchart is partially obscured or truncated, which may affect the completeness of the extracted data.; symbols: The provided image is a cropped section of a larger document, which means some context or additional nodes/edges might be missing. The flowchart appears to be self-contained within the visible area.; symbols: Some text in the flowchart (like '3,4' and references) may not be fully legible due to resolution or cropping.; visual item title derived from manifest figure_ids/table_ids",f884904dc79be20b989ec0bebfe6d52ed2ef5c42f8e507813c5410f39a06f674,f884904dc79be20b989ec0bebfe6d52ed2ef5c42f8e507813c5410f39a06f674,pending,,,,,False,N0,N1,,,"If hyperglycemia is present, adjust basal and/or prandial insulin based on the timing and extent of hyperglycemia (e.g., 1–4 units or 5–10% dosage adjustments)3,4","[287.76,248.0,315.76,298.0]"
p006-page-006-tile-r02-c02::page-006-tile-r02-c02-structure-tile-r02-c02::edge::edge-002,page_006_tile_r02_c02,6,CONTROLLED_SOURCE_PDF/ADA principles for pharmacologic therapy.pdf,7c2913f79b61bc60f8f51327bb73b80391988fd277116b29e57df4242b2a2404,189f76f27515916f3d3411dc8fd87f721266516d5734c1334b0faa8013a5aa29,tile,"[233.972,288.0,593.972,648.0]",normalized_0_1000,CONTROLLED_SOURCE_IMAGE/ada_page_006_tile_r02_c02.png,OMITTED_RAW_MODEL_JSON/visual_logic_page_006_tile_r02_c02.json,extracted_unvalidated,page_006_tile_r02_c02__structure__tile_r02_c02,flowchart,Figure 9.2,False,True,valid,,"structure: No evidence of medication-class distinctions or uncertainty indicators in the visible text.; actions: The image contains a partial view of the flowchart. The top portion appears to be cut off, but the visible content provides sufficient information to extract the clinical guideline evidence as requested.; actions: Some text in the flowchart is partially obscured or truncated, which may affect the completeness of the extracted data.; symbols: The provided image is a cropped section of a larger document, which means some context or additional nodes/edges might be missing. The flowchart appears to be self-contained within the visible area.; symbols: Some text in the flowchart (like '3,4' and references) may not be fully legible due to resolution or cropping.; visual item title derived from manifest figure_ids/table_ids",40c579aea63900f30355be4b647898e8cc90eb502daa3c622086d47a38cef150,40c579aea63900f30355be4b647898e8cc90eb502daa3c622086d47a38cef150,pending,,,,,False,N0,N2,,,"If hyperglycemia is present, adjust basal and/or prandial insulin based on the timing and extent of hyperglycemia (e.g., 1–4 units or 5–10% dosage adjustments)3,4","[315.76,248.0,343.76,298.0]"
p008-page-008-tile-r01-c01::page-008-tile-r01-c01-structure-s190-pat::edge::edge-001,page_008_tile_r01_c01,8,CONTROLLED_SOURCE_PDF/ADA principles for pharmacologic therapy.pdf,7c2913f79b61bc60f8f51327bb73b80391988fd277116b29e57df4242b2a2404,f8d36aa60152781137f95dbfa9948f72c3abcef991554fd7a05fa82a29511d2e,tile,"[0.0,0.0,360.0,360.0]",normalized_0_1000,CONTROLLED_SOURCE_IMAGE/ada_page_008_tile_r01_c01.png,OMITTED_RAW_MODEL_JSON/visual_logic_page_008_tile_r01_c01.json,extracted_unvalidated,page_008_tile_r01_c01__structure__S190_PAT,figure,Simplified overview of indications for β-cell replacement therapy,False,True,valid,,"structure: The image does not contain any drug actions or ordinal symbols.; structure: The decision tree structure is simplified, and the actual clinical guidelines may have more detailed criteria.; actions: The text 'Balancing surgical risk, metabolic need, and the choice of the i[...]' is truncated; the full phrase is not visible.; actions: The right-side box with bullet points ('Hyp...', etc.) is partially cut off and cannot be fully transcribed.; symbols: The flowchart does not contain any explicit clinical guideline evidence such as specific thresholds, logical alternatives (AND/OR), priority language, arrow direction, medication-class distinctions, or uncertainty. The text 'Balancing surgical risk, metabolic need, and the choice of the i[...]' is truncated, making it impossible to fully interpret its meaning in the context of a clinical guideline.",46b9c46ff0d30d7a146b686c8d6fd1f8bcf4d7189038c9bbae14fcf2bd07b551,46b9c46ff0d30d7a146b686c8d6fd1f8bcf4d7189038c9bbae14fcf2bd07b551,pending,,,,,False,N1,N3,,Living donor kidney → Pancreas after kidney,Living donor kidney → Pancreas after kidney,"[240.0,621.0,750.0,745.0]"
p008-page-008-tile-r01-c01::page-008-tile-r01-c01-structure-s190-pat::edge::edge-002,page_008_tile_r01_c01,8,CONTROLLED_SOURCE_PDF/ADA principles for pharmacologic therapy.pdf,7c2913f79b61bc60f8f51327bb73b80391988fd277116b29e57df4242b2a2404,f8d36aa60152781137f95dbfa9948f72c3abcef991554fd7a05fa82a29511d2e,tile,"[0.0,0.0,360.0,360.0]",normalized_0_1000,CONTROLLED_SOURCE_IMAGE/ada_page_008_tile_r01_c01.png,OMITTED_RAW_MODEL_JSON/visual_logic_page_008_tile_r01_c01.json,extracted_unvalidated,page_008_tile_r01_c01__structure__S190_PAT,figure,Simplified overview of indications for β-cell replacement therapy,False,True,valid,,"structure: The image does not contain any drug actions or ordinal symbols.; structure: The decision tree structure is simplified, and the actual clinical guidelines may have more detailed criteria.; actions: The text 'Balancing surgical risk, metabolic need, and the choice of the i[...]' is truncated; the full phrase is not visible.; actions: The right-side box with bullet points ('Hyp...', etc.) is partially cut off and cannot be fully transcribed.; symbols: The flowchart does not contain any explicit clinical guideline evidence such as specific thresholds, logical alternatives (AND/OR), priority language, arrow direction, medication-class distinctions, or uncertainty. The text 'Balancing surgical risk, metabolic need, and the choice of the i[...]' is truncated, making it impossible to fully interpret its meaning in the context of a clinical guideline.",594cf05ea0aa8ac93c34a33f515fa3d05519d55a63928c1850d2b6403a0f73fb,594cf05ea0aa8ac93c34a33f515fa3d05519d55a63928c1850d2b6403a0f73fb,pending,,,,,False,N1,N3,,Living donor kidney → Islet after kidney,Living donor kidney → Islet after kidney,"[240.0,621.0,750.0,745.0]"
p008-page-008-tile-r01-c01::page-008-tile-r01-c01-structure-s190-pat::edge::edge-003,page_008_tile_r01_c01,8,CONTROLLED_SOURCE_PDF/ADA principles for pharmacologic therapy.pdf,7c2913f79b61bc60f8f51327bb73b80391988fd277116b29e57df4242b2a2404,f8d36aa60152781137f95dbfa9948f72c3abcef991554fd7a05fa82a29511d2e,tile,"[0.0,0.0,360.0,360.0]",normalized_0_1000,CONTROLLED_SOURCE_IMAGE/ada_page_008_tile_r01_c01.png,OMITTED_RAW_MODEL_JSON/visual_logic_page_008_tile_r01_c01.json,extracted_unvalidated,page_008_tile_r01_c01__structure__S190_PAT,figure,Simplified overview of indications for β-cell replacement therapy,False,True,valid,,"structure: The image does not contain any drug actions or ordinal symbols.; structure: The decision tree structure is simplified, and the actual clinical guidelines may have more detailed criteria.; actions: The text 'Balancing surgical risk, metabolic need, and the choice of the i[...]' is truncated; the full phrase is not visible.; actions: The right-side box with bullet points ('Hyp...', etc.) is partially cut off and cannot be fully transcribed.; symbols: The flowchart does not contain any explicit clinical guideline evidence such as specific thresholds, logical alternatives (AND/OR), priority language, arrow direction, medication-class distinctions, or uncertainty. The text 'Balancing surgical risk, metabolic need, and the choice of the i[...]' is truncated, making it impossible to fully interpret its meaning in the context of a clinical guideline.",b295736cfff25308e8fea49ccdd8ff4ceb0adb7c02db30b1615050870af59eb4,b295736cfff25308e8fea49ccdd8ff4ceb0adb7c02db30b1615050870af59eb4,pending,,,,,False,N1,N3,,Simultaneous transplantation → Simultaneous pancreas and kidney,Simultaneous transplantation → Simultaneous pancreas and kidney,"[240.0,621.0,750.0,745.0]"
p008-page-008-tile-r01-c01::page-008-tile-r01-c01-structure-s190-pat::edge::edge-004,page_008_tile_r01_c01,8,CONTROLLED_SOURCE_PDF/ADA principles for pharmacologic therapy.pdf,7c2913f79b61bc60f8f51327bb73b80391988fd277116b29e57df4242b2a2404,f8d36aa60152781137f95dbfa9948f72c3abcef991554fd7a05fa82a29511d2e,tile,"[0.0,0.0,360.0,360.0]",normalized_0_1000,CONTROLLED_SOURCE_IMAGE/ada_page_008_tile_r01_c01.png,OMITTED_RAW_MODEL_JSON/visual_logic_page_008_tile_r01_c01.json,extracted_unvalidated,page_008_tile_r01_c01__structure__S190_PAT,figure,Simplified overview of indications for β-cell replacement therapy,False,True,valid,,"structure: The image does not contain any drug actions or ordinal symbols.; structure: The decision tree structure is simplified, and the actual clinical guidelines may have more detailed criteria.; actions: The text 'Balancing surgical risk, metabolic need, and the choice of the i[...]' is truncated; the full phrase is not visible.; actions: The right-side box with bullet points ('Hyp...', etc.) is partially cut off and cannot be fully transcribed.; symbols: The flowchart does not contain any explicit clinical guideline evidence such as specific thresholds, logical alternatives (AND/OR), priority language, arrow direction, medication-class distinctions, or uncertainty. The text 'Balancing surgical risk, metabolic need, and the choice of the i[...]' is truncated, making it impossible to fully interpret its meaning in the context of a clinical guideline.",fb59703b7258bb7a7431c94783bcfa65860c2d3ad1e06e16ddbfb371ef7c7480,fb59703b7258bb7a7431c94783bcfa65860c2d3ad1e06e16ddbfb371ef7c7480,pending,,,,,False,N1,N3,,Simultaneous transplantation → Simultaneous islet and kidney,Simultaneous transplantation → Simultaneous islet and kidney,"[240.0,621.0,750.0,745.0]"
p008-page-008-tile-r01-c02::page-008-tile-r01-c02-structure-tile-001::edge::edge-001,page_008_tile_r01_c02,8,CONTROLLED_SOURCE_PDF/ADA principles for pharmacologic therapy.pdf,7c2913f79b61bc60f8f51327bb73b80391988fd277116b29e57df4242b2a2404,f4bfc917ddcedd9b5ec93c8f1b295b48a6c0d1dce4eaddf946ffabcac741a5eb,tile,"[233.972,0.0,593.972,360.0]",normalized_0_1000,CONTROLLED_SOURCE_IMAGE/ada_page_008_tile_r01_c02.png,OMITTED_RAW_MODEL_JSON/visual_logic_page_008_tile_r01_c02.json,extracted_unvalidated,page_008_tile_r01_c02__structure__tile_001,flowchart,Criteria for β-cell replacement therapy in people with type 1 diabetes,False,True,valid,,"structure: The flowchart contains a logical loop where 'Risk, metabolic need, and the choice of the individual with diabetes' feeds back into both 'Simultaneous islet and kidney' and the two single-organ transplant options. This may represent an iterative decision-making process rather than a linear path.; actions: The image does not contain explicit recommendation-strength words (e.g., 'strongly recommended', 'recommended') or specific medication classes/actions. The flowchart is a decision-making tool based on clinical criteria, not a detailed guideline with dosage logic or drug-specific instructions.; symbols: The image is partially cut off at the top left and bottom right, so some nodes or edges may be incomplete.; symbols: No explicit clinical guideline evidence (like 'Grade A' or 'Level of Evidence') is visible in this asset. The flowchart presents a decision pathway based on patient characteristics.",6a2356f1af1300ed7abec45c1628298dcfa7d10abfa21f8d4150ef5075a73514,6a2356f1af1300ed7abec45c1628298dcfa7d10abfa21f8d4150ef5075a73514,pending,,,,,False,node_001,node_002,,↓,Severe metabolic complications → Impaired kidney function,"[345.0,485.0,517.0,630.0]"
p008-page-008-tile-r01-c02::page-008-tile-r01-c02-structure-tile-001::edge::edge-002,page_008_tile_r01_c02,8,CONTROLLED_SOURCE_PDF/ADA principles for pharmacologic therapy.pdf,7c2913f79b61bc60f8f51327bb73b80391988fd277116b29e57df4242b2a2404,f4bfc917ddcedd9b5ec93c8f1b295b48a6c0d1dce4eaddf946ffabcac741a5eb,tile,"[233.972,0.0,593.972,360.0]",normalized_0_1000,CONTROLLED_SOURCE_IMAGE/ada_page_008_tile_r01_c02.png,OMITTED_RAW_MODEL_JSON/visual_logic_page_008_tile_r01_c02.json,extracted_unvalidated,page_008_tile_r01_c02__structure__tile_001,flowchart,Criteria for β-cell replacement therapy in people with type 1 diabetes,False,True,valid,,"structure: The flowchart contains a logical loop where 'Risk, metabolic need, and the choice of the individual with diabetes' feeds back into both 'Simultaneous islet and kidney' and the two single-organ transplant options. This may represent an iterative decision-making process rather than a linear path.; actions: The image does not contain explicit recommendation-strength words (e.g., 'strongly recommended', 'recommended') or specific medication classes/actions. The flowchart is a decision-making tool based on clinical criteria, not a detailed guideline with dosage logic or drug-specific instructions.; symbols: The image is partially cut off at the top left and bottom right, so some nodes or edges may be incomplete.; symbols: No explicit clinical guideline evidence (like 'Grade A' or 'Level of Evidence') is visible in this asset. The flowchart presents a decision pathway based on patient characteristics.",eebb95a5458672728bef1888e5e1770134b29cf6d71330a999d342ba98d44a19,eebb95a5458672728bef1888e5e1770134b29cf6d71330a999d342ba98d44a19,pending,,,,,False,node_001,node_003,,↓,Severe metabolic complications → Intact/stable kidney function,"[540.0,485.0,712.0,630.0]"
p008-page-008-tile-r01-c02::page-008-tile-r01-c02-structure-tile-001::edge::edge-003,page_008_tile_r01_c02,8,CONTROLLED_SOURCE_PDF/ADA principles for pharmacologic therapy.pdf,7c2913f79b61bc60f8f51327bb73b80391988fd277116b29e57df4242b2a2404,f4bfc917ddcedd9b5ec93c8f1b295b48a6c0d1dce4eaddf946ffabcac741a5eb,tile,"[233.972,0.0,593.972,360.0]",normalized_0_1000,CONTROLLED_SOURCE_IMAGE/ada_page_008_tile_r01_c02.png,OMITTED_RAW_MODEL_JSON/visual_logic_page_008_tile_r01_c02.json,extracted_unvalidated,page_008_tile_r01_c02__structure__tile_001,flowchart,Criteria for β-cell replacement therapy in people with type 1 diabetes,False,True,valid,,"structure: The flowchart contains a logical loop where 'Risk, metabolic need, and the choice of the individual with diabetes' feeds back into both 'Simultaneous islet and kidney' and the two single-organ transplant options. This may represent an iterative decision-making process rather than a linear path.; actions: The image does not contain explicit recommendation-strength words (e.g., 'strongly recommended', 'recommended') or specific medication classes/actions. The flowchart is a decision-making tool based on clinical criteria, not a detailed guideline with dosage logic or drug-specific instructions.; symbols: The image is partially cut off at the top left and bottom right, so some nodes or edges may be incomplete.; symbols: No explicit clinical guideline evidence (like 'Grade A' or 'Level of Evidence') is visible in this asset. The flowchart presents a decision pathway based on patient characteristics.",f12fe9c060303d814d6794c183daebe59335542d0c1218778c0346f1a8a8d729,f12fe9c060303d814d6794c183daebe59335542d0c1218778c0346f1a8a8d729,pending,,,,,False,node_002,node_004,,↓,"Impaired kidney function → Risk, metabolic need, and the choice of the individual with diabetes","[197.0,630.0,260.0,745.0]"
p008-page-008-tile-r01-c02::page-008-tile-r01-c02-structure-tile-001::edge::edge-004,page_008_tile_r01_c02,8,CONTROLLED_SOURCE_PDF/ADA principles for pharmacologic therapy.pdf,7c2913f79b61bc60f8f51327bb73b80391988fd277116b29e57df4242b2a2404,f4bfc917ddcedd9b5ec93c8f1b295b48a6c0d1dce4eaddf946ffabcac741a5eb,tile,"[233.972,0.0,593.972,360.0]",normalized_0_1000,CONTROLLED_SOURCE_IMAGE/ada_page_008_tile_r01_c02.png,OMITTED_RAW_MODEL_JSON/visual_logic_page_008_tile_r01_c02.json,extracted_unvalidated,page_008_tile_r01_c02__structure__tile_001,flowchart,Criteria for β-cell replacement therapy in people with type 1 diabetes,False,True,valid,,"structure: The flowchart contains a logical loop where 'Risk, metabolic need, and the choice of the individual with diabetes' feeds back into both 'Simultaneous islet and kidney' and the two single-organ transplant options. This may represent an iterative decision-making process rather than a linear path.; actions: The image does not contain explicit recommendation-strength words (e.g., 'strongly recommended', 'recommended') or specific medication classes/actions. The flowchart is a decision-making tool based on clinical criteria, not a detailed guideline with dosage logic or drug-specific instructions.; symbols: The image is partially cut off at the top left and bottom right, so some nodes or edges may be incomplete.; symbols: No explicit clinical guideline evidence (like 'Grade A' or 'Level of Evidence') is visible in this asset. The flowchart presents a decision pathway based on patient characteristics.",a03a15364dc6deb7ba37f35b972d42b87248694cf2af422f6f9eb764e80384d7,a03a15364dc6deb7ba37f35b972d42b87248694cf2af422f6f9eb764e80384d7,pending,,,,,False,node_003,node_004,,↓,"Intact/stable kidney function → Risk, metabolic need, and the choice of the individual with diabetes","[540.0,630.0,612.0,745.0]"
p008-page-008-tile-r01-c02::page-008-tile-r01-c02-structure-tile-001::edge::edge-005,page_008_tile_r01_c02,8,CONTROLLED_SOURCE_PDF/ADA principles for pharmacologic therapy.pdf,7c2913f79b61bc60f8f51327bb73b80391988fd277116b29e57df4242b2a2404,f4bfc917ddcedd9b5ec93c8f1b295b48a6c0d1dce4eaddf946ffabcac741a5eb,tile,"[233.972,0.0,593.972,360.0]",normalized_0_1000,CONTROLLED_SOURCE_IMAGE/ada_page_008_tile_r01_c02.png,OMITTED_RAW_MODEL_JSON/visual_logic_page_008_tile_r01_c02.json,extracted_unvalidated,page_008_tile_r01_c02__structure__tile_001,flowchart,Criteria for β-cell replacement therapy in people with type 1 diabetes,False,True,valid,,"structure: The flowchart contains a logical loop where 'Risk, metabolic need, and the choice of the individual with diabetes' feeds back into both 'Simultaneous islet and kidney' and the two single-organ transplant options. This may represent an iterative decision-making process rather than a linear path.; actions: The image does not contain explicit recommendation-strength words (e.g., 'strongly recommended', 'recommended') or specific medication classes/actions. The flowchart is a decision-making tool based on clinical criteria, not a detailed guideline with dosage logic or drug-specific instructions.; symbols: The image is partially cut off at the top left and bottom right, so some nodes or edges may be incomplete.; symbols: No explicit clinical guideline evidence (like 'Grade A' or 'Level of Evidence') is visible in this asset. The flowchart presents a decision pathway based on patient characteristics.",373c46c734ec46534bfb300617515ee5297db254619beff0fb1f5c52a6143c21,373c46c734ec46534bfb300617515ee5297db254619beff0fb1f5c52a6143c21,pending,,,,,False,node_004,node_002,,↓,"Risk, metabolic need, and the choice of the individual with diabetes → Simultaneous islet and kidney","[197.0,745.0,260.0,862.0]"
p008-page-008-tile-r01-c02::page-008-tile-r01-c02-structure-tile-001::edge::edge-006,page_008_tile_r01_c02,8,CONTROLLED_SOURCE_PDF/ADA principles for pharmacologic therapy.pdf,7c2913f79b61bc60f8f51327bb73b80391988fd277116b29e57df4242b2a2404,f4bfc917ddcedd9b5ec93c8f1b295b48a6c0d1dce4eaddf946ffabcac741a5eb,tile,"[233.972,0.0,593.972,360.0]",normalized_0_1000,CONTROLLED_SOURCE_IMAGE/ada_page_008_tile_r01_c02.png,OMITTED_RAW_MODEL_JSON/visual_logic_page_008_tile_r01_c02.json,extracted_unvalidated,page_008_tile_r01_c02__structure__tile_001,flowchart,Criteria for β-cell replacement therapy in people with type 1 diabetes,False,True,invalid,"duplicate edge record within item: ('node_004', 'node_003', '', '↓')","structure: The flowchart contains a logical loop where 'Risk, metabolic need, and the choice of the individual with diabetes' feeds back into both 'Simultaneous islet and kidney' and the two single-organ transplant options. This may represent an iterative decision-making process rather than a linear path.; actions: The image does not contain explicit recommendation-strength words (e.g., 'strongly recommended', 'recommended') or specific medication classes/actions. The flowchart is a decision-making tool based on clinical criteria, not a detailed guideline with dosage logic or drug-specific instructions.; symbols: The image is partially cut off at the top left and bottom right, so some nodes or edges may be incomplete.; symbols: No explicit clinical guideline evidence (like 'Grade A' or 'Level of Evidence') is visible in this asset. The flowchart presents a decision pathway based on patient characteristics.",5a253797fe99f5d305c543623943e39a90f4d58c837118444020421b69439fab,5a253797fe99f5d305c543623943e39a90f4d58c837118444020421b69439fab,pending,,,,,False,node_004,node_003,,↓,"Risk, metabolic need, and the choice of the individual with diabetes → Pancreas transplantation alone","[540.0,745.0,612.0,862.0]"
p008-page-008-tile-r01-c02::page-008-tile-r01-c02-structure-tile-001::edge::edge-007,page_008_tile_r01_c02,8,CONTROLLED_SOURCE_PDF/ADA principles for pharmacologic therapy.pdf,7c2913f79b61bc60f8f51327bb73b80391988fd277116b29e57df4242b2a2404,f4bfc917ddcedd9b5ec93c8f1b295b48a6c0d1dce4eaddf946ffabcac741a5eb,tile,"[233.972,0.0,593.972,360.0]",normalized_0_1000,CONTROLLED_SOURCE_IMAGE/ada_page_008_tile_r01_c02.png,OMITTED_RAW_MODEL_JSON/visual_logic_page_008_tile_r01_c02.json,extracted_unvalidated,page_008_tile_r01_c02__structure__tile_001,flowchart,Criteria for β-cell replacement therapy in people with type 1 diabetes,False,True,invalid,"duplicate edge record within item: ('node_004', 'node_003', '', '↓')","structure: The flowchart contains a logical loop where 'Risk, metabolic need, and the choice of the individual with diabetes' feeds back into both 'Simultaneous islet and kidney' and the two single-organ transplant options. This may represent an iterative decision-making process rather than a linear path.; actions: The image does not contain explicit recommendation-strength words (e.g., 'strongly recommended', 'recommended') or specific medication classes/actions. The flowchart is a decision-making tool based on clinical criteria, not a detailed guideline with dosage logic or drug-specific instructions.; symbols: The image is partially cut off at the top left and bottom right, so some nodes or edges may be incomplete.; symbols: No explicit clinical guideline evidence (like 'Grade A' or 'Level of Evidence') is visible in this asset. The flowchart presents a decision pathway based on patient characteristics.",0a9eb67b401ec15a90cff0df7f92d02cda4a12b1f91524299828d5c450b66fca,0a9eb67b401ec15a90cff0df7f92d02cda4a12b1f91524299828d5c450b66fca,pending,,,,,False,node_004,node_003,,↓,"Risk, metabolic need, and the choice of the individual with diabetes → Islet transplantation alone","[612.0,745.0,862.0,862.0]"
p008-page-008-tile-r02-c01::page-008-tile-r02-c01-structure-tile-0::edge::edge-001,page_008_tile_r02_c01,8,CONTROLLED_SOURCE_PDF/ADA principles for pharmacologic therapy.pdf,7c2913f79b61bc60f8f51327bb73b80391988fd277116b29e57df4242b2a2404,7d73b7359ee28796a403b6afed90822798659994625f62d99fe9bbd9a137de23,tile,"[0.0,288.0,360.0,648.0]",normalized_0_1000,CONTROLLED_SOURCE_IMAGE/ada_page_008_tile_r02_c01.png,OMITTED_RAW_MODEL_JSON/visual_logic_page_008_tile_r02_c01.json,extracted_unvalidated,page_008_tile_r02_c01__structure__tile_0,figure,Figure 9.3—Simplified overview of indications for β-cell replacement therapy in people with type 2 diabetes.,True,True,invalid,to_node endpoint 'node_2' does not resolve to a unique node in this item,"structure: No evidence text found for node_0; structure: No evidence text found for node_1; actions: The provided image does not contain any explicit clinical guideline evidence (recommendations with strength levels or specific drug actions) that can be extracted according to the requested schema. The visible text is primarily descriptive and refers to figures and tables, without providing actionable clinical guidance.; symbols: No evidence of clinical guideline evidence visible in this single image asset.",6b87acf387bc0b448d6f33d90988348ce3a8bdc51dfae12fc23183c1761eea82,6b87acf387bc0b448d6f33d90988348ce3a8bdc51dfae12fc23183c1761eea82,pending,,,,,False,node_0,node_2,,Pancreas after kidney,Figure 9.3—Simplified overview of indications for β-cell replacement therapy in people with type 2 diabetes.,"[160.0,78.0,485.0,180.0]"
p008-page-008-tile-r02-c01::page-008-tile-r02-c01-structure-tile-0::edge::edge-002,page_008_tile_r02_c01,8,CONTROLLED_SOURCE_PDF/ADA principles for pharmacologic therapy.pdf,7c2913f79b61bc60f8f51327bb73b80391988fd277116b29e57df4242b2a2404,7d73b7359ee28796a403b6afed90822798659994625f62d99fe9bbd9a137de23,tile,"[0.0,288.0,360.0,648.0]",normalized_0_1000,CONTROLLED_SOURCE_IMAGE/ada_page_008_tile_r02_c01.png,OMITTED_RAW_MODEL_JSON/visual_logic_page_008_tile_r02_c01.json,extracted_unvalidated,page_008_tile_r02_c01__structure__tile_0,figure,Figure 9.3—Simplified overview of indications for β-cell replacement therapy in people with type 2 diabetes.,True,True,invalid,to_node endpoint 'node_3' does not resolve to a unique node in this item,"structure: No evidence text found for node_0; structure: No evidence text found for node_1; actions: The provided image does not contain any explicit clinical guideline evidence (recommendations with strength levels or specific drug actions) that can be extracted according to the requested schema. The visible text is primarily descriptive and refers to figures and tables, without providing actionable clinical guidance.; symbols: No evidence of clinical guideline evidence visible in this single image asset.",f59d1fdf42d5df26cc7c93ce4727e6e764241d43d7a6e64ca58aa3921badbf2b,f59d1fdf42d5df26cc7c93ce4727e6e764241d43d7a6e64ca58aa3921badbf2b,pending,,,,,False,node_0,node_3,,Islet after kidney,Figure 9.3—Simplified overview of indications for β-cell replacement therapy in people with type 2 diabetes.,"[160.0,78.0,485.0,180.0]"
p008-page-008-tile-r02-c01::page-008-tile-r02-c01-structure-tile-0::edge::edge-003,page_008_tile_r02_c01,8,CONTROLLED_SOURCE_PDF/ADA principles for pharmacologic therapy.pdf,7c2913f79b61bc60f8f51327bb73b80391988fd277116b29e57df4242b2a2404,7d73b7359ee28796a403b6afed90822798659994625f62d99fe9bbd9a137de23,tile,"[0.0,288.0,360.0,648.0]",normalized_0_1000,CONTROLLED_SOURCE_IMAGE/ada_page_008_tile_r02_c01.png,OMITTED_RAW_MODEL_JSON/visual_logic_page_008_tile_r02_c01.json,extracted_unvalidated,page_008_tile_r02_c01__structure__tile_0,figure,Figure 9.3—Simplified overview of indications for β-cell replacement therapy in people with type 2 diabetes.,True,True,invalid,to_node endpoint 'node_4' does not resolve to a unique node in this item,"structure: No evidence text found for node_0; structure: No evidence text found for node_1; actions: The provided image does not contain any explicit clinical guideline evidence (recommendations with strength levels or specific drug actions) that can be extracted according to the requested schema. The visible text is primarily descriptive and refers to figures and tables, without providing actionable clinical guidance.; symbols: No evidence of clinical guideline evidence visible in this single image asset.",41f0751a54514b6a7283fc4108dba8912a0dfe37c7ae983ddb3d0449f70df0b5,41f0751a54514b6a7283fc4108dba8912a0dfe37c7ae983ddb3d0449f70df0b5,pending,,,,,False,node_1,node_4,,Simultaneous pancreas and kidney,Figure 9.3—Simplified overview of indications for β-cell replacement therapy in people with type 2 diabetes.,"[500.0,78.0,815.0,180.0]"
p008-page-008-tile-r02-c01::page-008-tile-r02-c01-structure-tile-0::edge::edge-004,page_008_tile_r02_c01,8,CONTROLLED_SOURCE_PDF/ADA principles for pharmacologic therapy.pdf,7c2913f79b61bc60f8f51327bb73b80391988fd277116b29e57df4242b2a2404,7d73b7359ee28796a403b6afed90822798659994625f62d99fe9bbd9a137de23,tile,"[0.0,288.0,360.0,648.0]",normalized_0_1000,CONTROLLED_SOURCE_IMAGE/ada_page_008_tile_r02_c01.png,OMITTED_RAW_MODEL_JSON/visual_logic_page_008_tile_r02_c01.json,extracted_unvalidated,page_008_tile_r02_c01__structure__tile_0,figure,Figure 9.3—Simplified overview of indications for β-cell replacement therapy in people with type 2 diabetes.,True,True,invalid,to_node endpoint 'node_5' does not resolve to a unique node in this item,"structure: No evidence text found for node_0; structure: No evidence text found for node_1; actions: The provided image does not contain any explicit clinical guideline evidence (recommendations with strength levels or specific drug actions) that can be extracted according to the requested schema. The visible text is primarily descriptive and refers to figures and tables, without providing actionable clinical guidance.; symbols: No evidence of clinical guideline evidence visible in this single image asset.",af9181fa8cc83b4754605b9d754f063ca9a5031bba4d78f5d1b1af6df7e89dbb,af9181fa8cc83b4754605b9d754f063ca9a5031bba4d78f5d1b1af6df7e89dbb,pending,,,,,False,node_1,node_5,,Simultaneous islet and kidney,Figure 9.3—Simplified overview of indications for β-cell replacement therapy in people with type 2 diabetes.,"[500.0,78.0,815.0,180.0]"
p008-page-008-tile-r02-c02::page-008-tile-r02-c02-structure-tile-001::edge::edge-001,page_008_tile_r02_c02,8,CONTROLLED_SOURCE_PDF/ADA principles for pharmacologic therapy.pdf,7c2913f79b61bc60f8f51327bb73b80391988fd277116b29e57df4242b2a2404,ace732a4bfd77fb98fd4a927e34f9aa0eb9305a2fe1f8afb54d93dc67f496f70,tile,"[233.972,288.0,593.972,648.0]",normalized_0_1000,CONTROLLED_SOURCE_IMAGE/ada_page_008_tile_r02_c02.png,OMITTED_RAW_MODEL_JSON/visual_logic_page_008_tile_r02_c02.json,extracted_unvalidated,page_008_tile_r02_c02__structure__tile_001,figure,β-cell replacement therapy in people with type 1 diabetes.,True,True,invalid,to_node endpoint 'node_002' does not resolve to a unique node in this item,"structure: The figure's text mentions 'GFR, glomerular filtration rate.' but this is not a clinical guideline evidence item; it may be part of the definition or footnote.; structure: The decision nodes are derived from visible text in the figure. The exact thresholds and logical alternatives (AND/OR) are not explicitly shown in the image.; actions: No explicit recommendation-strength word visible; using empty strength string.; actions: No drug_actions or symbols_or_footnotes explicitly visible in this tile section.; symbols: No evidence found for clinical guideline evidence in this single image asset.; symbols: Asset ID: page_008_tile_r02_c02. PDF page: 8. Asset type: tile. Source-page bounding box: ['233.972', '288.0', '593.972', '648.0']. Preserve exact thresholds, logical alternatives (AND/OR), priority language, arrow direction, medication-class distinctions, and uncertainty. Do not turn alternatives into separate mandatory recommendations. Extract special symbols and their exact local evidence. A single leading '+' in a flowchart label such as '+HF' or '+CKD' uses symbol_type=presence_marker, symbol_role=presence_marker, symbol_count=1, ordinal_level=unknown, and direction=not_applicable; it is not an ordinal score. Only repeated '+' or '$' scales use symbol_role=ordinal_scale. Populate symbols_or_footnotes and ordinal_symbols; leave nodes, edges, and actions empty. Return only data matching the supplied JSON Schema.",564a3354f4e702ba64a54325dd70522851ed05c60c16b686801ef99966d71a18,564a3354f4e702ba64a54325dd70522851ed05c60c16b686801ef99966d71a18,pending,,,,,False,node_001,node_002,,"β-cell replacement therapy can be combined with kidney transplantation, which may be performed simultaneously or after kidney transplantation.","β-cell replacement therapy can be combined with kidney transplantation, which may be performed simultaneously or after kidney transplantation.","[0.0,288.0,593.972,648.0]"
p008-page-008-tile-r02-c02::page-008-tile-r02-c02-structure-tile-001::edge::edge-002,page_008_tile_r02_c02,8,CONTROLLED_SOURCE_PDF/ADA principles for pharmacologic therapy.pdf,7c2913f79b61bc60f8f51327bb73b80391988fd277116b29e57df4242b2a2404,ace732a4bfd77fb98fd4a927e34f9aa0eb9305a2fe1f8afb54d93dc67f496f70,tile,"[233.972,288.0,593.972,648.0]",normalized_0_1000,CONTROLLED_SOURCE_IMAGE/ada_page_008_tile_r02_c02.png,OMITTED_RAW_MODEL_JSON/visual_logic_page_008_tile_r02_c02.json,extracted_unvalidated,page_008_tile_r02_c02__structure__tile_001,figure,β-cell replacement therapy in people with type 1 diabetes.,True,True,invalid,to_node endpoint 'node_003' does not resolve to a unique node in this item,"structure: The figure's text mentions 'GFR, glomerular filtration rate.' but this is not a clinical guideline evidence item; it may be part of the definition or footnote.; structure: The decision nodes are derived from visible text in the figure. The exact thresholds and logical alternatives (AND/OR) are not explicitly shown in the image.; actions: No explicit recommendation-strength word visible; using empty strength string.; actions: No drug_actions or symbols_or_footnotes explicitly visible in this tile section.; symbols: No evidence found for clinical guideline evidence in this single image asset.; symbols: Asset ID: page_008_tile_r02_c02. PDF page: 8. Asset type: tile. Source-page bounding box: ['233.972', '288.0', '593.972', '648.0']. Preserve exact thresholds, logical alternatives (AND/OR), priority language, arrow direction, medication-class distinctions, and uncertainty. Do not turn alternatives into separate mandatory recommendations. Extract special symbols and their exact local evidence. A single leading '+' in a flowchart label such as '+HF' or '+CKD' uses symbol_type=presence_marker, symbol_role=presence_marker, symbol_count=1, ordinal_level=unknown, and direction=not_applicable; it is not an ordinal score. Only repeated '+' or '$' scales use symbol_role=ordinal_scale. Populate symbols_or_footnotes and ordinal_symbols; leave nodes, edges, and actions empty. Return only data matching the supplied JSON Schema.",7b4a6fe35eea50cd8f7f9cf8c69f6623896a589674bec397f35c566c193c4eb5,7b4a6fe35eea50cd8f7f9cf8c69f6623896a589674bec397f35c566c193c4eb5,pending,,,,,False,node_001,node_003,,"All decisions about β-cell replacement therapy are based on metabolic need, and the choices of the individual with diabetes.","All decisions about β-cell replacement therapy are based on metabolic need, and the choices of the individual with diabetes. GFR, glomerular filtration rate.","[0.0,288.0,593.972,648.0]"
p008-page-008-tile-r03-c02::page-008-tile-r03-c02-structure-tile-001::edge::edge-001,page_008_tile_r03_c02,8,CONTROLLED_SOURCE_PDF/ADA principles for pharmacologic therapy.pdf,7c2913f79b61bc60f8f51327bb73b80391988fd277116b29e57df4242b2a2404,6ff8b0fe2f77a5a8cd8c8358ed249e5a2082215e86b5279494e616364e00fdc7,tile,"[233.972,422.986,593.972,782.986]",normalized_0_1000,CONTROLLED_SOURCE_IMAGE/ada_page_008_tile_r03_c02.png,OMITTED_RAW_MODEL_JSON/visual_logic_page_008_tile_r03_c02.json,extracted_unvalidated,page_008_tile_r03_c02__structure__tile_001,region,Figure 9.3,True,True,invalid,to_node is required,"symbols: No visible arrows, decision nodes, or drug actions were detected in the provided image asset.; visual item title derived from manifest figure_ids/table_ids",3a60eba26bf8a780262585f88fb5172fc96b84f53283ea913bd36930f2ae42e5,3a60eba26bf8a780262585f88fb5172fc96b84f53283ea913bd36930f2ae42e5,pending,,,,,False,node_001,,an SGLT2 inhibitor is recommended for both glycemic management and prevention of HF hospitalizations,,"9.8 In adults with type 2 diabetes who have heart failure (HF) (with either reduced or preserved ejection fraction), an SGLT2 inhibitor is recommended for both glycemic management and prevention of HF hospitalizations (irrespective of A1C) (Fig. 9.4). A","[0.0,0.0,387.0,156.0]"
p009-page-009-tile-r01-c01::page-009-tile-r01-c01-structure-tile-001::edge::edge-001,page_009_tile_r01_c01,9,CONTROLLED_SOURCE_PDF/ADA principles for pharmacologic therapy.pdf,7c2913f79b61bc60f8f51327bb73b80391988fd277116b29e57df4242b2a2404,23e55292fd35e93be8252d9109129584a161ccdce0f466df0c737432e53bc23e,tile,"[0.0,0.0,360.0,360.0]",normalized_0_1000,CONTROLLED_SOURCE_IMAGE/ada_page_009_tile_r01_c01.png,OMITTED_RAW_MODEL_JSON/visual_logic_page_009_tile_r01_c01.json,extracted_unvalidated,page_009_tile_r01_c01__structure__tile_001,flowchart,Use of glucose-lowering medications in the management...,False,True,valid,,"structure: The flowchart contains conditional branching based on patient characteristics and medication classes. The exact thresholds for eGFR are provided in the text boxes.; structure: Some nodes have multiple conditions or actions, which are represented as separate branches within the same node (e.g., SGLT2i with proven HF benefit can lead to dual GIP/GLP-1 RA or GLP-1 RA if symptomatic HFpEF and obesity).; structure: The flowchart does not explicitly state all possible medication combinations for each condition, but it provides clear guidance based on evidence.; actions: The image contains a flowchart that may not be fully visible due to cropping; some nodes might be cut off.; actions: Some text in the flowchart may be partially obscured or truncated, requiring manual review for complete accuracy.; symbols: The flowchart contains multiple decision points based on presence markers. These are not ordinal scales but rather indicators of condition presence.; symbols: Some nodes may have additional text or arrows that are not fully captured in the extracted data due to boundary constraints.",ad2af89ab3eb55ad5931dc8f2b404a1e54152f848a19c1c832e10eb740133554,ad2af89ab3eb55ad5931dc8f2b404a1e54152f848a19c1c832e10eb740133554,pending,,,,,False,goal_node,+ASCVD_node,,↓,Goal: cardiovascular and kidney risk reduction* → +ASCVD+,"[143.0,536.0,307.0,590.0]"
p009-page-009-tile-r01-c01::page-009-tile-r01-c01-structure-tile-001::edge::edge-002,page_009_tile_r01_c01,9,CONTROLLED_SOURCE_PDF/ADA principles for pharmacologic therapy.pdf,7c2913f79b61bc60f8f51327bb73b80391988fd277116b29e57df4242b2a2404,23e55292fd35e93be8252d9109129584a161ccdce0f466df0c737432e53bc23e,tile,"[0.0,0.0,360.0,360.0]",normalized_0_1000,CONTROLLED_SOURCE_IMAGE/ada_page_009_tile_r01_c01.png,OMITTED_RAW_MODEL_JSON/visual_logic_page_009_tile_r01_c01.json,extracted_unvalidated,page_009_tile_r01_c01__structure__tile_001,flowchart,Use of glucose-lowering medications in the management...,False,True,valid,,"structure: The flowchart contains conditional branching based on patient characteristics and medication classes. The exact thresholds for eGFR are provided in the text boxes.; structure: Some nodes have multiple conditions or actions, which are represented as separate branches within the same node (e.g., SGLT2i with proven HF benefit can lead to dual GIP/GLP-1 RA or GLP-1 RA if symptomatic HFpEF and obesity).; structure: The flowchart does not explicitly state all possible medication combinations for each condition, but it provides clear guidance based on evidence.; actions: The image contains a flowchart that may not be fully visible due to cropping; some nodes might be cut off.; actions: Some text in the flowchart may be partially obscured or truncated, requiring manual review for complete accuracy.; symbols: The flowchart contains multiple decision points based on presence markers. These are not ordinal scales but rather indicators of condition presence.; symbols: Some nodes may have additional text or arrows that are not fully captured in the extracted data due to boundary constraints.",cce18376c48b1ec67cda64cf387f676ca40b0035f149f16cb98ddcd0f5b59f5d,cce18376c48b1ec67cda64cf387f676ca40b0035f149f16cb98ddcd0f5b59f5d,pending,,,,,False,goal_node,+high_CVD_risk_node,,↓,Goal: cardiovascular and kidney risk reduction* → +Indicators of high CVD risk,"[320.0,536.0,486.0,590.0]"
p009-page-009-tile-r01-c01::page-009-tile-r01-c01-structure-tile-001::edge::edge-003,page_009_tile_r01_c01,9,CONTROLLED_SOURCE_PDF/ADA principles for pharmacologic therapy.pdf,7c2913f79b61bc60f8f51327bb73b80391988fd277116b29e57df4242b2a2404,23e55292fd35e93be8252d9109129584a161ccdce0f466df0c737432e53bc23e,tile,"[0.0,0.0,360.0,360.0]",normalized_0_1000,CONTROLLED_SOURCE_IMAGE/ada_page_009_tile_r01_c01.png,OMITTED_RAW_MODEL_JSON/visual_logic_page_009_tile_r01_c01.json,extracted_unvalidated,page_009_tile_r01_c01__structure__tile_001,flowchart,Use of glucose-lowering medications in the management...,False,True,valid,,"structure: The flowchart contains conditional branching based on patient characteristics and medication classes. The exact thresholds for eGFR are provided in the text boxes.; structure: Some nodes have multiple conditions or actions, which are represented as separate branches within the same node (e.g., SGLT2i with proven HF benefit can lead to dual GIP/GLP-1 RA or GLP-1 RA if symptomatic HFpEF and obesity).; structure: The flowchart does not explicitly state all possible medication combinations for each condition, but it provides clear guidance based on evidence.; actions: The image contains a flowchart that may not be fully visible due to cropping; some nodes might be cut off.; actions: Some text in the flowchart may be partially obscured or truncated, requiring manual review for complete accuracy.; symbols: The flowchart contains multiple decision points based on presence markers. These are not ordinal scales but rather indicators of condition presence.; symbols: Some nodes may have additional text or arrows that are not fully captured in the extracted data due to boundary constraints.",22d9431ef0f929c36824cb784a87532b0d1faf63f5570bb357fae1b03647453b,22d9431ef0f929c36824cb784a87532b0d1faf63f5570bb357fae1b03647453b,pending,,,,,False,goal_node,+HF_node,,↓,Goal: cardiovascular and kidney risk reduction* → +HF,"[501.0,536.0,673.0,590.0]"
p009-page-009-tile-r01-c01::page-009-tile-r01-c01-structure-tile-001::edge::edge-004,page_009_tile_r01_c01,9,CONTROLLED_SOURCE_PDF/ADA principles for pharmacologic therapy.pdf,7c2913f79b61bc60f8f51327bb73b80391988fd277116b29e57df4242b2a2404,23e55292fd35e93be8252d9109129584a161ccdce0f466df0c737432e53bc23e,tile,"[0.0,0.0,360.0,360.0]",normalized_0_1000,CONTROLLED_SOURCE_IMAGE/ada_page_009_tile_r01_c01.png,OMITTED_RAW_MODEL_JSON/visual_logic_page_009_tile_r01_c01.json,extracted_unvalidated,page_009_tile_r01_c01__structure__tile_001,flowchart,Use of glucose-lowering medications in the management...,False,True,valid,,"structure: The flowchart contains conditional branching based on patient characteristics and medication classes. The exact thresholds for eGFR are provided in the text boxes.; structure: Some nodes have multiple conditions or actions, which are represented as separate branches within the same node (e.g., SGLT2i with proven HF benefit can lead to dual GIP/GLP-1 RA or GLP-1 RA if symptomatic HFpEF and obesity).; structure: The flowchart does not explicitly state all possible medication combinations for each condition, but it provides clear guidance based on evidence.; actions: The image contains a flowchart that may not be fully visible due to cropping; some nodes might be cut off.; actions: Some text in the flowchart may be partially obscured or truncated, requiring manual review for complete accuracy.; symbols: The flowchart contains multiple decision points based on presence markers. These are not ordinal scales but rather indicators of condition presence.; symbols: Some nodes may have additional text or arrows that are not fully captured in the extracted data due to boundary constraints.",3e67b56deecfdb75e781abe26b8c4d503501c790f245f5c9a0ce70c1980c82f3,3e67b56deecfdb75e781abe26b8c4d503501c790f245f5c9a0ce70c1980c82f3,pending,,,,,False,goal_node,+CKD_node,,↓,Goal: cardiovascular and kidney risk reduction* → +CKD eGFR <60 mL/min/1.73 m² or albuminuria (ACR ≥3.0 mg/mmol [30 mg/g]). Repeat measurement is required to confirm CKD,"[689.0,536.0,980.0,590.0]"
p009-page-009-tile-r01-c01::page-009-tile-r01-c01-structure-tile-001::edge::edge-005,page_009_tile_r01_c01,9,CONTROLLED_SOURCE_PDF/ADA principles for pharmacologic therapy.pdf,7c2913f79b61bc60f8f51327bb73b80391988fd277116b29e57df4242b2a2404,23e55292fd35e93be8252d9109129584a161ccdce0f466df0c737432e53bc23e,tile,"[0.0,0.0,360.0,360.0]",normalized_0_1000,CONTROLLED_SOURCE_IMAGE/ada_page_009_tile_r01_c01.png,OMITTED_RAW_MODEL_JSON/visual_logic_page_009_tile_r01_c01.json,extracted_unvalidated,page_009_tile_r01_c01__structure__tile_001,flowchart,Use of glucose-lowering medications in the management...,False,True,valid,,"structure: The flowchart contains conditional branching based on patient characteristics and medication classes. The exact thresholds for eGFR are provided in the text boxes.; structure: Some nodes have multiple conditions or actions, which are represented as separate branches within the same node (e.g., SGLT2i with proven HF benefit can lead to dual GIP/GLP-1 RA or GLP-1 RA if symptomatic HFpEF and obesity).; structure: The flowchart does not explicitly state all possible medication combinations for each condition, but it provides clear guidance based on evidence.; actions: The image contains a flowchart that may not be fully visible due to cropping; some nodes might be cut off.; actions: Some text in the flowchart may be partially obscured or truncated, requiring manual review for complete accuracy.; symbols: The flowchart contains multiple decision points based on presence markers. These are not ordinal scales but rather indicators of condition presence.; symbols: Some nodes may have additional text or arrows that are not fully captured in the extracted data due to boundary constraints.",511477d0e383d74f64bdf83bf52e0c34b0ff8593440f6c4ed0f8f27f4cd5a3b9,511477d0e383d74f64bdf83bf52e0c34b0ff8593440f6c4ed0f8f27f4cd5a3b9,pending,,,,,False,+ASCVD_node,+ASCVD_high_CVD_risk_node,,↓,+ASCVD+ → +ASCVD/indicators of high CVD risk*,"[143.0,652.0,307.0,698.0]"
p009-page-009-tile-r01-c01::page-009-tile-r01-c01-structure-tile-001::edge::edge-006,page_009_tile_r01_c01,9,CONTROLLED_SOURCE_PDF/ADA principles for pharmacologic therapy.pdf,7c2913f79b61bc60f8f51327bb73b80391988fd277116b29e57df4242b2a2404,23e55292fd35e93be8252d9109129584a161ccdce0f466df0c737432e53bc23e,tile,"[0.0,0.0,360.0,360.0]",normalized_0_1000,CONTROLLED_SOURCE_IMAGE/ada_page_009_tile_r01_c01.png,OMITTED_RAW_MODEL_JSON/visual_logic_page_009_tile_r01_c01.json,extracted_unvalidated,page_009_tile_r01_c01__structure__tile_001,flowchart,Use of glucose-lowering medications in the management...,False,True,valid,,"structure: The flowchart contains conditional branching based on patient characteristics and medication classes. The exact thresholds for eGFR are provided in the text boxes.; structure: Some nodes have multiple conditions or actions, which are represented as separate branches within the same node (e.g., SGLT2i with proven HF benefit can lead to dual GIP/GLP-1 RA or GLP-1 RA if symptomatic HFpEF and obesity).; structure: The flowchart does not explicitly state all possible medication combinations for each condition, but it provides clear guidance based on evidence.; actions: The image contains a flowchart that may not be fully visible due to cropping; some nodes might be cut off.; actions: Some text in the flowchart may be partially obscured or truncated, requiring manual review for complete accuracy.; symbols: The flowchart contains multiple decision points based on presence markers. These are not ordinal scales but rather indicators of condition presence.; symbols: Some nodes may have additional text or arrows that are not fully captured in the extracted data due to boundary constraints.",6a67a09207ec42f8c9eaa3b774bdf5096ede9949a859741d4492e8f983389b23,6a67a09207ec42f8c9eaa3b774bdf5096ede9949a859741d4492e8f983389b23,pending,,,,,False,+high_CVD_risk_node,+ASCVD_high_CVD_risk_node,,↓,+Indicators of high CVD risk → +ASCVD/indicators of high CVD risk*,"[320.0,652.0,486.0,698.0]"
p009-page-009-tile-r01-c01::page-009-tile-r01-c01-structure-tile-001::edge::edge-007,page_009_tile_r01_c01,9,CONTROLLED_SOURCE_PDF/ADA principles for pharmacologic therapy.pdf,7c2913f79b61bc60f8f51327bb73b80391988fd277116b29e57df4242b2a2404,23e55292fd35e93be8252d9109129584a161ccdce0f466df0c737432e53bc23e,tile,"[0.0,0.0,360.0,360.0]",normalized_0_1000,CONTROLLED_SOURCE_IMAGE/ada_page_009_tile_r01_c01.png,OMITTED_RAW_MODEL_JSON/visual_logic_page_009_tile_r01_c01.json,extracted_unvalidated,page_009_tile_r01_c01__structure__tile_001,flowchart,Use of glucose-lowering medications in the management...,False,True,valid,,"structure: The flowchart contains conditional branching based on patient characteristics and medication classes. The exact thresholds for eGFR are provided in the text boxes.; structure: Some nodes have multiple conditions or actions, which are represented as separate branches within the same node (e.g., SGLT2i with proven HF benefit can lead to dual GIP/GLP-1 RA or GLP-1 RA if symptomatic HFpEF and obesity).; structure: The flowchart does not explicitly state all possible medication combinations for each condition, but it provides clear guidance based on evidence.; actions: The image contains a flowchart that may not be fully visible due to cropping; some nodes might be cut off.; actions: Some text in the flowchart may be partially obscured or truncated, requiring manual review for complete accuracy.; symbols: The flowchart contains multiple decision points based on presence markers. These are not ordinal scales but rather indicators of condition presence.; symbols: Some nodes may have additional text or arrows that are not fully captured in the extracted data due to boundary constraints.",4bd5a3db4312280e5a75880cbf214c5ce64f195dff4961cd1b0acf0bc1b91de0,4bd5a3db4312280e5a75880cbf214c5ce64f195dff4961cd1b0acf0bc1b91de0,pending,,,,,False,+HF_node,SGLT2i_with_HF_node,,↓,+HF → SGLT2i with proven HF benefit in current or prior symptoms of HFrEF or HFpEF,"[501.0,652.0,673.0,698.0]"
p009-page-009-tile-r01-c01::page-009-tile-r01-c01-structure-tile-001::edge::edge-008,page_009_tile_r01_c01,9,CONTROLLED_SOURCE_PDF/ADA principles for pharmacologic therapy.pdf,7c2913f79b61bc60f8f51327bb73b80391988fd277116b29e57df4242b2a2404,23e55292fd35e93be8252d9109129584a161ccdce0f466df0c737432e53bc23e,tile,"[0.0,0.0,360.0,360.0]",normalized_0_1000,CONTROLLED_SOURCE_IMAGE/ada_page_009_tile_r01_c01.png,OMITTED_RAW_MODEL_JSON/visual_logic_page_009_tile_r01_c01.json,extracted_unvalidated,page_009_tile_r01_c01__structure__tile_001,flowchart,Use of glucose-lowering medications in the management...,False,True,valid,,"structure: The flowchart contains conditional branching based on patient characteristics and medication classes. The exact thresholds for eGFR are provided in the text boxes.; structure: Some nodes have multiple conditions or actions, which are represented as separate branches within the same node (e.g., SGLT2i with proven HF benefit can lead to dual GIP/GLP-1 RA or GLP-1 RA if symptomatic HFpEF and obesity).; structure: The flowchart does not explicitly state all possible medication combinations for each condition, but it provides clear guidance based on evidence.; actions: The image contains a flowchart that may not be fully visible due to cropping; some nodes might be cut off.; actions: Some text in the flowchart may be partially obscured or truncated, requiring manual review for complete accuracy.; symbols: The flowchart contains multiple decision points based on presence markers. These are not ordinal scales but rather indicators of condition presence.; symbols: Some nodes may have additional text or arrows that are not fully captured in the extracted data due to boundary constraints.",af909deb6acb25b69d122389ee819c3a90cc3c7c76d9479d8ac74571e67a8f70,af909deb6acb25b69d122389ee819c3a90cc3c7c76d9479d8ac74571e67a8f70,pending,,,,,False,+CKD_node,+CKD_on_max_tolerated_node,,↓,+CKD eGFR <60 mL/min/1.73 m² or albuminuria (ACR ≥3.0 mg/mmol [30 mg/g]). Repeat measurement is required to confirm CKD → +CKD (on maximally tolerated dose of ACEi or ARB),"[689.0,698.0,980.0,754.0]"
p009-page-009-tile-r01-c01::page-009-tile-r01-c01-structure-tile-001::edge::edge-009,page_009_tile_r01_c01,9,CONTROLLED_SOURCE_PDF/ADA principles for pharmacologic therapy.pdf,7c2913f79b61bc60f8f51327bb73b80391988fd277116b29e57df4242b2a2404,23e55292fd35e93be8252d9109129584a161ccdce0f466df0c737432e53bc23e,tile,"[0.0,0.0,360.0,360.0]",normalized_0_1000,CONTROLLED_SOURCE_IMAGE/ada_page_009_tile_r01_c01.png,OMITTED_RAW_MODEL_JSON/visual_logic_page_009_tile_r01_c01.json,extracted_unvalidated,page_009_tile_r01_c01__structure__tile_001,flowchart,Use of glucose-lowering medications in the management...,False,True,valid,,"structure: The flowchart contains conditional branching based on patient characteristics and medication classes. The exact thresholds for eGFR are provided in the text boxes.; structure: Some nodes have multiple conditions or actions, which are represented as separate branches within the same node (e.g., SGLT2i with proven HF benefit can lead to dual GIP/GLP-1 RA or GLP-1 RA if symptomatic HFpEF and obesity).; structure: The flowchart does not explicitly state all possible medication combinations for each condition, but it provides clear guidance based on evidence.; actions: The image contains a flowchart that may not be fully visible due to cropping; some nodes might be cut off.; actions: Some text in the flowchart may be partially obscured or truncated, requiring manual review for complete accuracy.; symbols: The flowchart contains multiple decision points based on presence markers. These are not ordinal scales but rather indicators of condition presence.; symbols: Some nodes may have additional text or arrows that are not fully captured in the extracted data due to boundary constraints.",d44513735c138bdc8a41aecf3501dde5bc01f4b1741c633a5d0c5f1541d073b4,d44513735c138bdc8a41aecf3501dde5bc01f4b1741c633a5d0c5f1541d073b4,pending,,,,,False,+ASCVD_high_CVD_risk_node,if_glycemia_above_goal_node,,↓,+ASCVD/indicators of high CVD risk* → If glycemia is above goal,"[143.0,842.0,501.0,890.0]"
p009-page-009-tile-r01-c01::page-009-tile-r01-c01-structure-tile-001::edge::edge-010,page_009_tile_r01_c01,9,CONTROLLED_SOURCE_PDF/ADA principles for pharmacologic therapy.pdf,7c2913f79b61bc60f8f51327bb73b80391988fd277116b29e57df4242b2a2404,23e55292fd35e93be8252d9109129584a161ccdce0f466df0c737432e53bc23e,tile,"[0.0,0.0,360.0,360.0]",normalized_0_1000,CONTROLLED_SOURCE_IMAGE/ada_page_009_tile_r01_c01.png,OMITTED_RAW_MODEL_JSON/visual_logic_page_009_tile_r01_c01.json,extracted_unvalidated,page_009_tile_r01_c01__structure__tile_001,flowchart,Use of glucose-lowering medications in the management...,False,True,valid,,"structure: The flowchart contains conditional branching based on patient characteristics and medication classes. The exact thresholds for eGFR are provided in the text boxes.; structure: Some nodes have multiple conditions or actions, which are represented as separate branches within the same node (e.g., SGLT2i with proven HF benefit can lead to dual GIP/GLP-1 RA or GLP-1 RA if symptomatic HFpEF and obesity).; structure: The flowchart does not explicitly state all possible medication combinations for each condition, but it provides clear guidance based on evidence.; actions: The image contains a flowchart that may not be fully visible due to cropping; some nodes might be cut off.; actions: Some text in the flowchart may be partially obscured or truncated, requiring manual review for complete accuracy.; symbols: The flowchart contains multiple decision points based on presence markers. These are not ordinal scales but rather indicators of condition presence.; symbols: Some nodes may have additional text or arrows that are not fully captured in the extracted data due to boundary constraints.",6534b22c45c826591af3ea40448c557fe89fdeaa858e27f988c28ecdd97be4e7,6534b22c45c826591af3ea40448c557fe89fdeaa858e27f988c28ecdd97be4e7,pending,,,,,False,SGLT2i_with_HF_node,SGLT2i_and_or_dual_GIP_node,,↓,SGLT2i with proven HF benefit in current or prior symptoms of HFrEF or HFpEF → SGLT2i and/or either dual GIP/GLP-1 RA or GLP-1 RA with proven benefit in symptomatic HFpEF and obesity,"[501.0,842.0,673.0,890.0]"
p009-page-009-tile-r01-c01::page-009-tile-r01-c01-structure-tile-001::edge::edge-011,page_009_tile_r01_c01,9,CONTROLLED_SOURCE_PDF/ADA principles for pharmacologic therapy.pdf,7c2913f79b61bc60f8f51327bb73b80391988fd277116b29e57df4242b2a2404,23e55292fd35e93be8252d9109129584a161ccdce0f466df0c737432e53bc23e,tile,"[0.0,0.0,360.0,360.0]",normalized_0_1000,CONTROLLED_SOURCE_IMAGE/ada_page_009_tile_r01_c01.png,OMITTED_RAW_MODEL_JSON/visual_logic_page_009_tile_r01_c01.json,extracted_unvalidated,page_009_tile_r01_c01__structure__tile_001,flowchart,Use of glucose-lowering medications in the management...,False,True,valid,,"structure: The flowchart contains conditional branching based on patient characteristics and medication classes. The exact thresholds for eGFR are provided in the text boxes.; structure: Some nodes have multiple conditions or actions, which are represented as separate branches within the same node (e.g., SGLT2i with proven HF benefit can lead to dual GIP/GLP-1 RA or GLP-1 RA if symptomatic HFpEF and obesity).; structure: The flowchart does not explicitly state all possible medication combinations for each condition, but it provides clear guidance based on evidence.; actions: The image contains a flowchart that may not be fully visible due to cropping; some nodes might be cut off.; actions: Some text in the flowchart may be partially obscured or truncated, requiring manual review for complete accuracy.; symbols: The flowchart contains multiple decision points based on presence markers. These are not ordinal scales but rather indicators of condition presence.; symbols: Some nodes may have additional text or arrows that are not fully captured in the extracted data due to boundary constraints.",31c73c0567f998ee7b78cdad6c3800dd31286b06421623341bcce97a2cda4a3c,31c73c0567f998ee7b78cdad6c3800dd31286b06421623341bcce97a2cda4a3c,pending,,,,,False,+CKD_on_max_tolerated_node,SGLT2i_with_CKD_progression_node,,↓,+CKD (on maximally tolerated dose of ACEi or ARB) → SGLT2i with primary evidence of reducing CKD progression,"[689.0,831.0,980.0,842.0]"
p009-page-009-tile-r01-c02::page-009-tile-r01-c02-structure-tile-r01-c02::edge::edge-001,page_009_tile_r01_c02,9,CONTROLLED_SOURCE_PDF/ADA principles for pharmacologic therapy.pdf,7c2913f79b61bc60f8f51327bb73b80391988fd277116b29e57df4242b2a2404,ac9895088166584c4f4d973a5590b2d315454f82a669fd42fc3648381d58b5a1,tile,"[233.972,0.0,593.972,360.0]",normalized_0_1000,CONTROLLED_SOURCE_IMAGE/ada_page_009_tile_r01_c02.png,OMITTED_RAW_MODEL_JSON/visual_logic_page_009_tile_r01_c02.json,extracted_unvalidated,page_009_tile_r01_c02__structure__tile_r01_c02,flowchart,Medications in the management of type 2 diabetes,True,True,valid,,"structure: The flowchart contains multiple decision nodes with branching paths that may require manual review to ensure accurate interpretation of clinical guidelines.; structure: Some evidence text is truncated or partially obscured in the image, which may affect complete accuracy of extracted information.; actions: The image is a flowchart with multiple decision points and arrows. Some relationships may cross tile boundaries, requiring manual review for accuracy.; actions: Some text in the image is partially cut off or obscured, which may affect the completeness of extracted information.; symbols: The image is a flowchart with multiple pathways, but the requested extraction focuses only on clinical guideline evidence (symbols or footnotes).; symbols: Some nodes are not fully visible in the provided bounding box, so their content may be incomplete.; symbols: The exact thresholds for eGFR and ACR values are included as symbols.",61066e267cd755054c293a8243141eb9fc489fa735daaca10bd69633057a762d,61066e267cd755054c293a8243141eb9fc489fa735daaca10bd69633057a762d,pending,,,,,False,N1,N6,,→,Risk reduction* → Goal: achievement and maintenance of weight and glycemic goals,"[0.0,475.0,817.0,539.0]"
p009-page-009-tile-r01-c02::page-009-tile-r01-c02-structure-tile-r01-c02::edge::edge-002,page_009_tile_r01_c02,9,CONTROLLED_SOURCE_PDF/ADA principles for pharmacologic therapy.pdf,7c2913f79b61bc60f8f51327bb73b80391988fd277116b29e57df4242b2a2404,ac9895088166584c4f4d973a5590b2d315454f82a669fd42fc3648381d58b5a1,tile,"[233.972,0.0,593.972,360.0]",normalized_0_1000,CONTROLLED_SOURCE_IMAGE/ada_page_009_tile_r01_c02.png,OMITTED_RAW_MODEL_JSON/visual_logic_page_009_tile_r01_c02.json,extracted_unvalidated,page_009_tile_r01_c02__structure__tile_r01_c02,flowchart,Medications in the management of type 2 diabetes,True,True,valid,,"structure: The flowchart contains multiple decision nodes with branching paths that may require manual review to ensure accurate interpretation of clinical guidelines.; structure: Some evidence text is truncated or partially obscured in the image, which may affect complete accuracy of extracted information.; actions: The image is a flowchart with multiple decision points and arrows. Some relationships may cross tile boundaries, requiring manual review for accuracy.; actions: Some text in the image is partially cut off or obscured, which may affect the completeness of extracted information.; symbols: The image is a flowchart with multiple pathways, but the requested extraction focuses only on clinical guideline evidence (symbols or footnotes).; symbols: Some nodes are not fully visible in the provided bounding box, so their content may be incomplete.; symbols: The exact thresholds for eGFR and ACR values are included as symbols.",d7fe9124241360aee2b4a2f54862c23c57f1e23e83958aecb23e1b2fc7d32b62,d7fe9124241360aee2b4a2f54862c23c57f1e23e83958aecb23e1b2fc7d32b62,pending,,,,,False,N6,N3,,→,Goal: achievement and maintenance of weight and glycemic goals → +Weight management,"[406.0,475.0,817.0,590.0]"
p009-page-009-tile-r01-c02::page-009-tile-r01-c02-structure-tile-r01-c02::edge::edge-003,page_009_tile_r01_c02,9,CONTROLLED_SOURCE_PDF/ADA principles for pharmacologic therapy.pdf,7c2913f79b61bc60f8f51327bb73b80391988fd277116b29e57df4242b2a2404,ac9895088166584c4f4d973a5590b2d315454f82a669fd42fc3648381d58b5a1,tile,"[233.972,0.0,593.972,360.0]",normalized_0_1000,CONTROLLED_SOURCE_IMAGE/ada_page_009_tile_r01_c02.png,OMITTED_RAW_MODEL_JSON/visual_logic_page_009_tile_r01_c02.json,extracted_unvalidated,page_009_tile_r01_c02__structure__tile_r01_c02,flowchart,Medications in the management of type 2 diabetes,True,True,valid,,"structure: The flowchart contains multiple decision nodes with branching paths that may require manual review to ensure accurate interpretation of clinical guidelines.; structure: Some evidence text is truncated or partially obscured in the image, which may affect complete accuracy of extracted information.; actions: The image is a flowchart with multiple decision points and arrows. Some relationships may cross tile boundaries, requiring manual review for accuracy.; actions: Some text in the image is partially cut off or obscured, which may affect the completeness of extracted information.; symbols: The image is a flowchart with multiple pathways, but the requested extraction focuses only on clinical guideline evidence (symbols or footnotes).; symbols: Some nodes are not fully visible in the provided bounding box, so their content may be incomplete.; symbols: The exact thresholds for eGFR and ACR values are included as symbols.",f5e801ca04dc889fce56248965b98b854353bace24a914da5189273fce0ad0af,f5e801ca04dc889fce56248965b98b854353bace24a914da5189273fce0ad0af,pending,,,,,False,N6,N5,,→,Goal: achievement and maintenance of weight and glycemic goals → +Achievement and maintenance of glycemic goals,"[406.0,475.0,817.0,604.0]"
p009-page-009-tile-r01-c02::page-009-tile-r01-c02-structure-tile-r01-c02::edge::edge-004,page_009_tile_r01_c02,9,CONTROLLED_SOURCE_PDF/ADA principles for pharmacologic therapy.pdf,7c2913f79b61bc60f8f51327bb73b80391988fd277116b29e57df4242b2a2404,ac9895088166584c4f4d973a5590b2d315454f82a669fd42fc3648381d58b5a1,tile,"[233.972,0.0,593.972,360.0]",normalized_0_1000,CONTROLLED_SOURCE_IMAGE/ada_page_009_tile_r01_c02.png,OMITTED_RAW_MODEL_JSON/visual_logic_page_009_tile_r01_c02.json,extracted_unvalidated,page_009_tile_r01_c02__structure__tile_r01_c02,flowchart,Medications in the management of type 2 diabetes,True,True,valid,,"structure: The flowchart contains multiple decision nodes with branching paths that may require manual review to ensure accurate interpretation of clinical guidelines.; structure: Some evidence text is truncated or partially obscured in the image, which may affect complete accuracy of extracted information.; actions: The image is a flowchart with multiple decision points and arrows. Some relationships may cross tile boundaries, requiring manual review for accuracy.; actions: Some text in the image is partially cut off or obscured, which may affect the completeness of extracted information.; symbols: The image is a flowchart with multiple pathways, but the requested extraction focuses only on clinical guideline evidence (symbols or footnotes).; symbols: Some nodes are not fully visible in the provided bounding box, so their content may be incomplete.; symbols: The exact thresholds for eGFR and ACR values are included as symbols.",c1564132136b946a1f45ffe63b2d661d06263de7b26f43ba5a2366b97597fa31,c1564132136b946a1f45ffe63b2d661d06263de7b26f43ba5a2366b97597fa31,pending,,,,,False,N2,N4,,→,+CKD → +CKD (on maximally tolerated dose of ACEi or ARB),"[0.0,590.0,338.0,756.0]"
p009-page-009-tile-r01-c02::page-009-tile-r01-c02-structure-tile-r01-c02::edge::edge-005,page_009_tile_r01_c02,9,CONTROLLED_SOURCE_PDF/ADA principles for pharmacologic therapy.pdf,7c2913f79b61bc60f8f51327bb73b80391988fd277116b29e57df4242b2a2404,ac9895088166584c4f4d973a5590b2d315454f82a669fd42fc3648381d58b5a1,tile,"[233.972,0.0,593.972,360.0]",normalized_0_1000,CONTROLLED_SOURCE_IMAGE/ada_page_009_tile_r01_c02.png,OMITTED_RAW_MODEL_JSON/visual_logic_page_009_tile_r01_c02.json,extracted_unvalidated,page_009_tile_r01_c02__structure__tile_r01_c02,flowchart,Medications in the management of type 2 diabetes,True,True,valid,,"structure: The flowchart contains multiple decision nodes with branching paths that may require manual review to ensure accurate interpretation of clinical guidelines.; structure: Some evidence text is truncated or partially obscured in the image, which may affect complete accuracy of extracted information.; actions: The image is a flowchart with multiple decision points and arrows. Some relationships may cross tile boundaries, requiring manual review for accuracy.; actions: Some text in the image is partially cut off or obscured, which may affect the completeness of extracted information.; symbols: The image is a flowchart with multiple pathways, but the requested extraction focuses only on clinical guideline evidence (symbols or footnotes).; symbols: Some nodes are not fully visible in the provided bounding box, so their content may be incomplete.; symbols: The exact thresholds for eGFR and ACR values are included as symbols.",88f6ace830e6081713f89003937871fe923254cc3acac45aec7eb0b431b351b3,88f6ace830e6081713f89003937871fe923254cc3acac45aec7eb0b431b351b3,pending,,,,,False,N4,N9,,→,+CKD (on maximally tolerated dose of ACEi or ARB) → SGLT2i with primary evidence of reducing CKD progression,"[42.0,756.0,338.0,820.0]"
p009-page-009-tile-r01-c02::page-009-tile-r01-c02-structure-tile-r01-c02::edge::edge-006,page_009_tile_r01_c02,9,CONTROLLED_SOURCE_PDF/ADA principles for pharmacologic therapy.pdf,7c2913f79b61bc60f8f51327bb73b80391988fd277116b29e57df4242b2a2404,ac9895088166584c4f4d973a5590b2d315454f82a669fd42fc3648381d58b5a1,tile,"[233.972,0.0,593.972,360.0]",normalized_0_1000,CONTROLLED_SOURCE_IMAGE/ada_page_009_tile_r01_c02.png,OMITTED_RAW_MODEL_JSON/visual_logic_page_009_tile_r01_c02.json,extracted_unvalidated,page_009_tile_r01_c02__structure__tile_r01_c02,flowchart,Medications in the management of type 2 diabetes,True,True,invalid,to_node endpoint 'N17' does not resolve to a unique node in this item,"structure: The flowchart contains multiple decision nodes with branching paths that may require manual review to ensure accurate interpretation of clinical guidelines.; structure: Some evidence text is truncated or partially obscured in the image, which may affect complete accuracy of extracted information.; actions: The image is a flowchart with multiple decision points and arrows. Some relationships may cross tile boundaries, requiring manual review for accuracy.; actions: Some text in the image is partially cut off or obscured, which may affect the completeness of extracted information.; symbols: The image is a flowchart with multiple pathways, but the requested extraction focuses only on clinical guideline evidence (symbols or footnotes).; symbols: Some nodes are not fully visible in the provided bounding box, so their content may be incomplete.; symbols: The exact thresholds for eGFR and ACR values are included as symbols.",ed0544b3b76975cb30ae4bc00d16d1d38a9f5b9381f59c0ee34efd74bae6490e,ed0544b3b76975cb30ae4bc00d16d1d38a9f5b9381f59c0ee34efd74bae6490e,pending,,,,,False,N9,N17,,→,SGLT2i with primary evidence of reducing CKD progression → SGLT2i can be started wit h eGFR ≥20 mL/min/1.73 m²,"[68.0,829.0,320.0,950.0]"
p009-page-009-tile-r01-c02::page-009-tile-r01-c02-structure-tile-r01-c02::edge::edge-007,page_009_tile_r01_c02,9,CONTROLLED_SOURCE_PDF/ADA principles for pharmacologic therapy.pdf,7c2913f79b61bc60f8f51327bb73b80391988fd277116b29e57df4242b2a2404,ac9895088166584c4f4d973a5590b2d315454f82a669fd42fc3648381d58b5a1,tile,"[233.972,0.0,593.972,360.0]",normalized_0_1000,CONTROLLED_SOURCE_IMAGE/ada_page_009_tile_r01_c02.png,OMITTED_RAW_MODEL_JSON/visual_logic_page_009_tile_r01_c02.json,extracted_unvalidated,page_009_tile_r01_c02__structure__tile_r01_c02,flowchart,Medications in the management of type 2 diabetes,True,True,valid,,"structure: The flowchart contains multiple decision nodes with branching paths that may require manual review to ensure accurate interpretation of clinical guidelines.; structure: Some evidence text is truncated or partially obscured in the image, which may affect complete accuracy of extracted information.; actions: The image is a flowchart with multiple decision points and arrows. Some relationships may cross tile boundaries, requiring manual review for accuracy.; actions: Some text in the image is partially cut off or obscured, which may affect the completeness of extracted information.; symbols: The image is a flowchart with multiple pathways, but the requested extraction focuses only on clinical guideline evidence (symbols or footnotes).; symbols: Some nodes are not fully visible in the provided bounding box, so their content may be incomplete.; symbols: The exact thresholds for eGFR and ACR values are included as symbols.",a2bc499c0072c8668e23a4adcd66b58196d82ebad6617b967edf2e4ab34fbed4,a2bc499c0072c8668e23a4adcd66b58196d82ebad6617b967edf2e4ab34fbed4,pending,,,,,False,N4,N10,,→,+CKD (on maximally tolerated dose of ACEi or ARB) → Metformin or other agent (including combination therapy) that provides adequate efficacy to achieve and maintain glycemic treatment goals.,"[42.0,756.0,817.0,903.0]"
p009-page-009-tile-r01-c02::page-009-tile-r01-c02-structure-tile-r01-c02::edge::edge-008,page_009_tile_r01_c02,9,CONTROLLED_SOURCE_PDF/ADA principles for pharmacologic therapy.pdf,7c2913f79b61bc60f8f51327bb73b80391988fd277116b29e57df4242b2a2404,ac9895088166584c4f4d973a5590b2d315454f82a669fd42fc3648381d58b5a1,tile,"[233.972,0.0,593.972,360.0]",normalized_0_1000,CONTROLLED_SOURCE_IMAGE/ada_page_009_tile_r01_c02.png,OMITTED_RAW_MODEL_JSON/visual_logic_page_009_tile_r01_c02.json,extracted_unvalidated,page_009_tile_r01_c02__structure__tile_r01_c02,flowchart,Medications in the management of type 2 diabetes,True,True,valid,,"structure: The flowchart contains multiple decision nodes with branching paths that may require manual review to ensure accurate interpretation of clinical guidelines.; structure: Some evidence text is truncated or partially obscured in the image, which may affect complete accuracy of extracted information.; actions: The image is a flowchart with multiple decision points and arrows. Some relationships may cross tile boundaries, requiring manual review for accuracy.; actions: Some text in the image is partially cut off or obscured, which may affect the completeness of extracted information.; symbols: The image is a flowchart with multiple pathways, but the requested extraction focuses only on clinical guideline evidence (symbols or footnotes).; symbols: Some nodes are not fully visible in the provided bounding box, so their content may be incomplete.; symbols: The exact thresholds for eGFR and ACR values are included as symbols.",dcd38c2480389f8039c748cb17e66f3380500a3d20996e98effa36504eca6220,dcd38c2480389f8039c748cb17e66f3380500a3d20996e98effa36504eca6220,pending,,,,,False,N3,N7,,→,+Weight management → Efficacy for weight loss,"[406.0,590.0,817.0,725.0]"
p009-page-009-tile-r01-c02::page-009-tile-r01-c02-structure-tile-r01-c02::edge::edge-009,page_009_tile_r01_c02,9,CONTROLLED_SOURCE_PDF/ADA principles for pharmacologic therapy.pdf,7c2913f79b61bc60f8f51327bb73b80391988fd277116b29e57df4242b2a2404,ac9895088166584c4f4d973a5590b2d315454f82a669fd42fc3648381d58b5a1,tile,"[233.972,0.0,593.972,360.0]",normalized_0_1000,CONTROLLED_SOURCE_IMAGE/ada_page_009_tile_r01_c02.png,OMITTED_RAW_MODEL_JSON/visual_logic_page_009_tile_r01_c02.json,extracted_unvalidated,page_009_tile_r01_c02__structure__tile_r01_c02,flowchart,Medications in the management of type 2 diabetes,True,True,valid,,"structure: The flowchart contains multiple decision nodes with branching paths that may require manual review to ensure accurate interpretation of clinical guidelines.; structure: Some evidence text is truncated or partially obscured in the image, which may affect complete accuracy of extracted information.; actions: The image is a flowchart with multiple decision points and arrows. Some relationships may cross tile boundaries, requiring manual review for accuracy.; actions: Some text in the image is partially cut off or obscured, which may affect the completeness of extracted information.; symbols: The image is a flowchart with multiple pathways, but the requested extraction focuses only on clinical guideline evidence (symbols or footnotes).; symbols: Some nodes are not fully visible in the provided bounding box, so their content may be incomplete.; symbols: The exact thresholds for eGFR and ACR values are included as symbols.",a8436c6a3858a35954a82657f1282cc16fe29970452b8f2b954a011bd01844d6,a8436c6a3858a35954a82657f1282cc16fe29970452b8f2b954a011bd01844d6,pending,,,,,False,N5,N10,,→,+Achievement and maintenance of glycemic goals → Metformin or other agent (including combination therapy) that provides adequate efficacy to achieve and maintain glycemic treatment goals.,"[530.0,604.0,817.0,903.0]"
p009-page-009-tile-r01-c02::page-009-tile-r01-c02-structure-tile-r01-c02::edge::edge-010,page_009_tile_r01_c02,9,CONTROLLED_SOURCE_PDF/ADA principles for pharmacologic therapy.pdf,7c2913f79b61bc60f8f51327bb73b80391988fd277116b29e57df4242b2a2404,ac9895088166584c4f4d973a5590b2d315454f82a669fd42fc3648381d58b5a1,tile,"[233.972,0.0,593.972,360.0]",normalized_0_1000,CONTROLLED_SOURCE_IMAGE/ada_page_009_tile_r01_c02.png,OMITTED_RAW_MODEL_JSON/visual_logic_page_009_tile_r01_c02.json,extracted_unvalidated,page_009_tile_r01_c02__structure__tile_r01_c02,flowchart,Medications in the management of type 2 diabetes,True,True,valid,,"structure: The flowchart contains multiple decision nodes with branching paths that may require manual review to ensure accurate interpretation of clinical guidelines.; structure: Some evidence text is truncated or partially obscured in the image, which may affect complete accuracy of extracted information.; actions: The image is a flowchart with multiple decision points and arrows. Some relationships may cross tile boundaries, requiring manual review for accuracy.; actions: Some text in the image is partially cut off or obscured, which may affect the completeness of extracted information.; symbols: The image is a flowchart with multiple pathways, but the requested extraction focuses only on clinical guideline evidence (symbols or footnotes).; symbols: Some nodes are not fully visible in the provided bounding box, so their content may be incomplete.; symbols: The exact thresholds for eGFR and ACR values are included as symbols.",4382a05cae2e68ac3615469146c2a4c60dd8f0dd4b1ef2211a52f6133b0c308f,4382a05cae2e68ac3615469146c2a4c60dd8f0dd4b1ef2211a52f6133b0c308f,pending,,,,,False,N7,N11,,→,"Efficacy for weight loss → Very high: Semaglutide, tirzepatide","[406.0,725.0,817.0,785.0]"
p009-page-009-tile-r01-c02::page-009-tile-r01-c02-structure-tile-r01-c02::edge::edge-011,page_009_tile_r01_c02,9,CONTROLLED_SOURCE_PDF/ADA principles for pharmacologic therapy.pdf,7c2913f79b61bc60f8f51327bb73b80391988fd277116b29e57df4242b2a2404,ac9895088166584c4f4d973a5590b2d315454f82a669fd42fc3648381d58b5a1,tile,"[233.972,0.0,593.972,360.0]",normalized_0_1000,CONTROLLED_SOURCE_IMAGE/ada_page_009_tile_r01_c02.png,OMITTED_RAW_MODEL_JSON/visual_logic_page_009_tile_r01_c02.json,extracted_unvalidated,page_009_tile_r01_c02__structure__tile_r01_c02,flowchart,Medications in the management of type 2 diabetes,True,True,valid,,"structure: The flowchart contains multiple decision nodes with branching paths that may require manual review to ensure accurate interpretation of clinical guidelines.; structure: Some evidence text is truncated or partially obscured in the image, which may affect complete accuracy of extracted information.; actions: The image is a flowchart with multiple decision points and arrows. Some relationships may cross tile boundaries, requiring manual review for accuracy.; actions: Some text in the image is partially cut off or obscured, which may affect the completeness of extracted information.; symbols: The image is a flowchart with multiple pathways, but the requested extraction focuses only on clinical guideline evidence (symbols or footnotes).; symbols: Some nodes are not fully visible in the provided bounding box, so their content may be incomplete.; symbols: The exact thresholds for eGFR and ACR values are included as symbols.",8c06a81ae45ef0ac9dd56000e2a7d8024cc18fe27597a9e5a172950c00522db8,8c06a81ae45ef0ac9dd56000e2a7d8024cc18fe27597a9e5a172950c00522db8,pending,,,,,False,N7,N12,,→,"Efficacy for weight loss → High: Dulaglutide, liraglutide","[406.0,785.0,817.0,839.0]"
p009-page-009-tile-r01-c02::page-009-tile-r01-c02-structure-tile-r01-c02::edge::edge-012,page_009_tile_r01_c02,9,CONTROLLED_SOURCE_PDF/ADA principles for pharmacologic therapy.pdf,7c2913f79b61bc60f8f51327bb73b80391988fd277116b29e57df4242b2a2404,ac9895088166584c4f4d973a5590b2d315454f82a669fd42fc3648381d58b5a1,tile,"[233.972,0.0,593.972,360.0]",normalized_0_1000,CONTROLLED_SOURCE_IMAGE/ada_page_009_tile_r01_c02.png,OMITTED_RAW_MODEL_JSON/visual_logic_page_009_tile_r01_c02.json,extracted_unvalidated,page_009_tile_r01_c02__structure__tile_r01_c02,flowchart,Medications in the management of type 2 diabetes,True,True,valid,,"structure: The flowchart contains multiple decision nodes with branching paths that may require manual review to ensure accurate interpretation of clinical guidelines.; structure: Some evidence text is truncated or partially obscured in the image, which may affect complete accuracy of extracted information.; actions: The image is a flowchart with multiple decision points and arrows. Some relationships may cross tile boundaries, requiring manual review for accuracy.; actions: Some text in the image is partially cut off or obscured, which may affect the completeness of extracted information.; symbols: The image is a flowchart with multiple pathways, but the requested extraction focuses only on clinical guideline evidence (symbols or footnotes).; symbols: Some nodes are not fully visible in the provided bounding box, so their content may be incomplete.; symbols: The exact thresholds for eGFR and ACR values are included as symbols.",9f541ab49d9cf3543df9e24ff7121d170f066f0a2347f334189e0eb978e2c5ae,9f541ab49d9cf3543df9e24ff7121d170f066f0a2347f334189e0eb978e2c5ae,pending,,,,,False,N7,N13,,→,Efficacy for weight loss → Intermediate: GLP-1 RA (not listed above),"[406.0,839.0,817.0,879.0]"
p009-page-009-tile-r01-c02::page-009-tile-r01-c02-structure-tile-r01-c02::edge::edge-013,page_009_tile_r01_c02,9,CONTROLLED_SOURCE_PDF/ADA principles for pharmacologic therapy.pdf,7c2913f79b61bc60f8f51327bb73b80391988fd277116b29e57df4242b2a2404,ac9895088166584c4f4d973a5590b2d315454f82a669fd42fc3648381d58b5a1,tile,"[233.972,0.0,593.972,360.0]",normalized_0_1000,CONTROLLED_SOURCE_IMAGE/ada_page_009_tile_r01_c02.png,OMITTED_RAW_MODEL_JSON/visual_logic_page_009_tile_r01_c02.json,extracted_unvalidated,page_009_tile_r01_c02__structure__tile_r01_c02,flowchart,Medications in the management of type 2 diabetes,True,True,valid,,"structure: The flowchart contains multiple decision nodes with branching paths that may require manual review to ensure accurate interpretation of clinical guidelines.; structure: Some evidence text is truncated or partially obscured in the image, which may affect complete accuracy of extracted information.; actions: The image is a flowchart with multiple decision points and arrows. Some relationships may cross tile boundaries, requiring manual review for accuracy.; actions: Some text in the image is partially cut off or obscured, which may affect the completeness of extracted information.; symbols: The image is a flowchart with multiple pathways, but the requested extraction focuses only on clinical guideline evidence (symbols or footnotes).; symbols: Some nodes are not fully visible in the provided bounding box, so their content may be incomplete.; symbols: The exact thresholds for eGFR and ACR values are included as symbols.",c58ce015dc6e906a4d5ae88753fac606b8a269012f3f7d815bfe57bf980294d8,c58ce015dc6e906a4d5ae88753fac606b8a269012f3f7d815bfe57bf980294d8,pending,,,,,False,N5,N8,,→,+Achievement and maintenance of glycemic goals → Efficacy for glucose lowering,"[530.0,604.0,817.0,912.0]"
p009-page-009-tile-r01-c02::page-009-tile-r01-c02-structure-tile-r01-c02::edge::edge-014,page_009_tile_r01_c02,9,CONTROLLED_SOURCE_PDF/ADA principles for pharmacologic therapy.pdf,7c2913f79b61bc60f8f51327bb73b80391988fd277116b29e57df4242b2a2404,ac9895088166584c4f4d973a5590b2d315454f82a669fd42fc3648381d58b5a1,tile,"[233.972,0.0,593.972,360.0]",normalized_0_1000,CONTROLLED_SOURCE_IMAGE/ada_page_009_tile_r01_c02.png,OMITTED_RAW_MODEL_JSON/visual_logic_page_009_tile_r01_c02.json,extracted_unvalidated,page_009_tile_r01_c02__structure__tile_r01_c02,flowchart,Medications in the management of type 2 diabetes,True,True,valid,,"structure: The flowchart contains multiple decision nodes with branching paths that may require manual review to ensure accurate interpretation of clinical guidelines.; structure: Some evidence text is truncated or partially obscured in the image, which may affect complete accuracy of extracted information.; actions: The image is a flowchart with multiple decision points and arrows. Some relationships may cross tile boundaries, requiring manual review for accuracy.; actions: Some text in the image is partially cut off or obscured, which may affect the completeness of extracted information.; symbols: The image is a flowchart with multiple pathways, but the requested extraction focuses only on clinical guideline evidence (symbols or footnotes).; symbols: Some nodes are not fully visible in the provided bounding box, so their content may be incomplete.; symbols: The exact thresholds for eGFR and ACR values are included as symbols.",cd280f25821c8696710e173fc71881c566046bdf42283950e821f98b877f2f03,cd280f25821c8696710e173fc71881c566046bdf42283950e821f98b877f2f03,pending,,,,,False,N8,N14,,→,"Efficacy for glucose lowering → Very high: Dulaglutide (high dose),","[530.0,912.0,817.0,948.0]"
p009-page-009-tile-r01-c02::page-009-tile-r01-c02-structure-tile-r01-c02::edge::edge-015,page_009_tile_r01_c02,9,CONTROLLED_SOURCE_PDF/ADA principles for pharmacologic therapy.pdf,7c2913f79b61bc60f8f51327bb73b80391988fd277116b29e57df4242b2a2404,ac9895088166584c4f4d973a5590b2d315454f82a669fd42fc3648381d58b5a1,tile,"[233.972,0.0,593.972,360.0]",normalized_0_1000,CONTROLLED_SOURCE_IMAGE/ada_page_009_tile_r01_c02.png,OMITTED_RAW_MODEL_JSON/visual_logic_page_009_tile_r01_c02.json,extracted_unvalidated,page_009_tile_r01_c02__structure__tile_r01_c02,flowchart,Medications in the management of type 2 diabetes,True,True,valid,,"structure: The flowchart contains multiple decision nodes with branching paths that may require manual review to ensure accurate interpretation of clinical guidelines.; structure: Some evidence text is truncated or partially obscured in the image, which may affect complete accuracy of extracted information.; actions: The image is a flowchart with multiple decision points and arrows. Some relationships may cross tile boundaries, requiring manual review for accuracy.; actions: Some text in the image is partially cut off or obscured, which may affect the completeness of extracted information.; symbols: The image is a flowchart with multiple pathways, but the requested extraction focuses only on clinical guideline evidence (symbols or footnotes).; symbols: Some nodes are not fully visible in the provided bounding box, so their content may be incomplete.; symbols: The exact thresholds for eGFR and ACR values are included as symbols.",7f31c7cb75ebf59a9c674668716d00b81dd9fef03565a9abab0fd5d7b78a7873,7f31c7cb75ebf59a9c674668716d00b81dd9fef03565a9abab0fd5d7b78a7873,pending,,,,,False,N10,N8,,→,Metformin or other agent (including combination therapy) that provides adequate efficacy to achieve and maintain glycemic treatment goals. → Efficacy for glucose lowering,"[530.0,725.0,817.0,912.0]"
p009-page-009-tile-r02-c01::page-009-tile-r02-c01-structure-tile-001::edge::edge-001,page_009_tile_r02_c01,9,CONTROLLED_SOURCE_PDF/ADA principles for pharmacologic therapy.pdf,7c2913f79b61bc60f8f51327bb73b80391988fd277116b29e57df4242b2a2404,936835293d1d5e15feb927064c3384c4f71d8817072e7850048a8ee7cb0d0396,tile,"[0.0,288.0,360.0,648.0]",normalized_0_1000,CONTROLLED_SOURCE_IMAGE/ada_page_009_tile_r02_c01.png,OMITTED_RAW_MODEL_JSON/visual_logic_page_009_tile_r02_c01.json,extracted_unvalidated,page_009_tile_r02_c01__structure__tile_001,flowchart,Clinical Guideline Evidence for Glycemic Management and Comorbidity Risk Reduction,False,True,valid,,"structure: The image contains multiple decision nodes and arrows that are not fully captured by the provided schema. The flowchart includes conditional branches for SGLT2i initiation based on eGFR thresholds (not explicitly modeled in this extraction).; structure: Some text elements like footnotes or symbols (e.g., ^, #) may be truncated or misinterpreted without full context.; actions: The flowchart contains multiple conditional pathways and recommendations based on patient-specific factors such as eGFR levels and presence of comorbidities. Some evidence is presented as footnotes or symbols, which may require manual review for full context.; actions: The chart does not explicitly state the strength of recommendation (e.g., strong vs. weak) for all actions; it relies on implicit guidance from trial data and clinical judgment.",63b3f17aec2894310d198466a6138bfe0d03df0fd73ec1959ee084f16a23ae06,63b3f17aec2894310d198466a6138bfe0d03df0fd73ec1959ee084f16a23ae06,pending,,,,,False,node_01,node_02,,"If glycemia is above goal → If additional cardiovascular and kidney risk reduction, management of other metabolic comorbidities, and/or glycemic lowering is needed","If glycemia is above goal → If additional cardiovascular and kidney risk reduction, management of other metabolic comorbidities, and/or glycemic lowering is needed","[140.0,269.0,820.0,456.0]"
p009-page-009-tile-r02-c01::page-009-tile-r02-c01-structure-tile-001::edge::edge-002,page_009_tile_r02_c01,9,CONTROLLED_SOURCE_PDF/ADA principles for pharmacologic therapy.pdf,7c2913f79b61bc60f8f51327bb73b80391988fd277116b29e57df4242b2a2404,936835293d1d5e15feb927064c3384c4f71d8817072e7850048a8ee7cb0d0396,tile,"[0.0,288.0,360.0,648.0]",normalized_0_1000,CONTROLLED_SOURCE_IMAGE/ada_page_009_tile_r02_c01.png,OMITTED_RAW_MODEL_JSON/visual_logic_page_009_tile_r02_c01.json,extracted_unvalidated,page_009_tile_r02_c01__structure__tile_001,flowchart,Clinical Guideline Evidence for Glycemic Management and Comorbidity Risk Reduction,False,True,valid,,"structure: The image contains multiple decision nodes and arrows that are not fully captured by the provided schema. The flowchart includes conditional branches for SGLT2i initiation based on eGFR thresholds (not explicitly modeled in this extraction).; structure: Some text elements like footnotes or symbols (e.g., ^, #) may be truncated or misinterpreted without full context.; actions: The flowchart contains multiple conditional pathways and recommendations based on patient-specific factors such as eGFR levels and presence of comorbidities. Some evidence is presented as footnotes or symbols, which may require manual review for full context.; actions: The chart does not explicitly state the strength of recommendation (e.g., strong vs. weak) for all actions; it relies on implicit guidance from trial data and clinical judgment.",b1c78b92c8239cddd4c445910bb250001597c3b8598849bfec29aa83bd208f6a,b1c78b92c8239cddd4c445910bb250001597c3b8598849bfec29aa83bd208f6a,pending,,,,,False,node_02,node_03,+Mitigating risk of MASLD or MASH,"If additional cardiovascular and kidney risk reduction, management of other metabolic comorbidities, and/or glycemic lowering is needed → Agents with proven or potential benefit in MASLD or MASH","If additional cardiovascular and kidney risk reduction, management of other metabolic comorbidities, and/or glycemic lowering is needed → Agents with proven or potential benefit in MASLD or MASH","[140.0,539.0,980.0,652.0]"
p009-page-009-tile-r02-c02::page-009-tile-r02-c02-structure-tile-r02-c02::edge::edge-001,page_009_tile_r02_c02,9,CONTROLLED_SOURCE_PDF/ADA principles for pharmacologic therapy.pdf,7c2913f79b61bc60f8f51327bb73b80391988fd277116b29e57df4242b2a2404,16c3522a55a32f083a61b6c439e61e267b7d6d3d8e66f8cfe911c1143cba8dab,tile,"[233.972,288.0,593.972,648.0]",normalized_0_1000,CONTROLLED_SOURCE_IMAGE/ada_page_009_tile_r02_c02.png,OMITTED_RAW_MODEL_JSON/visual_logic_page_009_tile_r02_c02.json,extracted_unvalidated,page_009_tile_r02_c02__structure__tile_r02_c02,flowchart,Clinical Guideline Evidence for Glycemic Management in T2D with CKD or MASLD/MASH,True,True,invalid,evidence_bbox must satisfy x1 > x0 and y1 > y0,"actions: The provided image is a flowchart with multiple decision points and drug recommendations. The extraction process has been designed to capture the visible text within each box or arrow, preserving the logical structure of the guidelines as presented in the original document.; symbols: The flowchart contains multiple decision points and treatment recommendations that are not fully captured in a single structured output. Some relationships may require manual review due to boundary-crossing arrows or implicit logic.; symbols: Certain symbols like '+' are used as presence markers but do not represent ordinal scales, which is consistent with the provided schema.; structure: Some text is partially cut off or obscured in the image.; structure: The flowchart may not be fully complete as some connections are implied rather than explicitly drawn.",a3dcc4e2f040cff0988117c04b781e1cf4cc947f1b93444b868a67d5921d7638,a3dcc4e2f040cff0988117c04b781e1cf4cc947f1b93444b868a67d5921d7638,pending,,,,,False,n1,n12,,→,If glycemia is above goal or significant hypoglycemia or hyperglycemia or barriers to care are identified → Maintain glycemic treatment goals. Prioritize avoidance of hypoglycemia in high risk individuals,
p009-page-009-tile-r02-c02::page-009-tile-r02-c02-structure-tile-r02-c02::edge::edge-002,page_009_tile_r02_c02,9,CONTROLLED_SOURCE_PDF/ADA principles for pharmacologic therapy.pdf,7c2913f79b61bc60f8f51327bb73b80391988fd277116b29e57df4242b2a2404,16c3522a55a32f083a61b6c439e61e267b7d6d3d8e66f8cfe911c1143cba8dab,tile,"[233.972,288.0,593.972,648.0]",normalized_0_1000,CONTROLLED_SOURCE_IMAGE/ada_page_009_tile_r02_c02.png,OMITTED_RAW_MODEL_JSON/visual_logic_page_009_tile_r02_c02.json,extracted_unvalidated,page_009_tile_r02_c02__structure__tile_r02_c02,flowchart,Clinical Guideline Evidence for Glycemic Management in T2D with CKD or MASLD/MASH,True,True,invalid,evidence_bbox must satisfy x1 > x0 and y1 > y0,"actions: The provided image is a flowchart with multiple decision points and drug recommendations. The extraction process has been designed to capture the visible text within each box or arrow, preserving the logical structure of the guidelines as presented in the original document.; symbols: The flowchart contains multiple decision points and treatment recommendations that are not fully captured in a single structured output. Some relationships may require manual review due to boundary-crossing arrows or implicit logic.; symbols: Certain symbols like '+' are used as presence markers but do not represent ordinal scales, which is consistent with the provided schema.; structure: Some text is partially cut off or obscured in the image.; structure: The flowchart may not be fully complete as some connections are implied rather than explicitly drawn.",7c7b60d9909a2a4c180dbd5c7def9ec2410e81935619702023b28446749e602a,7c7b60d9909a2a4c180dbd5c7def9ec2410e81935619702023b28446749e602a,pending,,,,,False,n2,n12,,→,"If glycemia is above goal, for individuals on SGLT2i, consider incorporating a GLP-1 RA or vice versa → Maintain glycemic treatment goals. Prioritize avoidance of hypoglycemia in high risk individuals",
p009-page-009-tile-r02-c02::page-009-tile-r02-c02-structure-tile-r02-c02::edge::edge-003,page_009_tile_r02_c02,9,CONTROLLED_SOURCE_PDF/ADA principles for pharmacologic therapy.pdf,7c2913f79b61bc60f8f51327bb73b80391988fd277116b29e57df4242b2a2404,16c3522a55a32f083a61b6c439e61e267b7d6d3d8e66f8cfe911c1143cba8dab,tile,"[233.972,288.0,593.972,648.0]",normalized_0_1000,CONTROLLED_SOURCE_IMAGE/ada_page_009_tile_r02_c02.png,OMITTED_RAW_MODEL_JSON/visual_logic_page_009_tile_r02_c02.json,extracted_unvalidated,page_009_tile_r02_c02__structure__tile_r02_c02,flowchart,Clinical Guideline Evidence for Glycemic Management in T2D with CKD or MASLD/MASH,True,True,valid,,"actions: The provided image is a flowchart with multiple decision points and drug recommendations. The extraction process has been designed to capture the visible text within each box or arrow, preserving the logical structure of the guidelines as presented in the original document.; symbols: The flowchart contains multiple decision points and treatment recommendations that are not fully captured in a single structured output. Some relationships may require manual review due to boundary-crossing arrows or implicit logic.; symbols: Certain symbols like '+' are used as presence markers but do not represent ordinal scales, which is consistent with the provided schema.; structure: Some text is partially cut off or obscured in the image.; structure: The flowchart may not be fully complete as some connections are implied rather than explicitly drawn.",69b72e6ed7f5f88d0424f0bd60fa513f6db78c413032600338222a935e33b1e6,69b72e6ed7f5f88d0424f0bd60fa513f6db78c413032600338222a935e33b1e6,pending,,,,,False,n3,n1,,→,SGLT2i with primary evidence of reducing CKD progression → If glycemia is above goal or significant hypoglycemia or hyperglycemia or barriers to care are identified,"[50.0,64.0,813.0,462.0]"
p009-page-009-tile-r02-c02::page-009-tile-r02-c02-structure-tile-r02-c02::edge::edge-004,page_009_tile_r02_c02,9,CONTROLLED_SOURCE_PDF/ADA principles for pharmacologic therapy.pdf,7c2913f79b61bc60f8f51327bb73b80391988fd277116b29e57df4242b2a2404,16c3522a55a32f083a61b6c439e61e267b7d6d3d8e66f8cfe911c1143cba8dab,tile,"[233.972,288.0,593.972,648.0]",normalized_0_1000,CONTROLLED_SOURCE_IMAGE/ada_page_009_tile_r02_c02.png,OMITTED_RAW_MODEL_JSON/visual_logic_page_009_tile_r02_c02.json,extracted_unvalidated,page_009_tile_r02_c02__structure__tile_r02_c02,flowchart,Clinical Guideline Evidence for Glycemic Management in T2D with CKD or MASLD/MASH,True,True,valid,,"actions: The provided image is a flowchart with multiple decision points and drug recommendations. The extraction process has been designed to capture the visible text within each box or arrow, preserving the logical structure of the guidelines as presented in the original document.; symbols: The flowchart contains multiple decision points and treatment recommendations that are not fully captured in a single structured output. Some relationships may require manual review due to boundary-crossing arrows or implicit logic.; symbols: Certain symbols like '+' are used as presence markers but do not represent ordinal scales, which is consistent with the provided schema.; structure: Some text is partially cut off or obscured in the image.; structure: The flowchart may not be fully complete as some connections are implied rather than explicitly drawn.",e3b7ab11dd6dc77ca17d9a72c0e467db050105c95bb9e7f82ceb76db09c05b85,e3b7ab11dd6dc77ca17d9a72c0e467db050105c95bb9e7f82ceb76db09c05b85,pending,,,,,False,n4,n1,,→,GLP-1 RA# with proven CKD benefit → If glycemia is above goal or significant hypoglycemia or hyperglycemia or barriers to care are identified,"[50.0,236.0,813.0,462.0]"
p009-page-009-tile-r02-c02::page-009-tile-r02-c02-structure-tile-r02-c02::edge::edge-005,page_009_tile_r02_c02,9,CONTROLLED_SOURCE_PDF/ADA principles for pharmacologic therapy.pdf,7c2913f79b61bc60f8f51327bb73b80391988fd277116b29e57df4242b2a2404,16c3522a55a32f083a61b6c439e61e267b7d6d3d8e66f8cfe911c1143cba8dab,tile,"[233.972,288.0,593.972,648.0]",normalized_0_1000,CONTROLLED_SOURCE_IMAGE/ada_page_009_tile_r02_c02.png,OMITTED_RAW_MODEL_JSON/visual_logic_page_009_tile_r02_c02.json,extracted_unvalidated,page_009_tile_r02_c02__structure__tile_r02_c02,flowchart,Clinical Guideline Evidence for Glycemic Management in T2D with CKD or MASLD/MASH,True,True,valid,,"actions: The provided image is a flowchart with multiple decision points and drug recommendations. The extraction process has been designed to capture the visible text within each box or arrow, preserving the logical structure of the guidelines as presented in the original document.; symbols: The flowchart contains multiple decision points and treatment recommendations that are not fully captured in a single structured output. Some relationships may require manual review due to boundary-crossing arrows or implicit logic.; symbols: Certain symbols like '+' are used as presence markers but do not represent ordinal scales, which is consistent with the provided schema.; structure: Some text is partially cut off or obscured in the image.; structure: The flowchart may not be fully complete as some connections are implied rather than explicitly drawn.",ee9fb963d5edf3e09489ab24fad930f14af73ad50c8f312d136d1b5bac4d23a6,ee9fb963d5edf3e09489ab24fad930f14af73ad50c8f312d136d1b5bac4d23a6,pending,,,,,False,n5,n9,,→,"Very high: Semaglutide, tirzepatide → Very high: Dulaglutide (high dose), semaglutide, tirzepatide, insulin Combination oral, combination injectable (GLP-1 RA and insulin)","[407.0,48.0,593.0,200.0]"
p009-page-009-tile-r02-c02::page-009-tile-r02-c02-structure-tile-r02-c02::edge::edge-006,page_009_tile_r02_c02,9,CONTROLLED_SOURCE_PDF/ADA principles for pharmacologic therapy.pdf,7c2913f79b61bc60f8f51327bb73b80391988fd277116b29e57df4242b2a2404,16c3522a55a32f083a61b6c439e61e267b7d6d3d8e66f8cfe911c1143cba8dab,tile,"[233.972,288.0,593.972,648.0]",normalized_0_1000,CONTROLLED_SOURCE_IMAGE/ada_page_009_tile_r02_c02.png,OMITTED_RAW_MODEL_JSON/visual_logic_page_009_tile_r02_c02.json,extracted_unvalidated,page_009_tile_r02_c02__structure__tile_r02_c02,flowchart,Clinical Guideline Evidence for Glycemic Management in T2D with CKD or MASLD/MASH,True,True,valid,,"actions: The provided image is a flowchart with multiple decision points and drug recommendations. The extraction process has been designed to capture the visible text within each box or arrow, preserving the logical structure of the guidelines as presented in the original document.; symbols: The flowchart contains multiple decision points and treatment recommendations that are not fully captured in a single structured output. Some relationships may require manual review due to boundary-crossing arrows or implicit logic.; symbols: Certain symbols like '+' are used as presence markers but do not represent ordinal scales, which is consistent with the provided schema.; structure: Some text is partially cut off or obscured in the image.; structure: The flowchart may not be fully complete as some connections are implied rather than explicitly drawn.",d4b21c14b3eb6e2cd2e9883ef95612d74a13c3da0c0336e3f5e527efe1adf5e8,d4b21c14b3eb6e2cd2e9883ef95612d74a13c3da0c0336e3f5e527efe1adf5e8,pending,,,,,False,n6,n9,,→,"High: Dulaglutide, liraglutide → Very high: Dulaglutide (high dose), semaglutide, tirzepatide, insulin Combination oral, combination injectable (GLP-1 RA and insulin)","[407.0,84.0,593.0,200.0]"
p009-page-009-tile-r02-c02::page-009-tile-r02-c02-structure-tile-r02-c02::edge::edge-007,page_009_tile_r02_c02,9,CONTROLLED_SOURCE_PDF/ADA principles for pharmacologic therapy.pdf,7c2913f79b61bc60f8f51327bb73b80391988fd277116b29e57df4242b2a2404,16c3522a55a32f083a61b6c439e61e267b7d6d3d8e66f8cfe911c1143cba8dab,tile,"[233.972,288.0,593.972,648.0]",normalized_0_1000,CONTROLLED_SOURCE_IMAGE/ada_page_009_tile_r02_c02.png,OMITTED_RAW_MODEL_JSON/visual_logic_page_009_tile_r02_c02.json,extracted_unvalidated,page_009_tile_r02_c02__structure__tile_r02_c02,flowchart,Clinical Guideline Evidence for Glycemic Management in T2D with CKD or MASLD/MASH,True,True,valid,,"actions: The provided image is a flowchart with multiple decision points and drug recommendations. The extraction process has been designed to capture the visible text within each box or arrow, preserving the logical structure of the guidelines as presented in the original document.; symbols: The flowchart contains multiple decision points and treatment recommendations that are not fully captured in a single structured output. Some relationships may require manual review due to boundary-crossing arrows or implicit logic.; symbols: Certain symbols like '+' are used as presence markers but do not represent ordinal scales, which is consistent with the provided schema.; structure: Some text is partially cut off or obscured in the image.; structure: The flowchart may not be fully complete as some connections are implied rather than explicitly drawn.",d9e602bff5bd25540e8417333d0d991c02279fafce8256f7d966bf69f8c7a26e,d9e602bff5bd25540e8417333d0d991c02279fafce8256f7d966bf69f8c7a26e,pending,,,,,False,n7,n9,,→,"Intermediate: GLP-1 RA (not listed above), SGLT2i → Very high: Dulaglutide (high dose), semaglutide, tirzepatide, insulin Combination oral, combination injectable (GLP-1 RA and insulin)","[407.0,128.0,593.0,200.0]"
p009-page-009-tile-r02-c02::page-009-tile-r02-c02-structure-tile-r02-c02::edge::edge-008,page_009_tile_r02_c02,9,CONTROLLED_SOURCE_PDF/ADA principles for pharmacologic therapy.pdf,7c2913f79b61bc60f8f51327bb73b80391988fd277116b29e57df4242b2a2404,16c3522a55a32f083a61b6c439e61e267b7d6d3d8e66f8cfe911c1143cba8dab,tile,"[233.972,288.0,593.972,648.0]",normalized_0_1000,CONTROLLED_SOURCE_IMAGE/ada_page_009_tile_r02_c02.png,OMITTED_RAW_MODEL_JSON/visual_logic_page_009_tile_r02_c02.json,extracted_unvalidated,page_009_tile_r02_c02__structure__tile_r02_c02,flowchart,Clinical Guideline Evidence for Glycemic Management in T2D with CKD or MASLD/MASH,True,True,valid,,"actions: The provided image is a flowchart with multiple decision points and drug recommendations. The extraction process has been designed to capture the visible text within each box or arrow, preserving the logical structure of the guidelines as presented in the original document.; symbols: The flowchart contains multiple decision points and treatment recommendations that are not fully captured in a single structured output. Some relationships may require manual review due to boundary-crossing arrows or implicit logic.; symbols: Certain symbols like '+' are used as presence markers but do not represent ordinal scales, which is consistent with the provided schema.; structure: Some text is partially cut off or obscured in the image.; structure: The flowchart may not be fully complete as some connections are implied rather than explicitly drawn.",26ba519f9dfe380ebf917453c538a9080ce9b98ce94030b17178cad9015849c6,26ba519f9dfe380ebf917453c538a9080ce9b98ce94030b17178cad9015849c6,pending,,,,,False,n8,n10,,→,"Neutral: Metformin, DPP-4i → High: GLP-1 RA (not listed above), metformin, pioglitazone, SGLT2i, sulfonylurea","[407.0,164.0,593.0,240.0]"
p009-page-009-tile-r02-c02::page-009-tile-r02-c02-structure-tile-r02-c02::edge::edge-009,page_009_tile_r02_c02,9,CONTROLLED_SOURCE_PDF/ADA principles for pharmacologic therapy.pdf,7c2913f79b61bc60f8f51327bb73b80391988fd277116b29e57df4242b2a2404,16c3522a55a32f083a61b6c439e61e267b7d6d3d8e66f8cfe911c1143cba8dab,tile,"[233.972,288.0,593.972,648.0]",normalized_0_1000,CONTROLLED_SOURCE_IMAGE/ada_page_009_tile_r02_c02.png,OMITTED_RAW_MODEL_JSON/visual_logic_page_009_tile_r02_c02.json,extracted_unvalidated,page_009_tile_r02_c02__structure__tile_r02_c02,flowchart,Clinical Guideline Evidence for Glycemic Management in T2D with CKD or MASLD/MASH,True,True,valid,,"actions: The provided image is a flowchart with multiple decision points and drug recommendations. The extraction process has been designed to capture the visible text within each box or arrow, preserving the logical structure of the guidelines as presented in the original document.; symbols: The flowchart contains multiple decision points and treatment recommendations that are not fully captured in a single structured output. Some relationships may require manual review due to boundary-crossing arrows or implicit logic.; symbols: Certain symbols like '+' are used as presence markers but do not represent ordinal scales, which is consistent with the provided schema.; structure: Some text is partially cut off or obscured in the image.; structure: The flowchart may not be fully complete as some connections are implied rather than explicitly drawn.",a4f368ade8b9bbf90c23475d491e5911938936a2fb5810316b9f5a0569a755e6,a4f368ade8b9bbf90c23475d491e5911938936a2fb5810316b9f5a0569a755e6,pending,,,,,False,n9,n1,,→,"Very high: Dulaglutide (high dose), semaglutide, tirzepatide, insulin Combination oral, combination injectable (GLP-1 RA and insulin) → If glycemia is above goal or significant hypoglycemia or hyperglycemia or barriers to care are identified","[407.0,200.0,813.0,509.0]"
p009-page-009-tile-r02-c02::page-009-tile-r02-c02-structure-tile-r02-c02::edge::edge-010,page_009_tile_r02_c02,9,CONTROLLED_SOURCE_PDF/ADA principles for pharmacologic therapy.pdf,7c2913f79b61bc60f8f51327bb73b80391988fd277116b29e57df4242b2a2404,16c3522a55a32f083a61b6c439e61e267b7d6d3d8e66f8cfe911c1143cba8dab,tile,"[233.972,288.0,593.972,648.0]",normalized_0_1000,CONTROLLED_SOURCE_IMAGE/ada_page_009_tile_r02_c02.png,OMITTED_RAW_MODEL_JSON/visual_logic_page_009_tile_r02_c02.json,extracted_unvalidated,page_009_tile_r02_c02__structure__tile_r02_c02,flowchart,Clinical Guideline Evidence for Glycemic Management in T2D with CKD or MASLD/MASH,True,True,valid,,"actions: The provided image is a flowchart with multiple decision points and drug recommendations. The extraction process has been designed to capture the visible text within each box or arrow, preserving the logical structure of the guidelines as presented in the original document.; symbols: The flowchart contains multiple decision points and treatment recommendations that are not fully captured in a single structured output. Some relationships may require manual review due to boundary-crossing arrows or implicit logic.; symbols: Certain symbols like '+' are used as presence markers but do not represent ordinal scales, which is consistent with the provided schema.; structure: Some text is partially cut off or obscured in the image.; structure: The flowchart may not be fully complete as some connections are implied rather than explicitly drawn.",7a17ec45b74c0439eaa6a2f5666d467bf0a0139e3ec8ea2760f08e398be0be57,7a17ec45b74c0439eaa6a2f5666d467bf0a0139e3ec8ea2760f08e398be0be57,pending,,,,,False,n10,n1,,→,"High: GLP-1 RA (not listed above), metformin, pioglitazone, SGLT2i, sulfonylurea → If glycemia is above goal or significant hypoglycemia or hyperglycemia or barriers to care are identified","[407.0,240.0,813.0,509.0]"
p009-page-009-tile-r02-c02::page-009-tile-r02-c02-structure-tile-r02-c02::edge::edge-011,page_009_tile_r02_c02,9,CONTROLLED_SOURCE_PDF/ADA principles for pharmacologic therapy.pdf,7c2913f79b61bc60f8f51327bb73b80391988fd277116b29e57df4242b2a2404,16c3522a55a32f083a61b6c439e61e267b7d6d3d8e66f8cfe911c1143cba8dab,tile,"[233.972,288.0,593.972,648.0]",normalized_0_1000,CONTROLLED_SOURCE_IMAGE/ada_page_009_tile_r02_c02.png,OMITTED_RAW_MODEL_JSON/visual_logic_page_009_tile_r02_c02.json,extracted_unvalidated,page_009_tile_r02_c02__structure__tile_r02_c02,flowchart,Clinical Guideline Evidence for Glycemic Management in T2D with CKD or MASLD/MASH,True,True,valid,,"actions: The provided image is a flowchart with multiple decision points and drug recommendations. The extraction process has been designed to capture the visible text within each box or arrow, preserving the logical structure of the guidelines as presented in the original document.; symbols: The flowchart contains multiple decision points and treatment recommendations that are not fully captured in a single structured output. Some relationships may require manual review due to boundary-crossing arrows or implicit logic.; symbols: Certain symbols like '+' are used as presence markers but do not represent ordinal scales, which is consistent with the provided schema.; structure: Some text is partially cut off or obscured in the image.; structure: The flowchart may not be fully complete as some connections are implied rather than explicitly drawn.",5119514f31279a02e6e33dc2eb6885076f289f32454568474499fbe95b3b49d2,5119514f31279a02e6e33dc2eb6885076f289f32454568474499fbe95b3b49d2,pending,,,,,False,n11,n1,,→,Intermediate: DPP-4i → If glycemia is above goal or significant hypoglycemia or hyperglycemia or barriers to care are identified,"[407.0,280.0,813.0,509.0]"
p009-page-009-tile-r03-c01::page-009-tile-r03-c01-structure-tile-001::edge::edge-001,page_009_tile_r03_c01,9,CONTROLLED_SOURCE_PDF/ADA principles for pharmacologic therapy.pdf,7c2913f79b61bc60f8f51327bb73b80391988fd277116b29e57df4242b2a2404,3154eb177bed280435b48352abedf71aabb52d08e790a9a99b77d726731f937d,tile,"[0.0,422.986,360.0,782.986]",normalized_0_1000,CONTROLLED_SOURCE_IMAGE/ada_page_009_tile_r03_c01.png,OMITTED_RAW_MODEL_JSON/visual_logic_page_009_tile_r03_c01.json,extracted_unvalidated,page_009_tile_r03_c01__structure__tile_001,figure,Figure 9.4—Use of glucose-lowering medications in the management of type 2 diabetes.,True,True,valid,,"structure: No evidence for 'ordinal_symbols' or 'drug_actions'.; structure: All visible decision nodes and arrows are extracted as per schema.; structure: Figure title is included in visual_item's title field.; actions: The image contains a flowchart with multiple decision points and arrows indicating relationships between nodes. The extraction process has preserved the visible text, symbols, and their positions within the bounding box provided.; actions: Some elements may require manual review due to potential boundary-crossing relationships or unclear arrow endpoints.; symbols: The image is a flowchart that includes multiple decision points and recommendations. The extraction focuses on the visible symbols (like +, *, #, †, ≈, ‡, ^) and their associated text, which are typically footnotes or annotations in clinical guidelines.",d53c637461e6a2e6b151c716cfeee310436ee7de2cec70f037ce3998189f0f29,d53c637461e6a2e6b151c716cfeee310436ee7de2cec70f037ce3998189f0f29,pending,,,,,False,node_01,node_02,,dashed arrow from node_01 to node_02,+Mitigating risk of MASLD or MASH,"[540.0,135.0,680.0,185.0]"
p009-page-009-tile-r03-c01::page-009-tile-r03-c01-structure-tile-001::edge::edge-002,page_009_tile_r03_c01,9,CONTROLLED_SOURCE_PDF/ADA principles for pharmacologic therapy.pdf,7c2913f79b61bc60f8f51327bb73b80391988fd277116b29e57df4242b2a2404,3154eb177bed280435b48352abedf71aabb52d08e790a9a99b77d726731f937d,tile,"[0.0,422.986,360.0,782.986]",normalized_0_1000,CONTROLLED_SOURCE_IMAGE/ada_page_009_tile_r03_c01.png,OMITTED_RAW_MODEL_JSON/visual_logic_page_009_tile_r03_c01.json,extracted_unvalidated,page_009_tile_r03_c01__structure__tile_001,figure,Figure 9.4—Use of glucose-lowering medications in the management of type 2 diabetes.,True,True,valid,,"structure: No evidence for 'ordinal_symbols' or 'drug_actions'.; structure: All visible decision nodes and arrows are extracted as per schema.; structure: Figure title is included in visual_item's title field.; actions: The image contains a flowchart with multiple decision points and arrows indicating relationships between nodes. The extraction process has preserved the visible text, symbols, and their positions within the bounding box provided.; actions: Some elements may require manual review due to potential boundary-crossing relationships or unclear arrow endpoints.; symbols: The image is a flowchart that includes multiple decision points and recommendations. The extraction focuses on the visible symbols (like +, *, #, †, ≈, ‡, ^) and their associated text, which are typically footnotes or annotations in clinical guidelines.",c74b76ad9ba55e2e4f554419526b8e7fe52e167730faa5eecfe19189f60b0d4f,c74b76ad9ba55e2e4f554419526b8e7fe52e167730faa5eecfe19189f60b0d4f,pending,,,,,False,node_02,node_03,,dashed arrow from node_02 to node_03,Agents with proven or potential benefit in MASLD or MASH,"[540.0,235.0,680.0,285.0]"
p009-page-009-tile-r03-c02::page-009-tile-r03-c02-structure-tile-r03-c02::edge::edge-001,page_009_tile_r03_c02,9,CONTROLLED_SOURCE_PDF/ADA principles for pharmacologic therapy.pdf,7c2913f79b61bc60f8f51327bb73b80391988fd277116b29e57df4242b2a2404,cad6ccc08acb141c1614c55c006bdd7a2fe9a990d35d5625e05b34183b827230,tile,"[233.972,422.986,593.972,782.986]",normalized_0_1000,CONTROLLED_SOURCE_IMAGE/ada_page_009_tile_r03_c02.png,OMITTED_RAW_MODEL_JSON/visual_logic_page_009_tile_r03_c02.json,extracted_unvalidated,page_009_tile_r03_c02__structure__tile_r03_c02,flowchart,Clinical Guideline Evidence for Type 2 Diabetes Management,True,True,valid,,"structure: The image contains fragmented text that may not fully represent the original guideline's structure or content.; structure: Some evidence bounding boxes are approximate due to OCR limitations.; structure: The flowchart is adapted from Davies et al. (90), but specific details may be incomplete.; actions: The image contains fragmented text that may not fully convey the complete clinical guideline evidence.; actions: Some arrows and nodes may require manual review for accurate interpretation due to partial visibility or unclear boundaries.; symbols: The image is a cropped section of a larger algorithmic flowchart; some nodes may be cut off.; symbols: Some text fragments are incomplete or partially obscured in the source image, requiring manual review for full context.",4a6a0547e53fa1c716daf79b43d90aac060dc1bb16947aa73f4183627a6d4b74,4a6a0547e53fa1c716daf79b43d90aac060dc1bb16947aa73f4183627a6d4b74,pending,,,,,False,N1,N2,,If glycemia is above goal or significant hypoglycemia or hyperglycemia or barriers to care are identified → Decision to use a GLP-1 RA or SGLT2i with proven benefit should be made irrespective of attainment of glycemic goal.,If glycemia is above goal or significant hypoglycemia or hyperglycemia or barriers to care are identified → Decision to use a GLP-1 RA or SGLT2i with proven benefit should be made irrespective of attainment of glycemic goal.,"[412.0,85.0,807.0,136.0]"
p009-page-009-tile-r03-c02::page-009-tile-r03-c02-structure-tile-r03-c02::edge::edge-002,page_009_tile_r03_c02,9,CONTROLLED_SOURCE_PDF/ADA principles for pharmacologic therapy.pdf,7c2913f79b61bc60f8f51327bb73b80391988fd277116b29e57df4242b2a2404,cad6ccc08acb141c1614c55c006bdd7a2fe9a990d35d5625e05b34183b827230,tile,"[233.972,422.986,593.972,782.986]",normalized_0_1000,CONTROLLED_SOURCE_IMAGE/ada_page_009_tile_r03_c02.png,OMITTED_RAW_MODEL_JSON/visual_logic_page_009_tile_r03_c02.json,extracted_unvalidated,page_009_tile_r03_c02__structure__tile_r03_c02,flowchart,Clinical Guideline Evidence for Type 2 Diabetes Management,True,True,valid,,"structure: The image contains fragmented text that may not fully represent the original guideline's structure or content.; structure: Some evidence bounding boxes are approximate due to OCR limitations.; structure: The flowchart is adapted from Davies et al. (90), but specific details may be incomplete.; actions: The image contains fragmented text that may not fully convey the complete clinical guideline evidence.; actions: Some arrows and nodes may require manual review for accurate interpretation due to partial visibility or unclear boundaries.; symbols: The image is a cropped section of a larger algorithmic flowchart; some nodes may be cut off.; symbols: Some text fragments are incomplete or partially obscured in the source image, requiring manual review for full context.",6c14e3605a51f28cf5211515afc63a4e1e151a693accc4e57e0179b59e1fabb3,6c14e3605a51f28cf5211515afc63a4e1e151a693accc4e57e0179b59e1fabb3,pending,,,,,False,N2,N3,,"Decision to use a GLP-1 RA or SGLT2i with proven benefit should be made irrespective of attainment of glycemic goal. → Indicators of high risk CVD: While definitions vary, most comprise ≥55 years of age with two or more indicators (e.g., hypertension, smoking, dyslipidemia, family history, albuminuria).","Decision to use a GLP-1 RA or SGLT2i with proven benefit should be made irrespective of attainment of glycemic goal. → Indicators of high risk CVD: While definitions vary, most comprise ≥55 years of age with two or more indicators (e.g., hypertension, smoking, dyslipidemia, family history, albuminuria).","[0.0,385.0,497.0,416.0]"
p009-page-009-tile-r03-c02::page-009-tile-r03-c02-structure-tile-r03-c02::edge::edge-003,page_009_tile_r03_c02,9,CONTROLLED_SOURCE_PDF/ADA principles for pharmacologic therapy.pdf,7c2913f79b61bc60f8f51327bb73b80391988fd277116b29e57df4242b2a2404,cad6ccc08acb141c1614c55c006bdd7a2fe9a990d35d5625e05b34183b827230,tile,"[233.972,422.986,593.972,782.986]",normalized_0_1000,CONTROLLED_SOURCE_IMAGE/ada_page_009_tile_r03_c02.png,OMITTED_RAW_MODEL_JSON/visual_logic_page_009_tile_r03_c02.json,extracted_unvalidated,page_009_tile_r03_c02__structure__tile_r03_c02,flowchart,Clinical Guideline Evidence for Type 2 Diabetes Management,True,True,valid,,"structure: The image contains fragmented text that may not fully represent the original guideline's structure or content.; structure: Some evidence bounding boxes are approximate due to OCR limitations.; structure: The flowchart is adapted from Davies et al. (90), but specific details may be incomplete.; actions: The image contains fragmented text that may not fully convey the complete clinical guideline evidence.; actions: Some arrows and nodes may require manual review for accurate interpretation due to partial visibility or unclear boundaries.; symbols: The image is a cropped section of a larger algorithmic flowchart; some nodes may be cut off.; symbols: Some text fragments are incomplete or partially obscured in the source image, requiring manual review for full context.",63916b511796af349c5415b9bc75f16a4c1e12b346914e12ba00a26eeed97e90,63916b511796af349c5415b9bc75f16a4c1e12b346914e12ba00a26eeed97e90,pending,,,,,False,N3,N4,,"Indicators of high risk CVD: While definitions vary, most comprise ≥55 years of age with two or more indicators (e.g., hypertension, smoking, dyslipidemia, family history, albuminuria). → Recommendation for those with indicators of high risk CVD. Moreover, a higher absolute risk reduction and thus lower numbers needed to treat (NNT) are expected in the shared decision-making process.","Indicators of high risk CVD: While definitions vary, most comprise ≥55 years of age with two or more indicators (e.g., hypertension, smoking, dyslipidemia, family history, albuminuria). → Recommendation for those with indicators of high risk CVD. Moreover, a higher absolute risk reduction and thus lower numbers needed to treat (NNT) are expected in the shared decision-making process.","[0.0,436.0,807.0,469.0]"
p009-page-009-tile-r03-c02::page-009-tile-r03-c02-structure-tile-r03-c02::edge::edge-004,page_009_tile_r03_c02,9,CONTROLLED_SOURCE_PDF/ADA principles for pharmacologic therapy.pdf,7c2913f79b61bc60f8f51327bb73b80391988fd277116b29e57df4242b2a2404,cad6ccc08acb141c1614c55c006bdd7a2fe9a990d35d5625e05b34183b827230,tile,"[233.972,422.986,593.972,782.986]",normalized_0_1000,CONTROLLED_SOURCE_IMAGE/ada_page_009_tile_r03_c02.png,OMITTED_RAW_MODEL_JSON/visual_logic_page_009_tile_r03_c02.json,extracted_unvalidated,page_009_tile_r03_c02__structure__tile_r03_c02,flowchart,Clinical Guideline Evidence for Type 2 Diabetes Management,True,True,valid,,"structure: The image contains fragmented text that may not fully represent the original guideline's structure or content.; structure: Some evidence bounding boxes are approximate due to OCR limitations.; structure: The flowchart is adapted from Davies et al. (90), but specific details may be incomplete.; actions: The image contains fragmented text that may not fully convey the complete clinical guideline evidence.; actions: Some arrows and nodes may require manual review for accurate interpretation due to partial visibility or unclear boundaries.; symbols: The image is a cropped section of a larger algorithmic flowchart; some nodes may be cut off.; symbols: Some text fragments are incomplete or partially obscured in the source image, requiring manual review for full context.",2b6b9c0fcd15bdb60ca8dc6c27ba1e5468bcb1784df54ad183222167937f3a5d,2b6b9c0fcd15bdb60ca8dc6c27ba1e5468bcb1784df54ad183222167937f3a5d,pending,,,,,False,N4,N5,,"Recommendation for those with indicators of high risk CVD. Moreover, a higher absolute risk reduction and thus lower numbers needed to treat (NNT) are expected in the shared decision-making process. → One of the outcomes for a GLP-1 RA in individuals with CKD and T2D: MACE, CV death, all-cause mortality, MI, stroke, and kidney end points.","Recommendation for those with indicators of high risk CVD. Moreover, a higher absolute risk reduction and thus lower numbers needed to treat (NNT) are expected in the shared decision-making process. → One of the outcomes for a GLP-1 RA in individuals with CKD and T2D: MACE, CV death, all-cause mortality, MI, stroke, and kidney end points.","[0.0,487.0,807.0,519.0]"
p009-page-009-tile-r03-c02::page-009-tile-r03-c02-structure-tile-r03-c02::edge::edge-005,page_009_tile_r03_c02,9,CONTROLLED_SOURCE_PDF/ADA principles for pharmacologic therapy.pdf,7c2913f79b61bc60f8f51327bb73b80391988fd277116b29e57df4242b2a2404,cad6ccc08acb141c1614c55c006bdd7a2fe9a990d35d5625e05b34183b827230,tile,"[233.972,422.986,593.972,782.986]",normalized_0_1000,CONTROLLED_SOURCE_IMAGE/ada_page_009_tile_r03_c02.png,OMITTED_RAW_MODEL_JSON/visual_logic_page_009_tile_r03_c02.json,extracted_unvalidated,page_009_tile_r03_c02__structure__tile_r03_c02,flowchart,Clinical Guideline Evidence for Type 2 Diabetes Management,True,True,valid,,"structure: The image contains fragmented text that may not fully represent the original guideline's structure or content.; structure: Some evidence bounding boxes are approximate due to OCR limitations.; structure: The flowchart is adapted from Davies et al. (90), but specific details may be incomplete.; actions: The image contains fragmented text that may not fully convey the complete clinical guideline evidence.; actions: Some arrows and nodes may require manual review for accurate interpretation due to partial visibility or unclear boundaries.; symbols: The image is a cropped section of a larger algorithmic flowchart; some nodes may be cut off.; symbols: Some text fragments are incomplete or partially obscured in the source image, requiring manual review for full context.",a0739058eac8816dcb5716ac3524ced3bb3d00ccbcbcce47e21ae3f113f59230,a0739058eac8816dcb5716ac3524ced3bb3d00ccbcbcce47e21ae3f113f59230,pending,,,,,False,N5,N6,,"One of the outcomes for a GLP-1 RA in individuals with CKD and T2D: MACE, CV death, all-cause mortality, MI, stroke, and kidney end points. → Reducing the risks of composite MACE, CV death, all-cause mortality, MI, HHF, and kidney outcomes in individuals with T2D and CKD.","One of the outcomes for a GLP-1 RA in individuals with CKD and T2D: MACE, CV death, all-cause mortality, MI, stroke, and kidney end points. → Reducing the risks of composite MACE, CV death, all-cause mortality, MI, HHF, and kidney outcomes in individuals with T2D and CKD.","[0.0,538.0,807.0,569.0]"
p009-page-009-tile-r03-c02::page-009-tile-r03-c02-structure-tile-r03-c02::edge::edge-006,page_009_tile_r03_c02,9,CONTROLLED_SOURCE_PDF/ADA principles for pharmacologic therapy.pdf,7c2913f79b61bc60f8f51327bb73b80391988fd277116b29e57df4242b2a2404,cad6ccc08acb141c1614c55c006bdd7a2fe9a990d35d5625e05b34183b827230,tile,"[233.972,422.986,593.972,782.986]",normalized_0_1000,CONTROLLED_SOURCE_IMAGE/ada_page_009_tile_r03_c02.png,OMITTED_RAW_MODEL_JSON/visual_logic_page_009_tile_r03_c02.json,extracted_unvalidated,page_009_tile_r03_c02__structure__tile_r03_c02,flowchart,Clinical Guideline Evidence for Type 2 Diabetes Management,True,True,valid,,"structure: The image contains fragmented text that may not fully represent the original guideline's structure or content.; structure: Some evidence bounding boxes are approximate due to OCR limitations.; structure: The flowchart is adapted from Davies et al. (90), but specific details may be incomplete.; actions: The image contains fragmented text that may not fully convey the complete clinical guideline evidence.; actions: Some arrows and nodes may require manual review for accurate interpretation due to partial visibility or unclear boundaries.; symbols: The image is a cropped section of a larger algorithmic flowchart; some nodes may be cut off.; symbols: Some text fragments are incomplete or partially obscured in the source image, requiring manual review for full context.",c4f89dd9d2651dda55ab0ae275ff9ddcac44a14cd4063ccae37f9edc1a281a57,c4f89dd9d2651dda55ab0ae275ff9ddcac44a14cd4063ccae37f9edc1a281a57,pending,,,,,False,N6,N7,,"Reducing the risks of composite MACE, CV death, all-cause mortality, MI, HHF, and kidney outcomes in individuals with T2D and CKD. → The left side of the algorithm prioritizes mitigation of cardiovascular risk, while the right side addresses weight and glucose management goals.","Reducing the risks of composite MACE, CV death, all-cause mortality, MI, HHF, and kidney outcomes in individuals with T2D and CKD. → The left side of the algorithm prioritizes mitigation of cardiovascular risk, while the right side addresses weight and glucose management goals.","[0.0,589.0,807.0,621.0]"
p011-page-011-tile-r01-c01::page-011-tile-r01-c01-structure-tile-r01-c01::edge::edge-001,page_011_tile_r01_c01,11,CONTROLLED_SOURCE_PDF/ADA principles for pharmacologic therapy.pdf,7c2913f79b61bc60f8f51327bb73b80391988fd277116b29e57df4242b2a2404,5f10758abfd955e9ced7b2e41975e7ce744de867fefda679f42db97b9f13c509,tile,"[0.0,0.0,360.0,360.0]",normalized_0_1000,CONTROLLED_SOURCE_IMAGE/ada_page_011_tile_r01_c01.png,OMITTED_RAW_MODEL_JSON/visual_logic_page_011_tile_r01_c01.json,extracted_unvalidated,page_011_tile_r01_c01__structure__tile_r01_c01,table,Table 9.2,True,True,invalid,to_node is required,"structure: The table is partially cut off at the bottom right corner.; structure: Some text may be truncated or obscured due to image resolution.; symbols: The table is partially cut off at the bottom right corner; some text may be incomplete or truncated.; symbols: Some columns are not fully visible (e.g., 'MASH effects' column content might be missing).; symbols: The exact medication name is not explicitly stated, but context suggests it's related to metformin or similar agents.; visual item title derived from manifest figure_ids/table_ids",d325c96434158a0972c9118446a8d1c6c6995e53dee63090a26717991f3d2363,d325c96434158a0972c9118446a8d1c6c6995e53dee63090a26717991f3d2363,pending,,,,,False,N1,,,,• Contraindicated with eGFR <30 mL/min/1.73 m²,"[245.0,689.0,360.0,720.0]"
p011-page-011-tile-r01-c01::page-011-tile-r01-c01-structure-tile-r01-c01::edge::edge-002,page_011_tile_r01_c01,11,CONTROLLED_SOURCE_PDF/ADA principles for pharmacologic therapy.pdf,7c2913f79b61bc60f8f51327bb73b80391988fd277116b29e57df4242b2a2404,5f10758abfd955e9ced7b2e41975e7ce744de867fefda679f42db97b9f13c509,tile,"[0.0,0.0,360.0,360.0]",normalized_0_1000,CONTROLLED_SOURCE_IMAGE/ada_page_011_tile_r01_c01.png,OMITTED_RAW_MODEL_JSON/visual_logic_page_011_tile_r01_c01.json,extracted_unvalidated,page_011_tile_r01_c01__structure__tile_r01_c01,table,Table 9.2,True,True,invalid,to_node is required,"structure: The table is partially cut off at the bottom right corner.; structure: Some text may be truncated or obscured due to image resolution.; symbols: The table is partially cut off at the bottom right corner; some text may be incomplete or truncated.; symbols: Some columns are not fully visible (e.g., 'MASH effects' column content might be missing).; symbols: The exact medication name is not explicitly stated, but context suggests it's related to metformin or similar agents.; visual item title derived from manifest figure_ids/table_ids",acd43db59249500bc27efef258e0fb291698d11dbcfe3a9d54841b9ac9ee640f,acd43db59249500bc27efef258e0fb291698d11dbcfe3a9d54841b9ac9ee640f,pending,,,,,False,N2,,,,• Glucose-lowering effect is minimal at eGFR <45 mL/min/1.73 m² and lower;,"[245.0,720.0,360.0,750.0]"
p011-page-011-tile-r01-c01::page-011-tile-r01-c01-structure-tile-r01-c01::edge::edge-003,page_011_tile_r01_c01,11,CONTROLLED_SOURCE_PDF/ADA principles for pharmacologic therapy.pdf,7c2913f79b61bc60f8f51327bb73b80391988fd277116b29e57df4242b2a2404,5f10758abfd955e9ced7b2e41975e7ce744de867fefda679f42db97b9f13c509,tile,"[0.0,0.0,360.0,360.0]",normalized_0_1000,CONTROLLED_SOURCE_IMAGE/ada_page_011_tile_r01_c01.png,OMITTED_RAW_MODEL_JSON/visual_logic_page_011_tile_r01_c01.json,extracted_unvalidated,page_011_tile_r01_c01__structure__tile_r01_c01,table,Table 9.2,True,True,invalid,to_node is required,"structure: The table is partially cut off at the bottom right corner.; structure: Some text may be truncated or obscured due to image resolution.; symbols: The table is partially cut off at the bottom right corner; some text may be incomplete or truncated.; symbols: Some columns are not fully visible (e.g., 'MASH effects' column content might be missing).; symbols: The exact medication name is not explicitly stated, but context suggests it's related to metformin or similar agents.; visual item title derived from manifest figure_ids/table_ids",7c83d7aa7fdf7c549faf509d632a19b7a7fb9069cf9208522bb33e501152483f,7c83d7aa7fdf7c549faf509d632a19b7a7fb9069cf9208522bb33e501152483f,pending,,,,,False,N3,,,,• Continue or start for cardiovascular and kidney benefit if eGFR >20 mL/min/1.73 m².,"[245.0,750.0,360.0,780.0]"
p011-page-011-tile-r01-c01::page-011-tile-r01-c01-structure-tile-r01-c01::edge::edge-004,page_011_tile_r01_c01,11,CONTROLLED_SOURCE_PDF/ADA principles for pharmacologic therapy.pdf,7c2913f79b61bc60f8f51327bb73b80391988fd277116b29e57df4242b2a2404,5f10758abfd955e9ced7b2e41975e7ce744de867fefda679f42db97b9f13c509,tile,"[0.0,0.0,360.0,360.0]",normalized_0_1000,CONTROLLED_SOURCE_IMAGE/ada_page_011_tile_r01_c01.png,OMITTED_RAW_MODEL_JSON/visual_logic_page_011_tile_r01_c01.json,extracted_unvalidated,page_011_tile_r01_c01__structure__tile_r01_c01,table,Table 9.2,True,True,invalid,to_node is required,"structure: The table is partially cut off at the bottom right corner.; structure: Some text may be truncated or obscured due to image resolution.; symbols: The table is partially cut off at the bottom right corner; some text may be incomplete or truncated.; symbols: Some columns are not fully visible (e.g., 'MASH effects' column content might be missing).; symbols: The exact medication name is not explicitly stated, but context suggests it's related to metformin or similar agents.; visual item title derived from manifest figure_ids/table_ids",b09cb3ed8981acfd4e091a455358185876ed9b55003fe04bcaea5df6653b2b00,b09cb3ed8981acfd4e091a455358185876ed9b55003fe04bcaea5df6653b2b00,pending,,,,,False,N4,,,,• May continue until dialysis or transplantation,"[245.0,780.0,360.0,810.0]"
p011-page-011-tile-r01-c01::page-011-tile-r01-c01-structure-tile-r01-c01::edge::edge-005,page_011_tile_r01_c01,11,CONTROLLED_SOURCE_PDF/ADA principles for pharmacologic therapy.pdf,7c2913f79b61bc60f8f51327bb73b80391988fd277116b29e57df4242b2a2404,5f10758abfd955e9ced7b2e41975e7ce744de867fefda679f42db97b9f13c509,tile,"[0.0,0.0,360.0,360.0]",normalized_0_1000,CONTROLLED_SOURCE_IMAGE/ada_page_011_tile_r01_c01.png,OMITTED_RAW_MODEL_JSON/visual_logic_page_011_tile_r01_c01.json,extracted_unvalidated,page_011_tile_r01_c01__structure__tile_r01_c01,table,Table 9.2,True,True,invalid,to_node is required,"structure: The table is partially cut off at the bottom right corner.; structure: Some text may be truncated or obscured due to image resolution.; symbols: The table is partially cut off at the bottom right corner; some text may be incomplete or truncated.; symbols: Some columns are not fully visible (e.g., 'MASH effects' column content might be missing).; symbols: The exact medication name is not explicitly stated, but context suggests it's related to metformin or similar agents.; visual item title derived from manifest figure_ids/table_ids",ad1f3bb0eeeb941b42416724788d3d91e457b2c378d28eeb179dea96fef5ce03,ad1f3bb0eeeb941b42416724788d3d91e457b2c378d28eeb179dea96fef5ce03,pending,,,,,False,N5,,,,• See labels of individual agents for dosage considerations for kidney function,"[245.0,810.0,360.0,840.0]"
p011-page-011-tile-r01-c01::page-011-tile-r01-c01-structure-tile-r01-c01::edge::edge-006,page_011_tile_r01_c01,11,CONTROLLED_SOURCE_PDF/ADA principles for pharmacologic therapy.pdf,7c2913f79b61bc60f8f51327bb73b80391988fd277116b29e57df4242b2a2404,5f10758abfd955e9ced7b2e41975e7ce744de867fefda679f42db97b9f13c509,tile,"[0.0,0.0,360.0,360.0]",normalized_0_1000,CONTROLLED_SOURCE_IMAGE/ada_page_011_tile_r01_c01.png,OMITTED_RAW_MODEL_JSON/visual_logic_page_011_tile_r01_c01.json,extracted_unvalidated,page_011_tile_r01_c01__structure__tile_r01_c01,table,Table 9.2,True,True,invalid,to_node is required,"structure: The table is partially cut off at the bottom right corner.; structure: Some text may be truncated or obscured due to image resolution.; symbols: The table is partially cut off at the bottom right corner; some text may be incomplete or truncated.; symbols: Some columns are not fully visible (e.g., 'MASH effects' column content might be missing).; symbols: The exact medication name is not explicitly stated, but context suggests it's related to metformin or similar agents.; visual item title derived from manifest figure_ids/table_ids",ec93d47dd677b4631006ebff37705a5a0114a5d0a4c388eb15e07be039329aca,ec93d47dd677b4631006ebff37705a5a0114a5d0a4c388eb15e07be039329aca,pending,,,,,False,N6,,,,"• DKA risk in individuals with insulin deficiency (rare in T2D): discontinue, evaluate, and treat promptly if suspected; be aware of predisposing risk factors and clinical presentations (including euglycemic DKA); mitigate risk with sick-day planning;","[500.0,180.0,640.0,320.0]"
p011-page-011-tile-r01-c01::page-011-tile-r01-c01-structure-tile-r01-c01::edge::edge-007,page_011_tile_r01_c01,11,CONTROLLED_SOURCE_PDF/ADA principles for pharmacologic therapy.pdf,7c2913f79b61bc60f8f51327bb73b80391988fd277116b29e57df4242b2a2404,5f10758abfd955e9ced7b2e41975e7ce744de867fefda679f42db97b9f13c509,tile,"[0.0,0.0,360.0,360.0]",normalized_0_1000,CONTROLLED_SOURCE_IMAGE/ada_page_011_tile_r01_c01.png,OMITTED_RAW_MODEL_JSON/visual_logic_page_011_tile_r01_c01.json,extracted_unvalidated,page_011_tile_r01_c01__structure__tile_r01_c01,table,Table 9.2,True,True,invalid,to_node is required,"structure: The table is partially cut off at the bottom right corner.; structure: Some text may be truncated or obscured due to image resolution.; symbols: The table is partially cut off at the bottom right corner; some text may be incomplete or truncated.; symbols: Some columns are not fully visible (e.g., 'MASH effects' column content might be missing).; symbols: The exact medication name is not explicitly stated, but context suggests it's related to metformin or similar agents.; visual item title derived from manifest figure_ids/table_ids",bb2975522d0c4be30ee2ff55dfbba1e83147f4db68534ee2ed2b99c55a13cdc1,bb2975522d0c4be30ee2ff55dfbba1e83147f4db68534ee2ed2b99c55a13cdc1,pending,,,,,False,N7,,,,"• Discontinue before scheduled surgery (e.g., 3–4 days), during critical illness, or during prolonged fasting","[500.0,320.0,640.0,380.0]"
p011-page-011-tile-r01-c01::page-011-tile-r01-c01-structure-tile-r01-c01::edge::edge-008,page_011_tile_r01_c01,11,CONTROLLED_SOURCE_PDF/ADA principles for pharmacologic therapy.pdf,7c2913f79b61bc60f8f51327bb73b80391988fd277116b29e57df4242b2a2404,5f10758abfd955e9ced7b2e41975e7ce744de867fefda679f42db97b9f13c509,tile,"[0.0,0.0,360.0,360.0]",normalized_0_1000,CONTROLLED_SOURCE_IMAGE/ada_page_011_tile_r01_c01.png,OMITTED_RAW_MODEL_JSON/visual_logic_page_011_tile_r01_c01.json,extracted_unvalidated,page_011_tile_r01_c01__structure__tile_r01_c01,table,Table 9.2,True,True,invalid,to_node is required,"structure: The table is partially cut off at the bottom right corner.; structure: Some text may be truncated or obscured due to image resolution.; symbols: The table is partially cut off at the bottom right corner; some text may be incomplete or truncated.; symbols: Some columns are not fully visible (e.g., 'MASH effects' column content might be missing).; symbols: The exact medication name is not explicitly stated, but context suggests it's related to metformin or similar agents.; visual item title derived from manifest figure_ids/table_ids",d0b4047f4f02cf1010751887762a0bc0beca5d8d1b4511299a017124c0fa75f4,d0b4047f4f02cf1010751887762a0bc0beca5d8d1b4511299a017124c0fa75f4,pending,,,,,False,N8,,,,• Genital mycotic infections: mitigate risk with genital hygiene and avoid use in high-risk individuals,"[500.0,380.0,640.0,420.0]"
p011-page-011-tile-r01-c01::page-011-tile-r01-c01-structure-tile-r01-c01::edge::edge-009,page_011_tile_r01_c01,11,CONTROLLED_SOURCE_PDF/ADA principles for pharmacologic therapy.pdf,7c2913f79b61bc60f8f51327bb73b80391988fd277116b29e57df4242b2a2404,5f10758abfd955e9ced7b2e41975e7ce744de867fefda679f42db97b9f13c509,tile,"[0.0,0.0,360.0,360.0]",normalized_0_1000,CONTROLLED_SOURCE_IMAGE/ada_page_011_tile_r01_c01.png,OMITTED_RAW_MODEL_JSON/visual_logic_page_011_tile_r01_c01.json,extracted_unvalidated,page_011_tile_r01_c01__structure__tile_r01_c01,table,Table 9.2,True,True,invalid,to_node is required,"structure: The table is partially cut off at the bottom right corner.; structure: Some text may be truncated or obscured due to image resolution.; symbols: The table is partially cut off at the bottom right corner; some text may be incomplete or truncated.; symbols: Some columns are not fully visible (e.g., 'MASH effects' column content might be missing).; symbols: The exact medication name is not explicitly stated, but context suggests it's related to metformin or similar agents.; visual item title derived from manifest figure_ids/table_ids",dc8a92aff9793739daf0221c739f3d8d94ca7f6af1b02b8bc07f3e6768a3e7cc,dc8a92aff9793739daf0221c739f3d8d94ca7f6af1b02b8bc07f3e6768a3e7cc,pending,,,,,False,N9,,,,• Urosepsis and pyelonephritis: avoid use in high-risk individuals,"[500.0,420.0,640.0,460.0]"
p012-page-012-tile-r01-c01::page-012-tile-r01-c01-structure-tile-r01-c01::edge::edge-001,page_012_tile_r01_c01,12,CONTROLLED_SOURCE_PDF/ADA principles for pharmacologic therapy.pdf,7c2913f79b61bc60f8f51327bb73b80391988fd277116b29e57df4242b2a2404,2827f69cbe55c85bc309ea480faff078e76c008ba8afce0bdf46a42d09594dbe,tile,"[0.0,0.0,360.0,360.0]",normalized_0_1000,CONTROLLED_SOURCE_IMAGE/ada_page_012_tile_r01_c01.png,OMITTED_RAW_MODEL_JSON/visual_logic_page_012_tile_r01_c01.json,extracted_unvalidated,page_012_tile_r01_c01__structure__tile_r01_c01,table,Pharmacologic Approaches to Glycemic Treatment,True,True,valid,,"structure: The table is partially cut off at the bottom right corner, so some information may be missing.; structure: Some text in the table is too small to read clearly without zooming in.; actions: The table contains repeated entries for the same drug class (GLP-1 receptor agonists) with identical actions and triggers. This may indicate a formatting or data entry error in the source document.; actions: No explicit recommendation-strength words are visible in the extracted evidence, so they were left as empty strings.; symbols: No clinical guideline evidence was found in this asset. The table contains pharmacologic information but does not present formal clinical guidelines or evidence-based recommendations with specific thresholds or ordinal scales.",4d1d9e097cb0fdcb3fa55c8aaa9bfa85c1e634f6d8b0ef2d405c28e0103b4200,4d1d9e097cb0fdcb3fa55c8aaa9bfa85c1e634f6d8b0ef2d405c28e0103b4200,pending,,,,,False,N0,N1,,,Thyroid C-cell tumors identified in rodents; human relevance not determined • Provide guidance on discontinuation prior to surgical procedures to mitigate potential for pulmonary aspiration with general anesthesia or deep sedation,"[360.0,198.0,450.0,270.0]"
p012-page-012-tile-r01-c01::page-012-tile-r01-c01-structure-tile-r01-c01::edge::edge-002,page_012_tile_r01_c01,12,CONTROLLED_SOURCE_PDF/ADA principles for pharmacologic therapy.pdf,7c2913f79b61bc60f8f51327bb73b80391988fd277116b29e57df4242b2a2404,2827f69cbe55c85bc309ea480faff078e76c008ba8afce0bdf46a42d09594dbe,tile,"[0.0,0.0,360.0,360.0]",normalized_0_1000,CONTROLLED_SOURCE_IMAGE/ada_page_012_tile_r01_c01.png,OMITTED_RAW_MODEL_JSON/visual_logic_page_012_tile_r01_c01.json,extracted_unvalidated,page_012_tile_r01_c01__structure__tile_r01_c01,table,Pharmacologic Approaches to Glycemic Treatment,True,True,valid,,"structure: The table is partially cut off at the bottom right corner, so some information may be missing.; structure: Some text in the table is too small to read clearly without zooming in.; actions: The table contains repeated entries for the same drug class (GLP-1 receptor agonists) with identical actions and triggers. This may indicate a formatting or data entry error in the source document.; actions: No explicit recommendation-strength words are visible in the extracted evidence, so they were left as empty strings.; symbols: No clinical guideline evidence was found in this asset. The table contains pharmacologic information but does not present formal clinical guidelines or evidence-based recommendations with specific thresholds or ordinal scales.",8d16d91d6442fb0a4d26511f6f7fe3bafae7a6b1a5058eab38407b80825df75a,8d16d91d6442fb0a4d26511f6f7fe3bafae7a6b1a5058eab38407b80825df75a,pending,,,,,False,N1,N2,,,"Pancreatitis: acute pancreatitis has been reported, but causality has not been established; do not initiate if at high risk for pancreatitis, and discontinue if pancreatitis is suspected","[450.0,198.0,540.0,270.0]"
p012-page-012-tile-r01-c01::page-012-tile-r01-c01-structure-tile-r01-c01::edge::edge-003,page_012_tile_r01_c01,12,CONTROLLED_SOURCE_PDF/ADA principles for pharmacologic therapy.pdf,7c2913f79b61bc60f8f51327bb73b80391988fd277116b29e57df4242b2a2404,2827f69cbe55c85bc309ea480faff078e76c008ba8afce0bdf46a42d09594dbe,tile,"[0.0,0.0,360.0,360.0]",normalized_0_1000,CONTROLLED_SOURCE_IMAGE/ada_page_012_tile_r01_c01.png,OMITTED_RAW_MODEL_JSON/visual_logic_page_012_tile_r01_c01.json,extracted_unvalidated,page_012_tile_r01_c01__structure__tile_r01_c01,table,Pharmacologic Approaches to Glycemic Treatment,True,True,valid,,"structure: The table is partially cut off at the bottom right corner, so some information may be missing.; structure: Some text in the table is too small to read clearly without zooming in.; actions: The table contains repeated entries for the same drug class (GLP-1 receptor agonists) with identical actions and triggers. This may indicate a formatting or data entry error in the source document.; actions: No explicit recommendation-strength words are visible in the extracted evidence, so they were left as empty strings.; symbols: No clinical guideline evidence was found in this asset. The table contains pharmacologic information but does not present formal clinical guidelines or evidence-based recommendations with specific thresholds or ordinal scales.",78ce09aa721cc768c228dc2df32501fc3900136581103cf762fba5899a05c65c,78ce09aa721cc768c228dc2df32501fc3900136581103cf762fba5899a05c65c,pending,,,,,False,N2,N3,,,Biliary disease: evaluate for gallbladder disease if cholelithiasis or cholecystitis is suspected; avoid use in at-risk individuals,"[540.0,198.0,630.0,270.0]"
p012-page-012-tile-r01-c01::page-012-tile-r01-c01-structure-tile-r01-c01::edge::edge-004,page_012_tile_r01_c01,12,CONTROLLED_SOURCE_PDF/ADA principles for pharmacologic therapy.pdf,7c2913f79b61bc60f8f51327bb73b80391988fd277116b29e57df4242b2a2404,2827f69cbe55c85bc309ea480faff078e76c008ba8afce0bdf46a42d09594dbe,tile,"[0.0,0.0,360.0,360.0]",normalized_0_1000,CONTROLLED_SOURCE_IMAGE/ada_page_012_tile_r01_c01.png,OMITTED_RAW_MODEL_JSON/visual_logic_page_012_tile_r01_c01.json,extracted_unvalidated,page_012_tile_r01_c01__structure__tile_r01_c01,table,Pharmacologic Approaches to Glycemic Treatment,True,True,valid,,"structure: The table is partially cut off at the bottom right corner, so some information may be missing.; structure: Some text in the table is too small to read clearly without zooming in.; actions: The table contains repeated entries for the same drug class (GLP-1 receptor agonists) with identical actions and triggers. This may indicate a formatting or data entry error in the source document.; actions: No explicit recommendation-strength words are visible in the extracted evidence, so they were left as empty strings.; symbols: No clinical guideline evidence was found in this asset. The table contains pharmacologic information but does not present formal clinical guidelines or evidence-based recommendations with specific thresholds or ordinal scales.",15218ac71f7852b33533b8cd807e9828a70a069dbfffe4543a9d95da5575c4dd,15218ac71f7852b33533b8cd807e9828a70a069dbfffe4543a9d95da5575c4dd,pending,,,,,False,N3,N4,,,"Ileus: reported, but risk level is not well established","[630.0,198.0,720.0,270.0]"
p012-page-012-tile-r02-c01::page-012-tile-r02-c01-structure-tile-r02-c01::edge::edge-001,page_012_tile_r02_c01,12,CONTROLLED_SOURCE_PDF/ADA principles for pharmacologic therapy.pdf,7c2913f79b61bc60f8f51327bb73b80391988fd277116b29e57df4242b2a2404,8b273dcf90983c0ed7bccc297f0e9ed4fc845b5877a87fa215c45fe51c6167d2,tile,"[0.0,288.0,360.0,648.0]",normalized_0_1000,CONTROLLED_SOURCE_IMAGE/ada_page_012_tile_r02_c01.png,OMITTED_RAW_MODEL_JSON/visual_logic_page_012_tile_r02_c01.json,extracted_unvalidated,page_012_tile_r02_c01__structure__tile_r02_c01,table,Table 9.2,True,True,valid,,"structure: The table is partially cut off at the bottom right corner.; actions: The table is partially cut off at the bottom right corner. The full text of the last row may not be visible.; actions: Some evidence texts are truncated or abbreviated in the image, which may affect the completeness of the extracted information.; symbols: The table is partially cut off at the top and right edges. The full context of 'Hypoglycemia risk' as a column header is not fully visible.; symbols: Some text in the 'Dosing/use considerations' columns appears truncated or incomplete.; visual item title derived from manifest figure_ids/table_ids",a96f98a056010ef91b483a18a898233361deb9f6caa890905c7002efdb8b8697,a96f98a056010ef91b483a18a898233361deb9f6caa890905c7002efdb8b8697,pending,,,,,False,hypoglycemia_risk,cv_effects,,,Hypoglycemia risk High No,"[10.0,289.0,357.0,648.0]"
p012-page-012-tile-r02-c01::page-012-tile-r02-c01-structure-tile-r02-c01::edge::edge-002,page_012_tile_r02_c01,12,CONTROLLED_SOURCE_PDF/ADA principles for pharmacologic therapy.pdf,7c2913f79b61bc60f8f51327bb73b80391988fd277116b29e57df4242b2a2404,8b273dcf90983c0ed7bccc297f0e9ed4fc845b5877a87fa215c45fe51c6167d2,tile,"[0.0,288.0,360.0,648.0]",normalized_0_1000,CONTROLLED_SOURCE_IMAGE/ada_page_012_tile_r02_c01.png,OMITTED_RAW_MODEL_JSON/visual_logic_page_012_tile_r02_c01.json,extracted_unvalidated,page_012_tile_r02_c01__structure__tile_r02_c01,table,Table 9.2,True,True,valid,,"structure: The table is partially cut off at the bottom right corner.; actions: The table is partially cut off at the bottom right corner. The full text of the last row may not be visible.; actions: Some evidence texts are truncated or abbreviated in the image, which may affect the completeness of the extracted information.; symbols: The table is partially cut off at the top and right edges. The full context of 'Hypoglycemia risk' as a column header is not fully visible.; symbols: Some text in the 'Dosing/use considerations' columns appears truncated or incomplete.; visual item title derived from manifest figure_ids/table_ids",be3c0f991257dbbaf236907c73be017b3c08f586b0d743194324dce79dea8bc7,be3c0f991257dbbaf236907c73be017b3c08f586b0d743194324dce79dea8bc7,pending,,,,,False,hypoglycemia_risk,weight_effects,,,Hypoglycemia risk High No,"[10.0,289.0,357.0,648.0]"
p012-page-012-tile-r02-c01::page-012-tile-r02-c01-structure-tile-r02-c01::edge::edge-003,page_012_tile_r02_c01,12,CONTROLLED_SOURCE_PDF/ADA principles for pharmacologic therapy.pdf,7c2913f79b61bc60f8f51327bb73b80391988fd277116b29e57df4242b2a2404,8b273dcf90983c0ed7bccc297f0e9ed4fc845b5877a87fa215c45fe51c6167d2,tile,"[0.0,288.0,360.0,648.0]",normalized_0_1000,CONTROLLED_SOURCE_IMAGE/ada_page_012_tile_r02_c01.png,OMITTED_RAW_MODEL_JSON/visual_logic_page_012_tile_r02_c01.json,extracted_unvalidated,page_012_tile_r02_c01__structure__tile_r02_c01,table,Table 9.2,True,True,valid,,"structure: The table is partially cut off at the bottom right corner.; actions: The table is partially cut off at the bottom right corner. The full text of the last row may not be visible.; actions: Some evidence texts are truncated or abbreviated in the image, which may affect the completeness of the extracted information.; symbols: The table is partially cut off at the top and right edges. The full context of 'Hypoglycemia risk' as a column header is not fully visible.; symbols: Some text in the 'Dosing/use considerations' columns appears truncated or incomplete.; visual item title derived from manifest figure_ids/table_ids",18d9fbf49c8db73087971109fa81c33359be50b9af98c6de268bcdfa65249f52,18d9fbf49c8db73087971109fa81c33359be50b9af98c6de268bcdfa65249f52,pending,,,,,False,hypoglycemia_risk,progression_of_ckd,,,Hypoglycemia risk High No,"[10.0,289.0,357.0,648.0]"
p012-page-012-tile-r02-c01::page-012-tile-r02-c01-structure-tile-r02-c01::edge::edge-004,page_012_tile_r02_c01,12,CONTROLLED_SOURCE_PDF/ADA principles for pharmacologic therapy.pdf,7c2913f79b61bc60f8f51327bb73b80391988fd277116b29e57df4242b2a2404,8b273dcf90983c0ed7bccc297f0e9ed4fc845b5877a87fa215c45fe51c6167d2,tile,"[0.0,288.0,360.0,648.0]",normalized_0_1000,CONTROLLED_SOURCE_IMAGE/ada_page_012_tile_r02_c01.png,OMITTED_RAW_MODEL_JSON/visual_logic_page_012_tile_r02_c01.json,extracted_unvalidated,page_012_tile_r02_c01__structure__tile_r02_c01,table,Table 9.2,True,True,valid,,"structure: The table is partially cut off at the bottom right corner.; actions: The table is partially cut off at the bottom right corner. The full text of the last row may not be visible.; actions: Some evidence texts are truncated or abbreviated in the image, which may affect the completeness of the extracted information.; symbols: The table is partially cut off at the top and right edges. The full context of 'Hypoglycemia risk' as a column header is not fully visible.; symbols: Some text in the 'Dosing/use considerations' columns appears truncated or incomplete.; visual item title derived from manifest figure_ids/table_ids",cc494ff3bf997c726c9f655a59d4ce4c9b2915a5d15ffaa94e8907dc3b3a829b,cc494ff3bf997c726c9f655a59d4ce4c9b2915a5d15ffaa94e8907dc3b3a829b,pending,,,,,False,hypoglycemia_risk,dosing_use_considerations,,,Hypoglycemia risk High No,"[10.0,289.0,357.0,648.0]"
p013-page-013-tile-r01-c01::page-013-tile-r01-c01-structure-tile-r01-c01::edge::edge-001,page_013_tile_r01_c01,13,CONTROLLED_SOURCE_PDF/ADA principles for pharmacologic therapy.pdf,7c2913f79b61bc60f8f51327bb73b80391988fd277116b29e57df4242b2a2404,369f34fe74ff8589553d7d52ed3dee302203f9a057b88e94d303834a9e4063fb,tile,"[0.0,0.0,360.0,360.0]",normalized_0_1000,CONTROLLED_SOURCE_IMAGE/ada_page_013_tile_r01_c01.png,OMITTED_RAW_MODEL_JSON/visual_logic_page_013_tile_r01_c01.json,extracted_unvalidated,page_013_tile_r01_c01__structure__tile_r01_c01,table,Table 9.2,False,True,valid,,structure: No explicit arrows are drawn between nodes in the table. The relationships are implied by proximity and context.; structure: The table is structured as a decision tree with branching conditions based on clinical considerations.; actions: No explicit recommendation-strength word visible; using empty strength string.; actions: No evidence of arrows or directional relationships between nodes.; symbols: No explicit clinical guideline references are visible in the provided image asset.; visual item title derived from manifest figure_ids/table_ids,03026466d10774074ac64a16a62fce74b8d4ef4b96dbd5926eafdd5ecc34d440,03026466d10774074ac64a16a62fce74b8d4ef4b96dbd5926eafdd5ecc34d440,pending,,,,,False,N1,N2,,,"• Dose adjustment required based on kidney function (sitagliptin, saxagliptin, alogliptin) • No dose adjustment required for linaglptin","[140.0,235.0,610.0,360.0]"
p013-page-013-tile-r01-c01::page-013-tile-r01-c01-structure-tile-r01-c01::edge::edge-002,page_013_tile_r01_c01,13,CONTROLLED_SOURCE_PDF/ADA principles for pharmacologic therapy.pdf,7c2913f79b61bc60f8f51327bb73b80391988fd277116b29e57df4242b2a2404,369f34fe74ff8589553d7d52ed3dee302203f9a057b88e94d303834a9e4063fb,tile,"[0.0,0.0,360.0,360.0]",normalized_0_1000,CONTROLLED_SOURCE_IMAGE/ada_page_013_tile_r01_c01.png,OMITTED_RAW_MODEL_JSON/visual_logic_page_013_tile_r01_c01.json,extracted_unvalidated,page_013_tile_r01_c01__structure__tile_r01_c01,table,Table 9.2,False,True,valid,,structure: No explicit arrows are drawn between nodes in the table. The relationships are implied by proximity and context.; structure: The table is structured as a decision tree with branching conditions based on clinical considerations.; actions: No explicit recommendation-strength word visible; using empty strength string.; actions: No evidence of arrows or directional relationships between nodes.; symbols: No explicit clinical guideline references are visible in the provided image asset.; visual item title derived from manifest figure_ids/table_ids,5dd536a3063c8ecf507be714b08c7c6e20dd7712ca70f45cf73cd9dc0473e1b7,5dd536a3063c8ecf507be714b08c7c6e20dd7712ca70f45cf73cd9dc0473e1b7,pending,,,,,False,N2,N3,,,• Pancreatitis has been reported but causality has not been established; discontinue if pancreatitis is suspected • Postmarketing concerns about joint pain (consider discontinuing if debilitating),"[480.0,235.0,610.0,360.0]"
p013-page-013-tile-r01-c01::page-013-tile-r01-c01-structure-tile-r01-c01::edge::edge-003,page_013_tile_r01_c01,13,CONTROLLED_SOURCE_PDF/ADA principles for pharmacologic therapy.pdf,7c2913f79b61bc60f8f51327bb73b80391988fd277116b29e57df4242b2a2404,369f34fe74ff8589553d7d52ed3dee302203f9a057b88e94d303834a9e4063fb,tile,"[0.0,0.0,360.0,360.0]",normalized_0_1000,CONTROLLED_SOURCE_IMAGE/ada_page_013_tile_r01_c01.png,OMITTED_RAW_MODEL_JSON/visual_logic_page_013_tile_r01_c01.json,extracted_unvalidated,page_013_tile_r01_c01__structure__tile_r01_c01,table,Table 9.2,False,True,valid,,structure: No explicit arrows are drawn between nodes in the table. The relationships are implied by proximity and context.; structure: The table is structured as a decision tree with branching conditions based on clinical considerations.; actions: No explicit recommendation-strength word visible; using empty strength string.; actions: No evidence of arrows or directional relationships between nodes.; symbols: No explicit clinical guideline references are visible in the provided image asset.; visual item title derived from manifest figure_ids/table_ids,dfe6296f2cd451e7d38024486ae1e1d7c3ba25db2d574178ffcc2154551eb92f,dfe6296f2cd451e7d38024486ae1e1d7c3ba25db2d574178ffcc2154551eb92f,pending,,,,,False,N3,N4,,,• Postmarketing concerns about joint pain (consider discontinuing if debilitating) • Pemphigoid (discontinue if suspected) reversible upon discontinuation,"[480.0,315.0,610.0,360.0]"
p013-page-013-tile-r01-c01::page-013-tile-r01-c01-structure-tile-r01-c01::edge::edge-004,page_013_tile_r01_c01,13,CONTROLLED_SOURCE_PDF/ADA principles for pharmacologic therapy.pdf,7c2913f79b61bc60f8f51327bb73b80391988fd277116b29e57df4242b2a2404,369f34fe74ff8589553d7d52ed3dee302203f9a057b88e94d303834a9e4063fb,tile,"[0.0,0.0,360.0,360.0]",normalized_0_1000,CONTROLLED_SOURCE_IMAGE/ada_page_013_tile_r01_c01.png,OMITTED_RAW_MODEL_JSON/visual_logic_page_013_tile_r01_c01.json,extracted_unvalidated,page_013_tile_r01_c01__structure__tile_r01_c01,table,Table 9.2,False,True,valid,,structure: No explicit arrows are drawn between nodes in the table. The relationships are implied by proximity and context.; structure: The table is structured as a decision tree with branching conditions based on clinical considerations.; actions: No explicit recommendation-strength word visible; using empty strength string.; actions: No evidence of arrows or directional relationships between nodes.; symbols: No explicit clinical guideline references are visible in the provided image asset.; visual item title derived from manifest figure_ids/table_ids,34956b81e9e0aebecddf82a29c5c272a90aa0dc49ec6f7b671dbb2181145b091,34956b81e9e0aebecddf82a29c5c272a90aa0dc49ec6f7b671dbb2181145b091,pending,,,,,False,N4,N5,,,• Pemphigoid (discontinue if suspected) reversible upon discontinuation • Increased risk of HF and fluid retention; do not use in setting of HF,"[480.0,350.0,610.0,360.0]"
p013-page-013-tile-r01-c01::page-013-tile-r01-c01-structure-tile-r01-c01::edge::edge-005,page_013_tile_r01_c01,13,CONTROLLED_SOURCE_PDF/ADA principles for pharmacologic therapy.pdf,7c2913f79b61bc60f8f51327bb73b80391988fd277116b29e57df4242b2a2404,369f34fe74ff8589553d7d52ed3dee302203f9a057b88e94d303834a9e4063fb,tile,"[0.0,0.0,360.0,360.0]",normalized_0_1000,CONTROLLED_SOURCE_IMAGE/ada_page_013_tile_r01_c01.png,OMITTED_RAW_MODEL_JSON/visual_logic_page_013_tile_r01_c01.json,extracted_unvalidated,page_013_tile_r01_c01__structure__tile_r01_c01,table,Table 9.2,False,True,valid,,structure: No explicit arrows are drawn between nodes in the table. The relationships are implied by proximity and context.; structure: The table is structured as a decision tree with branching conditions based on clinical considerations.; actions: No explicit recommendation-strength word visible; using empty strength string.; actions: No evidence of arrows or directional relationships between nodes.; symbols: No explicit clinical guideline references are visible in the provided image asset.; visual item title derived from manifest figure_ids/table_ids,1d23e9f61aa3284b41cb0adea7deafd9598761dc52a2a0137d956721d44cdff5,1d23e9f61aa3284b41cb0adea7deafd9598761dc52a2a0137d956721d44cdff5,pending,,,,,False,N5,N6,,,• Increased risk of HF and fluid retention; do not use in setting of HF • Risk of bone fractures,"[740.0,235.0,860.0,360.0]"
p013-page-013-tile-r01-c01::page-013-tile-r01-c01-structure-tile-r01-c01::edge::edge-006,page_013_tile_r01_c01,13,CONTROLLED_SOURCE_PDF/ADA principles for pharmacologic therapy.pdf,7c2913f79b61bc60f8f51327bb73b80391988fd277116b29e57df4242b2a2404,369f34fe74ff8589553d7d52ed3dee302203f9a057b88e94d303834a9e4063fb,tile,"[0.0,0.0,360.0,360.0]",normalized_0_1000,CONTROLLED_SOURCE_IMAGE/ada_page_013_tile_r01_c01.png,OMITTED_RAW_MODEL_JSON/visual_logic_page_013_tile_r01_c01.json,extracted_unvalidated,page_013_tile_r01_c01__structure__tile_r01_c01,table,Table 9.2,False,True,valid,,structure: No explicit arrows are drawn between nodes in the table. The relationships are implied by proximity and context.; structure: The table is structured as a decision tree with branching conditions based on clinical considerations.; actions: No explicit recommendation-strength word visible; using empty strength string.; actions: No evidence of arrows or directional relationships between nodes.; symbols: No explicit clinical guideline references are visible in the provided image asset.; visual item title derived from manifest figure_ids/table_ids,6480d23ecd61d68c3462f3c59ac56d61528e0ec8a8e34b95beb1b333863454fc,6480d23ecd61d68c3462f3c59ac56d61528e0ec8a8e34b95beb1b333863454fc,pending,,,,,False,N6,N7,,,"• Risk of bone fractures • Bladder cancer: do not use in individuals with active bladder cancer, and use caution in those with prior history of bladder cancer","[740.0,285.0,860.0,360.0]"
p013-page-013-tile-r02-c02::page-013-tile-r02-c02-structure-tile-r02-c02::edge::edge-001,page_013_tile_r02_c02,13,CONTROLLED_SOURCE_PDF/ADA principles for pharmacologic therapy.pdf,7c2913f79b61bc60f8f51327bb73b80391988fd277116b29e57df4242b2a2404,316ceeb13b608d604e6a9dd48559fbdac12ac4050f59e08fe34ed29ee2f25609,tile,"[233.972,288.0,593.972,648.0]",normalized_0_1000,CONTROLLED_SOURCE_IMAGE/ada_page_013_tile_r02_c02.png,OMITTED_RAW_MODEL_JSON/visual_logic_page_013_tile_r02_c02.json,extracted_unvalidated,page_013_tile_r02_c02__structure__tile_r02_c02,table,Table 9.2,True,True,invalid,to_node endpoint 'N1_gain' does not resolve to a unique node in this item,"structure: The table structure appears to be incomplete or corrupted in this image asset.; structure: No explicit arrows or decision nodes are visible; only text-based conditions and outcomes are present.; actions: The table contains multiple rows that are partially cut off or obscured in the image, making it difficult to extract complete information.; actions: Some text within the table may be misaligned or slightly blurred due to the quality of the scanned document.; symbols: The provided image does not contain any visible arrows or flowchart elements that would require extraction of decision nodes, edges, or actions. The table is structured with rows for 'No' and 'Yes' gain scenarios and columns for potential benefit, risk, and specific drug-related information.; visual item title derived from manifest figure_ids/table_ids",19e1c0be8fa82b161d84f1e9f7bb3836da0765577b40444f3161a61f17163023,19e1c0be8fa82b161d84f1e9f7bb3836da0765577b40444f3161a61f17163023,pending,,,,,False,N1,N1_gain,Gain,,No → Gain (linagliptin not required),"[100.0,288.0,593.0,648.0]"
p013-page-013-tile-r02-c02::page-013-tile-r02-c02-structure-tile-r02-c02::edge::edge-002,page_013_tile_r02_c02,13,CONTROLLED_SOURCE_PDF/ADA principles for pharmacologic therapy.pdf,7c2913f79b61bc60f8f51327bb73b80391988fd277116b29e57df4242b2a2404,316ceeb13b608d604e6a9dd48559fbdac12ac4050f59e08fe34ed29ee2f25609,tile,"[233.972,288.0,593.972,648.0]",normalized_0_1000,CONTROLLED_SOURCE_IMAGE/ada_page_013_tile_r02_c02.png,OMITTED_RAW_MODEL_JSON/visual_logic_page_013_tile_r02_c02.json,extracted_unvalidated,page_013_tile_r02_c02__structure__tile_r02_c02,table,Table 9.2,True,True,invalid,to_node endpoint 'N1_neutral' does not resolve to a unique node in this item,"structure: The table structure appears to be incomplete or corrupted in this image asset.; structure: No explicit arrows or decision nodes are visible; only text-based conditions and outcomes are present.; actions: The table contains multiple rows that are partially cut off or obscured in the image, making it difficult to extract complete information.; actions: Some text within the table may be misaligned or slightly blurred due to the quality of the scanned document.; symbols: The provided image does not contain any visible arrows or flowchart elements that would require extraction of decision nodes, edges, or actions. The table is structured with rows for 'No' and 'Yes' gain scenarios and columns for potential benefit, risk, and specific drug-related information.; visual item title derived from manifest figure_ids/table_ids",a43e947492bc5241c4aa071086c8fb74b62ae33d4ff7cdfc070c8ce107302077,a43e947492bc5241c4aa071086c8fb74b62ae33d4ff7cdfc070c8ce107302077,pending,,,,,False,N1,N1_neutral,Neutral,,No → Neutral (linagliptin not required),"[100.0,288.0,593.0,648.0]"
p013-page-013-tile-r02-c02::page-013-tile-r02-c02-structure-tile-r02-c02::edge::edge-003,page_013_tile_r02_c02,13,CONTROLLED_SOURCE_PDF/ADA principles for pharmacologic therapy.pdf,7c2913f79b61bc60f8f51327bb73b80391988fd277116b29e57df4242b2a2404,316ceeb13b608d604e6a9dd48559fbdac12ac4050f59e08fe34ed29ee2f25609,tile,"[233.972,288.0,593.972,648.0]",normalized_0_1000,CONTROLLED_SOURCE_IMAGE/ada_page_013_tile_r02_c02.png,OMITTED_RAW_MODEL_JSON/visual_logic_page_013_tile_r02_c02.json,extracted_unvalidated,page_013_tile_r02_c02__structure__tile_r02_c02,table,Table 9.2,True,True,invalid,to_node endpoint 'N2_gain' does not resolve to a unique node in this item,"structure: The table structure appears to be incomplete or corrupted in this image asset.; structure: No explicit arrows or decision nodes are visible; only text-based conditions and outcomes are present.; actions: The table contains multiple rows that are partially cut off or obscured in the image, making it difficult to extract complete information.; actions: Some text within the table may be misaligned or slightly blurred due to the quality of the scanned document.; symbols: The provided image does not contain any visible arrows or flowchart elements that would require extraction of decision nodes, edges, or actions. The table is structured with rows for 'No' and 'Yes' gain scenarios and columns for potential benefit, risk, and specific drug-related information.; visual item title derived from manifest figure_ids/table_ids",eb316643249ff59f5aa93f84dc67be16712095f0cad371ded3426581841f279f,eb316643249ff59f5aa93f84dc67be16712095f0cad371ded3426581841f279f,pending,,,,,False,N2,N2_gain,Gain,,Yes → Gain (linagliptin required),"[100.0,288.0,593.0,648.0]"
p013-page-013-tile-r02-c02::page-013-tile-r02-c02-structure-tile-r02-c02::edge::edge-004,page_013_tile_r02_c02,13,CONTROLLED_SOURCE_PDF/ADA principles for pharmacologic therapy.pdf,7c2913f79b61bc60f8f51327bb73b80391988fd277116b29e57df4242b2a2404,316ceeb13b608d604e6a9dd48559fbdac12ac4050f59e08fe34ed29ee2f25609,tile,"[233.972,288.0,593.972,648.0]",normalized_0_1000,CONTROLLED_SOURCE_IMAGE/ada_page_013_tile_r02_c02.png,OMITTED_RAW_MODEL_JSON/visual_logic_page_013_tile_r02_c02.json,extracted_unvalidated,page_013_tile_r02_c02__structure__tile_r02_c02,table,Table 9.2,True,True,invalid,to_node endpoint 'N2_neutral' does not resolve to a unique node in this item,"structure: The table structure appears to be incomplete or corrupted in this image asset.; structure: No explicit arrows or decision nodes are visible; only text-based conditions and outcomes are present.; actions: The table contains multiple rows that are partially cut off or obscured in the image, making it difficult to extract complete information.; actions: Some text within the table may be misaligned or slightly blurred due to the quality of the scanned document.; symbols: The provided image does not contain any visible arrows or flowchart elements that would require extraction of decision nodes, edges, or actions. The table is structured with rows for 'No' and 'Yes' gain scenarios and columns for potential benefit, risk, and specific drug-related information.; visual item title derived from manifest figure_ids/table_ids",46806c25d2455d37aff661b9d0429b73987937b722453097686ed6612f70af0b,46806c25d2455d37aff661b9d0429b73987937b722453097686ed6612f70af0b,pending,,,,,False,N2,N2_neutral,Neutral,,Yes → Neutral (linagliptin required),"[100.0,288.0,593.0,648.0]"
p014-page-014-tile-r03-c02::page-014-tile-r03-c02-structure-tile-r03-c02::edge::edge-001,page_014_tile_r03_c02,14,CONTROLLED_SOURCE_PDF/ADA principles for pharmacologic therapy.pdf,7c2913f79b61bc60f8f51327bb73b80391988fd277116b29e57df4242b2a2404,869a35951ffde4367efcc075da2f6fe1d42dff15fed871e3de02d73dc235a4bf,tile,"[233.972,422.986,593.972,782.986]",normalized_0_1000,CONTROLLED_SOURCE_IMAGE/ada_page_014_tile_r03_c02.png,OMITTED_RAW_MODEL_JSON/visual_logic_page_014_tile_r03_c02.json,extracted_unvalidated,page_014_tile_r03_c02__structure__tile_r03_c02,table,Table 9.2,True,True,invalid,to_node endpoint 'N2' does not resolve to a unique node in this item,"structure: The text does not contain any explicit decision nodes or arrows. The relationships are implied by the logical flow of the paragraph.; structure: No drug actions or ordinal symbols are visible in this asset.; actions: No explicit recommendation-strength words were found in the text; strength is left empty.; actions: The evidence bounding boxes provided are approximate and based on visual layout. Actual coordinates may vary slightly depending on document rendering.; symbols: No visual elements (arrows, nodes) are present in this asset to extract relationships or actions.; symbols: The text is a paragraph describing metformin's role and properties; no structured decision tree or flowchart exists for extraction.; visual item title derived from manifest figure_ids/table_ids",578f79b8f6014d27a5bcf0b1956364081ea7df1d2720f3df38e5ceacbba196b8,578f79b8f6014d27a5bcf0b1956364081ea7df1d2720f3df38e5ceacbba196b8,pending,,,,,False,N1,N2,,,"Metformin is effective and safe, is inexpensive and widely available, and reduces risks of microvascular complications, cardiovascular events, and death (93,95,96).","[450.178,260.0,875.0,400.0]"
p014-page-014-tile-r03-c02::page-014-tile-r03-c02-structure-tile-r03-c02::edge::edge-002,page_014_tile_r03_c02,14,CONTROLLED_SOURCE_PDF/ADA principles for pharmacologic therapy.pdf,7c2913f79b61bc60f8f51327bb73b80391988fd277116b29e57df4242b2a2404,869a35951ffde4367efcc075da2f6fe1d42dff15fed871e3de02d73dc235a4bf,tile,"[233.972,422.986,593.972,782.986]",normalized_0_1000,CONTROLLED_SOURCE_IMAGE/ada_page_014_tile_r03_c02.png,OMITTED_RAW_MODEL_JSON/visual_logic_page_014_tile_r03_c02.json,extracted_unvalidated,page_014_tile_r03_c02__structure__tile_r03_c02,table,Table 9.2,True,True,invalid,to_node endpoint 'N3' does not resolve to a unique node in this item,"structure: The text does not contain any explicit decision nodes or arrows. The relationships are implied by the logical flow of the paragraph.; structure: No drug actions or ordinal symbols are visible in this asset.; actions: No explicit recommendation-strength words were found in the text; strength is left empty.; actions: The evidence bounding boxes provided are approximate and based on visual layout. Actual coordinates may vary slightly depending on document rendering.; symbols: No visual elements (arrows, nodes) are present in this asset to extract relationships or actions.; symbols: The text is a paragraph describing metformin's role and properties; no structured decision tree or flowchart exists for extraction.; visual item title derived from manifest figure_ids/table_ids",977000e8fdef16dceeedcdb90385f5503537c4028330b1f69b25badd94cae727,977000e8fdef16dceeedcdb90385f5503537c4028330b1f69b25badd94cae727,pending,,,,,False,N1,N3,,,"Compared with sulfonylureas, metformin as first-line therapy has beneficial effects on A1C, is weight neutral, does not cause hypoglycemia, and reduces cardiovascular mortality (97).","[450.178,400.0,875.0,600.0]"
p014-page-014-tile-r03-c02::page-014-tile-r03-c02-structure-tile-r03-c02::edge::edge-003,page_014_tile_r03_c02,14,CONTROLLED_SOURCE_PDF/ADA principles for pharmacologic therapy.pdf,7c2913f79b61bc60f8f51327bb73b80391988fd277116b29e57df4242b2a2404,869a35951ffde4367efcc075da2f6fe1d42dff15fed871e3de02d73dc235a4bf,tile,"[233.972,422.986,593.972,782.986]",normalized_0_1000,CONTROLLED_SOURCE_IMAGE/ada_page_014_tile_r03_c02.png,OMITTED_RAW_MODEL_JSON/visual_logic_page_014_tile_r03_c02.json,extracted_unvalidated,page_014_tile_r03_c02__structure__tile_r03_c02,table,Table 9.2,True,True,invalid,to_node endpoint 'N4' does not resolve to a unique node in this item,"structure: The text does not contain any explicit decision nodes or arrows. The relationships are implied by the logical flow of the paragraph.; structure: No drug actions or ordinal symbols are visible in this asset.; actions: No explicit recommendation-strength words were found in the text; strength is left empty.; actions: The evidence bounding boxes provided are approximate and based on visual layout. Actual coordinates may vary slightly depending on document rendering.; symbols: No visual elements (arrows, nodes) are present in this asset to extract relationships or actions.; symbols: The text is a paragraph describing metformin's role and properties; no structured decision tree or flowchart exists for extraction.; visual item title derived from manifest figure_ids/table_ids",c88a7c0dfe6dd8bb4866f55e59bf4a70a2c44f36fce8224d91f3828a366a65dc,c88a7c0dfe6dd8bb4866f55e59bf4a70a2c44f36fce8224d91f3828a366a65dc,pending,,,,,False,N1,N4,,,Metformin is also more effective than dipeptidyl peptidase 4 (DPP-4) inhibitors in lowering A1C and weight when used as monotherapy (98).,"[450.178,600.0,875.0,782.986]"
p016-page-016-tile-r01-c01::page-016-tile-r01-c01-structure-tile-01::edge::edge-001,page_016_tile_r01_c01,16,CONTROLLED_SOURCE_PDF/ADA principles for pharmacologic therapy.pdf,7c2913f79b61bc60f8f51327bb73b80391988fd277116b29e57df4242b2a2404,d850c41ab1506eb8c63dab03c386e6ec32615a0e553ba2cafb87df4ac5a4dc93,tile,"[0.0,0.0,360.0,360.0]",normalized_0_1000,CONTROLLED_SOURCE_IMAGE/ada_page_016_tile_r01_c01.png,OMITTED_RAW_MODEL_JSON/visual_logic_page_016_tile_r01_c01.json,extracted_unvalidated,page_016_tile_r01_c01__structure__tile_01,flowchart,Pharmacologic Approaches to Glycemic Treatment,True,True,valid,,"structure: The image contains text that may be truncated or partially obscured.; structure: Some nodes may have additional information not captured in this extraction.; actions: The image contains text that may be truncated or partially obscured in the provided bounding box.; actions: Some arrows are not fully visible within the specified bounding box, so their endpoints cannot be precisely determined.; symbols: No evidence of clinical guideline evidence visible in this single image asset.; symbols: The flowchart is a visual representation of the guidelines but does not contain explicit clinical guideline evidence such as specific drug names, dosages, or evidence-based algorithms beyond what is described.",09846a1c9b07a62688f133acfb5d95d607780eb3ca8ddb7f2863d9bfc73920f0,09846a1c9b07a62688f133acfb5d95d607780eb3ca8ddb7f2863d9bfc73920f0,pending,,,,,False,n0,n1,,↓,If injectable therapy is needed to attain glycemic goals¹,"[675.0,342.0,960.0,380.0]"
p016-page-016-tile-r01-c01::page-016-tile-r01-c01-structure-tile-01::edge::edge-002,page_016_tile_r01_c01,16,CONTROLLED_SOURCE_PDF/ADA principles for pharmacologic therapy.pdf,7c2913f79b61bc60f8f51327bb73b80391988fd277116b29e57df4242b2a2404,d850c41ab1506eb8c63dab03c386e6ec32615a0e553ba2cafb87df4ac5a4dc93,tile,"[0.0,0.0,360.0,360.0]",normalized_0_1000,CONTROLLED_SOURCE_IMAGE/ada_page_016_tile_r01_c01.png,OMITTED_RAW_MODEL_JSON/visual_logic_page_016_tile_r01_c01.json,extracted_unvalidated,page_016_tile_r01_c01__structure__tile_01,flowchart,Pharmacologic Approaches to Glycemic Treatment,True,True,valid,,"structure: The image contains text that may be truncated or partially obscured.; structure: Some nodes may have additional information not captured in this extraction.; actions: The image contains text that may be truncated or partially obscured in the provided bounding box.; actions: Some arrows are not fully visible within the specified bounding box, so their endpoints cannot be precisely determined.; symbols: No evidence of clinical guideline evidence visible in this single image asset.; symbols: The flowchart is a visual representation of the guidelines but does not contain explicit clinical guideline evidence such as specific drug names, dosages, or evidence-based algorithms beyond what is described.",afbaadd3384e091c295604bc2f51a046b2a276c022eaf9643a8b0f9d3857916c,afbaadd3384e091c295604bc2f51a046b2a276c022eaf9643a8b0f9d3857916c,pending,,,,,False,n1,n2,,↓,Consider GLP-1 RA or dual GIP and GLP-1 RA in most individuals prior to insulin²,"[430.0,415.0,960.0,472.0]"
p016-page-016-tile-r01-c01::page-016-tile-r01-c01-structure-tile-01::edge::edge-003,page_016_tile_r01_c01,16,CONTROLLED_SOURCE_PDF/ADA principles for pharmacologic therapy.pdf,7c2913f79b61bc60f8f51327bb73b80391988fd277116b29e57df4242b2a2404,d850c41ab1506eb8c63dab03c386e6ec32615a0e553ba2cafb87df4ac5a4dc93,tile,"[0.0,0.0,360.0,360.0]",normalized_0_1000,CONTROLLED_SOURCE_IMAGE/ada_page_016_tile_r01_c01.png,OMITTED_RAW_MODEL_JSON/visual_logic_page_016_tile_r01_c01.json,extracted_unvalidated,page_016_tile_r01_c01__structure__tile_01,flowchart,Pharmacologic Approaches to Glycemic Treatment,True,True,valid,,"structure: The image contains text that may be truncated or partially obscured.; structure: Some nodes may have additional information not captured in this extraction.; actions: The image contains text that may be truncated or partially obscured in the provided bounding box.; actions: Some arrows are not fully visible within the specified bounding box, so their endpoints cannot be precisely determined.; symbols: No evidence of clinical guideline evidence visible in this single image asset.; symbols: The flowchart is a visual representation of the guidelines but does not contain explicit clinical guideline evidence such as specific drug names, dosages, or evidence-based algorithms beyond what is described.",47996b1bd2a072eae3e50125f0d7a454e0ea63120c1ecdfef7d38b0b29268d4e,47996b1bd2a072eae3e50125f0d7a454e0ea63120c1ecdfef7d38b0b29268d4e,pending,,,,,False,n2,n3,,↓,If glycemia is above goal,"[450.0,518.0,960.0,570.0]"
p016-page-016-tile-r01-c01::page-016-tile-r01-c01-structure-tile-01::edge::edge-004,page_016_tile_r01_c01,16,CONTROLLED_SOURCE_PDF/ADA principles for pharmacologic therapy.pdf,7c2913f79b61bc60f8f51327bb73b80391988fd277116b29e57df4242b2a2404,d850c41ab1506eb8c63dab03c386e6ec32615a0e553ba2cafb87df4ac5a4dc93,tile,"[0.0,0.0,360.0,360.0]",normalized_0_1000,CONTROLLED_SOURCE_IMAGE/ada_page_016_tile_r01_c01.png,OMITTED_RAW_MODEL_JSON/visual_logic_page_016_tile_r01_c01.json,extracted_unvalidated,page_016_tile_r01_c01__structure__tile_01,flowchart,Pharmacologic Approaches to Glycemic Treatment,True,True,valid,,"structure: The image contains text that may be truncated or partially obscured.; structure: Some nodes may have additional information not captured in this extraction.; actions: The image contains text that may be truncated or partially obscured in the provided bounding box.; actions: Some arrows are not fully visible within the specified bounding box, so their endpoints cannot be precisely determined.; symbols: No evidence of clinical guideline evidence visible in this single image asset.; symbols: The flowchart is a visual representation of the guidelines but does not contain explicit clinical guideline evidence such as specific drug names, dosages, or evidence-based algorithms beyond what is described.",31529b22f69020942f2b2f434bf4f9e3f79b5ec87564a27059d8a2ea6faf7978,31529b22f69020942f2b2f434bf4f9e3f79b5ec87564a27059d8a2ea6faf7978,pending,,,,,False,n3,n4,,↓,Considerations for adding basal insulin³,"[675.0,690.0,960.0,728.0]"
p016-page-016-tile-r01-c01::page-016-tile-r01-c01-structure-tile-01::edge::edge-005,page_016_tile_r01_c01,16,CONTROLLED_SOURCE_PDF/ADA principles for pharmacologic therapy.pdf,7c2913f79b61bc60f8f51327bb73b80391988fd277116b29e57df4242b2a2404,d850c41ab1506eb8c63dab03c386e6ec32615a0e553ba2cafb87df4ac5a4dc93,tile,"[0.0,0.0,360.0,360.0]",normalized_0_1000,CONTROLLED_SOURCE_IMAGE/ada_page_016_tile_r01_c01.png,OMITTED_RAW_MODEL_JSON/visual_logic_page_016_tile_r01_c01.json,extracted_unvalidated,page_016_tile_r01_c01__structure__tile_01,flowchart,Pharmacologic Approaches to Glycemic Treatment,True,True,valid,,"structure: The image contains text that may be truncated or partially obscured.; structure: Some nodes may have additional information not captured in this extraction.; actions: The image contains text that may be truncated or partially obscured in the provided bounding box.; actions: Some arrows are not fully visible within the specified bounding box, so their endpoints cannot be precisely determined.; symbols: No evidence of clinical guideline evidence visible in this single image asset.; symbols: The flowchart is a visual representation of the guidelines but does not contain explicit clinical guideline evidence such as specific drug names, dosages, or evidence-based algorithms beyond what is described.",1edabdde43e56ca75e5a5ea349dd2301a3537184433c21ca69babed9da6d72b8,1edabdde43e56ca75e5a5ea349dd2301a3537184433c21ca69babed9da6d72b8,pending,,,,,False,n4,n5,,↓,Initiation and titration of basal analog or bedtime NPH insulin⁴,"[675.0,730.0,960.0,812.0]"
p016-page-016-tile-r01-c01::page-016-tile-r01-c01-structure-tile-01::edge::edge-006,page_016_tile_r01_c01,16,CONTROLLED_SOURCE_PDF/ADA principles for pharmacologic therapy.pdf,7c2913f79b61bc60f8f51327bb73b80391988fd277116b29e57df4242b2a2404,d850c41ab1506eb8c63dab03c386e6ec32615a0e553ba2cafb87df4ac5a4dc93,tile,"[0.0,0.0,360.0,360.0]",normalized_0_1000,CONTROLLED_SOURCE_IMAGE/ada_page_016_tile_r01_c01.png,OMITTED_RAW_MODEL_JSON/visual_logic_page_016_tile_r01_c01.json,extracted_unvalidated,page_016_tile_r01_c01__structure__tile_01,flowchart,Pharmacologic Approaches to Glycemic Treatment,True,True,valid,,"structure: The image contains text that may be truncated or partially obscured.; structure: Some nodes may have additional information not captured in this extraction.; actions: The image contains text that may be truncated or partially obscured in the provided bounding box.; actions: Some arrows are not fully visible within the specified bounding box, so their endpoints cannot be precisely determined.; symbols: No evidence of clinical guideline evidence visible in this single image asset.; symbols: The flowchart is a visual representation of the guidelines but does not contain explicit clinical guideline evidence such as specific drug names, dosages, or evidence-based algorithms beyond what is described.",dfe74f7c7ed6c5df7b23157fe834301f12e4e4931c930524a07c475485fdf854,dfe74f7c7ed6c5df7b23157fe834301f12e4e4931c930524a07c475485fdf854,pending,,,,,False,n5,n6,,↓,Assess adequacy of insulin dose at every visit,"[675.0,820.0,960.0,914.0]"
p016-page-016-tile-r01-c02::page-016-tile-r01-c02-structure-tile-r01-c02::edge::edge-001,page_016_tile_r01_c02,16,CONTROLLED_SOURCE_PDF/ADA principles for pharmacologic therapy.pdf,7c2913f79b61bc60f8f51327bb73b80391988fd277116b29e57df4242b2a2404,81a3d24fd82a123a33c82efc918dc6cd04dacaee7180b66afbacfb9d38b6e5f2,tile,"[233.972,0.0,593.972,360.0]",normalized_0_1000,CONTROLLED_SOURCE_IMAGE/ada_page_016_tile_r01_c02.png,OMITTED_RAW_MODEL_JSON/visual_logic_page_016_tile_r01_c02.json,extracted_unvalidated,page_016_tile_r01_c02__structure__tile_r01_c02,flowchart,"Diabetes Care Volume 49, Supplement 1, January 2026",True,True,valid,,"structure: The flowchart is a simplified representation of complex clinical decision-making; real-world application requires integration with patient-specific data, provider judgment, and up-to-date guidelines.; structure: Some text in the image may be truncated or partially obscured due to resolution limits. The extracted evidence attempts to capture visible content accurately.; actions: The flowchart is a visual representation of clinical guidelines; it does not contain explicit strength indicators (e.g., 'strongly recommend', 'recommend') beyond the implicit structure.; actions: Some text in the diagram may be truncated or partially obscured, but all visible content has been extracted.; symbols: No clinical guideline evidence was found in this asset that matches the requested types (symbols, footnotes, ordinal scales).",d0f169430b6ebb7d6ddf368ca03dea23d18f68ad5beda47b3fd009e662425ebe,d0f169430b6ebb7d6ddf368ca03dea23d18f68ad5beda47b3fd009e662425ebe,pending,,,,,False,N1,N2,,↓,"Enforcement of behavioral interventions (weight management of DSMES, to meet individualized treatment goals → GLP-1 RA is needed to attain glycemic goals","[0.0,233.972,496.3,280.445]"
p016-page-016-tile-r01-c02::page-016-tile-r01-c02-structure-tile-r01-c02::edge::edge-002,page_016_tile_r01_c02,16,CONTROLLED_SOURCE_PDF/ADA principles for pharmacologic therapy.pdf,7c2913f79b61bc60f8f51327bb73b80391988fd277116b29e57df4242b2a2404,81a3d24fd82a123a33c82efc918dc6cd04dacaee7180b66afbacfb9d38b6e5f2,tile,"[233.972,0.0,593.972,360.0]",normalized_0_1000,CONTROLLED_SOURCE_IMAGE/ada_page_016_tile_r01_c02.png,OMITTED_RAW_MODEL_JSON/visual_logic_page_016_tile_r01_c02.json,extracted_unvalidated,page_016_tile_r01_c02__structure__tile_r01_c02,flowchart,"Diabetes Care Volume 49, Supplement 1, January 2026",True,True,valid,,"structure: The flowchart is a simplified representation of complex clinical decision-making; real-world application requires integration with patient-specific data, provider judgment, and up-to-date guidelines.; structure: Some text in the image may be truncated or partially obscured due to resolution limits. The extracted evidence attempts to capture visible content accurately.; actions: The flowchart is a visual representation of clinical guidelines; it does not contain explicit strength indicators (e.g., 'strongly recommend', 'recommend') beyond the implicit structure.; actions: Some text in the diagram may be truncated or partially obscured, but all visible content has been extracted.; symbols: No clinical guideline evidence was found in this asset that matches the requested types (symbols, footnotes, ordinal scales).",e8655a6e74fcabeb4d3b83095781e61d774c11a2d7e3cef5bb58507e64fb92c9,e8655a6e74fcabeb4d3b83095781e61d774c11a2d7e3cef5bb58507e64fb92c9,pending,,,,,False,N2,N3,,↓,GLP-1 RA is needed to attain glycemic goals → Glycemia is above goal,"[0.0,280.445,496.3,326.917]"
p016-page-016-tile-r01-c02::page-016-tile-r01-c02-structure-tile-r01-c02::edge::edge-003,page_016_tile_r01_c02,16,CONTROLLED_SOURCE_PDF/ADA principles for pharmacologic therapy.pdf,7c2913f79b61bc60f8f51327bb73b80391988fd277116b29e57df4242b2a2404,81a3d24fd82a123a33c82efc918dc6cd04dacaee7180b66afbacfb9d38b6e5f2,tile,"[233.972,0.0,593.972,360.0]",normalized_0_1000,CONTROLLED_SOURCE_IMAGE/ada_page_016_tile_r01_c02.png,OMITTED_RAW_MODEL_JSON/visual_logic_page_016_tile_r01_c02.json,extracted_unvalidated,page_016_tile_r01_c02__structure__tile_r01_c02,flowchart,"Diabetes Care Volume 49, Supplement 1, January 2026",True,True,valid,,"structure: The flowchart is a simplified representation of complex clinical decision-making; real-world application requires integration with patient-specific data, provider judgment, and up-to-date guidelines.; structure: Some text in the image may be truncated or partially obscured due to resolution limits. The extracted evidence attempts to capture visible content accurately.; actions: The flowchart is a visual representation of clinical guidelines; it does not contain explicit strength indicators (e.g., 'strongly recommend', 'recommend') beyond the implicit structure.; actions: Some text in the diagram may be truncated or partially obscured, but all visible content has been extracted.; symbols: No clinical guideline evidence was found in this asset that matches the requested types (symbols, footnotes, ordinal scales).",227700509f9f5ebda829c6e799336067b6d123cf3bad2d6c52ad1d2ae2370b9d,227700509f9f5ebda829c6e799336067b6d123cf3bad2d6c52ad1d2ae2370b9d,pending,,,,,False,N3,N4,,↓,Glycemia is above goal → Consider adding basal insulin,"[0.0,326.917,496.3,373.39]"
p016-page-016-tile-r01-c02::page-016-tile-r01-c02-structure-tile-r01-c02::edge::edge-004,page_016_tile_r01_c02,16,CONTROLLED_SOURCE_PDF/ADA principles for pharmacologic therapy.pdf,7c2913f79b61bc60f8f51327bb73b80391988fd277116b29e57df4242b2a2404,81a3d24fd82a123a33c82efc918dc6cd04dacaee7180b66afbacfb9d38b6e5f2,tile,"[233.972,0.0,593.972,360.0]",normalized_0_1000,CONTROLLED_SOURCE_IMAGE/ada_page_016_tile_r01_c02.png,OMITTED_RAW_MODEL_JSON/visual_logic_page_016_tile_r01_c02.json,extracted_unvalidated,page_016_tile_r01_c02__structure__tile_r01_c02,flowchart,"Diabetes Care Volume 49, Supplement 1, January 2026",True,True,valid,,"structure: The flowchart is a simplified representation of complex clinical decision-making; real-world application requires integration with patient-specific data, provider judgment, and up-to-date guidelines.; structure: Some text in the image may be truncated or partially obscured due to resolution limits. The extracted evidence attempts to capture visible content accurately.; actions: The flowchart is a visual representation of clinical guidelines; it does not contain explicit strength indicators (e.g., 'strongly recommend', 'recommend') beyond the implicit structure.; actions: Some text in the diagram may be truncated or partially obscured, but all visible content has been extracted.; symbols: No clinical guideline evidence was found in this asset that matches the requested types (symbols, footnotes, ordinal scales).",72b143a7c41e6c9f128768cd218a1b0263a60822bd92969d96fd21f62fd26370,72b143a7c41e6c9f128768cd218a1b0263a60822bd92969d96fd21f62fd26370,pending,,,,,False,N4,N5,,↓,Consider adding basal insulin → Consider basal analog or bedtime NPH insulin,"[0.0,373.39,496.3,419.863]"
p016-page-016-tile-r01-c02::page-016-tile-r01-c02-structure-tile-r01-c02::edge::edge-005,page_016_tile_r01_c02,16,CONTROLLED_SOURCE_PDF/ADA principles for pharmacologic therapy.pdf,7c2913f79b61bc60f8f51327bb73b80391988fd277116b29e57df4242b2a2404,81a3d24fd82a123a33c82efc918dc6cd04dacaee7180b66afbacfb9d38b6e5f2,tile,"[233.972,0.0,593.972,360.0]",normalized_0_1000,CONTROLLED_SOURCE_IMAGE/ada_page_016_tile_r01_c02.png,OMITTED_RAW_MODEL_JSON/visual_logic_page_016_tile_r01_c02.json,extracted_unvalidated,page_016_tile_r01_c02__structure__tile_r01_c02,flowchart,"Diabetes Care Volume 49, Supplement 1, January 2026",True,True,valid,,"structure: The flowchart is a simplified representation of complex clinical decision-making; real-world application requires integration with patient-specific data, provider judgment, and up-to-date guidelines.; structure: Some text in the image may be truncated or partially obscured due to resolution limits. The extracted evidence attempts to capture visible content accurately.; actions: The flowchart is a visual representation of clinical guidelines; it does not contain explicit strength indicators (e.g., 'strongly recommend', 'recommend') beyond the implicit structure.; actions: Some text in the diagram may be truncated or partially obscured, but all visible content has been extracted.; symbols: No clinical guideline evidence was found in this asset that matches the requested types (symbols, footnotes, ordinal scales).",272ac3a213e6d3e468d3a9fb95ce54a4a4a1d88bba42dea274ae0709e9b98235,272ac3a213e6d3e468d3a9fb95ce54a4a4a1d88bba42dea274ae0709e9b98235,pending,,,,,False,N5,N6,,↓,Consider basal analog or bedtime NPH insulin → Adjust insulin dose at every visit,"[0.0,419.863,496.3,466.335]"
p016-page-016-tile-r02-c01::page-016-tile-r02-c01-structure-tile-r02-c01::edge::edge-001,page_016_tile_r02_c01,16,CONTROLLED_SOURCE_PDF/ADA principles for pharmacologic therapy.pdf,7c2913f79b61bc60f8f51327bb73b80391988fd277116b29e57df4242b2a2404,ccce6deda1722bc0d79f8651e2c15da7aee0156e3cddab5d7bf21c7a77628d65,tile,"[0.0,288.0,360.0,648.0]",normalized_0_1000,CONTROLLED_SOURCE_IMAGE/ada_page_016_tile_r02_c01.png,OMITTED_RAW_MODEL_JSON/visual_logic_page_016_tile_r02_c01.json,extracted_unvalidated,page_016_tile_r02_c01__structure__tile_r02_c01,flowchart,Insulin Titration and Management Algorithm,True,True,valid,,"structure: The image is partially cut off at the top and bottom, so some text may be incomplete.; structure: Some arrows are not fully visible in the provided bounding box, but their logical flow can be inferred from context.; actions: The provided image is a flowchart with multiple decision points and actions, but the extraction process has been simplified to focus on drug actions. Some clinical guidelines may be missing or not fully captured due to the complexity of the visual layout.; symbols: The provided image is incomplete; it appears to be a cropped section of a larger flowchart. Some nodes and arrows may not be fully visible or connected as intended in the original document.; symbols: Some text within the flowchart is cut off, making complete extraction difficult (e.g., '...10–20%...' for hypoglycemia management).; symbols: The exact bounding box coordinates are estimated based on visual inspection and may not be precise.",04e4fd5daec44d09626c5155f0bb5d6e4dc2ea026f50b9133c48b08a64249301,04e4fd5daec44d09626c5155f0bb5d6e4dc2ea026f50b9133c48b08a64249301,pending,,,,,False,n01,n02,,→,"If glycemia is above goal and the individual is not already on a GLP-1 RA or dual GIP and GLP-1 receptor agonist consider these classes in combination and with insulin (may use fixed-ratio product, if available and appropriate)³ → If glycemia remains above goal:","[320.0,304.0,975.0,315.0]"
p016-page-016-tile-r02-c01::page-016-tile-r02-c01-structure-tile-r02-c01::edge::edge-002,page_016_tile_r02_c01,16,CONTROLLED_SOURCE_PDF/ADA principles for pharmacologic therapy.pdf,7c2913f79b61bc60f8f51327bb73b80391988fd277116b29e57df4242b2a2404,ccce6deda1722bc0d79f8651e2c15da7aee0156e3cddab5d7bf21c7a77628d65,tile,"[0.0,288.0,360.0,648.0]",normalized_0_1000,CONTROLLED_SOURCE_IMAGE/ada_page_016_tile_r02_c01.png,OMITTED_RAW_MODEL_JSON/visual_logic_page_016_tile_r02_c01.json,extracted_unvalidated,page_016_tile_r02_c01__structure__tile_r02_c01,flowchart,Insulin Titration and Management Algorithm,True,True,valid,,"structure: The image is partially cut off at the top and bottom, so some text may be incomplete.; structure: Some arrows are not fully visible in the provided bounding box, but their logical flow can be inferred from context.; actions: The provided image is a flowchart with multiple decision points and actions, but the extraction process has been simplified to focus on drug actions. Some clinical guidelines may be missing or not fully captured due to the complexity of the visual layout.; symbols: The provided image is incomplete; it appears to be a cropped section of a larger flowchart. Some nodes and arrows may not be fully visible or connected as intended in the original document.; symbols: Some text within the flowchart is cut off, making complete extraction difficult (e.g., '...10–20%...' for hypoglycemia management).; symbols: The exact bounding box coordinates are estimated based on visual inspection and may not be precise.",d031f34f9d7c801ed9ae04404b93fdb3c2cd44b736615d7f922452900c7dfc81,d031f34f9d7c801ed9ae04404b93fdb3c2cd44b736615d7f922452900c7dfc81,pending,,,,,False,n02,n03,,→,If glycemia remains above goal: → If glycemia is above goal,"[320.0,348.0,975.0,542.0]"
p016-page-016-tile-r02-c02::page-016-tile-r02-c02-structure-tile-r02-c02::edge::edge-001,page_016_tile_r02_c02,16,CONTROLLED_SOURCE_PDF/ADA principles for pharmacologic therapy.pdf,7c2913f79b61bc60f8f51327bb73b80391988fd277116b29e57df4242b2a2404,a27cdba8ff2cf5319432911a83c311d8ee007fce5d98d9876db31897949a8e49,tile,"[233.972,288.0,593.972,648.0]",normalized_0_1000,CONTROLLED_SOURCE_IMAGE/ada_page_016_tile_r02_c02.png,OMITTED_RAW_MODEL_JSON/visual_logic_page_016_tile_r02_c02.json,extracted_unvalidated,page_016_tile_r02_c02__structure__tile_r02_c02,flowchart,Insulin Titration and Management Algorithm,True,True,valid,,"structure: The flowchart is partially cut off at the bottom of the image. The full context may not be visible.; structure: Some text within nodes is truncated due to image resolution or cropping.; actions: The flowchart is complex and may require manual review to ensure all connections are correctly interpreted.; actions: Some text in the image appears cut off or partially obscured, which may affect accuracy of extracted content.; symbols: The provided image is a flowchart with multiple decision points, but no specific clinical guideline evidence such as citations or references to external guidelines are visible within this single tile. The text includes superscripts like '5,6' indicating potential references, but these are not fully rendered in the visual asset and cannot be extracted without additional context.; symbols: The algorithm contains conditional logic (e.g., 'If glycemia is above goal') which requires manual review to ensure accurate interpretation of flow direction and decision branching.",ccd147e01db2eb2e0be80581c25cc5c5cb0339602c9d0157f07f6898b94b8e52,ccd147e01db2eb2e0be80581c25cc5c5cb0339602c9d0157f07f6898b94b8e52,pending,,,,,False,n0,n1,,"If glycemia is above goal → If on bedtime NPH, consider converting to twice-daily NPH plan","If glycemia is above goal → If on bedtime NPH, consider converting to twice-daily NPH plan","[450.0,328.0,791.0,360.0]"
p016-page-016-tile-r02-c02::page-016-tile-r02-c02-structure-tile-r02-c02::edge::edge-002,page_016_tile_r02_c02,16,CONTROLLED_SOURCE_PDF/ADA principles for pharmacologic therapy.pdf,7c2913f79b61bc60f8f51327bb73b80391988fd277116b29e57df4242b2a2404,a27cdba8ff2cf5319432911a83c311d8ee007fce5d98d9876db31897949a8e49,tile,"[233.972,288.0,593.972,648.0]",normalized_0_1000,CONTROLLED_SOURCE_IMAGE/ada_page_016_tile_r02_c02.png,OMITTED_RAW_MODEL_JSON/visual_logic_page_016_tile_r02_c02.json,extracted_unvalidated,page_016_tile_r02_c02__structure__tile_r02_c02,flowchart,Insulin Titration and Management Algorithm,True,True,valid,,"structure: The flowchart is partially cut off at the bottom of the image. The full context may not be visible.; structure: Some text within nodes is truncated due to image resolution or cropping.; actions: The flowchart is complex and may require manual review to ensure all connections are correctly interpreted.; actions: Some text in the image appears cut off or partially obscured, which may affect accuracy of extracted content.; symbols: The provided image is a flowchart with multiple decision points, but no specific clinical guideline evidence such as citations or references to external guidelines are visible within this single tile. The text includes superscripts like '5,6' indicating potential references, but these are not fully rendered in the visual asset and cannot be extracted without additional context.; symbols: The algorithm contains conditional logic (e.g., 'If glycemia is above goal') which requires manual review to ensure accurate interpretation of flow direction and decision branching.",7547b980365094fa534e1bd44e21dd26e40dd7da95bfecd3265dcf6f2229f68f,7547b980365094fa534e1bd44e21dd26e40dd7da95bfecd3265dcf6f2229f68f,pending,,,,,False,n0,n3,,If glycemia is above goal → Consider self-mixed/split insulin plan,If glycemia is above goal → Consider self-mixed/split insulin plan,"[0.0,628.0,415.0,673.0]"
p016-page-016-tile-r02-c02::page-016-tile-r02-c02-structure-tile-r02-c02::edge::edge-003,page_016_tile_r02_c02,16,CONTROLLED_SOURCE_PDF/ADA principles for pharmacologic therapy.pdf,7c2913f79b61bc60f8f51327bb73b80391988fd277116b29e57df4242b2a2404,a27cdba8ff2cf5319432911a83c311d8ee007fce5d98d9876db31897949a8e49,tile,"[233.972,288.0,593.972,648.0]",normalized_0_1000,CONTROLLED_SOURCE_IMAGE/ada_page_016_tile_r02_c02.png,OMITTED_RAW_MODEL_JSON/visual_logic_page_016_tile_r02_c02.json,extracted_unvalidated,page_016_tile_r02_c02__structure__tile_r02_c02,flowchart,Insulin Titration and Management Algorithm,True,True,valid,,"structure: The flowchart is partially cut off at the bottom of the image. The full context may not be visible.; structure: Some text within nodes is truncated due to image resolution or cropping.; actions: The flowchart is complex and may require manual review to ensure all connections are correctly interpreted.; actions: Some text in the image appears cut off or partially obscured, which may affect accuracy of extracted content.; symbols: The provided image is a flowchart with multiple decision points, but no specific clinical guideline evidence such as citations or references to external guidelines are visible within this single tile. The text includes superscripts like '5,6' indicating potential references, but these are not fully rendered in the visual asset and cannot be extracted without additional context.; symbols: The algorithm contains conditional logic (e.g., 'If glycemia is above goal') which requires manual review to ensure accurate interpretation of flow direction and decision branching.",3cdc5819ac632480cd881d70c01e6a6576b9608d6e4672129a292f9f2e45fa16,3cdc5819ac632480cd881d70c01e6a6576b9608d6e4672129a292f9f2e45fa16,pending,,,,,False,n0,n4,,If glycemia is above goal → Consider twice-daily premixed insulin plan,If glycemia is above goal → Consider twice-daily premixed insulin plan,"[450.0,628.0,791.0,673.0]"
p016-page-016-tile-r02-c02::page-016-tile-r02-c02-structure-tile-r02-c02::edge::edge-004,page_016_tile_r02_c02,16,CONTROLLED_SOURCE_PDF/ADA principles for pharmacologic therapy.pdf,7c2913f79b61bc60f8f51327bb73b80391988fd277116b29e57df4242b2a2404,a27cdba8ff2cf5319432911a83c311d8ee007fce5d98d9876db31897949a8e49,tile,"[233.972,288.0,593.972,648.0]",normalized_0_1000,CONTROLLED_SOURCE_IMAGE/ada_page_016_tile_r02_c02.png,OMITTED_RAW_MODEL_JSON/visual_logic_page_016_tile_r02_c02.json,extracted_unvalidated,page_016_tile_r02_c02__structure__tile_r02_c02,flowchart,Insulin Titration and Management Algorithm,True,True,valid,,"structure: The flowchart is partially cut off at the bottom of the image. The full context may not be visible.; structure: Some text within nodes is truncated due to image resolution or cropping.; actions: The flowchart is complex and may require manual review to ensure all connections are correctly interpreted.; actions: Some text in the image appears cut off or partially obscured, which may affect accuracy of extracted content.; symbols: The provided image is a flowchart with multiple decision points, but no specific clinical guideline evidence such as citations or references to external guidelines are visible within this single tile. The text includes superscripts like '5,6' indicating potential references, but these are not fully rendered in the visual asset and cannot be extracted without additional context.; symbols: The algorithm contains conditional logic (e.g., 'If glycemia is above goal') which requires manual review to ensure accurate interpretation of flow direction and decision branching.",beb47625f9d62ea1701526d8d4f1a9555d07ae1c2881157681bedb81aec7ba48,beb47625f9d62ea1701526d8d4f1a9555d07ae1c2881157681bedb81aec7ba48,pending,,,,,False,n1,n2,,"If on bedtime NPH, consider converting to twice-daily NPH plan → If glycemia is above goal (after conversion)","If on bedtime NPH, consider converting to twice-daily NPH plan → If glycemia is above goal","[450.0,360.0,791.0,382.0]"
p016-page-016-tile-r03-c01::page-016-tile-r03-c01-structure-tile-01::edge::edge-001,page_016_tile_r03_c01,16,CONTROLLED_SOURCE_PDF/ADA principles for pharmacologic therapy.pdf,7c2913f79b61bc60f8f51327bb73b80391988fd277116b29e57df4242b2a2404,261a22de3ea4dd739c4ea54401373f7095a181f29eccf2ad65f6e59c8356f15a,tile,"[0.0,422.986,360.0,782.986]",normalized_0_1000,CONTROLLED_SOURCE_IMAGE/ada_page_016_tile_r03_c01.png,OMITTED_RAW_MODEL_JSON/visual_logic_page_016_tile_r03_c01.json,extracted_unvalidated,page_016_tile_r03_c01__structure__tile_01,figure,Figure 9.5—Intensifying to injectable therapies in type 2 diabetes.,True,True,valid,,"structure: The visible text in the image is not fully legible or complete for some nodes and edges.; structure: Some arrows may be truncated or partially obscured.; actions: The figure contains a flowchart with decision nodes and arrows that are not fully captured in this extraction due to limitations in parsing visual relationships. The text-based recommendations are extracted accurately, but the graphical structure is not represented here.; actions: Some dose logic (e.g., 'Increase dose by 1-2 units insulin dose or 10–15% twice weekly') is present but may be contextually dependent on specific patient scenarios and is not fully captured in this structured extraction.; symbols: No visible clinical guideline evidence was extracted for this asset.",4ecca194f89c5d4002bf462c7ab96e240cfdb815330e9171664e625828b97306,4ecca194f89c5d4002bf462c7ab96e240cfdb815330e9171664e625828b97306,pending,,,,,False,n01,n02,,↓,"If glycemia is above goal → Stepwise doses of prandial insulin (i.e., two, then three additional injections)","[504.986,172.986,930.0,202.986]"
p016-page-016-tile-r03-c01::page-016-tile-r03-c01-structure-tile-01::edge::edge-002,page_016_tile_r03_c01,16,CONTROLLED_SOURCE_PDF/ADA principles for pharmacologic therapy.pdf,7c2913f79b61bc60f8f51327bb73b80391988fd277116b29e57df4242b2a2404,261a22de3ea4dd739c4ea54401373f7095a181f29eccf2ad65f6e59c8356f15a,tile,"[0.0,422.986,360.0,782.986]",normalized_0_1000,CONTROLLED_SOURCE_IMAGE/ada_page_016_tile_r03_c01.png,OMITTED_RAW_MODEL_JSON/visual_logic_page_016_tile_r03_c01.json,extracted_unvalidated,page_016_tile_r03_c01__structure__tile_01,figure,Figure 9.5—Intensifying to injectable therapies in type 2 diabetes.,True,True,valid,,"structure: The visible text in the image is not fully legible or complete for some nodes and edges.; structure: Some arrows may be truncated or partially obscured.; actions: The figure contains a flowchart with decision nodes and arrows that are not fully captured in this extraction due to limitations in parsing visual relationships. The text-based recommendations are extracted accurately, but the graphical structure is not represented here.; actions: Some dose logic (e.g., 'Increase dose by 1-2 units insulin dose or 10–15% twice weekly') is present but may be contextually dependent on specific patient scenarios and is not fully captured in this structured extraction.; symbols: No visible clinical guideline evidence was extracted for this asset.",3f0c1a14ff7f43c7c5f86d1b7bfe57d5c7989edd104304411584c36386450d6d,3f0c1a14ff7f43c7c5f86d1b7bfe57d5c7989edd104304411584c36386450d6d,pending,,,,,False,n01,n03,,↓,If glycemia is above goal → Consider self-mixed/split insulin plan,"[540.0,256.986,930.0,327.986]"
p016-page-016-tile-r03-c01::page-016-tile-r03-c01-structure-tile-01::edge::edge-003,page_016_tile_r03_c01,16,CONTROLLED_SOURCE_PDF/ADA principles for pharmacologic therapy.pdf,7c2913f79b61bc60f8f51327bb73b80391988fd277116b29e57df4242b2a2404,261a22de3ea4dd739c4ea54401373f7095a181f29eccf2ad65f6e59c8356f15a,tile,"[0.0,422.986,360.0,782.986]",normalized_0_1000,CONTROLLED_SOURCE_IMAGE/ada_page_016_tile_r03_c01.png,OMITTED_RAW_MODEL_JSON/visual_logic_page_016_tile_r03_c01.json,extracted_unvalidated,page_016_tile_r03_c01__structure__tile_01,figure,Figure 9.5—Intensifying to injectable therapies in type 2 diabetes.,True,True,invalid,to_node is required,"structure: The visible text in the image is not fully legible or complete for some nodes and edges.; structure: Some arrows may be truncated or partially obscured.; actions: The figure contains a flowchart with decision nodes and arrows that are not fully captured in this extraction due to limitations in parsing visual relationships. The text-based recommendations are extracted accurately, but the graphical structure is not represented here.; actions: Some dose logic (e.g., 'Increase dose by 1-2 units insulin dose or 10–15% twice weekly') is present but may be contextually dependent on specific patient scenarios and is not fully captured in this structured extraction.; symbols: No visible clinical guideline evidence was extracted for this asset.",3ec4f5f86d9816582e6c3889e3036e2265db25ff5208602a5a778a1999469f93,3ec4f5f86d9816582e6c3889e3036e2265db25ff5208602a5a778a1999469f93,pending,,,,,False,n02,,,↓,"Stepwise doses of prandial insulin (i.e., two, then three additional injections) → Proceed to full basal-bolus plan (i.e., basal insulin and prandial insulin with each meal)","[240.0,327.986,510.0,432.986]"
p016-page-016-tile-r03-c01::page-016-tile-r03-c01-structure-tile-01::edge::edge-004,page_016_tile_r03_c01,16,CONTROLLED_SOURCE_PDF/ADA principles for pharmacologic therapy.pdf,7c2913f79b61bc60f8f51327bb73b80391988fd277116b29e57df4242b2a2404,261a22de3ea4dd739c4ea54401373f7095a181f29eccf2ad65f6e59c8356f15a,tile,"[0.0,422.986,360.0,782.986]",normalized_0_1000,CONTROLLED_SOURCE_IMAGE/ada_page_016_tile_r03_c01.png,OMITTED_RAW_MODEL_JSON/visual_logic_page_016_tile_r03_c01.json,extracted_unvalidated,page_016_tile_r03_c01__structure__tile_01,figure,Figure 9.5—Intensifying to injectable therapies in type 2 diabetes.,True,True,invalid,to_node is required,"structure: The visible text in the image is not fully legible or complete for some nodes and edges.; structure: Some arrows may be truncated or partially obscured.; actions: The figure contains a flowchart with decision nodes and arrows that are not fully captured in this extraction due to limitations in parsing visual relationships. The text-based recommendations are extracted accurately, but the graphical structure is not represented here.; actions: Some dose logic (e.g., 'Increase dose by 1-2 units insulin dose or 10–15% twice weekly') is present but may be contextually dependent on specific patient scenarios and is not fully captured in this structured extraction.; symbols: No visible clinical guideline evidence was extracted for this asset.",c9319edc87335b364497a9abfd6e78d6f0a82d5f1830cb208bdb7fc299449134,c9319edc87335b364497a9abfd6e78d6f0a82d5f1830cb208bdb7fc299449134,pending,,,,,False,n03,,,↓,Consider self-mixed/split insulin plan → Titrate each component of the plan based on individualized...,"[540.0,327.986,930.0,432.986]"
p016-page-016-tile-r03-c02::page-016-tile-r03-c02-structure-tile-r03-c02::edge::edge-001,page_016_tile_r03_c02,16,CONTROLLED_SOURCE_PDF/ADA principles for pharmacologic therapy.pdf,7c2913f79b61bc60f8f51327bb73b80391988fd277116b29e57df4242b2a2404,460881c76000908bd06cfa8334dfc551a9266b16ed527bd8539d26164692086b,tile,"[233.972,422.986,593.972,782.986]",normalized_0_1000,CONTROLLED_SOURCE_IMAGE/ada_page_016_tile_r03_c02.png,OMITTED_RAW_MODEL_JSON/visual_logic_page_016_tile_r03_c02.json,extracted_unvalidated,page_016_tile_r03_c02__structure__tile_r03_c02,flowchart,Insulin Dosing Strategies for Glycemic Control,True,True,valid,,"structure: The image contains partial text that may not be fully captured in the bounding boxes provided.; structure: Some nodes are visually connected but their exact relationships might require manual review for accuracy.; actions: The provided image asset contains a flowchart with multiple decision points and recommendations for insulin therapy in type 2 diabetes. The visible text includes specific dosing strategies, titration guidelines, and considerations for different patient scenarios (e.g., hypoglycemia, hyperglycemia). However, the exact clinical guideline evidence is not explicitly stated as 'strong' or 'weak', nor are there clear indications of priority language or logical alternatives. The flowchart suggests a structured approach to insulin therapy but does not provide explicit strength indicators for each recommendation.; symbols: The provided image is a cropped section of a larger document; some context may be missing. The visible text includes partial sentences and fragmented guidelines.; symbols: Some arrows in the flowchart are not fully connected or labeled, making complete interpretation difficult without additional context.",5bd17081f992c5d0594b1114fb54a1fde89ca808511f9f1e9669f588b7f210bf,5bd17081f992c5d0594b1114fb54a1fde89ca808511f9f1e9669f588b7f210bf,pending,,,,,False,n1,n2,If glycemia is above goal → Consider self-mixed/split insulin plan,↓,If glycemia is above goal ↓ Consider self-mixed/split insulin plan,"[450.0,168.0,793.0,200.0]"
p016-page-016-tile-r03-c02::page-016-tile-r03-c02-structure-tile-r03-c02::edge::edge-002,page_016_tile_r03_c02,16,CONTROLLED_SOURCE_PDF/ADA principles for pharmacologic therapy.pdf,7c2913f79b61bc60f8f51327bb73b80391988fd277116b29e57df4242b2a2404,460881c76000908bd06cfa8334dfc551a9266b16ed527bd8539d26164692086b,tile,"[233.972,422.986,593.972,782.986]",normalized_0_1000,CONTROLLED_SOURCE_IMAGE/ada_page_016_tile_r03_c02.png,OMITTED_RAW_MODEL_JSON/visual_logic_page_016_tile_r03_c02.json,extracted_unvalidated,page_016_tile_r03_c02__structure__tile_r03_c02,flowchart,Insulin Dosing Strategies for Glycemic Control,True,True,valid,,"structure: The image contains partial text that may not be fully captured in the bounding boxes provided.; structure: Some nodes are visually connected but their exact relationships might require manual review for accuracy.; actions: The provided image asset contains a flowchart with multiple decision points and recommendations for insulin therapy in type 2 diabetes. The visible text includes specific dosing strategies, titration guidelines, and considerations for different patient scenarios (e.g., hypoglycemia, hyperglycemia). However, the exact clinical guideline evidence is not explicitly stated as 'strong' or 'weak', nor are there clear indications of priority language or logical alternatives. The flowchart suggests a structured approach to insulin therapy but does not provide explicit strength indicators for each recommendation.; symbols: The provided image is a cropped section of a larger document; some context may be missing. The visible text includes partial sentences and fragmented guidelines.; symbols: Some arrows in the flowchart are not fully connected or labeled, making complete interpretation difficult without additional context.",85ac7905122d08707c13d911bbaf63dde6c3504c55b1a07ba829deee0dc63b29,85ac7905122d08707c13d911bbaf63dde6c3504c55b1a07ba829deee0dc63b29,pending,,,,,False,n1,n3,If glycemia is above goal → Consider twice-daily premixed insulin plan,↓,If glycemia is above goal ↓ Consider twice-daily premixed insulin plan,"[450.0,168.0,793.0,200.0]"
p016-page-016-tile-r03-c02::page-016-tile-r03-c02-structure-tile-r03-c02::edge::edge-003,page_016_tile_r03_c02,16,CONTROLLED_SOURCE_PDF/ADA principles for pharmacologic therapy.pdf,7c2913f79b61bc60f8f51327bb73b80391988fd277116b29e57df4242b2a2404,460881c76000908bd06cfa8334dfc551a9266b16ed527bd8539d26164692086b,tile,"[233.972,422.986,593.972,782.986]",normalized_0_1000,CONTROLLED_SOURCE_IMAGE/ada_page_016_tile_r03_c02.png,OMITTED_RAW_MODEL_JSON/visual_logic_page_016_tile_r03_c02.json,extracted_unvalidated,page_016_tile_r03_c02__structure__tile_r03_c02,flowchart,Insulin Dosing Strategies for Glycemic Control,True,True,valid,,"structure: The image contains partial text that may not be fully captured in the bounding boxes provided.; structure: Some nodes are visually connected but their exact relationships might require manual review for accuracy.; actions: The provided image asset contains a flowchart with multiple decision points and recommendations for insulin therapy in type 2 diabetes. The visible text includes specific dosing strategies, titration guidelines, and considerations for different patient scenarios (e.g., hypoglycemia, hyperglycemia). However, the exact clinical guideline evidence is not explicitly stated as 'strong' or 'weak', nor are there clear indications of priority language or logical alternatives. The flowchart suggests a structured approach to insulin therapy but does not provide explicit strength indicators for each recommendation.; symbols: The provided image is a cropped section of a larger document; some context may be missing. The visible text includes partial sentences and fragmented guidelines.; symbols: Some arrows in the flowchart are not fully connected or labeled, making complete interpretation difficult without additional context.",aed1bc051ae5ab966653b9a26349b409e6ef599176fc3d6357483aa309d9ffad,aed1bc051ae5ab966653b9a26349b409e6ef599176fc3d6357483aa309d9ffad,pending,,,,,False,n2,n5,Consider self-mixed/split insulin plan → Titrate based on individualized needs,↓,Consider self-mixed/split insulin plan ↓ Titrate based on individualized needs,"[0.0,256.0,431.0,478.0]"
p016-page-016-tile-r03-c02::page-016-tile-r03-c02-structure-tile-r03-c02::edge::edge-004,page_016_tile_r03_c02,16,CONTROLLED_SOURCE_PDF/ADA principles for pharmacologic therapy.pdf,7c2913f79b61bc60f8f51327bb73b80391988fd277116b29e57df4242b2a2404,460881c76000908bd06cfa8334dfc551a9266b16ed527bd8539d26164692086b,tile,"[233.972,422.986,593.972,782.986]",normalized_0_1000,CONTROLLED_SOURCE_IMAGE/ada_page_016_tile_r03_c02.png,OMITTED_RAW_MODEL_JSON/visual_logic_page_016_tile_r03_c02.json,extracted_unvalidated,page_016_tile_r03_c02__structure__tile_r03_c02,flowchart,Insulin Dosing Strategies for Glycemic Control,True,True,valid,,"structure: The image contains partial text that may not be fully captured in the bounding boxes provided.; structure: Some nodes are visually connected but their exact relationships might require manual review for accuracy.; actions: The provided image asset contains a flowchart with multiple decision points and recommendations for insulin therapy in type 2 diabetes. The visible text includes specific dosing strategies, titration guidelines, and considerations for different patient scenarios (e.g., hypoglycemia, hyperglycemia). However, the exact clinical guideline evidence is not explicitly stated as 'strong' or 'weak', nor are there clear indications of priority language or logical alternatives. The flowchart suggests a structured approach to insulin therapy but does not provide explicit strength indicators for each recommendation.; symbols: The provided image is a cropped section of a larger document; some context may be missing. The visible text includes partial sentences and fragmented guidelines.; symbols: Some arrows in the flowchart are not fully connected or labeled, making complete interpretation difficult without additional context.",dcb135f055deadfba8d1844c35e655f0eb089a4e18dec63972da68c231774440,dcb135f055deadfba8d1844c35e655f0eb089a4e18dec63972da68c231774440,pending,,,,,False,n3,n7,Consider twice-daily premixed insulin plan → Titrate based on individualized needs,↓,Consider twice-daily premixed insulin plan ↓ Titrate based on individualized needs,"[450.0,256.0,793.0,418.0]"
