record_id,asset_id,page_number,source_pdf,source_pdf_sha256,image_sha256,asset_type,asset_bbox,evidence_bbox_space,image_path,source_json,extraction_status,item_id,item_type,title,model_requires_manual_review,requires_manual_review,validation_status,validation_errors,validation_warnings,content_sha256,effective_content_sha256,review_status,reviewer,reviewed_at,corrections_json,review_notes,release_eligible,node_id,condition,patient_variables,true_branch,false_branch,evidence_text,evidence_bbox
p002-page-002-tile-r01-c01::page-002-tile-r01-c01-structure-tile-0::node::dcct-node,page_002_tile_r01_c01,2,CONTROLLED_SOURCE_PDF/ADA principles for pharmacologic therapy.pdf,7c2913f79b61bc60f8f51327bb73b80391988fd277116b29e57df4242b2a2404,60267ead4957d41459a2d97fc92488544c8215720a8e2e5eca70d29fee452ec7,tile,"[0.0,0.0,360.0,360.0]",normalized_0_1000,CONTROLLED_SOURCE_IMAGE/ada_page_002_tile_r01_c01.png,OMITTED_RAW_MODEL_JSON/visual_logic_page_002_tile_r01_c01.json,extracted_unvalidated,page_002_tile_r01_c01__structure__tile_0,page,S184 Pharmacologic Approaches to Glycemic Treatment,True,True,valid,,"structure: The image is a single page from a document, not an interactive diagram or flowchart.; structure: No decision nodes or arrows are visible as graphical elements; all relationships are textual and inferred from the text content.; structure: The evidence bounding boxes are approximate based on visual layout.; actions: No explicit recommendation-strength word is visible; therefore, strength string is empty.; actions: The text mentions 'Fig. 9.1' but no visual content or detailed clinical guideline evidence is visible in this single image asset for Fig. 9.1.; symbols: The text is fragmented and incomplete; it appears to be a cropped section of a larger document. The full clinical guideline evidence cannot be extracted without the complete context.; symbols: No visual elements such as arrows, decision nodes, or drug actions are present in this asset.",f77b83d0dc6b5aab435cbb09267b764d0437ea66d9c9e8a40e4dac2f3a59ff50,f77b83d0dc6b5aab435cbb09267b764d0437ea66d9c9e8a40e4dac2f3a59ff50,pending,,,,,False,DCCT_node,The Diabetes Control and Complications Trial (DCCT),,intensive therapy with multiple daily injections or continuous subcutaneous insulin infusion (CSII) reduced A1C and was associated with improved long-term outcomes,,The Diabetes Control and Complications Trial (DCCT) demonstrated that intensive therapy with multiple daily injections or continuous subcutaneous insulin infusion (CSII) reduced A1C and was associated with improved long-term outcomes (1–3).,"[158.0,207.0,604.0,999.0]"
p002-page-002-tile-r02-c01::page-002-tile-r02-c01-structure-tile-r02-c01::node::mdi-laa-raa-uraa,page_002_tile_r02_c01,2,CONTROLLED_SOURCE_PDF/ADA principles for pharmacologic therapy.pdf,7c2913f79b61bc60f8f51327bb73b80391988fd277116b29e57df4242b2a2404,ece0396f5c3d6926929a1797003165ca8252d32e06aae7c44c3346a1c598af52,tile,"[0.0,288.0,360.0,648.0]",normalized_0_1000,CONTROLLED_SOURCE_IMAGE/ada_page_002_tile_r02_c01.png,OMITTED_RAW_MODEL_JSON/visual_logic_page_002_tile_r02_c01.json,extracted_unvalidated,page_002_tile_r02_c01__structure__tile_r02_c01,table,Representative relative attributes of insulin approaches in people with type 1 diabetes,True,True,valid,,"structure: No clinical guideline evidence is visible in this single image asset. The content appears to be a summary of relative attributes of insulin approaches for type 1 diabetes patients, presented as a table without decision nodes or arrows.; structure: The table does not contain any explicit clinical guidelines or recommendations; it only provides comparative information about different insulin treatment plans.; actions: No explicit recommendation-strength words were visible in the table; strength symbols (e.g., '+++', '+++++') were used instead.; actions: The table does not contain arrows or decision nodes, so no edges are extracted.; actions: All drug actions are listed as alternatives without mandatory status.; symbols: The table is partially cut off at the bottom right corner, but all visible data points are extracted.; symbols: No explicit clinical guidelines or arrows are present in this asset; only a comparative table with ordinal symbols is shown.",ca4ba8455ff9cf8b35b27dedc575829486d8c23b1609ae38bb3aec2a34a2007f,ca4ba8455ff9cf8b35b27dedc575829486d8c23b1609ae38bb3aec2a34a2007f,pending,,,,,False,MDI_LAA_RAA_URAA,Insulin plans: MDI with LAA + RAA or URAA,,,,MDI with LAA + RAA or URAA +++,"[390.0,478.0,562.0,518.0]"
p002-page-002-tile-r02-c01::page-002-tile-r02-c01-structure-tile-r02-c01::node::mdi-nph-raa-uraa,page_002_tile_r02_c01,2,CONTROLLED_SOURCE_PDF/ADA principles for pharmacologic therapy.pdf,7c2913f79b61bc60f8f51327bb73b80391988fd277116b29e57df4242b2a2404,ece0396f5c3d6926929a1797003165ca8252d32e06aae7c44c3346a1c598af52,tile,"[0.0,288.0,360.0,648.0]",normalized_0_1000,CONTROLLED_SOURCE_IMAGE/ada_page_002_tile_r02_c01.png,OMITTED_RAW_MODEL_JSON/visual_logic_page_002_tile_r02_c01.json,extracted_unvalidated,page_002_tile_r02_c01__structure__tile_r02_c01,table,Representative relative attributes of insulin approaches in people with type 1 diabetes,True,True,valid,,"structure: No clinical guideline evidence is visible in this single image asset. The content appears to be a summary of relative attributes of insulin approaches for type 1 diabetes patients, presented as a table without decision nodes or arrows.; structure: The table does not contain any explicit clinical guidelines or recommendations; it only provides comparative information about different insulin treatment plans.; actions: No explicit recommendation-strength words were visible in the table; strength symbols (e.g., '+++', '+++++') were used instead.; actions: The table does not contain arrows or decision nodes, so no edges are extracted.; actions: All drug actions are listed as alternatives without mandatory status.; symbols: The table is partially cut off at the bottom right corner, but all visible data points are extracted.; symbols: No explicit clinical guidelines or arrows are present in this asset; only a comparative table with ordinal symbols is shown.",a167ea1245e79b1e2218b3ae0256ec8a80d181bf1b0a36ed1995af4677803714,a167ea1245e79b1e2218b3ae0256ec8a80d181bf1b0a36ed1995af4677803714,pending,,,,,False,MDI_NPH_RAA_URAA,Insulin plans: MDI with NPH + RAA or URAA,,,,MDI with NPH + RAA or URAA ++,"[390.0,612.0,562.0,648.0]"
p002-page-002-tile-r02-c01::page-002-tile-r02-c01-structure-tile-r02-c01::node::mdi-nph-regular,page_002_tile_r02_c01,2,CONTROLLED_SOURCE_PDF/ADA principles for pharmacologic therapy.pdf,7c2913f79b61bc60f8f51327bb73b80391988fd277116b29e57df4242b2a2404,ece0396f5c3d6926929a1797003165ca8252d32e06aae7c44c3346a1c598af52,tile,"[0.0,288.0,360.0,648.0]",normalized_0_1000,CONTROLLED_SOURCE_IMAGE/ada_page_002_tile_r02_c01.png,OMITTED_RAW_MODEL_JSON/visual_logic_page_002_tile_r02_c01.json,extracted_unvalidated,page_002_tile_r02_c01__structure__tile_r02_c01,table,Representative relative attributes of insulin approaches in people with type 1 diabetes,True,True,valid,,"structure: No clinical guideline evidence is visible in this single image asset. The content appears to be a summary of relative attributes of insulin approaches for type 1 diabetes patients, presented as a table without decision nodes or arrows.; structure: The table does not contain any explicit clinical guidelines or recommendations; it only provides comparative information about different insulin treatment plans.; actions: No explicit recommendation-strength words were visible in the table; strength symbols (e.g., '+++', '+++++') were used instead.; actions: The table does not contain arrows or decision nodes, so no edges are extracted.; actions: All drug actions are listed as alternatives without mandatory status.; symbols: The table is partially cut off at the bottom right corner, but all visible data points are extracted.; symbols: No explicit clinical guidelines or arrows are present in this asset; only a comparative table with ordinal symbols is shown.",ad14a093254daf75f4ec63b62eaf67d643993af36fd4b493771fc1dc6d1258d0,ad14a093254daf75f4ec63b62eaf67d643993af36fd4b493771fc1dc6d1258d0,pending,,,,,False,MDI_NPH_regular,Insulin plans: MDI with NPH + short-acting (regular) insulin,,,,MDI with NPH + short-acting (regular) insulin ++,"[390.0,658.0,562.0,701.0]"
p002-page-002-tile-r02-c01::page-002-tile-r02-c01-structure-tile-r02-c01::node::two-injections-nph-regular-premixed,page_002_tile_r02_c01,2,CONTROLLED_SOURCE_PDF/ADA principles for pharmacologic therapy.pdf,7c2913f79b61bc60f8f51327bb73b80391988fd277116b29e57df4242b2a2404,ece0396f5c3d6926929a1797003165ca8252d32e06aae7c44c3346a1c598af52,tile,"[0.0,288.0,360.0,648.0]",normalized_0_1000,CONTROLLED_SOURCE_IMAGE/ada_page_002_tile_r02_c01.png,OMITTED_RAW_MODEL_JSON/visual_logic_page_002_tile_r02_c01.json,extracted_unvalidated,page_002_tile_r02_c01__structure__tile_r02_c01,table,Representative relative attributes of insulin approaches in people with type 1 diabetes,True,True,valid,,"structure: No clinical guideline evidence is visible in this single image asset. The content appears to be a summary of relative attributes of insulin approaches for type 1 diabetes patients, presented as a table without decision nodes or arrows.; structure: The table does not contain any explicit clinical guidelines or recommendations; it only provides comparative information about different insulin treatment plans.; actions: No explicit recommendation-strength words were visible in the table; strength symbols (e.g., '+++', '+++++') were used instead.; actions: The table does not contain arrows or decision nodes, so no edges are extracted.; actions: All drug actions are listed as alternatives without mandatory status.; symbols: The table is partially cut off at the bottom right corner, but all visible data points are extracted.; symbols: No explicit clinical guidelines or arrows are present in this asset; only a comparative table with ordinal symbols is shown.",fc43978a7d623cb814ac667475386c45376ebbc38182e202f355c8e6adf380e4,fc43978a7d623cb814ac667475386c45376ebbc38182e202f355c8e6adf380e4,pending,,,,,False,Two_injections_NPH_regular_premixed,Insulin plans: Two daily injections with NPH + short-acting (regular) insulin or premixed,,,,Two daily injections with NPH + short-acting (regular) insulin or premixed +,"[390.0,712.0,562.0,804.0]"
p002-page-002-tile-r02-c01::page-002-tile-r02-c01-structure-tile-r02-c01::node::automated-insulin-delivery-systems,page_002_tile_r02_c01,2,CONTROLLED_SOURCE_PDF/ADA principles for pharmacologic therapy.pdf,7c2913f79b61bc60f8f51327bb73b80391988fd277116b29e57df4242b2a2404,ece0396f5c3d6926929a1797003165ca8252d32e06aae7c44c3346a1c598af52,tile,"[0.0,288.0,360.0,648.0]",normalized_0_1000,CONTROLLED_SOURCE_IMAGE/ada_page_002_tile_r02_c01.png,OMITTED_RAW_MODEL_JSON/visual_logic_page_002_tile_r02_c01.json,extracted_unvalidated,page_002_tile_r02_c01__structure__tile_r02_c01,table,Representative relative attributes of insulin approaches in people with type 1 diabetes,True,True,valid,,"structure: No clinical guideline evidence is visible in this single image asset. The content appears to be a summary of relative attributes of insulin approaches for type 1 diabetes patients, presented as a table without decision nodes or arrows.; structure: The table does not contain any explicit clinical guidelines or recommendations; it only provides comparative information about different insulin treatment plans.; actions: No explicit recommendation-strength words were visible in the table; strength symbols (e.g., '+++', '+++++') were used instead.; actions: The table does not contain arrows or decision nodes, so no edges are extracted.; actions: All drug actions are listed as alternatives without mandatory status.; symbols: The table is partially cut off at the bottom right corner, but all visible data points are extracted.; symbols: No explicit clinical guidelines or arrows are present in this asset; only a comparative table with ordinal symbols is shown.",a80f5a3477c42a36a31593618f7a8617abcb92404a9266314cb267480c937a63,a80f5a3477c42a36a31593618f7a8617abcb92404a9266314cb267480c937a63,pending,,,,,False,Automated_insulin_delivery_systems,Insulin plans: Automated insulin delivery systems,,,,Automated insulin delivery systems +++++,"[390.0,872.0,562.0,914.0]"
p002-page-002-tile-r02-c02::page-002-tile-r02-c02-structure-tile-001::node::node-001,page_002_tile_r02_c02,2,CONTROLLED_SOURCE_PDF/ADA principles for pharmacologic therapy.pdf,7c2913f79b61bc60f8f51327bb73b80391988fd277116b29e57df4242b2a2404,f761a65d6e49e7b14cdc072a399201a2178c180e4fa6a3adb1a8adf76a3734a3,tile,"[233.972,288.0,593.972,648.0]",normalized_0_1000,CONTROLLED_SOURCE_IMAGE/ada_page_002_tile_r02_c02.png,OMITTED_RAW_MODEL_JSON/visual_logic_page_002_tile_r02_c02.json,extracted_unvalidated,page_002_tile_r02_c02__structure__tile_001,table,Relative attributes of insulin delivery approaches in people with type 1 diabetes,False,True,valid,,"structure: No decision nodes or arrows are visible in this table; it is a comparative attribute matrix.; structure: The text above the table mentions 'Table 9.1' but no such table is shown here.; actions: No explicit recommendation-strength words were visible in the provided asset; strength fields are empty.; actions: The table does not contain arrows or decision nodes; only comparative attributes are shown.; symbols: The table is presented with a color-coded scale but no explicit legend or key defining what each symbol represents. The interpretation of the symbols as ordinal scales (e.g., +++ = high flexibility) is inferred from context and common usage in clinical guidelines, which may not be explicitly stated.",e3e058ed1470f350b4dacd7ad1084b8468628b6e30766ac2d9d9a521386f08cf,e3e058ed1470f350b4dacd7ad1084b8468628b6e30766ac2d9d9a521386f08cf,pending,,,,,False,node_001,Greater flexibility,,,,Greater flexibility,"[234.972,386.0,315.972,436.0]"
p002-page-002-tile-r02-c02::page-002-tile-r02-c02-structure-tile-001::node::node-002,page_002_tile_r02_c02,2,CONTROLLED_SOURCE_PDF/ADA principles for pharmacologic therapy.pdf,7c2913f79b61bc60f8f51327bb73b80391988fd277116b29e57df4242b2a2404,f761a65d6e49e7b14cdc072a399201a2178c180e4fa6a3adb1a8adf76a3734a3,tile,"[233.972,288.0,593.972,648.0]",normalized_0_1000,CONTROLLED_SOURCE_IMAGE/ada_page_002_tile_r02_c02.png,OMITTED_RAW_MODEL_JSON/visual_logic_page_002_tile_r02_c02.json,extracted_unvalidated,page_002_tile_r02_c02__structure__tile_001,table,Relative attributes of insulin delivery approaches in people with type 1 diabetes,False,True,valid,,"structure: No decision nodes or arrows are visible in this table; it is a comparative attribute matrix.; structure: The text above the table mentions 'Table 9.1' but no such table is shown here.; actions: No explicit recommendation-strength words were visible in the provided asset; strength fields are empty.; actions: The table does not contain arrows or decision nodes; only comparative attributes are shown.; symbols: The table is presented with a color-coded scale but no explicit legend or key defining what each symbol represents. The interpretation of the symbols as ordinal scales (e.g., +++ = high flexibility) is inferred from context and common usage in clinical guidelines, which may not be explicitly stated.",dc125d0068960b131a0d5ec6eee85bee5ed4e5eeb18f3d958e420aeab1325829,dc125d0068960b131a0d5ec6eee85bee5ed4e5eeb18f3d958e420aeab1325829,pending,,,,,False,node_002,Lower risk of hypoglycemia,,,,Lower risk of hypoglycemia,"[326.972,386.0,451.972,436.0]"
p002-page-002-tile-r02-c02::page-002-tile-r02-c02-structure-tile-001::node::node-003,page_002_tile_r02_c02,2,CONTROLLED_SOURCE_PDF/ADA principles for pharmacologic therapy.pdf,7c2913f79b61bc60f8f51327bb73b80391988fd277116b29e57df4242b2a2404,f761a65d6e49e7b14cdc072a399201a2178c180e4fa6a3adb1a8adf76a3734a3,tile,"[233.972,288.0,593.972,648.0]",normalized_0_1000,CONTROLLED_SOURCE_IMAGE/ada_page_002_tile_r02_c02.png,OMITTED_RAW_MODEL_JSON/visual_logic_page_002_tile_r02_c02.json,extracted_unvalidated,page_002_tile_r02_c02__structure__tile_001,table,Relative attributes of insulin delivery approaches in people with type 1 diabetes,False,True,valid,,"structure: No decision nodes or arrows are visible in this table; it is a comparative attribute matrix.; structure: The text above the table mentions 'Table 9.1' but no such table is shown here.; actions: No explicit recommendation-strength words were visible in the provided asset; strength fields are empty.; actions: The table does not contain arrows or decision nodes; only comparative attributes are shown.; symbols: The table is presented with a color-coded scale but no explicit legend or key defining what each symbol represents. The interpretation of the symbols as ordinal scales (e.g., +++ = high flexibility) is inferred from context and common usage in clinical guidelines, which may not be explicitly stated.",4e29c90551c7e5a7de63db482055e4896b55e9e7d75f26dab49893f8fd2ba391,4e29c90551c7e5a7de63db482055e4896b55e9e7d75f26dab49893f8fd2ba391,pending,,,,,False,node_003,Higher costs,,,,Higher costs,"[461.972,386.0,593.972,436.0]"
p006-page-006-tile-r01-c01::page-006-tile-r01-c01-structure-tile-0::node::d1,page_006_tile_r01_c01,6,CONTROLLED_SOURCE_PDF/ADA principles for pharmacologic therapy.pdf,7c2913f79b61bc60f8f51327bb73b80391988fd277116b29e57df4242b2a2404,171481028df5f80b30a55353193e91568bfbd66504987ba8db080982192a624b,tile,"[0.0,0.0,360.0,360.0]",normalized_0_1000,CONTROLLED_SOURCE_IMAGE/ada_page_006_tile_r01_c01.png,OMITTED_RAW_MODEL_JSON/visual_logic_page_006_tile_r01_c01.json,extracted_unvalidated,page_006_tile_r01_c01__structure__tile_0,flowchart,Initiation and adjustment of insulin using multiple daily dosing,True,True,valid,,"structure: The image contains partial text that may be cut off or obscured. The full clinical guideline evidence cannot be extracted without additional context.; structure: Some nodes and edges are partially visible or truncated in the provided bounding box.; actions: The image contains partial text that may not fully capture the complete clinical guideline.; actions: Some arrows and decision nodes are partially cut off or obscured in the provided bounding box.; symbols: The flowchart contains partial or truncated text at some decision points. For example, the final two branches are partially obscured and do not contain complete instructions.",06c8afbf1dcc313e4f05df719d55bcecf317f54f1c58d70a6fa28e7901eba55a,06c8afbf1dcc313e4f05df719d55bcecf317f54f1c58d70a6fa28e7901eba55a,pending,,,,,False,D1,"If A1C, CGM metrics, or SMBG not at goal",,If hypoglycemia is present...,If hyperglycemia is present...,"If A1C, CGM metrics, or SMBG not at goal","[360.0,845.0,960.0,875.0]"
p006-page-006-tile-r01-c02::page-006-tile-r01-c02-structure-tile-r01-c02::node::n0,page_006_tile_r01_c02,6,CONTROLLED_SOURCE_PDF/ADA principles for pharmacologic therapy.pdf,7c2913f79b61bc60f8f51327bb73b80391988fd277116b29e57df4242b2a2404,8dd16976076c4dc0b61fc940193599a3ad60084cff0f56c431772b1a0295828f,tile,"[233.972,0.0,593.972,360.0]",normalized_0_1000,CONTROLLED_SOURCE_IMAGE/ada_page_006_tile_r01_c02.png,OMITTED_RAW_MODEL_JSON/visual_logic_page_006_tile_r01_c02.json,extracted_unvalidated,page_006_tile_r01_c02__structure__tile_r01_c02,flowchart,Using multiple daily dosing in individuals with type 1 diabetes,True,True,valid,,"structure: The image is partially cut off at the bottom, so some text may be incomplete or truncated.; structure: Some nodes and edges are not fully visible due to cropping of the source image.; actions: The image is a flowchart with multiple decision points and actions related to insulin therapy in type 1 diabetes.; actions: Some text is cut off or partially obscured, requiring manual review for complete accuracy.; symbols: The provided image does not contain any visible symbols or footnotes that match the requested extraction criteria.; symbols: No ordinal scales are present in this flowchart.",bdc2d3bc93f8fc8f79c9ea6e7aac4aa9842f12eef0918453094e716b086af5b7,bdc2d3bc93f8fc8f79c9ea6e7aac4aa9842f12eef0918453094e716b086af5b7,pending,,,,,False,n0,Deliver diabetes self-management education and adjust treatment goals based on health status.,,n1,,deliver diabetes self-management education and ... to meet individualized treatment goals,"[0.0,297.0,584.0,360.0]"
p006-page-006-tile-r01-c02::page-006-tile-r01-c02-structure-tile-r01-c02::node::n1,page_006_tile_r01_c02,6,CONTROLLED_SOURCE_PDF/ADA principles for pharmacologic therapy.pdf,7c2913f79b61bc60f8f51327bb73b80391988fd277116b29e57df4242b2a2404,8dd16976076c4dc0b61fc940193599a3ad60084cff0f56c431772b1a0295828f,tile,"[233.972,0.0,593.972,360.0]",normalized_0_1000,CONTROLLED_SOURCE_IMAGE/ada_page_006_tile_r01_c02.png,OMITTED_RAW_MODEL_JSON/visual_logic_page_006_tile_r01_c02.json,extracted_unvalidated,page_006_tile_r01_c02__structure__tile_r01_c02,flowchart,Using multiple daily dosing in individuals with type 1 diabetes,True,True,valid,,"structure: The image is partially cut off at the bottom, so some text may be incomplete or truncated.; structure: Some nodes and edges are not fully visible due to cropping of the source image.; actions: The image is a flowchart with multiple decision points and actions related to insulin therapy in type 1 diabetes.; actions: Some text is cut off or partially obscured, requiring manual review for complete accuracy.; symbols: The provided image does not contain any visible symbols or footnotes that match the requested extraction criteria.; symbols: No ordinal scales are present in this flowchart.",5510ab0fc1f2cf8a0eb854900876cc3f85a8743c7407419fafc63abf2760fe84,5510ab0fc1f2cf8a0eb854900876cc3f85a8743c7407419fafc63abf2760fe84,pending,,,,,False,n1,Criteria for starting insulin.,Insulin deficiency; Initial presentation with DKA; Overweight or obesity,n2,,Criteria for starting insulin ... should be based on person-specific considerations ... and/or overweight or obesity,"[0.0,417.0,584.0,536.0]"
p006-page-006-tile-r01-c02::page-006-tile-r01-c02-structure-tile-r01-c02::node::n2,page_006_tile_r01_c02,6,CONTROLLED_SOURCE_PDF/ADA principles for pharmacologic therapy.pdf,7c2913f79b61bc60f8f51327bb73b80391988fd277116b29e57df4242b2a2404,8dd16976076c4dc0b61fc940193599a3ad60084cff0f56c431772b1a0295828f,tile,"[233.972,0.0,593.972,360.0]",normalized_0_1000,CONTROLLED_SOURCE_IMAGE/ada_page_006_tile_r01_c02.png,OMITTED_RAW_MODEL_JSON/visual_logic_page_006_tile_r01_c02.json,extracted_unvalidated,page_006_tile_r01_c02__structure__tile_r01_c02,flowchart,Using multiple daily dosing in individuals with type 1 diabetes,True,True,valid,,"structure: The image is partially cut off at the bottom, so some text may be incomplete or truncated.; structure: Some nodes and edges are not fully visible due to cropping of the source image.; actions: The image is a flowchart with multiple decision points and actions related to insulin therapy in type 1 diabetes.; actions: Some text is cut off or partially obscured, requiring manual review for complete accuracy.; symbols: The provided image does not contain any visible symbols or footnotes that match the requested extraction criteria.; symbols: No ordinal scales are present in this flowchart.",fd26ec053e37ff4ff4ec558fa95ca4a1f06dc6412a4bb7ee273c457157bc07c9,fd26ec053e37ff4ff4ec558fa95ca4a1f06dc6412a4bb7ee273c457157bc07c9,pending,,,,,False,n2,Initial titration of insulin.,Basal and prandial coverage; SMBG,n3,,Initial titration of insulin ... equally between basal and prandial² coverage ... adjusting basal and prandial doses based on ... and SMBG,"[0.0,546.0,584.0,701.0]"
p006-page-006-tile-r01-c02::page-006-tile-r01-c02-structure-tile-r01-c02::node::n3,page_006_tile_r01_c02,6,CONTROLLED_SOURCE_PDF/ADA principles for pharmacologic therapy.pdf,7c2913f79b61bc60f8f51327bb73b80391988fd277116b29e57df4242b2a2404,8dd16976076c4dc0b61fc940193599a3ad60084cff0f56c431772b1a0295828f,tile,"[233.972,0.0,593.972,360.0]",normalized_0_1000,CONTROLLED_SOURCE_IMAGE/ada_page_006_tile_r01_c02.png,OMITTED_RAW_MODEL_JSON/visual_logic_page_006_tile_r01_c02.json,extracted_unvalidated,page_006_tile_r01_c02__structure__tile_r01_c02,flowchart,Using multiple daily dosing in individuals with type 1 diabetes,True,True,valid,,"structure: The image is partially cut off at the bottom, so some text may be incomplete or truncated.; structure: Some nodes and edges are not fully visible due to cropping of the source image.; actions: The image is a flowchart with multiple decision points and actions related to insulin therapy in type 1 diabetes.; actions: Some text is cut off or partially obscured, requiring manual review for complete accuracy.; symbols: The provided image does not contain any visible symbols or footnotes that match the requested extraction criteria.; symbols: No ordinal scales are present in this flowchart.",f8b2b5772cb9215d7475bb2eec21e13b945055644598133d38c0749c394c2d4e,f8b2b5772cb9215d7475bb2eec21e13b945055644598133d38c0749c394c2d4e,pending,,,,,False,n3,Use CGM and/or SMBG to determine basal and prandial dosing balance.,,n4,,Use CGM and/or SMBG to determine ... basal and prandial dosing balance,"[0.0,712.0,584.0,803.0]"
p006-page-006-tile-r01-c02::page-006-tile-r01-c02-structure-tile-r01-c02::node::n4,page_006_tile_r01_c02,6,CONTROLLED_SOURCE_PDF/ADA principles for pharmacologic therapy.pdf,7c2913f79b61bc60f8f51327bb73b80391988fd277116b29e57df4242b2a2404,8dd16976076c4dc0b61fc940193599a3ad60084cff0f56c431772b1a0295828f,tile,"[233.972,0.0,593.972,360.0]",normalized_0_1000,CONTROLLED_SOURCE_IMAGE/ada_page_006_tile_r01_c02.png,OMITTED_RAW_MODEL_JSON/visual_logic_page_006_tile_r01_c02.json,extracted_unvalidated,page_006_tile_r01_c02__structure__tile_r01_c02,flowchart,Using multiple daily dosing in individuals with type 1 diabetes,True,True,valid,,"structure: The image is partially cut off at the bottom, so some text may be incomplete or truncated.; structure: Some nodes and edges are not fully visible due to cropping of the source image.; actions: The image is a flowchart with multiple decision points and actions related to insulin therapy in type 1 diabetes.; actions: Some text is cut off or partially obscured, requiring manual review for complete accuracy.; symbols: The provided image does not contain any visible symbols or footnotes that match the requested extraction criteria.; symbols: No ordinal scales are present in this flowchart.",dd33df863ceb3010c462e330547a7b88d718f20cac43bdca3be54e3ca08c08ae,dd33df863ceb3010c462e330547a7b88d718f20cac43bdca3be54e3ca08c08ae,pending,,,,,False,n4,If CGM or SMBG not at goal.,,n5,,"CGMs, or SMBG not at goal","[0.0,814.0,584.0,876.0]"
p006-page-006-tile-r01-c02::page-006-tile-r01-c02-structure-tile-r01-c02::node::n5,page_006_tile_r01_c02,6,CONTROLLED_SOURCE_PDF/ADA principles for pharmacologic therapy.pdf,7c2913f79b61bc60f8f51327bb73b80391988fd277116b29e57df4242b2a2404,8dd16976076c4dc0b61fc940193599a3ad60084cff0f56c431772b1a0295828f,tile,"[233.972,0.0,593.972,360.0]",normalized_0_1000,CONTROLLED_SOURCE_IMAGE/ada_page_006_tile_r01_c02.png,OMITTED_RAW_MODEL_JSON/visual_logic_page_006_tile_r01_c02.json,extracted_unvalidated,page_006_tile_r01_c02__structure__tile_r01_c02,flowchart,Using multiple daily dosing in individuals with type 1 diabetes,True,True,valid,,"structure: The image is partially cut off at the bottom, so some text may be incomplete or truncated.; structure: Some nodes and edges are not fully visible due to cropping of the source image.; actions: The image is a flowchart with multiple decision points and actions related to insulin therapy in type 1 diabetes.; actions: Some text is cut off or partially obscured, requiring manual review for complete accuracy.; symbols: The provided image does not contain any visible symbols or footnotes that match the requested extraction criteria.; symbols: No ordinal scales are present in this flowchart.",f78284317bbba56a129dae8edf12c5ba1ae452778b78292bdd171da96bd83a87,f78284317bbba56a129dae8edf12c5ba1ae452778b78292bdd171da96bd83a87,pending,,,,,False,n5,If hyperglycemia is present.,Timing and extent of hyperglycemia,,,"If hyperglycemia is present, adjust basal and/or prandial insulin based on the timing ... (e.g., 1–4)","[0.0,876.0,584.0,999.0]"
p006-page-006-tile-r02-c01::page-006-tile-r02-c01-structure-tile-001::node::n0,page_006_tile_r02_c01,6,CONTROLLED_SOURCE_PDF/ADA principles for pharmacologic therapy.pdf,7c2913f79b61bc60f8f51327bb73b80391988fd277116b29e57df4242b2a2404,0929ca38ad29f903468637f26d74c7aa2879fd4c3c802648076823db14825893,tile,"[0.0,288.0,360.0,648.0]",normalized_0_1000,CONTROLLED_SOURCE_IMAGE/ada_page_006_tile_r02_c01.png,OMITTED_RAW_MODEL_JSON/visual_logic_page_006_tile_r02_c01.json,extracted_unvalidated,page_006_tile_r02_c01__structure__tile_001,flowchart,Insulin Initiation and Adjustment for Type 1 Diabetes with CGM,False,True,valid,,"structure: The flowchart contains conditional branches that may require manual review for complete interpretation.; structure: Some nodes have partial or incomplete text visible in the image.; actions: The image is a cropped section of a larger document; some context may be missing.; actions: Some text in the flowchart (like '3,4' or '5–10%') might refer to external references not visible here.; actions: The exact trigger conditions for each action are implied by the arrows and decision boxes.; symbols: The image contains partial text that may not be fully captured in the extracted evidence.; symbols: Some footnotes and references are truncated or partially visible.",19617eb428159aef643d899ef54d588d1869fda37d5294f1db781ed5e7151c59,19617eb428159aef643d899ef54d588d1869fda37d5294f1db781ed5e7151c59,pending,,,,,False,N0,"If A1C, CGM metrics, or SMBG not at goal",A1C; CGM metrics; SMBG,N1,N2,"If A1C, CGM metrics, or SMBG not at goal","[370.5,46.8,960.0,86.4]"
p006-page-006-tile-r02-c01::page-006-tile-r02-c01-structure-tile-001::node::n1,page_006_tile_r02_c01,6,CONTROLLED_SOURCE_PDF/ADA principles for pharmacologic therapy.pdf,7c2913f79b61bc60f8f51327bb73b80391988fd277116b29e57df4242b2a2404,0929ca38ad29f903468637f26d74c7aa2879fd4c3c802648076823db14825893,tile,"[0.0,288.0,360.0,648.0]",normalized_0_1000,CONTROLLED_SOURCE_IMAGE/ada_page_006_tile_r02_c01.png,OMITTED_RAW_MODEL_JSON/visual_logic_page_006_tile_r02_c01.json,extracted_unvalidated,page_006_tile_r02_c01__structure__tile_001,flowchart,Insulin Initiation and Adjustment for Type 1 Diabetes with CGM,False,True,valid,,"structure: The flowchart contains conditional branches that may require manual review for complete interpretation.; structure: Some nodes have partial or incomplete text visible in the image.; actions: The image is a cropped section of a larger document; some context may be missing.; actions: Some text in the flowchart (like '3,4' or '5–10%') might refer to external references not visible here.; actions: The exact trigger conditions for each action are implied by the arrows and decision boxes.; symbols: The image contains partial text that may not be fully captured in the extracted evidence.; symbols: Some footnotes and references are truncated or partially visible.",4977d71d53d28094092fbcc3205f3cd094b8c8cd5b5860cc1da6ce0367bb3dcc,4977d71d53d28094092fbcc3205f3cd094b8c8cd5b5860cc1da6ce0367bb3dcc,pending,,,,,False,N1,If hypoglycemia is present,hypoglycemia,N3,N4,"If hypoglycemia is present, adjust basal and/or prandial insulin based on the timing of the hypoglycemia (e.g., 1-4 units or 5-10% dosage adjustments)","[172.8,136.8,594.0,244.8]"
p006-page-006-tile-r02-c01::page-006-tile-r02-c01-structure-tile-001::node::n2,page_006_tile_r02_c01,6,CONTROLLED_SOURCE_PDF/ADA principles for pharmacologic therapy.pdf,7c2913f79b61bc60f8f51327bb73b80391988fd277116b29e57df4242b2a2404,0929ca38ad29f903468637f26d74c7aa2879fd4c3c802648076823db14825893,tile,"[0.0,288.0,360.0,648.0]",normalized_0_1000,CONTROLLED_SOURCE_IMAGE/ada_page_006_tile_r02_c01.png,OMITTED_RAW_MODEL_JSON/visual_logic_page_006_tile_r02_c01.json,extracted_unvalidated,page_006_tile_r02_c01__structure__tile_001,flowchart,Insulin Initiation and Adjustment for Type 1 Diabetes with CGM,False,True,valid,,"structure: The flowchart contains conditional branches that may require manual review for complete interpretation.; structure: Some nodes have partial or incomplete text visible in the image.; actions: The image is a cropped section of a larger document; some context may be missing.; actions: Some text in the flowchart (like '3,4' or '5–10%') might refer to external references not visible here.; actions: The exact trigger conditions for each action are implied by the arrows and decision boxes.; symbols: The image contains partial text that may not be fully captured in the extracted evidence.; symbols: Some footnotes and references are truncated or partially visible.",9896ae00ccb270cb909dcf96045deb035c8bcbcb9751ebead21f4d68655939a0,9896ae00ccb270cb909dcf96045deb035c8bcbcb9751ebead21f4d68655939a0,pending,,,,,False,N2,If hyperglycemia is present,hyperglycemia,N5,N6,"If hyperglycemia is present, adjust basal and/or prandial insulin based on the timing of the hyperglycemia (e.g., 1-4 units or 5-10% dosage adjustments)","[732.0,136.8,999.0,244.8]"
p006-page-006-tile-r02-c01::page-006-tile-r02-c01-structure-tile-001::node::n3,page_006_tile_r02_c01,6,CONTROLLED_SOURCE_PDF/ADA principles for pharmacologic therapy.pdf,7c2913f79b61bc60f8f51327bb73b80391988fd277116b29e57df4242b2a2404,0929ca38ad29f903468637f26d74c7aa2879fd4c3c802648076823db14825893,tile,"[0.0,288.0,360.0,648.0]",normalized_0_1000,CONTROLLED_SOURCE_IMAGE/ada_page_006_tile_r02_c01.png,OMITTED_RAW_MODEL_JSON/visual_logic_page_006_tile_r02_c01.json,extracted_unvalidated,page_006_tile_r02_c01__structure__tile_001,flowchart,Insulin Initiation and Adjustment for Type 1 Diabetes with CGM,False,True,valid,,"structure: The flowchart contains conditional branches that may require manual review for complete interpretation.; structure: Some nodes have partial or incomplete text visible in the image.; actions: The image is a cropped section of a larger document; some context may be missing.; actions: Some text in the flowchart (like '3,4' or '5–10%') might refer to external references not visible here.; actions: The exact trigger conditions for each action are implied by the arrows and decision boxes.; symbols: The image contains partial text that may not be fully captured in the extracted evidence.; symbols: Some footnotes and references are truncated or partially visible.",e6d2d929897acc204de015bc137db6291883a336cb57d76d02db397ec0dfe2ea,e6d2d929897acc204de015bc137db6291883a336cb57d76d02db397ec0dfe2ea,pending,,,,,False,N3,Adjust basal and/or prandial insulin based on timing of hypoglycemia,,,,"adjust basal and/or prandial insulin based on the timing of the hypoglycemia (e.g., 1-4 units or 5-10% dosage adjustments)","[237.6,189.6,504.0,223.2]"
p006-page-006-tile-r02-c01::page-006-tile-r02-c01-structure-tile-001::node::n4,page_006_tile_r02_c01,6,CONTROLLED_SOURCE_PDF/ADA principles for pharmacologic therapy.pdf,7c2913f79b61bc60f8f51327bb73b80391988fd277116b29e57df4242b2a2404,0929ca38ad29f903468637f26d74c7aa2879fd4c3c802648076823db14825893,tile,"[0.0,288.0,360.0,648.0]",normalized_0_1000,CONTROLLED_SOURCE_IMAGE/ada_page_006_tile_r02_c01.png,OMITTED_RAW_MODEL_JSON/visual_logic_page_006_tile_r02_c01.json,extracted_unvalidated,page_006_tile_r02_c01__structure__tile_001,flowchart,Insulin Initiation and Adjustment for Type 1 Diabetes with CGM,False,True,valid,,"structure: The flowchart contains conditional branches that may require manual review for complete interpretation.; structure: Some nodes have partial or incomplete text visible in the image.; actions: The image is a cropped section of a larger document; some context may be missing.; actions: Some text in the flowchart (like '3,4' or '5–10%') might refer to external references not visible here.; actions: The exact trigger conditions for each action are implied by the arrows and decision boxes.; symbols: The image contains partial text that may not be fully captured in the extracted evidence.; symbols: Some footnotes and references are truncated or partially visible.",534f44050bcbfefaadeea0299b7bad0d21f810d083b647f31c364506c1ffa0c9,534f44050bcbfefaadeea0299b7bad0d21f810d083b647f31c364506c1ffa0c9,pending,,,,,False,N4,Adjust basal and/or prandial insulin based on timing of hyperglycemia,,,,"adjust basal and/or prandial insulin based on the timing of the hyperglycemia (e.g., 1-4 units or 5-10% dosage adjustments)","[763.2,189.6,999.0,223.2]"
p006-page-006-tile-r02-c01::page-006-tile-r02-c01-structure-tile-001::node::n5,page_006_tile_r02_c01,6,CONTROLLED_SOURCE_PDF/ADA principles for pharmacologic therapy.pdf,7c2913f79b61bc60f8f51327bb73b80391988fd277116b29e57df4242b2a2404,0929ca38ad29f903468637f26d74c7aa2879fd4c3c802648076823db14825893,tile,"[0.0,288.0,360.0,648.0]",normalized_0_1000,CONTROLLED_SOURCE_IMAGE/ada_page_006_tile_r02_c01.png,OMITTED_RAW_MODEL_JSON/visual_logic_page_006_tile_r02_c01.json,extracted_unvalidated,page_006_tile_r02_c01__structure__tile_001,flowchart,Insulin Initiation and Adjustment for Type 1 Diabetes with CGM,False,True,valid,,"structure: The flowchart contains conditional branches that may require manual review for complete interpretation.; structure: Some nodes have partial or incomplete text visible in the image.; actions: The image is a cropped section of a larger document; some context may be missing.; actions: Some text in the flowchart (like '3,4' or '5–10%') might refer to external references not visible here.; actions: The exact trigger conditions for each action are implied by the arrows and decision boxes.; symbols: The image contains partial text that may not be fully captured in the extracted evidence.; symbols: Some footnotes and references are truncated or partially visible.",24ce11f7b6fa4af1578dd8284addce0f26837ae1bfa9463b646632c9a5fd44e7,24ce11f7b6fa4af1578dd8284addce0f26837ae1bfa9463b646632c9a5fd44e7,pending,,,,,False,N5,If fasting hyperglycemia is present,fasting hyperglycemia,N7,,"If fasting hyperglycemia is present, review overnight glucose pattern (using CGM, if available) and adjust basal insulin, if appropriate","[624.0,302.4,936.0,410.4]"
p006-page-006-tile-r02-c01::page-006-tile-r02-c01-structure-tile-001::node::n6,page_006_tile_r02_c01,6,CONTROLLED_SOURCE_PDF/ADA principles for pharmacologic therapy.pdf,7c2913f79b61bc60f8f51327bb73b80391988fd277116b29e57df4242b2a2404,0929ca38ad29f903468637f26d74c7aa2879fd4c3c802648076823db14825893,tile,"[0.0,288.0,360.0,648.0]",normalized_0_1000,CONTROLLED_SOURCE_IMAGE/ada_page_006_tile_r02_c01.png,OMITTED_RAW_MODEL_JSON/visual_logic_page_006_tile_r02_c01.json,extracted_unvalidated,page_006_tile_r02_c01__structure__tile_001,flowchart,Insulin Initiation and Adjustment for Type 1 Diabetes with CGM,False,True,valid,,"structure: The flowchart contains conditional branches that may require manual review for complete interpretation.; structure: Some nodes have partial or incomplete text visible in the image.; actions: The image is a cropped section of a larger document; some context may be missing.; actions: Some text in the flowchart (like '3,4' or '5–10%') might refer to external references not visible here.; actions: The exact trigger conditions for each action are implied by the arrows and decision boxes.; symbols: The image contains partial text that may not be fully captured in the extracted evidence.; symbols: Some footnotes and references are truncated or partially visible.",2344c3841192d752fcea166bfacd491fd34e2a9b5ec5f70b7cd72d5d174dcaf8,2344c3841192d752fcea166bfacd491fd34e2a9b5ec5f70b7cd72d5d174dcaf8,pending,,,,,False,N6,If postprandial hyperglycemia is present,postprandial hyperglycemia,,,"adjust basal and/or prandial insulin based on the timing of the hyperglycemia (e.g., 1-4 units or 5-10% dosage adjustments)","[960.0,302.4,999.0,410.4]"
p006-page-006-tile-r02-c01::page-006-tile-r02-c01-structure-tile-001::node::n7,page_006_tile_r02_c01,6,CONTROLLED_SOURCE_PDF/ADA principles for pharmacologic therapy.pdf,7c2913f79b61bc60f8f51327bb73b80391988fd277116b29e57df4242b2a2404,0929ca38ad29f903468637f26d74c7aa2879fd4c3c802648076823db14825893,tile,"[0.0,288.0,360.0,648.0]",normalized_0_1000,CONTROLLED_SOURCE_IMAGE/ada_page_006_tile_r02_c01.png,OMITTED_RAW_MODEL_JSON/visual_logic_page_006_tile_r02_c01.json,extracted_unvalidated,page_006_tile_r02_c01__structure__tile_001,flowchart,Insulin Initiation and Adjustment for Type 1 Diabetes with CGM,False,True,valid,,"structure: The flowchart contains conditional branches that may require manual review for complete interpretation.; structure: Some nodes have partial or incomplete text visible in the image.; actions: The image is a cropped section of a larger document; some context may be missing.; actions: Some text in the flowchart (like '3,4' or '5–10%') might refer to external references not visible here.; actions: The exact trigger conditions for each action are implied by the arrows and decision boxes.; symbols: The image contains partial text that may not be fully captured in the extracted evidence.; symbols: Some footnotes and references are truncated or partially visible.",9e5df9f38037d93f61afda8ef8ffc611b98b9609c24f5027d36f0fa2a4be73ac,9e5df9f38037d93f61afda8ef8ffc611b98b9609c24f5027d36f0fa2a4be73ac,pending,,,,,False,N7,Review overnight glucose pattern and adjust basal insulin if appropriate,,,,"review overnight glucose pattern (using CGM, if available) and adjust basal insulin, if appropriate","[672.0,355.2,918.0,388.8]"
p006-page-006-tile-r02-c02::page-006-tile-r02-c02-structure-tile-r02-c02::node::n0,page_006_tile_r02_c02,6,CONTROLLED_SOURCE_PDF/ADA principles for pharmacologic therapy.pdf,7c2913f79b61bc60f8f51327bb73b80391988fd277116b29e57df4242b2a2404,189f76f27515916f3d3411dc8fd87f721266516d5734c1334b0faa8013a5aa29,tile,"[233.972,288.0,593.972,648.0]",normalized_0_1000,CONTROLLED_SOURCE_IMAGE/ada_page_006_tile_r02_c02.png,OMITTED_RAW_MODEL_JSON/visual_logic_page_006_tile_r02_c02.json,extracted_unvalidated,page_006_tile_r02_c02__structure__tile_r02_c02,flowchart,Figure 9.2,False,True,valid,,"structure: No evidence of medication-class distinctions or uncertainty indicators in the visible text.; actions: The image contains a partial view of the flowchart. The top portion appears to be cut off, but the visible content provides sufficient information to extract the clinical guideline evidence as requested.; actions: Some text in the flowchart is partially obscured or truncated, which may affect the completeness of the extracted data.; symbols: The provided image is a cropped section of a larger document, which means some context or additional nodes/edges might be missing. The flowchart appears to be self-contained within the visible area.; symbols: Some text in the flowchart (like '3,4' and references) may not be fully legible due to resolution or cropping.; visual item title derived from manifest figure_ids/table_ids",aaa5714c382a0dcc919c27e07ae971d0f717428aeaa95adb2dd6b0e819830d11,aaa5714c382a0dcc919c27e07ae971d0f717428aeaa95adb2dd6b0e819830d11,pending,,,,,False,N0,"If hyperglycemia is present, adjust basal and/or prandial insulin based on the timing and extent of hyperglycemia (e.g., 1–4 units or 5–10% dosage adjustments)",,N1,N2,"If hyperglycemia is present, adjust basal and/or prandial insulin based on the timing and extent of hyperglycemia (e.g., 1–4 units or 5–10% dosage adjustments)3,4","[92.76,138.0,512.76,248.0]"
p006-page-006-tile-r02-c02::page-006-tile-r02-c02-structure-tile-r02-c02::node::n1,page_006_tile_r02_c02,6,CONTROLLED_SOURCE_PDF/ADA principles for pharmacologic therapy.pdf,7c2913f79b61bc60f8f51327bb73b80391988fd277116b29e57df4242b2a2404,189f76f27515916f3d3411dc8fd87f721266516d5734c1334b0faa8013a5aa29,tile,"[233.972,288.0,593.972,648.0]",normalized_0_1000,CONTROLLED_SOURCE_IMAGE/ada_page_006_tile_r02_c02.png,OMITTED_RAW_MODEL_JSON/visual_logic_page_006_tile_r02_c02.json,extracted_unvalidated,page_006_tile_r02_c02__structure__tile_r02_c02,flowchart,Figure 9.2,False,True,valid,,"structure: No evidence of medication-class distinctions or uncertainty indicators in the visible text.; actions: The image contains a partial view of the flowchart. The top portion appears to be cut off, but the visible content provides sufficient information to extract the clinical guideline evidence as requested.; actions: Some text in the flowchart is partially obscured or truncated, which may affect the completeness of the extracted data.; symbols: The provided image is a cropped section of a larger document, which means some context or additional nodes/edges might be missing. The flowchart appears to be self-contained within the visible area.; symbols: Some text in the flowchart (like '3,4' and references) may not be fully legible due to resolution or cropping.; visual item title derived from manifest figure_ids/table_ids",fb95e23418e5b22bc29b1a92ce2d03a46a54dcba9fa1bc870e9398feaf4832a4,fb95e23418e5b22bc29b1a92ce2d03a46a54dcba9fa1bc870e9398feaf4832a4,pending,,,,,False,N1,"If fasting hyperglycemia is present, review overnight glucose pattern (using CGM, if available) and adjust basal insulin, if appropriate",,,,"If fasting hyperglycemia is present, review overnight glucose pattern (using CGM, if available) and adjust basal insulin, if appropriate","[0.76,298.0,285.76,413.0]"
p006-page-006-tile-r02-c02::page-006-tile-r02-c02-structure-tile-r02-c02::node::n2,page_006_tile_r02_c02,6,CONTROLLED_SOURCE_PDF/ADA principles for pharmacologic therapy.pdf,7c2913f79b61bc60f8f51327bb73b80391988fd277116b29e57df4242b2a2404,189f76f27515916f3d3411dc8fd87f721266516d5734c1334b0faa8013a5aa29,tile,"[233.972,288.0,593.972,648.0]",normalized_0_1000,CONTROLLED_SOURCE_IMAGE/ada_page_006_tile_r02_c02.png,OMITTED_RAW_MODEL_JSON/visual_logic_page_006_tile_r02_c02.json,extracted_unvalidated,page_006_tile_r02_c02__structure__tile_r02_c02,flowchart,Figure 9.2,False,True,valid,,"structure: No evidence of medication-class distinctions or uncertainty indicators in the visible text.; actions: The image contains a partial view of the flowchart. The top portion appears to be cut off, but the visible content provides sufficient information to extract the clinical guideline evidence as requested.; actions: Some text in the flowchart is partially obscured or truncated, which may affect the completeness of the extracted data.; symbols: The provided image is a cropped section of a larger document, which means some context or additional nodes/edges might be missing. The flowchart appears to be self-contained within the visible area.; symbols: Some text in the flowchart (like '3,4' and references) may not be fully legible due to resolution or cropping.; visual item title derived from manifest figure_ids/table_ids",feeb2fd34160a20535bde96b6a57e7ba449a0953a0c7ed6500caa259d4c5131e,feeb2fd34160a20535bde96b6a57e7ba449a0953a0c7ed6500caa259d4c5131e,pending,,,,,False,N2,"If postprandial hyperglycemia is present, assess and educate to ensure prandial administration is appropriately timed and adjusted for nutrient intake (dosing may be fixed based on general intake or variable based on macronutrient and/or glycemic trends, depending on individual preference and ability)",,,,"If postprandial hyperglycemia is present, assess and educate to ensure prandial administration is appropriately timed and adjusted for nutrient intake (dosing may be fixed based on general intake or variable based on macronutrient and/or glycemic trends, depending on individual preference and ability)","[315.76,298.0,640.76,503.0]"
p006-page-006-tile-r03-c02::page-006-tile-r03-c02-structure-tile-r03-c02::node::n1,page_006_tile_r03_c02,6,CONTROLLED_SOURCE_PDF/ADA principles for pharmacologic therapy.pdf,7c2913f79b61bc60f8f51327bb73b80391988fd277116b29e57df4242b2a2404,5296d4935241fe8927811379b16ae96590939bedd15e3cfe9f48da6cdbb8d001,tile,"[233.972,422.986,593.972,782.986]",normalized_0_1000,CONTROLLED_SOURCE_IMAGE/ada_page_006_tile_r03_c02.png,OMITTED_RAW_MODEL_JSON/visual_logic_page_006_tile_r03_c02.json,extracted_unvalidated,page_006_tile_r03_c02__structure__tile_r03_c02,table,Figure 9.2,True,True,valid,,"structure: No visible arrows or decision nodes with explicit branching logic were found in the provided image asset. The extracted content is based on textual evidence within the bounding box.; actions: No explicit recommendation-strength word visible; used empty strength string.; symbols: No visible arrows or decision nodes in this tile.; symbols: No visible drug actions (e.g., 'administer X mg') in this tile.; symbols: No visible symbols or footnotes in this tile.; visual item title derived from manifest figure_ids/table_ids",50cca99b2bd970b61b579f1dbb59989f2067e4595bc47611e83543140b05f69e,50cca99b2bd970b61b579f1dbb59989f2067e4595bc47611e83543140b05f69e,pending,,,,,False,N1,"Exogenously delivered insulin should be injected or infused into subcutaneous tissue, not intramuscularly.",,"Recommended sites for insulin administration include the abdomen, thigh, buttock, and upper arm.",,"Exogenously delivered insulin should be injected or infused into subcutaneous tissue, not intramuscularly. Recommended sites for insulin administration include the abdomen, thigh, buttock, and upper arm.","[435.0,380.0,872.0,619.0]"
p006-page-006-tile-r03-c02::page-006-tile-r03-c02-structure-tile-r03-c02::node::n2,page_006_tile_r03_c02,6,CONTROLLED_SOURCE_PDF/ADA principles for pharmacologic therapy.pdf,7c2913f79b61bc60f8f51327bb73b80391988fd277116b29e57df4242b2a2404,5296d4935241fe8927811379b16ae96590939bedd15e3cfe9f48da6cdbb8d001,tile,"[233.972,422.986,593.972,782.986]",normalized_0_1000,CONTROLLED_SOURCE_IMAGE/ada_page_006_tile_r03_c02.png,OMITTED_RAW_MODEL_JSON/visual_logic_page_006_tile_r03_c02.json,extracted_unvalidated,page_006_tile_r03_c02__structure__tile_r03_c02,table,Figure 9.2,True,True,valid,,"structure: No visible arrows or decision nodes with explicit branching logic were found in the provided image asset. The extracted content is based on textual evidence within the bounding box.; actions: No explicit recommendation-strength word visible; used empty strength string.; symbols: No visible arrows or decision nodes in this tile.; symbols: No visible drug actions (e.g., 'administer X mg') in this tile.; symbols: No visible symbols or footnotes in this tile.; visual item title derived from manifest figure_ids/table_ids",59c5317d6661f054d2f291ec60af9656009baf5d249b05a2b427e22b901f28d0,59c5317d6661f054d2f291ec60af9656009baf5d249b05a2b427e22b901f28d0,pending,,,,,False,N2,Insulin absorption from IM sites differs from that in subcutaneous sites and is also influenced by the activity of the muscle.,,,,Insulin absorption from IM sites differs from that in subcutaneous sites and is also influenced by the activity of the muscle.,"[435.0,619.0,872.0,650.0]"
p006-page-006-tile-r03-c02::page-006-tile-r03-c02-structure-tile-r03-c02::node::n3,page_006_tile_r03_c02,6,CONTROLLED_SOURCE_PDF/ADA principles for pharmacologic therapy.pdf,7c2913f79b61bc60f8f51327bb73b80391988fd277116b29e57df4242b2a2404,5296d4935241fe8927811379b16ae96590939bedd15e3cfe9f48da6cdbb8d001,tile,"[233.972,422.986,593.972,782.986]",normalized_0_1000,CONTROLLED_SOURCE_IMAGE/ada_page_006_tile_r03_c02.png,OMITTED_RAW_MODEL_JSON/visual_logic_page_006_tile_r03_c02.json,extracted_unvalidated,page_006_tile_r03_c02__structure__tile_r03_c02,table,Figure 9.2,True,True,valid,,"structure: No visible arrows or decision nodes with explicit branching logic were found in the provided image asset. The extracted content is based on textual evidence within the bounding box.; actions: No explicit recommendation-strength word visible; used empty strength string.; symbols: No visible arrows or decision nodes in this tile.; symbols: No visible drug actions (e.g., 'administer X mg') in this tile.; symbols: No visible symbols or footnotes in this tile.; visual item title derived from manifest figure_ids/table_ids",bfb00c72fd67e1b8f72874c669592f642a4c5172e73d6ddefe79bb5d80bc2327,bfb00c72fd67e1b8f72874c669592f642a4c5172e73d6ddefe79bb5d80bc2327,pending,,,,,False,N3,Inadvertent IM injection can lead to unpredictable insulin absorption and variable effects on glucose and is associated with frequent and unexplained hypoglycemia.,,,,Inadvertent IM injection can lead to unpredictable insulin absorption and variable effects on glucose and is associated with frequent and unexplained hypoglycemia.,"[435.0,650.0,872.0,691.0]"
p006-page-006-tile-r03-c02::page-006-tile-r03-c02-structure-tile-r03-c02::node::n4,page_006_tile_r03_c02,6,CONTROLLED_SOURCE_PDF/ADA principles for pharmacologic therapy.pdf,7c2913f79b61bc60f8f51327bb73b80391988fd277116b29e57df4242b2a2404,5296d4935241fe8927811379b16ae96590939bedd15e3cfe9f48da6cdbb8d001,tile,"[233.972,422.986,593.972,782.986]",normalized_0_1000,CONTROLLED_SOURCE_IMAGE/ada_page_006_tile_r03_c02.png,OMITTED_RAW_MODEL_JSON/visual_logic_page_006_tile_r03_c02.json,extracted_unvalidated,page_006_tile_r03_c02__structure__tile_r03_c02,table,Figure 9.2,True,True,valid,,"structure: No visible arrows or decision nodes with explicit branching logic were found in the provided image asset. The extracted content is based on textual evidence within the bounding box.; actions: No explicit recommendation-strength word visible; used empty strength string.; symbols: No visible arrows or decision nodes in this tile.; symbols: No visible drug actions (e.g., 'administer X mg') in this tile.; symbols: No visible symbols or footnotes in this tile.; visual item title derived from manifest figure_ids/table_ids",7e382a9d1c730feb5475f98be3299620074dd47a0123c8842f963f91ef44c93c,7e382a9d1c730feb5475f98be3299620074dd47a0123c8842f963f91ef44c93c,pending,,,,,False,N4,Size 4-mm pen needles should be used to reduce inadvertent IM insulin delivery across ages and body types.,,,,Size 4-mm pen needles should be used to reduce inadvertent IM insulin delivery across ages and body types.,"[435.0,691.0,872.0,720.0]"
p006-page-006-tile-r03-c02::page-006-tile-r03-c02-structure-tile-r03-c02::node::n5,page_006_tile_r03_c02,6,CONTROLLED_SOURCE_PDF/ADA principles for pharmacologic therapy.pdf,7c2913f79b61bc60f8f51327bb73b80391988fd277116b29e57df4242b2a2404,5296d4935241fe8927811379b16ae96590939bedd15e3cfe9f48da6cdbb8d001,tile,"[233.972,422.986,593.972,782.986]",normalized_0_1000,CONTROLLED_SOURCE_IMAGE/ada_page_006_tile_r03_c02.png,OMITTED_RAW_MODEL_JSON/visual_logic_page_006_tile_r03_c02.json,extracted_unvalidated,page_006_tile_r03_c02__structure__tile_r03_c02,table,Figure 9.2,True,True,valid,,"structure: No visible arrows or decision nodes with explicit branching logic were found in the provided image asset. The extracted content is based on textual evidence within the bounding box.; actions: No explicit recommendation-strength word visible; used empty strength string.; symbols: No visible arrows or decision nodes in this tile.; symbols: No visible drug actions (e.g., 'administer X mg') in this tile.; symbols: No visible symbols or footnotes in this tile.; visual item title derived from manifest figure_ids/table_ids",2514d278064076b67e0887943fba458cce0b825ef5d383eeedd1d2905074aa93,2514d278064076b67e0887943fba458cce0b825ef5d383eeedd1d2905074aa93,pending,,,,,False,N5,"IM risk is higher in younger, leaner individuals, with injections into limbs rather than truncal.",,,,"IM risk is higher in younger, leaner individuals, with injections into limbs rather than truncal","[435.0,720.0,872.0,761.0]"
p008-page-008-tile-r01-c01::page-008-tile-r01-c01-structure-s190-pat::node::n1,page_008_tile_r01_c01,8,CONTROLLED_SOURCE_PDF/ADA principles for pharmacologic therapy.pdf,7c2913f79b61bc60f8f51327bb73b80391988fd277116b29e57df4242b2a2404,f8d36aa60152781137f95dbfa9948f72c3abcef991554fd7a05fa82a29511d2e,tile,"[0.0,0.0,360.0,360.0]",normalized_0_1000,CONTROLLED_SOURCE_IMAGE/ada_page_008_tile_r01_c01.png,OMITTED_RAW_MODEL_JSON/visual_logic_page_008_tile_r01_c01.json,extracted_unvalidated,page_008_tile_r01_c01__structure__S190_PAT,figure,Simplified overview of indications for β-cell replacement therapy,False,True,valid,,"structure: The image does not contain any drug actions or ordinal symbols.; structure: The decision tree structure is simplified, and the actual clinical guidelines may have more detailed criteria.; actions: The text 'Balancing surgical risk, metabolic need, and the choice of the i[...]' is truncated; the full phrase is not visible.; actions: The right-side box with bullet points ('Hyp...', etc.) is partially cut off and cannot be fully transcribed.; symbols: The flowchart does not contain any explicit clinical guideline evidence such as specific thresholds, logical alternatives (AND/OR), priority language, arrow direction, medication-class distinctions, or uncertainty. The text 'Balancing surgical risk, metabolic need, and the choice of the i[...]' is truncated, making it impossible to fully interpret its meaning in the context of a clinical guideline.",5afbdd4db6a6d573bacc4a9e6d340b9a56d2aeb69ec53c5db4b4828b3b351813,5afbdd4db6a6d573bacc4a9e6d340b9a56d2aeb69ec53c5db4b4828b3b351813,pending,,,,,False,N1,Severe chronic kidney disease (GFR <30 mL/min/1.73 m²),,Living donor kidney,Simultaneous transplantation,Severe chronic kidney disease (GFR <30 mL/min/1.73 m²),"[240.0,265.0,750.0,485.0]"
p008-page-008-tile-r01-c01::page-008-tile-r01-c01-structure-s190-pat::node::n2,page_008_tile_r01_c01,8,CONTROLLED_SOURCE_PDF/ADA principles for pharmacologic therapy.pdf,7c2913f79b61bc60f8f51327bb73b80391988fd277116b29e57df4242b2a2404,f8d36aa60152781137f95dbfa9948f72c3abcef991554fd7a05fa82a29511d2e,tile,"[0.0,0.0,360.0,360.0]",normalized_0_1000,CONTROLLED_SOURCE_IMAGE/ada_page_008_tile_r01_c01.png,OMITTED_RAW_MODEL_JSON/visual_logic_page_008_tile_r01_c01.json,extracted_unvalidated,page_008_tile_r01_c01__structure__S190_PAT,figure,Simplified overview of indications for β-cell replacement therapy,False,True,valid,,"structure: The image does not contain any drug actions or ordinal symbols.; structure: The decision tree structure is simplified, and the actual clinical guidelines may have more detailed criteria.; actions: The text 'Balancing surgical risk, metabolic need, and the choice of the i[...]' is truncated; the full phrase is not visible.; actions: The right-side box with bullet points ('Hyp...', etc.) is partially cut off and cannot be fully transcribed.; symbols: The flowchart does not contain any explicit clinical guideline evidence such as specific thresholds, logical alternatives (AND/OR), priority language, arrow direction, medication-class distinctions, or uncertainty. The text 'Balancing surgical risk, metabolic need, and the choice of the i[...]' is truncated, making it impossible to fully interpret its meaning in the context of a clinical guideline.",671500716de3a4e50539b190d262a72c38f710098302e05a4a12962af5a32fc9,671500716de3a4e50539b190d262a72c38f710098302e05a4a12962af5a32fc9,pending,,,,,False,N2,Impaired kidney function,,Simultaneous transplantation,,Impaired kidney function,"[850.0,547.0,999.0,621.0]"
p008-page-008-tile-r01-c01::page-008-tile-r01-c01-structure-s190-pat::node::n3,page_008_tile_r01_c01,8,CONTROLLED_SOURCE_PDF/ADA principles for pharmacologic therapy.pdf,7c2913f79b61bc60f8f51327bb73b80391988fd277116b29e57df4242b2a2404,f8d36aa60152781137f95dbfa9948f72c3abcef991554fd7a05fa82a29511d2e,tile,"[0.0,0.0,360.0,360.0]",normalized_0_1000,CONTROLLED_SOURCE_IMAGE/ada_page_008_tile_r01_c01.png,OMITTED_RAW_MODEL_JSON/visual_logic_page_008_tile_r01_c01.json,extracted_unvalidated,page_008_tile_r01_c01__structure__S190_PAT,figure,Simplified overview of indications for β-cell replacement therapy,False,True,valid,,"structure: The image does not contain any drug actions or ordinal symbols.; structure: The decision tree structure is simplified, and the actual clinical guidelines may have more detailed criteria.; actions: The text 'Balancing surgical risk, metabolic need, and the choice of the i[...]' is truncated; the full phrase is not visible.; actions: The right-side box with bullet points ('Hyp...', etc.) is partially cut off and cannot be fully transcribed.; symbols: The flowchart does not contain any explicit clinical guideline evidence such as specific thresholds, logical alternatives (AND/OR), priority language, arrow direction, medication-class distinctions, or uncertainty. The text 'Balancing surgical risk, metabolic need, and the choice of the i[...]' is truncated, making it impossible to fully interpret its meaning in the context of a clinical guideline.",78c51225e404558707510f9ea6e85a0f4b93497304962db1a69f39f3189fe170,78c51225e404558707510f9ea6e85a0f4b93497304962db1a69f39f3189fe170,pending,,,,,False,N3,"Balancing surgical risk, metabolic need, and the choice of the islet source",,Pancreas after kidney,Islet after kidney,"Balancing surgical risk, metabolic need, and the choice of the islet source","[160.0,745.0,930.0,820.0]"
p008-page-008-tile-r01-c01::page-008-tile-r01-c01-structure-s190-pat::node::n4,page_008_tile_r01_c01,8,CONTROLLED_SOURCE_PDF/ADA principles for pharmacologic therapy.pdf,7c2913f79b61bc60f8f51327bb73b80391988fd277116b29e57df4242b2a2404,f8d36aa60152781137f95dbfa9948f72c3abcef991554fd7a05fa82a29511d2e,tile,"[0.0,0.0,360.0,360.0]",normalized_0_1000,CONTROLLED_SOURCE_IMAGE/ada_page_008_tile_r01_c01.png,OMITTED_RAW_MODEL_JSON/visual_logic_page_008_tile_r01_c01.json,extracted_unvalidated,page_008_tile_r01_c01__structure__S190_PAT,figure,Simplified overview of indications for β-cell replacement therapy,False,True,invalid,condition is required,"structure: The image does not contain any drug actions or ordinal symbols.; structure: The decision tree structure is simplified, and the actual clinical guidelines may have more detailed criteria.; actions: The text 'Balancing surgical risk, metabolic need, and the choice of the i[...]' is truncated; the full phrase is not visible.; actions: The right-side box with bullet points ('Hyp...', etc.) is partially cut off and cannot be fully transcribed.; symbols: The flowchart does not contain any explicit clinical guideline evidence such as specific thresholds, logical alternatives (AND/OR), priority language, arrow direction, medication-class distinctions, or uncertainty. The text 'Balancing surgical risk, metabolic need, and the choice of the i[...]' is truncated, making it impossible to fully interpret its meaning in the context of a clinical guideline.",903ca52898e7a9253b8474487e0a0fd2083d45a444354ce0f0a20a6fe77c7f14,903ca52898e7a9253b8474487e0a0fd2083d45a444354ce0f0a20a6fe77c7f14,pending,,,,,False,N4,,,Simultaneous pancreas and kidney,Simultaneous islet and kidney,"Balancing surgical risk, metabolic need, and the choice of the islet source","[160.0,745.0,930.0,820.0]"
p008-page-008-tile-r01-c02::page-008-tile-r01-c02-structure-tile-001::node::node-001,page_008_tile_r01_c02,8,CONTROLLED_SOURCE_PDF/ADA principles for pharmacologic therapy.pdf,7c2913f79b61bc60f8f51327bb73b80391988fd277116b29e57df4242b2a2404,f4bfc917ddcedd9b5ec93c8f1b295b48a6c0d1dce4eaddf946ffabcac741a5eb,tile,"[233.972,0.0,593.972,360.0]",normalized_0_1000,CONTROLLED_SOURCE_IMAGE/ada_page_008_tile_r01_c02.png,OMITTED_RAW_MODEL_JSON/visual_logic_page_008_tile_r01_c02.json,extracted_unvalidated,page_008_tile_r01_c02__structure__tile_001,flowchart,Criteria for β-cell replacement therapy in people with type 1 diabetes,False,True,valid,,"structure: The flowchart contains a logical loop where 'Risk, metabolic need, and the choice of the individual with diabetes' feeds back into both 'Simultaneous islet and kidney' and the two single-organ transplant options. This may represent an iterative decision-making process rather than a linear path.; actions: The image does not contain explicit recommendation-strength words (e.g., 'strongly recommended', 'recommended') or specific medication classes/actions. The flowchart is a decision-making tool based on clinical criteria, not a detailed guideline with dosage logic or drug-specific instructions.; symbols: The image is partially cut off at the top left and bottom right, so some nodes or edges may be incomplete.; symbols: No explicit clinical guideline evidence (like 'Grade A' or 'Level of Evidence') is visible in this asset. The flowchart presents a decision pathway based on patient characteristics.",d6fcc019927769bca831bc3f5df0252b1f48702a21a6406f80bdd70f0849e50d,d6fcc019927769bca831bc3f5df0252b1f48702a21a6406f80bdd70f0849e50d,pending,,,,,False,node_001,Severe metabolic complications,Hypoglycemia; Hypoglycemia unawareness; Ketoacidosis; Incapacitating problems with exogenous insulin therapy; Failure of insulin-based management to prevent acute complications,Impaired kidney function,Intact/stable kidney function,Severe metabolic complications • Hypoglycemia • Hypoglycemia unawareness • Ketoacidosis • Incapacitating problems with exogenous insulin therapy • Failure of insulin-based management to prevent acute complications,"[278.0,269.0,793.0,485.0]"
p008-page-008-tile-r01-c02::page-008-tile-r01-c02-structure-tile-001::node::node-002,page_008_tile_r01_c02,8,CONTROLLED_SOURCE_PDF/ADA principles for pharmacologic therapy.pdf,7c2913f79b61bc60f8f51327bb73b80391988fd277116b29e57df4242b2a2404,f4bfc917ddcedd9b5ec93c8f1b295b48a6c0d1dce4eaddf946ffabcac741a5eb,tile,"[233.972,0.0,593.972,360.0]",normalized_0_1000,CONTROLLED_SOURCE_IMAGE/ada_page_008_tile_r01_c02.png,OMITTED_RAW_MODEL_JSON/visual_logic_page_008_tile_r01_c02.json,extracted_unvalidated,page_008_tile_r01_c02__structure__tile_001,flowchart,Criteria for β-cell replacement therapy in people with type 1 diabetes,False,True,valid,,"structure: The flowchart contains a logical loop where 'Risk, metabolic need, and the choice of the individual with diabetes' feeds back into both 'Simultaneous islet and kidney' and the two single-organ transplant options. This may represent an iterative decision-making process rather than a linear path.; actions: The image does not contain explicit recommendation-strength words (e.g., 'strongly recommended', 'recommended') or specific medication classes/actions. The flowchart is a decision-making tool based on clinical criteria, not a detailed guideline with dosage logic or drug-specific instructions.; symbols: The image is partially cut off at the top left and bottom right, so some nodes or edges may be incomplete.; symbols: No explicit clinical guideline evidence (like 'Grade A' or 'Level of Evidence') is visible in this asset. The flowchart presents a decision pathway based on patient characteristics.",176c0a580862d6dc065fcca268cfc8fe89f9de8e246f09b87cb7f51360468a69,176c0a580862d6dc065fcca268cfc8fe89f9de8e246f09b87cb7f51360468a69,pending,,,,,False,node_002,Impaired kidney function,,Simultaneous islet and kidney transplantation,,Impaired kidney function → Simultaneous islet and kidney,"[197.0,548.0,260.0,630.0]"
p008-page-008-tile-r01-c02::page-008-tile-r01-c02-structure-tile-001::node::node-003,page_008_tile_r01_c02,8,CONTROLLED_SOURCE_PDF/ADA principles for pharmacologic therapy.pdf,7c2913f79b61bc60f8f51327bb73b80391988fd277116b29e57df4242b2a2404,f4bfc917ddcedd9b5ec93c8f1b295b48a6c0d1dce4eaddf946ffabcac741a5eb,tile,"[233.972,0.0,593.972,360.0]",normalized_0_1000,CONTROLLED_SOURCE_IMAGE/ada_page_008_tile_r01_c02.png,OMITTED_RAW_MODEL_JSON/visual_logic_page_008_tile_r01_c02.json,extracted_unvalidated,page_008_tile_r01_c02__structure__tile_001,flowchart,Criteria for β-cell replacement therapy in people with type 1 diabetes,False,True,valid,,"structure: The flowchart contains a logical loop where 'Risk, metabolic need, and the choice of the individual with diabetes' feeds back into both 'Simultaneous islet and kidney' and the two single-organ transplant options. This may represent an iterative decision-making process rather than a linear path.; actions: The image does not contain explicit recommendation-strength words (e.g., 'strongly recommended', 'recommended') or specific medication classes/actions. The flowchart is a decision-making tool based on clinical criteria, not a detailed guideline with dosage logic or drug-specific instructions.; symbols: The image is partially cut off at the top left and bottom right, so some nodes or edges may be incomplete.; symbols: No explicit clinical guideline evidence (like 'Grade A' or 'Level of Evidence') is visible in this asset. The flowchart presents a decision pathway based on patient characteristics.",be721ba371b77f28c18076b21af22714b5972ea5e015adb15686be42c4a650bd,be721ba371b77f28c18076b21af22714b5972ea5e015adb15686be42c4a650bd,pending,,,,,False,node_003,Intact/stable kidney function,,Pancreas transplantation alone,Islet transplantation alone,Intact/stable kidney function → Pancreas transplantation alone → Islet transplantation alone,"[540.0,548.0,612.0,630.0]"
p008-page-008-tile-r01-c02::page-008-tile-r01-c02-structure-tile-001::node::node-004,page_008_tile_r01_c02,8,CONTROLLED_SOURCE_PDF/ADA principles for pharmacologic therapy.pdf,7c2913f79b61bc60f8f51327bb73b80391988fd277116b29e57df4242b2a2404,f4bfc917ddcedd9b5ec93c8f1b295b48a6c0d1dce4eaddf946ffabcac741a5eb,tile,"[233.972,0.0,593.972,360.0]",normalized_0_1000,CONTROLLED_SOURCE_IMAGE/ada_page_008_tile_r01_c02.png,OMITTED_RAW_MODEL_JSON/visual_logic_page_008_tile_r01_c02.json,extracted_unvalidated,page_008_tile_r01_c02__structure__tile_001,flowchart,Criteria for β-cell replacement therapy in people with type 1 diabetes,False,True,invalid,condition is required,"structure: The flowchart contains a logical loop where 'Risk, metabolic need, and the choice of the individual with diabetes' feeds back into both 'Simultaneous islet and kidney' and the two single-organ transplant options. This may represent an iterative decision-making process rather than a linear path.; actions: The image does not contain explicit recommendation-strength words (e.g., 'strongly recommended', 'recommended') or specific medication classes/actions. The flowchart is a decision-making tool based on clinical criteria, not a detailed guideline with dosage logic or drug-specific instructions.; symbols: The image is partially cut off at the top left and bottom right, so some nodes or edges may be incomplete.; symbols: No explicit clinical guideline evidence (like 'Grade A' or 'Level of Evidence') is visible in this asset. The flowchart presents a decision pathway based on patient characteristics.",460d3489d07fa2280ab32319f3d656537383d5f9e32f4374d53e63a32b40f919,460d3489d07fa2280ab32319f3d656537383d5f9e32f4374d53e63a32b40f919,pending,,,,,False,node_004,,,,,"Risk, metabolic need, and the choice of the individual with diabetes → Simultaneous islet and kidney → Pancreas transplantation alone → Islet transplantation alone","[0.0,745.0,862.0,913.0]"
p008-page-008-tile-r02-c01::page-008-tile-r02-c01-structure-tile-0::node::node-0,page_008_tile_r02_c01,8,CONTROLLED_SOURCE_PDF/ADA principles for pharmacologic therapy.pdf,7c2913f79b61bc60f8f51327bb73b80391988fd277116b29e57df4242b2a2404,7d73b7359ee28796a403b6afed90822798659994625f62d99fe9bbd9a137de23,tile,"[0.0,288.0,360.0,648.0]",normalized_0_1000,CONTROLLED_SOURCE_IMAGE/ada_page_008_tile_r02_c01.png,OMITTED_RAW_MODEL_JSON/visual_logic_page_008_tile_r02_c01.json,extracted_unvalidated,page_008_tile_r02_c01__structure__tile_0,figure,Figure 9.3—Simplified overview of indications for β-cell replacement therapy in people with type 2 diabetes.,True,True,invalid,condition is required,"structure: No evidence text found for node_0; structure: No evidence text found for node_1; actions: The provided image does not contain any explicit clinical guideline evidence (recommendations with strength levels or specific drug actions) that can be extracted according to the requested schema. The visible text is primarily descriptive and refers to figures and tables, without providing actionable clinical guidance.; symbols: No evidence of clinical guideline evidence visible in this single image asset.",d5b86e7f755adaa947d62808752613bfcfaa2cd03bad3f07f9c99474040956a9,d5b86e7f755adaa947d62808752613bfcfaa2cd03bad3f07f9c99474040956a9,pending,,,,,False,node_0,,,Pancreas after kidney,Islet after kidney,Figure 9.3—Simplified overview of indications for β-cell replacement therapy in people with type 2 diabetes.,"[160.0,78.0,485.0,180.0]"
p008-page-008-tile-r02-c01::page-008-tile-r02-c01-structure-tile-0::node::node-1,page_008_tile_r02_c01,8,CONTROLLED_SOURCE_PDF/ADA principles for pharmacologic therapy.pdf,7c2913f79b61bc60f8f51327bb73b80391988fd277116b29e57df4242b2a2404,7d73b7359ee28796a403b6afed90822798659994625f62d99fe9bbd9a137de23,tile,"[0.0,288.0,360.0,648.0]",normalized_0_1000,CONTROLLED_SOURCE_IMAGE/ada_page_008_tile_r02_c01.png,OMITTED_RAW_MODEL_JSON/visual_logic_page_008_tile_r02_c01.json,extracted_unvalidated,page_008_tile_r02_c01__structure__tile_0,figure,Figure 9.3—Simplified overview of indications for β-cell replacement therapy in people with type 2 diabetes.,True,True,invalid,condition is required,"structure: No evidence text found for node_0; structure: No evidence text found for node_1; actions: The provided image does not contain any explicit clinical guideline evidence (recommendations with strength levels or specific drug actions) that can be extracted according to the requested schema. The visible text is primarily descriptive and refers to figures and tables, without providing actionable clinical guidance.; symbols: No evidence of clinical guideline evidence visible in this single image asset.",3e62293da5c8ee3294d7cdd0d5fdffdc3288fc773ed4b803c0eed7e5a535d52e,3e62293da5c8ee3294d7cdd0d5fdffdc3288fc773ed4b803c0eed7e5a535d52e,pending,,,,,False,node_1,,,Simultaneous pancreas and kidney,Simultaneous islet and kidney,Figure 9.3—Simplified overview of indications for β-cell replacement therapy in people with type 2 diabetes.,"[500.0,78.0,815.0,180.0]"
p008-page-008-tile-r02-c02::page-008-tile-r02-c02-structure-tile-001::node::node-001,page_008_tile_r02_c02,8,CONTROLLED_SOURCE_PDF/ADA principles for pharmacologic therapy.pdf,7c2913f79b61bc60f8f51327bb73b80391988fd277116b29e57df4242b2a2404,ace732a4bfd77fb98fd4a927e34f9aa0eb9305a2fe1f8afb54d93dc67f496f70,tile,"[233.972,288.0,593.972,648.0]",normalized_0_1000,CONTROLLED_SOURCE_IMAGE/ada_page_008_tile_r02_c02.png,OMITTED_RAW_MODEL_JSON/visual_logic_page_008_tile_r02_c02.json,extracted_unvalidated,page_008_tile_r02_c02__structure__tile_001,figure,β-cell replacement therapy in people with type 1 diabetes.,True,True,valid,,"structure: The figure's text mentions 'GFR, glomerular filtration rate.' but this is not a clinical guideline evidence item; it may be part of the definition or footnote.; structure: The decision nodes are derived from visible text in the figure. The exact thresholds and logical alternatives (AND/OR) are not explicitly shown in the image.; actions: No explicit recommendation-strength word visible; using empty strength string.; actions: No drug_actions or symbols_or_footnotes explicitly visible in this tile section.; symbols: No evidence found for clinical guideline evidence in this single image asset.; symbols: Asset ID: page_008_tile_r02_c02. PDF page: 8. Asset type: tile. Source-page bounding box: ['233.972', '288.0', '593.972', '648.0']. Preserve exact thresholds, logical alternatives (AND/OR), priority language, arrow direction, medication-class distinctions, and uncertainty. Do not turn alternatives into separate mandatory recommendations. Extract special symbols and their exact local evidence. A single leading '+' in a flowchart label such as '+HF' or '+CKD' uses symbol_type=presence_marker, symbol_role=presence_marker, symbol_count=1, ordinal_level=unknown, and direction=not_applicable; it is not an ordinal score. Only repeated '+' or '$' scales use symbol_role=ordinal_scale. Populate symbols_or_footnotes and ordinal_symbols; leave nodes, edges, and actions empty. Return only data matching the supplied JSON Schema.",9a2627dc00148d8a1b71b1d6b92e4ca41a0747c039916fe4fa22597554530b49,9a2627dc00148d8a1b71b1d6b92e4ca41a0747c039916fe4fa22597554530b49,pending,,,,,False,node_001,β-cell replacement therapy in people with type 1 diabetes.,,The two main forms of β-cell replacement are pancreas transplantation and islet cell transplantation.,,β-cell replacement therapy in people with type 1 diabetes. The two main forms of β-cell replacement are pancreas transplantation and islet cell transplantation.,"[0.0,288.0,593.972,648.0]"
p008-page-008-tile-r03-c01::page-008-tile-r03-c01-structure-tile-001::node::node-001,page_008_tile_r03_c01,8,CONTROLLED_SOURCE_PDF/ADA principles for pharmacologic therapy.pdf,7c2913f79b61bc60f8f51327bb73b80391988fd277116b29e57df4242b2a2404,bdd5fd01f22dca31c357ef9fd41b60912c77fec2ae71b82dce1f09920d44c2b6,tile,"[0.0,422.986,360.0,782.986]",normalized_0_1000,CONTROLLED_SOURCE_IMAGE/ada_page_008_tile_r03_c01.png,OMITTED_RAW_MODEL_JSON/visual_logic_page_008_tile_r03_c01.json,extracted_unvalidated,page_008_tile_r03_c01__structure__tile_001,region,Figure 9.3,True,True,valid,,"structure: No visible arrows or decision nodes with explicit branching logic.; structure: All text is presented as a single block of recommendations without visual separation.; symbols: The visible text in this tile is a clinical guideline excerpt discussing the choice of glucose-lowering medications for adults with type 2 diabetes. It advises using medications that provide sufficient effectiveness to achieve and maintain intended treatment goals, while considering effects on cardiovascular, kidney, weight, other relevant comorbidities; hypoglycemia risk; cost and access; risk for adverse reactions and tolerability; and individual preferences (Fig. 9.4 and Table 9.2). E; visual item title derived from manifest figure_ids/table_ids",dd0561af7ce1b7393e02dea4e70b29db3fa5f674259f0963c7bc175bc00fa62e,dd0561af7ce1b7393e02dea4e70b29db3fa5f674259f0963c7bc175bc00fa62e,pending,,,,,False,node_001,choice of glucose-lowering medications for adults with type 2 diabetes.,,"Use medications that provide sufficient effectiveness to achieve and maintain intended treatment goals with consideration of the effects on cardiovascular, kidney, weight, and other relevant comorbidities; hypoglycemia risk; cost and access; risk for adverse reactions and tolerability; and individual preferences (Fig. 9.4 and Table 9.2). E",,"choice of glucose-lowering medications for adults with type 2 diabetes. Use medications that provide sufficient effectiveness to achieve and maintain intended treatment goals with consideration of the effects on cardiovascular, kidney, weight, and other relevant comorbidities; hypoglycemia risk; cost and access; risk for adverse reactions and tolerability; and individual preferences (Fig. 9.4 and Table 9.2). E","[175.0,0.0,360.0,380.0]"
p008-page-008-tile-r03-c02::page-008-tile-r03-c02-structure-tile-001::node::node-001,page_008_tile_r03_c02,8,CONTROLLED_SOURCE_PDF/ADA principles for pharmacologic therapy.pdf,7c2913f79b61bc60f8f51327bb73b80391988fd277116b29e57df4242b2a2404,6ff8b0fe2f77a5a8cd8c8358ed249e5a2082215e86b5279494e616364e00fdc7,tile,"[233.972,422.986,593.972,782.986]",normalized_0_1000,CONTROLLED_SOURCE_IMAGE/ada_page_008_tile_r03_c02.png,OMITTED_RAW_MODEL_JSON/visual_logic_page_008_tile_r03_c02.json,extracted_unvalidated,page_008_tile_r03_c02__structure__tile_001,region,Figure 9.3,True,True,valid,,"symbols: No visible arrows, decision nodes, or drug actions were detected in the provided image asset.; visual item title derived from manifest figure_ids/table_ids",8caf03fcc2a4e3ea45159687840428cfc9caec4cc51a0e2be1baae73deb6f139,8caf03fcc2a4e3ea45159687840428cfc9caec4cc51a0e2be1baae73deb6f139,pending,,,,,False,node_001,In adults with type 2 diabetes who have heart failure (HF) (with either reduced or preserved ejection fraction),type 2 diabetes; heart failure (HF); reduced or preserved ejection fraction,an SGLT2 inhibitor is recommended for both glycemic management and prevention of HF hospitalizations,,"9.8 In adults with type 2 diabetes who have heart failure (HF) (with either reduced or preserved ejection fraction), an SGLT2 inhibitor is recommended for both glycemic management and prevention of HF hospitalizations (irrespective of A1C) (Fig. 9.4). A","[0.0,0.0,387.0,156.0]"
p009-page-009-tile-r01-c01::page-009-tile-r01-c01-structure-tile-001::node::goal-node,page_009_tile_r01_c01,9,CONTROLLED_SOURCE_PDF/ADA principles for pharmacologic therapy.pdf,7c2913f79b61bc60f8f51327bb73b80391988fd277116b29e57df4242b2a2404,23e55292fd35e93be8252d9109129584a161ccdce0f466df0c737432e53bc23e,tile,"[0.0,0.0,360.0,360.0]",normalized_0_1000,CONTROLLED_SOURCE_IMAGE/ada_page_009_tile_r01_c01.png,OMITTED_RAW_MODEL_JSON/visual_logic_page_009_tile_r01_c01.json,extracted_unvalidated,page_009_tile_r01_c01__structure__tile_001,flowchart,Use of glucose-lowering medications in the management...,False,True,valid,,"structure: The flowchart contains conditional branching based on patient characteristics and medication classes. The exact thresholds for eGFR are provided in the text boxes.; structure: Some nodes have multiple conditions or actions, which are represented as separate branches within the same node (e.g., SGLT2i with proven HF benefit can lead to dual GIP/GLP-1 RA or GLP-1 RA if symptomatic HFpEF and obesity).; structure: The flowchart does not explicitly state all possible medication combinations for each condition, but it provides clear guidance based on evidence.; actions: The image contains a flowchart that may not be fully visible due to cropping; some nodes might be cut off.; actions: Some text in the flowchart may be partially obscured or truncated, requiring manual review for complete accuracy.; symbols: The flowchart contains multiple decision points based on presence markers. These are not ordinal scales but rather indicators of condition presence.; symbols: Some nodes may have additional text or arrows that are not fully captured in the extracted data due to boundary constraints.",f1dce6bfa95e9737e6149d79e3a43c6511de4d6cf3172d1790661e40151e87e0,f1dce6bfa95e9737e6149d79e3a43c6511de4d6cf3172d1790661e40151e87e0,pending,,,,,False,goal_node,Goal: cardiovascular and kidney risk reduction*,,If glycemia is above goal,,Goal: cardiovascular and kidney risk reduction*,"[143.0,472.0,980.0,536.0]"
p009-page-009-tile-r01-c01::page-009-tile-r01-c01-structure-tile-001::node::ascvd-node,page_009_tile_r01_c01,9,CONTROLLED_SOURCE_PDF/ADA principles for pharmacologic therapy.pdf,7c2913f79b61bc60f8f51327bb73b80391988fd277116b29e57df4242b2a2404,23e55292fd35e93be8252d9109129584a161ccdce0f466df0c737432e53bc23e,tile,"[0.0,0.0,360.0,360.0]",normalized_0_1000,CONTROLLED_SOURCE_IMAGE/ada_page_009_tile_r01_c01.png,OMITTED_RAW_MODEL_JSON/visual_logic_page_009_tile_r01_c01.json,extracted_unvalidated,page_009_tile_r01_c01__structure__tile_001,flowchart,Use of glucose-lowering medications in the management...,False,True,valid,,"structure: The flowchart contains conditional branching based on patient characteristics and medication classes. The exact thresholds for eGFR are provided in the text boxes.; structure: Some nodes have multiple conditions or actions, which are represented as separate branches within the same node (e.g., SGLT2i with proven HF benefit can lead to dual GIP/GLP-1 RA or GLP-1 RA if symptomatic HFpEF and obesity).; structure: The flowchart does not explicitly state all possible medication combinations for each condition, but it provides clear guidance based on evidence.; actions: The image contains a flowchart that may not be fully visible due to cropping; some nodes might be cut off.; actions: Some text in the flowchart may be partially obscured or truncated, requiring manual review for complete accuracy.; symbols: The flowchart contains multiple decision points based on presence markers. These are not ordinal scales but rather indicators of condition presence.; symbols: Some nodes may have additional text or arrows that are not fully captured in the extracted data due to boundary constraints.",aa125cc6e9a1dfa09a573c3a231997f7278654c8c25bcf129ab464acd5e5ee29,aa125cc6e9a1dfa09a573c3a231997f7278654c8c25bcf129ab464acd5e5ee29,pending,,,,,False,+ASCVD_node,+ASCVD+,,+ASCVD/indicators of high CVD risk*,,+ASCVD+,"[143.0,590.0,307.0,652.0]"
p009-page-009-tile-r01-c01::page-009-tile-r01-c01-structure-tile-001::node::high-cvd-risk-node,page_009_tile_r01_c01,9,CONTROLLED_SOURCE_PDF/ADA principles for pharmacologic therapy.pdf,7c2913f79b61bc60f8f51327bb73b80391988fd277116b29e57df4242b2a2404,23e55292fd35e93be8252d9109129584a161ccdce0f466df0c737432e53bc23e,tile,"[0.0,0.0,360.0,360.0]",normalized_0_1000,CONTROLLED_SOURCE_IMAGE/ada_page_009_tile_r01_c01.png,OMITTED_RAW_MODEL_JSON/visual_logic_page_009_tile_r01_c01.json,extracted_unvalidated,page_009_tile_r01_c01__structure__tile_001,flowchart,Use of glucose-lowering medications in the management...,False,True,valid,,"structure: The flowchart contains conditional branching based on patient characteristics and medication classes. The exact thresholds for eGFR are provided in the text boxes.; structure: Some nodes have multiple conditions or actions, which are represented as separate branches within the same node (e.g., SGLT2i with proven HF benefit can lead to dual GIP/GLP-1 RA or GLP-1 RA if symptomatic HFpEF and obesity).; structure: The flowchart does not explicitly state all possible medication combinations for each condition, but it provides clear guidance based on evidence.; actions: The image contains a flowchart that may not be fully visible due to cropping; some nodes might be cut off.; actions: Some text in the flowchart may be partially obscured or truncated, requiring manual review for complete accuracy.; symbols: The flowchart contains multiple decision points based on presence markers. These are not ordinal scales but rather indicators of condition presence.; symbols: Some nodes may have additional text or arrows that are not fully captured in the extracted data due to boundary constraints.",51b3540c8b7f7c4810cf0e470c13c6d03413ea892992b05a0589558379c0574d,51b3540c8b7f7c4810cf0e470c13c6d03413ea892992b05a0589558379c0574d,pending,,,,,False,+high_CVD_risk_node,+Indicators of high CVD risk,,+ASCVD/indicators of high CVD risk*,,+Indicators of high CVD risk,"[320.0,590.0,486.0,652.0]"
p009-page-009-tile-r01-c01::page-009-tile-r01-c01-structure-tile-001::node::hf-node,page_009_tile_r01_c01,9,CONTROLLED_SOURCE_PDF/ADA principles for pharmacologic therapy.pdf,7c2913f79b61bc60f8f51327bb73b80391988fd277116b29e57df4242b2a2404,23e55292fd35e93be8252d9109129584a161ccdce0f466df0c737432e53bc23e,tile,"[0.0,0.0,360.0,360.0]",normalized_0_1000,CONTROLLED_SOURCE_IMAGE/ada_page_009_tile_r01_c01.png,OMITTED_RAW_MODEL_JSON/visual_logic_page_009_tile_r01_c01.json,extracted_unvalidated,page_009_tile_r01_c01__structure__tile_001,flowchart,Use of glucose-lowering medications in the management...,False,True,valid,,"structure: The flowchart contains conditional branching based on patient characteristics and medication classes. The exact thresholds for eGFR are provided in the text boxes.; structure: Some nodes have multiple conditions or actions, which are represented as separate branches within the same node (e.g., SGLT2i with proven HF benefit can lead to dual GIP/GLP-1 RA or GLP-1 RA if symptomatic HFpEF and obesity).; structure: The flowchart does not explicitly state all possible medication combinations for each condition, but it provides clear guidance based on evidence.; actions: The image contains a flowchart that may not be fully visible due to cropping; some nodes might be cut off.; actions: Some text in the flowchart may be partially obscured or truncated, requiring manual review for complete accuracy.; symbols: The flowchart contains multiple decision points based on presence markers. These are not ordinal scales but rather indicators of condition presence.; symbols: Some nodes may have additional text or arrows that are not fully captured in the extracted data due to boundary constraints.",996db67ede4d4d72fd568bdbc6156746ba337eda4dcc84bcaeb72d5561a25997,996db67ede4d4d72fd568bdbc6156746ba337eda4dcc84bcaeb72d5561a25997,pending,,,,,False,+HF_node,+HF,,SGLT2i with proven HF benefit in current or prior symptoms of HFrEF or HFpEF,,+HF,"[501.0,590.0,673.0,652.0]"
p009-page-009-tile-r01-c01::page-009-tile-r01-c01-structure-tile-001::node::ckd-node,page_009_tile_r01_c01,9,CONTROLLED_SOURCE_PDF/ADA principles for pharmacologic therapy.pdf,7c2913f79b61bc60f8f51327bb73b80391988fd277116b29e57df4242b2a2404,23e55292fd35e93be8252d9109129584a161ccdce0f466df0c737432e53bc23e,tile,"[0.0,0.0,360.0,360.0]",normalized_0_1000,CONTROLLED_SOURCE_IMAGE/ada_page_009_tile_r01_c01.png,OMITTED_RAW_MODEL_JSON/visual_logic_page_009_tile_r01_c01.json,extracted_unvalidated,page_009_tile_r01_c01__structure__tile_001,flowchart,Use of glucose-lowering medications in the management...,False,True,valid,,"structure: The flowchart contains conditional branching based on patient characteristics and medication classes. The exact thresholds for eGFR are provided in the text boxes.; structure: Some nodes have multiple conditions or actions, which are represented as separate branches within the same node (e.g., SGLT2i with proven HF benefit can lead to dual GIP/GLP-1 RA or GLP-1 RA if symptomatic HFpEF and obesity).; structure: The flowchart does not explicitly state all possible medication combinations for each condition, but it provides clear guidance based on evidence.; actions: The image contains a flowchart that may not be fully visible due to cropping; some nodes might be cut off.; actions: Some text in the flowchart may be partially obscured or truncated, requiring manual review for complete accuracy.; symbols: The flowchart contains multiple decision points based on presence markers. These are not ordinal scales but rather indicators of condition presence.; symbols: Some nodes may have additional text or arrows that are not fully captured in the extracted data due to boundary constraints.",410540955ce292d74924604e747b8dc65a6a4b5178179b3be0b5841a78cff0a9,410540955ce292d74924604e747b8dc65a6a4b5178179b3be0b5841a78cff0a9,pending,,,,,False,+CKD_node,+CKD,eGFR <60 mL/min/1.73 m² or albuminuria (ACR ≥3.0 mg/mmol [30 mg/g]). Repeat measurement is required to confirm CKD,+CKD (on maximally tolerated dose of ACEi or ARB),,+CKD eGFR <60 mL/min/1.73 m² or albuminuria (ACR ≥3.0 mg/mmol [30 mg/g]). Repeat measurement is required to confirm CKD,"[689.0,590.0,980.0,694.0]"
p009-page-009-tile-r01-c01::page-009-tile-r01-c01-structure-tile-001::node::ascvd-high-cvd-risk-node,page_009_tile_r01_c01,9,CONTROLLED_SOURCE_PDF/ADA principles for pharmacologic therapy.pdf,7c2913f79b61bc60f8f51327bb73b80391988fd277116b29e57df4242b2a2404,23e55292fd35e93be8252d9109129584a161ccdce0f466df0c737432e53bc23e,tile,"[0.0,0.0,360.0,360.0]",normalized_0_1000,CONTROLLED_SOURCE_IMAGE/ada_page_009_tile_r01_c01.png,OMITTED_RAW_MODEL_JSON/visual_logic_page_009_tile_r01_c01.json,extracted_unvalidated,page_009_tile_r01_c01__structure__tile_001,flowchart,Use of glucose-lowering medications in the management...,False,True,valid,,"structure: The flowchart contains conditional branching based on patient characteristics and medication classes. The exact thresholds for eGFR are provided in the text boxes.; structure: Some nodes have multiple conditions or actions, which are represented as separate branches within the same node (e.g., SGLT2i with proven HF benefit can lead to dual GIP/GLP-1 RA or GLP-1 RA if symptomatic HFpEF and obesity).; structure: The flowchart does not explicitly state all possible medication combinations for each condition, but it provides clear guidance based on evidence.; actions: The image contains a flowchart that may not be fully visible due to cropping; some nodes might be cut off.; actions: Some text in the flowchart may be partially obscured or truncated, requiring manual review for complete accuracy.; symbols: The flowchart contains multiple decision points based on presence markers. These are not ordinal scales but rather indicators of condition presence.; symbols: Some nodes may have additional text or arrows that are not fully captured in the extracted data due to boundary constraints.",3b197ce7cae84b1a4920fd6a67f64b7bc4824dd2d55449454e41cf11af6f58dc,3b197ce7cae84b1a4920fd6a67f64b7bc4824dd2d55449454e41cf11af6f58dc,pending,,,,,False,+ASCVD_high_CVD_risk_node,+ASCVD/indicators of high CVD risk*,,If glycemia is above goal,,+ASCVD/indicators of high CVD risk*,"[143.0,698.0,501.0,842.0]"
p009-page-009-tile-r01-c01::page-009-tile-r01-c01-structure-tile-001::node::if-glycemia-above-goal-node,page_009_tile_r01_c01,9,CONTROLLED_SOURCE_PDF/ADA principles for pharmacologic therapy.pdf,7c2913f79b61bc60f8f51327bb73b80391988fd277116b29e57df4242b2a2404,23e55292fd35e93be8252d9109129584a161ccdce0f466df0c737432e53bc23e,tile,"[0.0,0.0,360.0,360.0]",normalized_0_1000,CONTROLLED_SOURCE_IMAGE/ada_page_009_tile_r01_c01.png,OMITTED_RAW_MODEL_JSON/visual_logic_page_009_tile_r01_c01.json,extracted_unvalidated,page_009_tile_r01_c01__structure__tile_001,flowchart,Use of glucose-lowering medications in the management...,False,True,valid,,"structure: The flowchart contains conditional branching based on patient characteristics and medication classes. The exact thresholds for eGFR are provided in the text boxes.; structure: Some nodes have multiple conditions or actions, which are represented as separate branches within the same node (e.g., SGLT2i with proven HF benefit can lead to dual GIP/GLP-1 RA or GLP-1 RA if symptomatic HFpEF and obesity).; structure: The flowchart does not explicitly state all possible medication combinations for each condition, but it provides clear guidance based on evidence.; actions: The image contains a flowchart that may not be fully visible due to cropping; some nodes might be cut off.; actions: Some text in the flowchart may be partially obscured or truncated, requiring manual review for complete accuracy.; symbols: The flowchart contains multiple decision points based on presence markers. These are not ordinal scales but rather indicators of condition presence.; symbols: Some nodes may have additional text or arrows that are not fully captured in the extracted data due to boundary constraints.",9f748036eaebfa94e0272f0467fff49b14d6c5e9177bd32eb8a37d15635b34d5,9f748036eaebfa94e0272f0467fff49b14d6c5e9177bd32eb8a37d15635b34d5,pending,,,,,False,if_glycemia_above_goal_node,If glycemia is above goal,,"For individuals on a GLP-1 RA, consider adding...",,If glycemia is above goal,"[143.0,890.0,501.0,926.0]"
p009-page-009-tile-r01-c01::page-009-tile-r01-c01-structure-tile-001::node::ckd-on-max-tolerated-node,page_009_tile_r01_c01,9,CONTROLLED_SOURCE_PDF/ADA principles for pharmacologic therapy.pdf,7c2913f79b61bc60f8f51327bb73b80391988fd277116b29e57df4242b2a2404,23e55292fd35e93be8252d9109129584a161ccdce0f466df0c737432e53bc23e,tile,"[0.0,0.0,360.0,360.0]",normalized_0_1000,CONTROLLED_SOURCE_IMAGE/ada_page_009_tile_r01_c01.png,OMITTED_RAW_MODEL_JSON/visual_logic_page_009_tile_r01_c01.json,extracted_unvalidated,page_009_tile_r01_c01__structure__tile_001,flowchart,Use of glucose-lowering medications in the management...,False,True,valid,,"structure: The flowchart contains conditional branching based on patient characteristics and medication classes. The exact thresholds for eGFR are provided in the text boxes.; structure: Some nodes have multiple conditions or actions, which are represented as separate branches within the same node (e.g., SGLT2i with proven HF benefit can lead to dual GIP/GLP-1 RA or GLP-1 RA if symptomatic HFpEF and obesity).; structure: The flowchart does not explicitly state all possible medication combinations for each condition, but it provides clear guidance based on evidence.; actions: The image contains a flowchart that may not be fully visible due to cropping; some nodes might be cut off.; actions: Some text in the flowchart may be partially obscured or truncated, requiring manual review for complete accuracy.; symbols: The flowchart contains multiple decision points based on presence markers. These are not ordinal scales but rather indicators of condition presence.; symbols: Some nodes may have additional text or arrows that are not fully captured in the extracted data due to boundary constraints.",ff5c95abe51d4c2a6e4370c78715afbb590aef88970695433c77c2a6832de426,ff5c95abe51d4c2a6e4370c78715afbb590aef88970695433c77c2a6832de426,pending,,,,,False,+CKD_on_max_tolerated_node,+CKD (on maximally tolerated dose of ACEi or ARB),,SGLT2i with primary evidence of reducing CKD progression,,+CKD (on maximally tolerated dose of ACEi or ARB),"[689.0,754.0,980.0,831.0]"
p009-page-009-tile-r01-c01::page-009-tile-r01-c01-structure-tile-001::node::sglt2i-with-ckd-progression-node,page_009_tile_r01_c01,9,CONTROLLED_SOURCE_PDF/ADA principles for pharmacologic therapy.pdf,7c2913f79b61bc60f8f51327bb73b80391988fd277116b29e57df4242b2a2404,23e55292fd35e93be8252d9109129584a161ccdce0f466df0c737432e53bc23e,tile,"[0.0,0.0,360.0,360.0]",normalized_0_1000,CONTROLLED_SOURCE_IMAGE/ada_page_009_tile_r01_c01.png,OMITTED_RAW_MODEL_JSON/visual_logic_page_009_tile_r01_c01.json,extracted_unvalidated,page_009_tile_r01_c01__structure__tile_001,flowchart,Use of glucose-lowering medications in the management...,False,True,valid,,"structure: The flowchart contains conditional branching based on patient characteristics and medication classes. The exact thresholds for eGFR are provided in the text boxes.; structure: Some nodes have multiple conditions or actions, which are represented as separate branches within the same node (e.g., SGLT2i with proven HF benefit can lead to dual GIP/GLP-1 RA or GLP-1 RA if symptomatic HFpEF and obesity).; structure: The flowchart does not explicitly state all possible medication combinations for each condition, but it provides clear guidance based on evidence.; actions: The image contains a flowchart that may not be fully visible due to cropping; some nodes might be cut off.; actions: Some text in the flowchart may be partially obscured or truncated, requiring manual review for complete accuracy.; symbols: The flowchart contains multiple decision points based on presence markers. These are not ordinal scales but rather indicators of condition presence.; symbols: Some nodes may have additional text or arrows that are not fully captured in the extracted data due to boundary constraints.",1416cbc21ab9982fadc35d8c7183b02a9364a9d732036465b4f01152a007baea,1416cbc21ab9982fadc35d8c7183b02a9364a9d732036465b4f01152a007baea,pending,,,,,False,SGLT2i_with_CKD_progression_node,SGLT2i with primary evidence of reducing CKD progression,• SGLT2i can be started with h eGFR ≥20 mL/min/1.73 m²; • Glucose-lowering efficacy is reduced with eGFR <45 mL/min/1.73 m²,,,SGLT2i with primary evidence of reducing CKD progression • SGLT2i can be started with h eGFR ≥20 mL/min/1.73 m² • Glucose-lowering efficacy is reduced with eGFR <45 mL/min/1.73 m²,"[689.0,831.0,980.0,926.0]"
p009-page-009-tile-r01-c01::page-009-tile-r01-c01-structure-tile-001::node::sglt2i-with-hf-node,page_009_tile_r01_c01,9,CONTROLLED_SOURCE_PDF/ADA principles for pharmacologic therapy.pdf,7c2913f79b61bc60f8f51327bb73b80391988fd277116b29e57df4242b2a2404,23e55292fd35e93be8252d9109129584a161ccdce0f466df0c737432e53bc23e,tile,"[0.0,0.0,360.0,360.0]",normalized_0_1000,CONTROLLED_SOURCE_IMAGE/ada_page_009_tile_r01_c01.png,OMITTED_RAW_MODEL_JSON/visual_logic_page_009_tile_r01_c01.json,extracted_unvalidated,page_009_tile_r01_c01__structure__tile_001,flowchart,Use of glucose-lowering medications in the management...,False,True,valid,,"structure: The flowchart contains conditional branching based on patient characteristics and medication classes. The exact thresholds for eGFR are provided in the text boxes.; structure: Some nodes have multiple conditions or actions, which are represented as separate branches within the same node (e.g., SGLT2i with proven HF benefit can lead to dual GIP/GLP-1 RA or GLP-1 RA if symptomatic HFpEF and obesity).; structure: The flowchart does not explicitly state all possible medication combinations for each condition, but it provides clear guidance based on evidence.; actions: The image contains a flowchart that may not be fully visible due to cropping; some nodes might be cut off.; actions: Some text in the flowchart may be partially obscured or truncated, requiring manual review for complete accuracy.; symbols: The flowchart contains multiple decision points based on presence markers. These are not ordinal scales but rather indicators of condition presence.; symbols: Some nodes may have additional text or arrows that are not fully captured in the extracted data due to boundary constraints.",a7d169709b928a0d366c702e617a614c8a015a0beaa145effa40a446dc8975d8,a7d169709b928a0d366c702e617a614c8a015a0beaa145effa40a446dc8975d8,pending,,,,,False,SGLT2i_with_HF_node,SGLT2i with proven HF benefit in current or prior symptoms of HFrEF or HFpEF,,SGLT2i and/or either dual GIP/GLP-1 RA or GLP-1 RA with proven benefit in symptomatic HFpEF and obesity,,SGLT2i with proven HF benefit in current or prior symptoms of HFrEF or HFpEF,"[501.0,698.0,673.0,842.0]"
p009-page-009-tile-r01-c01::page-009-tile-r01-c01-structure-tile-001::node::sglt2i-and-or-dual-gip-node,page_009_tile_r01_c01,9,CONTROLLED_SOURCE_PDF/ADA principles for pharmacologic therapy.pdf,7c2913f79b61bc60f8f51327bb73b80391988fd277116b29e57df4242b2a2404,23e55292fd35e93be8252d9109129584a161ccdce0f466df0c737432e53bc23e,tile,"[0.0,0.0,360.0,360.0]",normalized_0_1000,CONTROLLED_SOURCE_IMAGE/ada_page_009_tile_r01_c01.png,OMITTED_RAW_MODEL_JSON/visual_logic_page_009_tile_r01_c01.json,extracted_unvalidated,page_009_tile_r01_c01__structure__tile_001,flowchart,Use of glucose-lowering medications in the management...,False,True,valid,,"structure: The flowchart contains conditional branching based on patient characteristics and medication classes. The exact thresholds for eGFR are provided in the text boxes.; structure: Some nodes have multiple conditions or actions, which are represented as separate branches within the same node (e.g., SGLT2i with proven HF benefit can lead to dual GIP/GLP-1 RA or GLP-1 RA if symptomatic HFpEF and obesity).; structure: The flowchart does not explicitly state all possible medication combinations for each condition, but it provides clear guidance based on evidence.; actions: The image contains a flowchart that may not be fully visible due to cropping; some nodes might be cut off.; actions: Some text in the flowchart may be partially obscured or truncated, requiring manual review for complete accuracy.; symbols: The flowchart contains multiple decision points based on presence markers. These are not ordinal scales but rather indicators of condition presence.; symbols: Some nodes may have additional text or arrows that are not fully captured in the extracted data due to boundary constraints.",30ba18f41f834edc46f35774e07c56fe93c0c91444ecb522bda52689b74355fd,30ba18f41f834edc46f35774e07c56fe93c0c91444ecb522bda52689b74355fd,pending,,,,,False,SGLT2i_and_or_dual_GIP_node,SGLT2i and/or either dual GIP/GLP-1 RA or GLP-1 RA with proven benefit in symptomatic HFpEF and obesity,,,,SGLT2i and/or either dual GIP/GLP-1 RA or GLP-1 RA with proven benefit in symptomatic HFpEF and obesity,"[501.0,890.0,673.0,926.0]"
p009-page-009-tile-r01-c02::page-009-tile-r01-c02-structure-tile-r01-c02::node::n1,page_009_tile_r01_c02,9,CONTROLLED_SOURCE_PDF/ADA principles for pharmacologic therapy.pdf,7c2913f79b61bc60f8f51327bb73b80391988fd277116b29e57df4242b2a2404,ac9895088166584c4f4d973a5590b2d315454f82a669fd42fc3648381d58b5a1,tile,"[233.972,0.0,593.972,360.0]",normalized_0_1000,CONTROLLED_SOURCE_IMAGE/ada_page_009_tile_r01_c02.png,OMITTED_RAW_MODEL_JSON/visual_logic_page_009_tile_r01_c02.json,extracted_unvalidated,page_009_tile_r01_c02__structure__tile_r01_c02,flowchart,Medications in the management of type 2 diabetes,True,True,valid,,"structure: The flowchart contains multiple decision nodes with branching paths that may require manual review to ensure accurate interpretation of clinical guidelines.; structure: Some evidence text is truncated or partially obscured in the image, which may affect complete accuracy of extracted information.; actions: The image is a flowchart with multiple decision points and arrows. Some relationships may cross tile boundaries, requiring manual review for accuracy.; actions: Some text in the image is partially cut off or obscured, which may affect the completeness of extracted information.; symbols: The image is a flowchart with multiple pathways, but the requested extraction focuses only on clinical guideline evidence (symbols or footnotes).; symbols: Some nodes are not fully visible in the provided bounding box, so their content may be incomplete.; symbols: The exact thresholds for eGFR and ACR values are included as symbols.",29cedc3d184b6e16ed57f60621d994b159f7ac3d46eae3aca66a168773d497d4,29cedc3d184b6e16ed57f60621d994b159f7ac3d46eae3aca66a168773d497d4,pending,,,,,False,N1,Risk reduction*,,N2,N3,Risk reduction*,"[0.0,475.0,186.0,539.0]"
p009-page-009-tile-r01-c02::page-009-tile-r01-c02-structure-tile-r01-c02::node::n2,page_009_tile_r01_c02,9,CONTROLLED_SOURCE_PDF/ADA principles for pharmacologic therapy.pdf,7c2913f79b61bc60f8f51327bb73b80391988fd277116b29e57df4242b2a2404,ac9895088166584c4f4d973a5590b2d315454f82a669fd42fc3648381d58b5a1,tile,"[233.972,0.0,593.972,360.0]",normalized_0_1000,CONTROLLED_SOURCE_IMAGE/ada_page_009_tile_r01_c02.png,OMITTED_RAW_MODEL_JSON/visual_logic_page_009_tile_r01_c02.json,extracted_unvalidated,page_009_tile_r01_c02__structure__tile_r01_c02,flowchart,Medications in the management of type 2 diabetes,True,True,valid,,"structure: The flowchart contains multiple decision nodes with branching paths that may require manual review to ensure accurate interpretation of clinical guidelines.; structure: Some evidence text is truncated or partially obscured in the image, which may affect complete accuracy of extracted information.; actions: The image is a flowchart with multiple decision points and arrows. Some relationships may cross tile boundaries, requiring manual review for accuracy.; actions: Some text in the image is partially cut off or obscured, which may affect the completeness of extracted information.; symbols: The image is a flowchart with multiple pathways, but the requested extraction focuses only on clinical guideline evidence (symbols or footnotes).; symbols: Some nodes are not fully visible in the provided bounding box, so their content may be incomplete.; symbols: The exact thresholds for eGFR and ACR values are included as symbols.",4ad221bf64507e35c0d04ffe468b932b4bb64b409f5e637b536a656a5354850c,4ad221bf64507e35c0d04ffe468b932b4bb64b409f5e637b536a656a5354850c,pending,,,,,False,N2,+CKD,eGFR <60 mL/min/1.73 m² or albuminuria (ACR ≥3.0 mg/mmol [30 mg/g]),N4,N5,+CKD eGFR <60 mL/min/1.73 m² or albuminuria (ACR ≥3.0 mg/mmol [30 mg/g]). Repeat measurement is required to confirm CKD,"[42.0,590.0,338.0,694.0]"
p009-page-009-tile-r01-c02::page-009-tile-r01-c02-structure-tile-r01-c02::node::n3,page_009_tile_r01_c02,9,CONTROLLED_SOURCE_PDF/ADA principles for pharmacologic therapy.pdf,7c2913f79b61bc60f8f51327bb73b80391988fd277116b29e57df4242b2a2404,ac9895088166584c4f4d973a5590b2d315454f82a669fd42fc3648381d58b5a1,tile,"[233.972,0.0,593.972,360.0]",normalized_0_1000,CONTROLLED_SOURCE_IMAGE/ada_page_009_tile_r01_c02.png,OMITTED_RAW_MODEL_JSON/visual_logic_page_009_tile_r01_c02.json,extracted_unvalidated,page_009_tile_r01_c02__structure__tile_r01_c02,flowchart,Medications in the management of type 2 diabetes,True,True,valid,,"structure: The flowchart contains multiple decision nodes with branching paths that may require manual review to ensure accurate interpretation of clinical guidelines.; structure: Some evidence text is truncated or partially obscured in the image, which may affect complete accuracy of extracted information.; actions: The image is a flowchart with multiple decision points and arrows. Some relationships may cross tile boundaries, requiring manual review for accuracy.; actions: Some text in the image is partially cut off or obscured, which may affect the completeness of extracted information.; symbols: The image is a flowchart with multiple pathways, but the requested extraction focuses only on clinical guideline evidence (symbols or footnotes).; symbols: Some nodes are not fully visible in the provided bounding box, so their content may be incomplete.; symbols: The exact thresholds for eGFR and ACR values are included as symbols.",30bd2593cac146e063d0f8f61df2d3450140236cbdb22d5720b6ce28647caca2,30bd2593cac146e063d0f8f61df2d3450140236cbdb22d5720b6ce28647caca2,pending,,,,,False,N3,+Weight management,,N7,N8,+Weight management,"[406.0,590.0,512.0,673.0]"
p009-page-009-tile-r01-c02::page-009-tile-r01-c02-structure-tile-r01-c02::node::n4,page_009_tile_r01_c02,9,CONTROLLED_SOURCE_PDF/ADA principles for pharmacologic therapy.pdf,7c2913f79b61bc60f8f51327bb73b80391988fd277116b29e57df4242b2a2404,ac9895088166584c4f4d973a5590b2d315454f82a669fd42fc3648381d58b5a1,tile,"[233.972,0.0,593.972,360.0]",normalized_0_1000,CONTROLLED_SOURCE_IMAGE/ada_page_009_tile_r01_c02.png,OMITTED_RAW_MODEL_JSON/visual_logic_page_009_tile_r01_c02.json,extracted_unvalidated,page_009_tile_r01_c02__structure__tile_r01_c02,flowchart,Medications in the management of type 2 diabetes,True,True,valid,,"structure: The flowchart contains multiple decision nodes with branching paths that may require manual review to ensure accurate interpretation of clinical guidelines.; structure: Some evidence text is truncated or partially obscured in the image, which may affect complete accuracy of extracted information.; actions: The image is a flowchart with multiple decision points and arrows. Some relationships may cross tile boundaries, requiring manual review for accuracy.; actions: Some text in the image is partially cut off or obscured, which may affect the completeness of extracted information.; symbols: The image is a flowchart with multiple pathways, but the requested extraction focuses only on clinical guideline evidence (symbols or footnotes).; symbols: Some nodes are not fully visible in the provided bounding box, so their content may be incomplete.; symbols: The exact thresholds for eGFR and ACR values are included as symbols.",2425328497b8b01ba63985067258fbffe2715339a7a3692978cb51cb386561da,2425328497b8b01ba63985067258fbffe2715339a7a3692978cb51cb386561da,pending,,,,,False,N4,+CKD (on maximally tolerated dose of ACEi or ARB),,N9,N10,+CKD (on maximally tolerated dose of ACEi or ARB),"[42.0,756.0,338.0,820.0]"
p009-page-009-tile-r01-c02::page-009-tile-r01-c02-structure-tile-r01-c02::node::n5,page_009_tile_r01_c02,9,CONTROLLED_SOURCE_PDF/ADA principles for pharmacologic therapy.pdf,7c2913f79b61bc60f8f51327bb73b80391988fd277116b29e57df4242b2a2404,ac9895088166584c4f4d973a5590b2d315454f82a669fd42fc3648381d58b5a1,tile,"[233.972,0.0,593.972,360.0]",normalized_0_1000,CONTROLLED_SOURCE_IMAGE/ada_page_009_tile_r01_c02.png,OMITTED_RAW_MODEL_JSON/visual_logic_page_009_tile_r01_c02.json,extracted_unvalidated,page_009_tile_r01_c02__structure__tile_r01_c02,flowchart,Medications in the management of type 2 diabetes,True,True,valid,,"structure: The flowchart contains multiple decision nodes with branching paths that may require manual review to ensure accurate interpretation of clinical guidelines.; structure: Some evidence text is truncated or partially obscured in the image, which may affect complete accuracy of extracted information.; actions: The image is a flowchart with multiple decision points and arrows. Some relationships may cross tile boundaries, requiring manual review for accuracy.; actions: Some text in the image is partially cut off or obscured, which may affect the completeness of extracted information.; symbols: The image is a flowchart with multiple pathways, but the requested extraction focuses only on clinical guideline evidence (symbols or footnotes).; symbols: Some nodes are not fully visible in the provided bounding box, so their content may be incomplete.; symbols: The exact thresholds for eGFR and ACR values are included as symbols.",a181e0f21dd588647ffd498db23c3f466d8f98b0cdf89b6772a44c75d1ff1321,a181e0f21dd588647ffd498db23c3f466d8f98b0cdf89b6772a44c75d1ff1321,pending,,,,,False,N5,+Achievement and maintenance of glycemic goals,,N11,N12,+Achievement and maintenance of glycemic goals,"[530.0,604.0,817.0,673.0]"
p009-page-009-tile-r01-c02::page-009-tile-r01-c02-structure-tile-r01-c02::node::n6,page_009_tile_r01_c02,9,CONTROLLED_SOURCE_PDF/ADA principles for pharmacologic therapy.pdf,7c2913f79b61bc60f8f51327bb73b80391988fd277116b29e57df4242b2a2404,ac9895088166584c4f4d973a5590b2d315454f82a669fd42fc3648381d58b5a1,tile,"[233.972,0.0,593.972,360.0]",normalized_0_1000,CONTROLLED_SOURCE_IMAGE/ada_page_009_tile_r01_c02.png,OMITTED_RAW_MODEL_JSON/visual_logic_page_009_tile_r01_c02.json,extracted_unvalidated,page_009_tile_r01_c02__structure__tile_r01_c02,flowchart,Medications in the management of type 2 diabetes,True,True,valid,,"structure: The flowchart contains multiple decision nodes with branching paths that may require manual review to ensure accurate interpretation of clinical guidelines.; structure: Some evidence text is truncated or partially obscured in the image, which may affect complete accuracy of extracted information.; actions: The image is a flowchart with multiple decision points and arrows. Some relationships may cross tile boundaries, requiring manual review for accuracy.; actions: Some text in the image is partially cut off or obscured, which may affect the completeness of extracted information.; symbols: The image is a flowchart with multiple pathways, but the requested extraction focuses only on clinical guideline evidence (symbols or footnotes).; symbols: Some nodes are not fully visible in the provided bounding box, so their content may be incomplete.; symbols: The exact thresholds for eGFR and ACR values are included as symbols.",b3a149cd44df59c7b6ff296ba2731a6cfbf342f9415cebc6f7a65e570f23f601,b3a149cd44df59c7b6ff296ba2731a6cfbf342f9415cebc6f7a65e570f23f601,pending,,,,,False,N6,Goal: achievement and maintenance of weight and glycemic goals,,N3,N5,Goal: achievement and maintenance of weight and glycemic goals,"[406.0,475.0,817.0,539.0]"
p009-page-009-tile-r01-c02::page-009-tile-r01-c02-structure-tile-r01-c02::node::n7,page_009_tile_r01_c02,9,CONTROLLED_SOURCE_PDF/ADA principles for pharmacologic therapy.pdf,7c2913f79b61bc60f8f51327bb73b80391988fd277116b29e57df4242b2a2404,ac9895088166584c4f4d973a5590b2d315454f82a669fd42fc3648381d58b5a1,tile,"[233.972,0.0,593.972,360.0]",normalized_0_1000,CONTROLLED_SOURCE_IMAGE/ada_page_009_tile_r01_c02.png,OMITTED_RAW_MODEL_JSON/visual_logic_page_009_tile_r01_c02.json,extracted_unvalidated,page_009_tile_r01_c02__structure__tile_r01_c02,flowchart,Medications in the management of type 2 diabetes,True,True,valid,,"structure: The flowchart contains multiple decision nodes with branching paths that may require manual review to ensure accurate interpretation of clinical guidelines.; structure: Some evidence text is truncated or partially obscured in the image, which may affect complete accuracy of extracted information.; actions: The image is a flowchart with multiple decision points and arrows. Some relationships may cross tile boundaries, requiring manual review for accuracy.; actions: Some text in the image is partially cut off or obscured, which may affect the completeness of extracted information.; symbols: The image is a flowchart with multiple pathways, but the requested extraction focuses only on clinical guideline evidence (symbols or footnotes).; symbols: Some nodes are not fully visible in the provided bounding box, so their content may be incomplete.; symbols: The exact thresholds for eGFR and ACR values are included as symbols.",13a2587d1ed2548f6d618a22a727001ff0089df11d20b6798eb1f46a89646d41,13a2587d1ed2548f6d618a22a727001ff0089df11d20b6798eb1f46a89646d41,pending,,,,,False,N7,Efficacy for weight loss,,N13,N14,Efficacy for weight loss,"[406.0,725.0,512.0,809.0]"
p009-page-009-tile-r01-c02::page-009-tile-r01-c02-structure-tile-r01-c02::node::n8,page_009_tile_r01_c02,9,CONTROLLED_SOURCE_PDF/ADA principles for pharmacologic therapy.pdf,7c2913f79b61bc60f8f51327bb73b80391988fd277116b29e57df4242b2a2404,ac9895088166584c4f4d973a5590b2d315454f82a669fd42fc3648381d58b5a1,tile,"[233.972,0.0,593.972,360.0]",normalized_0_1000,CONTROLLED_SOURCE_IMAGE/ada_page_009_tile_r01_c02.png,OMITTED_RAW_MODEL_JSON/visual_logic_page_009_tile_r01_c02.json,extracted_unvalidated,page_009_tile_r01_c02__structure__tile_r01_c02,flowchart,Medications in the management of type 2 diabetes,True,True,valid,,"structure: The flowchart contains multiple decision nodes with branching paths that may require manual review to ensure accurate interpretation of clinical guidelines.; structure: Some evidence text is truncated or partially obscured in the image, which may affect complete accuracy of extracted information.; actions: The image is a flowchart with multiple decision points and arrows. Some relationships may cross tile boundaries, requiring manual review for accuracy.; actions: Some text in the image is partially cut off or obscured, which may affect the completeness of extracted information.; symbols: The image is a flowchart with multiple pathways, but the requested extraction focuses only on clinical guideline evidence (symbols or footnotes).; symbols: Some nodes are not fully visible in the provided bounding box, so their content may be incomplete.; symbols: The exact thresholds for eGFR and ACR values are included as symbols.",43e539b37c444342394b437d7fd8ed46f22984c14897508f621d601b05f16888,43e539b37c444342394b437d7fd8ed46f22984c14897508f621d601b05f16888,pending,,,,,False,N8,Efficacy for glucose lowering,,N15,N16,Efficacy for glucose lowering,"[530.0,912.0,817.0,984.0]"
p009-page-009-tile-r01-c02::page-009-tile-r01-c02-structure-tile-r01-c02::node::n9,page_009_tile_r01_c02,9,CONTROLLED_SOURCE_PDF/ADA principles for pharmacologic therapy.pdf,7c2913f79b61bc60f8f51327bb73b80391988fd277116b29e57df4242b2a2404,ac9895088166584c4f4d973a5590b2d315454f82a669fd42fc3648381d58b5a1,tile,"[233.972,0.0,593.972,360.0]",normalized_0_1000,CONTROLLED_SOURCE_IMAGE/ada_page_009_tile_r01_c02.png,OMITTED_RAW_MODEL_JSON/visual_logic_page_009_tile_r01_c02.json,extracted_unvalidated,page_009_tile_r01_c02__structure__tile_r01_c02,flowchart,Medications in the management of type 2 diabetes,True,True,valid,,"structure: The flowchart contains multiple decision nodes with branching paths that may require manual review to ensure accurate interpretation of clinical guidelines.; structure: Some evidence text is truncated or partially obscured in the image, which may affect complete accuracy of extracted information.; actions: The image is a flowchart with multiple decision points and arrows. Some relationships may cross tile boundaries, requiring manual review for accuracy.; actions: Some text in the image is partially cut off or obscured, which may affect the completeness of extracted information.; symbols: The image is a flowchart with multiple pathways, but the requested extraction focuses only on clinical guideline evidence (symbols or footnotes).; symbols: Some nodes are not fully visible in the provided bounding box, so their content may be incomplete.; symbols: The exact thresholds for eGFR and ACR values are included as symbols.",7823f2f86650b33e83537e57cbe6c60ec109cd06a2cadfd0ba1873ad4ae52e88,7823f2f86650b33e83537e57cbe6c60ec109cd06a2cadfd0ba1873ad4ae52e88,pending,,,,,False,N9,SGLT2i with primary evidence of reducing CKD progression,SGLT2i can be started wit h eGFR ≥20 mL/min/1.73 m²,N17,N18,SGLT2i with primary evidence of reducing CKD progression • SGLT2i can be started wit h eGFR ≥20 mL/min/1.73 m² • Glucose-lowering efficacy is reduced with eGFR <45 mL/min/1.73 m²,"[68.0,829.0,320.0,950.0]"
p009-page-009-tile-r01-c02::page-009-tile-r01-c02-structure-tile-r01-c02::node::n10,page_009_tile_r01_c02,9,CONTROLLED_SOURCE_PDF/ADA principles for pharmacologic therapy.pdf,7c2913f79b61bc60f8f51327bb73b80391988fd277116b29e57df4242b2a2404,ac9895088166584c4f4d973a5590b2d315454f82a669fd42fc3648381d58b5a1,tile,"[233.972,0.0,593.972,360.0]",normalized_0_1000,CONTROLLED_SOURCE_IMAGE/ada_page_009_tile_r01_c02.png,OMITTED_RAW_MODEL_JSON/visual_logic_page_009_tile_r01_c02.json,extracted_unvalidated,page_009_tile_r01_c02__structure__tile_r01_c02,flowchart,Medications in the management of type 2 diabetes,True,True,valid,,"structure: The flowchart contains multiple decision nodes with branching paths that may require manual review to ensure accurate interpretation of clinical guidelines.; structure: Some evidence text is truncated or partially obscured in the image, which may affect complete accuracy of extracted information.; actions: The image is a flowchart with multiple decision points and arrows. Some relationships may cross tile boundaries, requiring manual review for accuracy.; actions: Some text in the image is partially cut off or obscured, which may affect the completeness of extracted information.; symbols: The image is a flowchart with multiple pathways, but the requested extraction focuses only on clinical guideline evidence (symbols or footnotes).; symbols: Some nodes are not fully visible in the provided bounding box, so their content may be incomplete.; symbols: The exact thresholds for eGFR and ACR values are included as symbols.",d93aaefce44e5f9023eb636508b1c131c8d92a54d3786cd694cac2f22be18811,d93aaefce44e5f9023eb636508b1c131c8d92a54d3786cd694cac2f22be18811,pending,,,,,False,N10,Metformin or other agent (including combination therapy) that provides adequate efficacy to achieve and maintain glycemic treatment goals.,,N8,N12,Metformin or other agent (including combination therapy) that provides adequate efficacy to achieve and maintain glycemic treatment goals. Prioritize avoidance of hypoglycemia in high risk individuals,"[530.0,725.0,817.0,864.0]"
p009-page-009-tile-r01-c02::page-009-tile-r01-c02-structure-tile-r01-c02::node::n11,page_009_tile_r01_c02,9,CONTROLLED_SOURCE_PDF/ADA principles for pharmacologic therapy.pdf,7c2913f79b61bc60f8f51327bb73b80391988fd277116b29e57df4242b2a2404,ac9895088166584c4f4d973a5590b2d315454f82a669fd42fc3648381d58b5a1,tile,"[233.972,0.0,593.972,360.0]",normalized_0_1000,CONTROLLED_SOURCE_IMAGE/ada_page_009_tile_r01_c02.png,OMITTED_RAW_MODEL_JSON/visual_logic_page_009_tile_r01_c02.json,extracted_unvalidated,page_009_tile_r01_c02__structure__tile_r01_c02,flowchart,Medications in the management of type 2 diabetes,True,True,valid,,"structure: The flowchart contains multiple decision nodes with branching paths that may require manual review to ensure accurate interpretation of clinical guidelines.; structure: Some evidence text is truncated or partially obscured in the image, which may affect complete accuracy of extracted information.; actions: The image is a flowchart with multiple decision points and arrows. Some relationships may cross tile boundaries, requiring manual review for accuracy.; actions: Some text in the image is partially cut off or obscured, which may affect the completeness of extracted information.; symbols: The image is a flowchart with multiple pathways, but the requested extraction focuses only on clinical guideline evidence (symbols or footnotes).; symbols: Some nodes are not fully visible in the provided bounding box, so their content may be incomplete.; symbols: The exact thresholds for eGFR and ACR values are included as symbols.",32c976cda8d1f73e27fe9285d0b092d976a023aec54106b1ab3b930b12c772c4,32c976cda8d1f73e27fe9285d0b092d976a023aec54106b1ab3b930b12c772c4,pending,,,,,False,N11,"Very high: Semaglutide, tirzepatide",,N19,N20,"Very high: Semaglutide, tirzepatide","[406.0,785.0,512.0,839.0]"
p009-page-009-tile-r01-c02::page-009-tile-r01-c02-structure-tile-r01-c02::node::n12,page_009_tile_r01_c02,9,CONTROLLED_SOURCE_PDF/ADA principles for pharmacologic therapy.pdf,7c2913f79b61bc60f8f51327bb73b80391988fd277116b29e57df4242b2a2404,ac9895088166584c4f4d973a5590b2d315454f82a669fd42fc3648381d58b5a1,tile,"[233.972,0.0,593.972,360.0]",normalized_0_1000,CONTROLLED_SOURCE_IMAGE/ada_page_009_tile_r01_c02.png,OMITTED_RAW_MODEL_JSON/visual_logic_page_009_tile_r01_c02.json,extracted_unvalidated,page_009_tile_r01_c02__structure__tile_r01_c02,flowchart,Medications in the management of type 2 diabetes,True,True,valid,,"structure: The flowchart contains multiple decision nodes with branching paths that may require manual review to ensure accurate interpretation of clinical guidelines.; structure: Some evidence text is truncated or partially obscured in the image, which may affect complete accuracy of extracted information.; actions: The image is a flowchart with multiple decision points and arrows. Some relationships may cross tile boundaries, requiring manual review for accuracy.; actions: Some text in the image is partially cut off or obscured, which may affect the completeness of extracted information.; symbols: The image is a flowchart with multiple pathways, but the requested extraction focuses only on clinical guideline evidence (symbols or footnotes).; symbols: Some nodes are not fully visible in the provided bounding box, so their content may be incomplete.; symbols: The exact thresholds for eGFR and ACR values are included as symbols.",5fd00ae9a463ee804903e594f5d81ff123bcc5b4b5a8c8c0277a784c3c80a138,5fd00ae9a463ee804903e594f5d81ff123bcc5b4b5a8c8c0277a784c3c80a138,pending,,,,,False,N12,"High: Dulaglutide, liraglutide",,N21,N22,"High: Dulaglutide, liraglutide","[406.0,839.0,512.0,879.0]"
p009-page-009-tile-r01-c02::page-009-tile-r01-c02-structure-tile-r01-c02::node::n13,page_009_tile_r01_c02,9,CONTROLLED_SOURCE_PDF/ADA principles for pharmacologic therapy.pdf,7c2913f79b61bc60f8f51327bb73b80391988fd277116b29e57df4242b2a2404,ac9895088166584c4f4d973a5590b2d315454f82a669fd42fc3648381d58b5a1,tile,"[233.972,0.0,593.972,360.0]",normalized_0_1000,CONTROLLED_SOURCE_IMAGE/ada_page_009_tile_r01_c02.png,OMITTED_RAW_MODEL_JSON/visual_logic_page_009_tile_r01_c02.json,extracted_unvalidated,page_009_tile_r01_c02__structure__tile_r01_c02,flowchart,Medications in the management of type 2 diabetes,True,True,valid,,"structure: The flowchart contains multiple decision nodes with branching paths that may require manual review to ensure accurate interpretation of clinical guidelines.; structure: Some evidence text is truncated or partially obscured in the image, which may affect complete accuracy of extracted information.; actions: The image is a flowchart with multiple decision points and arrows. Some relationships may cross tile boundaries, requiring manual review for accuracy.; actions: Some text in the image is partially cut off or obscured, which may affect the completeness of extracted information.; symbols: The image is a flowchart with multiple pathways, but the requested extraction focuses only on clinical guideline evidence (symbols or footnotes).; symbols: Some nodes are not fully visible in the provided bounding box, so their content may be incomplete.; symbols: The exact thresholds for eGFR and ACR values are included as symbols.",51dcddd762d1bd8661564e3b5d5abc8a436d567c7e108b3987fd8b0648ba36cc,51dcddd762d1bd8661564e3b5d5abc8a436d567c7e108b3987fd8b0648ba36cc,pending,,,,,False,N13,Intermediate: GLP-1 RA (not listed above),,N23,N24,Intermediate: GLP-1 RA (not listed above),"[406.0,879.0,512.0,923.0]"
p009-page-009-tile-r01-c02::page-009-tile-r01-c02-structure-tile-r01-c02::node::n14,page_009_tile_r01_c02,9,CONTROLLED_SOURCE_PDF/ADA principles for pharmacologic therapy.pdf,7c2913f79b61bc60f8f51327bb73b80391988fd277116b29e57df4242b2a2404,ac9895088166584c4f4d973a5590b2d315454f82a669fd42fc3648381d58b5a1,tile,"[233.972,0.0,593.972,360.0]",normalized_0_1000,CONTROLLED_SOURCE_IMAGE/ada_page_009_tile_r01_c02.png,OMITTED_RAW_MODEL_JSON/visual_logic_page_009_tile_r01_c02.json,extracted_unvalidated,page_009_tile_r01_c02__structure__tile_r01_c02,flowchart,Medications in the management of type 2 diabetes,True,True,valid,,"structure: The flowchart contains multiple decision nodes with branching paths that may require manual review to ensure accurate interpretation of clinical guidelines.; structure: Some evidence text is truncated or partially obscured in the image, which may affect complete accuracy of extracted information.; actions: The image is a flowchart with multiple decision points and arrows. Some relationships may cross tile boundaries, requiring manual review for accuracy.; actions: Some text in the image is partially cut off or obscured, which may affect the completeness of extracted information.; symbols: The image is a flowchart with multiple pathways, but the requested extraction focuses only on clinical guideline evidence (symbols or footnotes).; symbols: Some nodes are not fully visible in the provided bounding box, so their content may be incomplete.; symbols: The exact thresholds for eGFR and ACR values are included as symbols.",abee3c9722b4e724f7464c67e7addd99fe2aa98aea744a3d9a2aea44d4bde004,abee3c9722b4e724f7464c67e7addd99fe2aa98aea744a3d9a2aea44d4bde004,pending,,,,,False,N14,"Very high: Dulaglutide (high dose),",,N25,N26,"Very high: Dulaglutide (high dose),","[530.0,948.0,817.0,984.0]"
p009-page-009-tile-r01-c02::page-009-tile-r01-c02-structure-tile-r01-c02::node::n15,page_009_tile_r01_c02,9,CONTROLLED_SOURCE_PDF/ADA principles for pharmacologic therapy.pdf,7c2913f79b61bc60f8f51327bb73b80391988fd277116b29e57df4242b2a2404,ac9895088166584c4f4d973a5590b2d315454f82a669fd42fc3648381d58b5a1,tile,"[233.972,0.0,593.972,360.0]",normalized_0_1000,CONTROLLED_SOURCE_IMAGE/ada_page_009_tile_r01_c02.png,OMITTED_RAW_MODEL_JSON/visual_logic_page_009_tile_r01_c02.json,extracted_unvalidated,page_009_tile_r01_c02__structure__tile_r01_c02,flowchart,Medications in the management of type 2 diabetes,True,True,valid,,"structure: The flowchart contains multiple decision nodes with branching paths that may require manual review to ensure accurate interpretation of clinical guidelines.; structure: Some evidence text is truncated or partially obscured in the image, which may affect complete accuracy of extracted information.; actions: The image is a flowchart with multiple decision points and arrows. Some relationships may cross tile boundaries, requiring manual review for accuracy.; actions: Some text in the image is partially cut off or obscured, which may affect the completeness of extracted information.; symbols: The image is a flowchart with multiple pathways, but the requested extraction focuses only on clinical guideline evidence (symbols or footnotes).; symbols: Some nodes are not fully visible in the provided bounding box, so their content may be incomplete.; symbols: The exact thresholds for eGFR and ACR values are included as symbols.",c899258e19a9a5fa713b445064d8f4749b015674170533c5b10fba35241f2b2d,c899258e19a9a5fa713b445064d8f4749b015674170533c5b10fba35241f2b2d,pending,,,,,False,N15,OR,,N16,N17,OR,"[120.0,958.0,264.0,999.0]"
p009-page-009-tile-r01-c02::page-009-tile-r01-c02-structure-tile-r01-c02::node::n16,page_009_tile_r01_c02,9,CONTROLLED_SOURCE_PDF/ADA principles for pharmacologic therapy.pdf,7c2913f79b61bc60f8f51327bb73b80391988fd277116b29e57df4242b2a2404,ac9895088166584c4f4d973a5590b2d315454f82a669fd42fc3648381d58b5a1,tile,"[233.972,0.0,593.972,360.0]",normalized_0_1000,CONTROLLED_SOURCE_IMAGE/ada_page_009_tile_r01_c02.png,OMITTED_RAW_MODEL_JSON/visual_logic_page_009_tile_r01_c02.json,extracted_unvalidated,page_009_tile_r01_c02__structure__tile_r01_c02,flowchart,Medications in the management of type 2 diabetes,True,True,valid,,"structure: The flowchart contains multiple decision nodes with branching paths that may require manual review to ensure accurate interpretation of clinical guidelines.; structure: Some evidence text is truncated or partially obscured in the image, which may affect complete accuracy of extracted information.; actions: The image is a flowchart with multiple decision points and arrows. Some relationships may cross tile boundaries, requiring manual review for accuracy.; actions: Some text in the image is partially cut off or obscured, which may affect the completeness of extracted information.; symbols: The image is a flowchart with multiple pathways, but the requested extraction focuses only on clinical guideline evidence (symbols or footnotes).; symbols: Some nodes are not fully visible in the provided bounding box, so their content may be incomplete.; symbols: The exact thresholds for eGFR and ACR values are included as symbols.",2cf5bb314d8b9a2e25119c9ddae158958217e244c86a2bbbbf4ff046fbbe2e82,2cf5bb314d8b9a2e25119c9ddae158958217e244c86a2bbbbf4ff046fbbe2e82,pending,,,,,False,N16,+Weight management,,N7,N8,+Weight management,"[406.0,590.0,512.0,673.0]"
p009-page-009-tile-r02-c01::page-009-tile-r02-c01-structure-tile-001::node::node-01,page_009_tile_r02_c01,9,CONTROLLED_SOURCE_PDF/ADA principles for pharmacologic therapy.pdf,7c2913f79b61bc60f8f51327bb73b80391988fd277116b29e57df4242b2a2404,936835293d1d5e15feb927064c3384c4f71d8817072e7850048a8ee7cb0d0396,tile,"[0.0,288.0,360.0,648.0]",normalized_0_1000,CONTROLLED_SOURCE_IMAGE/ada_page_009_tile_r02_c01.png,OMITTED_RAW_MODEL_JSON/visual_logic_page_009_tile_r02_c01.json,extracted_unvalidated,page_009_tile_r02_c01__structure__tile_001,flowchart,Clinical Guideline Evidence for Glycemic Management and Comorbidity Risk Reduction,False,True,valid,,"structure: The image contains multiple decision nodes and arrows that are not fully captured by the provided schema. The flowchart includes conditional branches for SGLT2i initiation based on eGFR thresholds (not explicitly modeled in this extraction).; structure: Some text elements like footnotes or symbols (e.g., ^, #) may be truncated or misinterpreted without full context.; actions: The flowchart contains multiple conditional pathways and recommendations based on patient-specific factors such as eGFR levels and presence of comorbidities. Some evidence is presented as footnotes or symbols, which may require manual review for full context.; actions: The chart does not explicitly state the strength of recommendation (e.g., strong vs. weak) for all actions; it relies on implicit guidance from trial data and clinical judgment.",91b9dcbcd2dc1ce942efdb2d7e656c4a5391c55895cce4c1768d0ec8d36d1f98,91b9dcbcd2dc1ce942efdb2d7e656c4a5391c55895cce4c1768d0ec8d36d1f98,pending,,,,,False,node_01,If glycemia is above goal,glycemic level,"For individuals on a GLP-1 RA, consider adding SGLT2i with proven CVD benefit or vice versa; Pioglitazone^",SGLT2i and/or either dual GIP/GLP-1 RA or GLP-1 RA with proven benefit in symptomatic HFpEF and obesity,"If glycemia is above goal • For individuals on a GLP-1 RA, consider adding SGLT2i with proven CVD benefit or vice versa • Pioglitazone^","[140.0,176.0,538.0,269.0]"
p009-page-009-tile-r02-c01::page-009-tile-r02-c01-structure-tile-001::node::node-02,page_009_tile_r02_c01,9,CONTROLLED_SOURCE_PDF/ADA principles for pharmacologic therapy.pdf,7c2913f79b61bc60f8f51327bb73b80391988fd277116b29e57df4242b2a2404,936835293d1d5e15feb927064c3384c4f71d8817072e7850048a8ee7cb0d0396,tile,"[0.0,288.0,360.0,648.0]",normalized_0_1000,CONTROLLED_SOURCE_IMAGE/ada_page_009_tile_r02_c01.png,OMITTED_RAW_MODEL_JSON/visual_logic_page_009_tile_r02_c01.json,extracted_unvalidated,page_009_tile_r02_c01__structure__tile_001,flowchart,Clinical Guideline Evidence for Glycemic Management and Comorbidity Risk Reduction,False,True,valid,,"structure: The image contains multiple decision nodes and arrows that are not fully captured by the provided schema. The flowchart includes conditional branches for SGLT2i initiation based on eGFR thresholds (not explicitly modeled in this extraction).; structure: Some text elements like footnotes or symbols (e.g., ^, #) may be truncated or misinterpreted without full context.; actions: The flowchart contains multiple conditional pathways and recommendations based on patient-specific factors such as eGFR levels and presence of comorbidities. Some evidence is presented as footnotes or symbols, which may require manual review for full context.; actions: The chart does not explicitly state the strength of recommendation (e.g., strong vs. weak) for all actions; it relies on implicit guidance from trial data and clinical judgment.",98139d282ecb8e5195d7ebdd53e685f3b5c0dde7fca381d82968b5dcdd828914,98139d282ecb8e5195d7ebdd53e685f3b5c0dde7fca381d82968b5dcdd828914,pending,,,,,False,node_02,"If additional cardiovascular and kidney risk reduction, management of other metabolic comorbidities, and/or glycemic lowering is needed",cardiovascular risk; kidney risk; metabolic comorbidities,+Mitigating risk of MASLD or MASH,,"If additional cardiovascular and kidney risk reduction, management of other metabolic comorbidities, and/or glycemic lowering is needed +Mitigating risk of MASLD or MASH","[140.0,456.0,820.0,539.0]"
p009-page-009-tile-r02-c01::page-009-tile-r02-c01-structure-tile-001::node::node-03,page_009_tile_r02_c01,9,CONTROLLED_SOURCE_PDF/ADA principles for pharmacologic therapy.pdf,7c2913f79b61bc60f8f51327bb73b80391988fd277116b29e57df4242b2a2404,936835293d1d5e15feb927064c3384c4f71d8817072e7850048a8ee7cb0d0396,tile,"[0.0,288.0,360.0,648.0]",normalized_0_1000,CONTROLLED_SOURCE_IMAGE/ada_page_009_tile_r02_c01.png,OMITTED_RAW_MODEL_JSON/visual_logic_page_009_tile_r02_c01.json,extracted_unvalidated,page_009_tile_r02_c01__structure__tile_001,flowchart,Clinical Guideline Evidence for Glycemic Management and Comorbidity Risk Reduction,False,True,valid,,"structure: The image contains multiple decision nodes and arrows that are not fully captured by the provided schema. The flowchart includes conditional branches for SGLT2i initiation based on eGFR thresholds (not explicitly modeled in this extraction).; structure: Some text elements like footnotes or symbols (e.g., ^, #) may be truncated or misinterpreted without full context.; actions: The flowchart contains multiple conditional pathways and recommendations based on patient-specific factors such as eGFR levels and presence of comorbidities. Some evidence is presented as footnotes or symbols, which may require manual review for full context.; actions: The chart does not explicitly state the strength of recommendation (e.g., strong vs. weak) for all actions; it relies on implicit guidance from trial data and clinical judgment.",6bbda2a2129b935d0b83db68853d3b42f75173c7b57d74e5221e056b21ce87bb,6bbda2a2129b935d0b83db68853d3b42f75173c7b57d74e5221e056b21ce87bb,pending,,,,,False,node_03,Agents with proven or potential benefit in MASLD or MASH,MASLD/MASH status,"GLP-1 RA, dual GIP and GLP-1 RA, pioglitazone, or combination of GLP-1 RA with pioglitazone; Use insulin in the setting of decompensated cirrhosis",,"Agents with proven or potential benefit in MASLD or MASH GLP-1 RA, dual GIP and GLP-1 RA, pioglitazone, or combination of GLP-1 RA with pioglitazone Use insulin in the setting of decompensated cirrhosis","[140.0,652.0,980.0,739.0]"
p009-page-009-tile-r02-c02::page-009-tile-r02-c02-structure-tile-r02-c02::node::n1,page_009_tile_r02_c02,9,CONTROLLED_SOURCE_PDF/ADA principles for pharmacologic therapy.pdf,7c2913f79b61bc60f8f51327bb73b80391988fd277116b29e57df4242b2a2404,16c3522a55a32f083a61b6c439e61e267b7d6d3d8e66f8cfe911c1143cba8dab,tile,"[233.972,288.0,593.972,648.0]",normalized_0_1000,CONTROLLED_SOURCE_IMAGE/ada_page_009_tile_r02_c02.png,OMITTED_RAW_MODEL_JSON/visual_logic_page_009_tile_r02_c02.json,extracted_unvalidated,page_009_tile_r02_c02__structure__tile_r02_c02,flowchart,Clinical Guideline Evidence for Glycemic Management in T2D with CKD or MASLD/MASH,True,True,valid,,"actions: The provided image is a flowchart with multiple decision points and drug recommendations. The extraction process has been designed to capture the visible text within each box or arrow, preserving the logical structure of the guidelines as presented in the original document.; symbols: The flowchart contains multiple decision points and treatment recommendations that are not fully captured in a single structured output. Some relationships may require manual review due to boundary-crossing arrows or implicit logic.; symbols: Certain symbols like '+' are used as presence markers but do not represent ordinal scales, which is consistent with the provided schema.; structure: Some text is partially cut off or obscured in the image.; structure: The flowchart may not be fully complete as some connections are implied rather than explicitly drawn.",5a3fa4f97c3270ff22be95b43b954bba172b7a9d49d13d8b0603ea73806b5b14,5a3fa4f97c3270ff22be95b43b954bba172b7a9d49d13d8b0603ea73806b5b14,pending,,,,,False,n1,If glycemia is above goal or significant hypoglycemia or hyperglycemia or barriers to care are identified,eGFR; glycemic goals,Refer to DSMES... identify and address SDOH...,,If glycemia is above goal or significant hypoglycemia or hyperglycemia or barriers to care are identified,"[407.0,462.0,813.0,509.0]"
p009-page-009-tile-r02-c02::page-009-tile-r02-c02-structure-tile-r02-c02::node::n2,page_009_tile_r02_c02,9,CONTROLLED_SOURCE_PDF/ADA principles for pharmacologic therapy.pdf,7c2913f79b61bc60f8f51327bb73b80391988fd277116b29e57df4242b2a2404,16c3522a55a32f083a61b6c439e61e267b7d6d3d8e66f8cfe911c1143cba8dab,tile,"[233.972,288.0,593.972,648.0]",normalized_0_1000,CONTROLLED_SOURCE_IMAGE/ada_page_009_tile_r02_c02.png,OMITTED_RAW_MODEL_JSON/visual_logic_page_009_tile_r02_c02.json,extracted_unvalidated,page_009_tile_r02_c02__structure__tile_r02_c02,flowchart,Clinical Guideline Evidence for Glycemic Management in T2D with CKD or MASLD/MASH,True,True,valid,,"actions: The provided image is a flowchart with multiple decision points and drug recommendations. The extraction process has been designed to capture the visible text within each box or arrow, preserving the logical structure of the guidelines as presented in the original document.; symbols: The flowchart contains multiple decision points and treatment recommendations that are not fully captured in a single structured output. Some relationships may require manual review due to boundary-crossing arrows or implicit logic.; symbols: Certain symbols like '+' are used as presence markers but do not represent ordinal scales, which is consistent with the provided schema.; structure: Some text is partially cut off or obscured in the image.; structure: The flowchart may not be fully complete as some connections are implied rather than explicitly drawn.",0e9821dbb8c0c366222bd0fb4290423d9e51482c3d58b4341f176e98bf5b48a6,0e9821dbb8c0c366222bd0fb4290423d9e51482c3d58b4341f176e98bf5b48a6,pending,,,,,False,n2,"If glycemia is above goal, for individuals on SGLT2i, consider incorporating a GLP-1 RA or vice versa",eGFR; glycemic goals,,,"If glycemia is above goal, for individuals on SGLT2i, consider incorporating a GLP-1 RA or vice versa","[407.0,358.0,690.0,390.0]"
p009-page-009-tile-r02-c02::page-009-tile-r02-c02-structure-tile-r02-c02::node::n3,page_009_tile_r02_c02,9,CONTROLLED_SOURCE_PDF/ADA principles for pharmacologic therapy.pdf,7c2913f79b61bc60f8f51327bb73b80391988fd277116b29e57df4242b2a2404,16c3522a55a32f083a61b6c439e61e267b7d6d3d8e66f8cfe911c1143cba8dab,tile,"[233.972,288.0,593.972,648.0]",normalized_0_1000,CONTROLLED_SOURCE_IMAGE/ada_page_009_tile_r02_c02.png,OMITTED_RAW_MODEL_JSON/visual_logic_page_009_tile_r02_c02.json,extracted_unvalidated,page_009_tile_r02_c02__structure__tile_r02_c02,flowchart,Clinical Guideline Evidence for Glycemic Management in T2D with CKD or MASLD/MASH,True,True,valid,,"actions: The provided image is a flowchart with multiple decision points and drug recommendations. The extraction process has been designed to capture the visible text within each box or arrow, preserving the logical structure of the guidelines as presented in the original document.; symbols: The flowchart contains multiple decision points and treatment recommendations that are not fully captured in a single structured output. Some relationships may require manual review due to boundary-crossing arrows or implicit logic.; symbols: Certain symbols like '+' are used as presence markers but do not represent ordinal scales, which is consistent with the provided schema.; structure: Some text is partially cut off or obscured in the image.; structure: The flowchart may not be fully complete as some connections are implied rather than explicitly drawn.",45507f97f141c56020d7e798668f5041f759ead71947165c3c0d38a576d3bf34,45507f97f141c56020d7e798668f5041f759ead71947165c3c0d38a576d3bf34,pending,,,,,False,n3,SGLT2i with primary evidence of reducing CKD progression,eGFR; glycemic goals,,,SGLT2i with primary evidence of reducing CKD progression,"[50.0,31.0,287.0,64.0]"
p009-page-009-tile-r02-c02::page-009-tile-r02-c02-structure-tile-r02-c02::node::n4,page_009_tile_r02_c02,9,CONTROLLED_SOURCE_PDF/ADA principles for pharmacologic therapy.pdf,7c2913f79b61bc60f8f51327bb73b80391988fd277116b29e57df4242b2a2404,16c3522a55a32f083a61b6c439e61e267b7d6d3d8e66f8cfe911c1143cba8dab,tile,"[233.972,288.0,593.972,648.0]",normalized_0_1000,CONTROLLED_SOURCE_IMAGE/ada_page_009_tile_r02_c02.png,OMITTED_RAW_MODEL_JSON/visual_logic_page_009_tile_r02_c02.json,extracted_unvalidated,page_009_tile_r02_c02__structure__tile_r02_c02,flowchart,Clinical Guideline Evidence for Glycemic Management in T2D with CKD or MASLD/MASH,True,True,valid,,"actions: The provided image is a flowchart with multiple decision points and drug recommendations. The extraction process has been designed to capture the visible text within each box or arrow, preserving the logical structure of the guidelines as presented in the original document.; symbols: The flowchart contains multiple decision points and treatment recommendations that are not fully captured in a single structured output. Some relationships may require manual review due to boundary-crossing arrows or implicit logic.; symbols: Certain symbols like '+' are used as presence markers but do not represent ordinal scales, which is consistent with the provided schema.; structure: Some text is partially cut off or obscured in the image.; structure: The flowchart may not be fully complete as some connections are implied rather than explicitly drawn.",b4d1e5b16021bd73a9af8ba10a443d770965c829ba9329f7370f15a23bc75d58,b4d1e5b16021bd73a9af8ba10a443d770965c829ba9329f7370f15a23bc75d58,pending,,,,,False,n4,GLP-1 RA# with proven CKD benefit,eGFR; glycemic goals,,,GLP-1 RA# with proven CKD benefit,"[50.0,204.0,287.0,236.0]"
p009-page-009-tile-r02-c02::page-009-tile-r02-c02-structure-tile-r02-c02::node::n5,page_009_tile_r02_c02,9,CONTROLLED_SOURCE_PDF/ADA principles for pharmacologic therapy.pdf,7c2913f79b61bc60f8f51327bb73b80391988fd277116b29e57df4242b2a2404,16c3522a55a32f083a61b6c439e61e267b7d6d3d8e66f8cfe911c1143cba8dab,tile,"[233.972,288.0,593.972,648.0]",normalized_0_1000,CONTROLLED_SOURCE_IMAGE/ada_page_009_tile_r02_c02.png,OMITTED_RAW_MODEL_JSON/visual_logic_page_009_tile_r02_c02.json,extracted_unvalidated,page_009_tile_r02_c02__structure__tile_r02_c02,flowchart,Clinical Guideline Evidence for Glycemic Management in T2D with CKD or MASLD/MASH,True,True,valid,,"actions: The provided image is a flowchart with multiple decision points and drug recommendations. The extraction process has been designed to capture the visible text within each box or arrow, preserving the logical structure of the guidelines as presented in the original document.; symbols: The flowchart contains multiple decision points and treatment recommendations that are not fully captured in a single structured output. Some relationships may require manual review due to boundary-crossing arrows or implicit logic.; symbols: Certain symbols like '+' are used as presence markers but do not represent ordinal scales, which is consistent with the provided schema.; structure: Some text is partially cut off or obscured in the image.; structure: The flowchart may not be fully complete as some connections are implied rather than explicitly drawn.",41f3466118111a421a01802b6466d94fda38a888c0e3e547de1404cee4bcd3f5,41f3466118111a421a01802b6466d94fda38a888c0e3e547de1404cee4bcd3f5,pending,,,,,False,n5,"Very high: Semaglutide, tirzepatide",,,,"Very high: Semaglutide, tirzepatide","[407.0,16.0,593.0,48.0]"
p009-page-009-tile-r02-c02::page-009-tile-r02-c02-structure-tile-r02-c02::node::n6,page_009_tile_r02_c02,9,CONTROLLED_SOURCE_PDF/ADA principles for pharmacologic therapy.pdf,7c2913f79b61bc60f8f51327bb73b80391988fd277116b29e57df4242b2a2404,16c3522a55a32f083a61b6c439e61e267b7d6d3d8e66f8cfe911c1143cba8dab,tile,"[233.972,288.0,593.972,648.0]",normalized_0_1000,CONTROLLED_SOURCE_IMAGE/ada_page_009_tile_r02_c02.png,OMITTED_RAW_MODEL_JSON/visual_logic_page_009_tile_r02_c02.json,extracted_unvalidated,page_009_tile_r02_c02__structure__tile_r02_c02,flowchart,Clinical Guideline Evidence for Glycemic Management in T2D with CKD or MASLD/MASH,True,True,valid,,"actions: The provided image is a flowchart with multiple decision points and drug recommendations. The extraction process has been designed to capture the visible text within each box or arrow, preserving the logical structure of the guidelines as presented in the original document.; symbols: The flowchart contains multiple decision points and treatment recommendations that are not fully captured in a single structured output. Some relationships may require manual review due to boundary-crossing arrows or implicit logic.; symbols: Certain symbols like '+' are used as presence markers but do not represent ordinal scales, which is consistent with the provided schema.; structure: Some text is partially cut off or obscured in the image.; structure: The flowchart may not be fully complete as some connections are implied rather than explicitly drawn.",4e5372686c2231a9246167c9c2e6cb93be9849d1029e7803843dc60f7dc3c318,4e5372686c2231a9246167c9c2e6cb93be9849d1029e7803843dc60f7dc3c318,pending,,,,,False,n6,"High: Dulaglutide, liraglutide",,,,"High: Dulaglutide, liraglutide","[407.0,52.0,593.0,84.0]"
p009-page-009-tile-r02-c02::page-009-tile-r02-c02-structure-tile-r02-c02::node::n7,page_009_tile_r02_c02,9,CONTROLLED_SOURCE_PDF/ADA principles for pharmacologic therapy.pdf,7c2913f79b61bc60f8f51327bb73b80391988fd277116b29e57df4242b2a2404,16c3522a55a32f083a61b6c439e61e267b7d6d3d8e66f8cfe911c1143cba8dab,tile,"[233.972,288.0,593.972,648.0]",normalized_0_1000,CONTROLLED_SOURCE_IMAGE/ada_page_009_tile_r02_c02.png,OMITTED_RAW_MODEL_JSON/visual_logic_page_009_tile_r02_c02.json,extracted_unvalidated,page_009_tile_r02_c02__structure__tile_r02_c02,flowchart,Clinical Guideline Evidence for Glycemic Management in T2D with CKD or MASLD/MASH,True,True,valid,,"actions: The provided image is a flowchart with multiple decision points and drug recommendations. The extraction process has been designed to capture the visible text within each box or arrow, preserving the logical structure of the guidelines as presented in the original document.; symbols: The flowchart contains multiple decision points and treatment recommendations that are not fully captured in a single structured output. Some relationships may require manual review due to boundary-crossing arrows or implicit logic.; symbols: Certain symbols like '+' are used as presence markers but do not represent ordinal scales, which is consistent with the provided schema.; structure: Some text is partially cut off or obscured in the image.; structure: The flowchart may not be fully complete as some connections are implied rather than explicitly drawn.",7057724a1a12b7a4b7c817e1098137fc13b3a09273ae5455082da4bbfbd69b71,7057724a1a12b7a4b7c817e1098137fc13b3a09273ae5455082da4bbfbd69b71,pending,,,,,False,n7,"Intermediate: GLP-1 RA (not listed above), SGLT2i",,,,"Intermediate: GLP-1 RA (not listed above), SGLT2i","[407.0,96.0,593.0,128.0]"
p009-page-009-tile-r02-c02::page-009-tile-r02-c02-structure-tile-r02-c02::node::n8,page_009_tile_r02_c02,9,CONTROLLED_SOURCE_PDF/ADA principles for pharmacologic therapy.pdf,7c2913f79b61bc60f8f51327bb73b80391988fd277116b29e57df4242b2a2404,16c3522a55a32f083a61b6c439e61e267b7d6d3d8e66f8cfe911c1143cba8dab,tile,"[233.972,288.0,593.972,648.0]",normalized_0_1000,CONTROLLED_SOURCE_IMAGE/ada_page_009_tile_r02_c02.png,OMITTED_RAW_MODEL_JSON/visual_logic_page_009_tile_r02_c02.json,extracted_unvalidated,page_009_tile_r02_c02__structure__tile_r02_c02,flowchart,Clinical Guideline Evidence for Glycemic Management in T2D with CKD or MASLD/MASH,True,True,valid,,"actions: The provided image is a flowchart with multiple decision points and drug recommendations. The extraction process has been designed to capture the visible text within each box or arrow, preserving the logical structure of the guidelines as presented in the original document.; symbols: The flowchart contains multiple decision points and treatment recommendations that are not fully captured in a single structured output. Some relationships may require manual review due to boundary-crossing arrows or implicit logic.; symbols: Certain symbols like '+' are used as presence markers but do not represent ordinal scales, which is consistent with the provided schema.; structure: Some text is partially cut off or obscured in the image.; structure: The flowchart may not be fully complete as some connections are implied rather than explicitly drawn.",7b3842e288c3e0591cd536caa3bb8453585068a63516f738a7eeb8eb21921ddc,7b3842e288c3e0591cd536caa3bb8453585068a63516f738a7eeb8eb21921ddc,pending,,,,,False,n8,"Neutral: Metformin, DPP-4i",,,,"Neutral: Metformin, DPP-4i","[407.0,132.0,593.0,164.0]"
p009-page-009-tile-r02-c02::page-009-tile-r02-c02-structure-tile-r02-c02::node::n9,page_009_tile_r02_c02,9,CONTROLLED_SOURCE_PDF/ADA principles for pharmacologic therapy.pdf,7c2913f79b61bc60f8f51327bb73b80391988fd277116b29e57df4242b2a2404,16c3522a55a32f083a61b6c439e61e267b7d6d3d8e66f8cfe911c1143cba8dab,tile,"[233.972,288.0,593.972,648.0]",normalized_0_1000,CONTROLLED_SOURCE_IMAGE/ada_page_009_tile_r02_c02.png,OMITTED_RAW_MODEL_JSON/visual_logic_page_009_tile_r02_c02.json,extracted_unvalidated,page_009_tile_r02_c02__structure__tile_r02_c02,flowchart,Clinical Guideline Evidence for Glycemic Management in T2D with CKD or MASLD/MASH,True,True,valid,,"actions: The provided image is a flowchart with multiple decision points and drug recommendations. The extraction process has been designed to capture the visible text within each box or arrow, preserving the logical structure of the guidelines as presented in the original document.; symbols: The flowchart contains multiple decision points and treatment recommendations that are not fully captured in a single structured output. Some relationships may require manual review due to boundary-crossing arrows or implicit logic.; symbols: Certain symbols like '+' are used as presence markers but do not represent ordinal scales, which is consistent with the provided schema.; structure: Some text is partially cut off or obscured in the image.; structure: The flowchart may not be fully complete as some connections are implied rather than explicitly drawn.",d74c6c83423a340743ebea8ba5e3a0c151fffc1099cdca2c7a747a08cb69edad,d74c6c83423a340743ebea8ba5e3a0c151fffc1099cdca2c7a747a08cb69edad,pending,,,,,False,n9,"Very high: Dulaglutide (high dose), semaglutide, tirzepatide, insulin Combination oral, combination injectable (GLP-1 RA and insulin)",,,,"Very high: Dulaglutide (high dose), semaglutide, tirzepatide, insulin Combination oral, combination injectable (GLP-1 RA and insulin)","[407.0,168.0,593.0,200.0]"
p009-page-009-tile-r02-c02::page-009-tile-r02-c02-structure-tile-r02-c02::node::n10,page_009_tile_r02_c02,9,CONTROLLED_SOURCE_PDF/ADA principles for pharmacologic therapy.pdf,7c2913f79b61bc60f8f51327bb73b80391988fd277116b29e57df4242b2a2404,16c3522a55a32f083a61b6c439e61e267b7d6d3d8e66f8cfe911c1143cba8dab,tile,"[233.972,288.0,593.972,648.0]",normalized_0_1000,CONTROLLED_SOURCE_IMAGE/ada_page_009_tile_r02_c02.png,OMITTED_RAW_MODEL_JSON/visual_logic_page_009_tile_r02_c02.json,extracted_unvalidated,page_009_tile_r02_c02__structure__tile_r02_c02,flowchart,Clinical Guideline Evidence for Glycemic Management in T2D with CKD or MASLD/MASH,True,True,valid,,"actions: The provided image is a flowchart with multiple decision points and drug recommendations. The extraction process has been designed to capture the visible text within each box or arrow, preserving the logical structure of the guidelines as presented in the original document.; symbols: The flowchart contains multiple decision points and treatment recommendations that are not fully captured in a single structured output. Some relationships may require manual review due to boundary-crossing arrows or implicit logic.; symbols: Certain symbols like '+' are used as presence markers but do not represent ordinal scales, which is consistent with the provided schema.; structure: Some text is partially cut off or obscured in the image.; structure: The flowchart may not be fully complete as some connections are implied rather than explicitly drawn.",ecb98b23b63f462b3bf93ce7d9b1bf8fc2d72f92d8953cdaed35f6adc0a59e01,ecb98b23b63f462b3bf93ce7d9b1bf8fc2d72f92d8953cdaed35f6adc0a59e01,pending,,,,,False,n10,"High: GLP-1 RA (not listed above), metformin, pioglitazone, SGLT2i, sulfonylurea",,,,"High: GLP-1 RA (not listed above), metformin, pioglitazone, SGLT2i, sulfonylurea","[407.0,208.0,593.0,240.0]"
p009-page-009-tile-r02-c02::page-009-tile-r02-c02-structure-tile-r02-c02::node::n11,page_009_tile_r02_c02,9,CONTROLLED_SOURCE_PDF/ADA principles for pharmacologic therapy.pdf,7c2913f79b61bc60f8f51327bb73b80391988fd277116b29e57df4242b2a2404,16c3522a55a32f083a61b6c439e61e267b7d6d3d8e66f8cfe911c1143cba8dab,tile,"[233.972,288.0,593.972,648.0]",normalized_0_1000,CONTROLLED_SOURCE_IMAGE/ada_page_009_tile_r02_c02.png,OMITTED_RAW_MODEL_JSON/visual_logic_page_009_tile_r02_c02.json,extracted_unvalidated,page_009_tile_r02_c02__structure__tile_r02_c02,flowchart,Clinical Guideline Evidence for Glycemic Management in T2D with CKD or MASLD/MASH,True,True,valid,,"actions: The provided image is a flowchart with multiple decision points and drug recommendations. The extraction process has been designed to capture the visible text within each box or arrow, preserving the logical structure of the guidelines as presented in the original document.; symbols: The flowchart contains multiple decision points and treatment recommendations that are not fully captured in a single structured output. Some relationships may require manual review due to boundary-crossing arrows or implicit logic.; symbols: Certain symbols like '+' are used as presence markers but do not represent ordinal scales, which is consistent with the provided schema.; structure: Some text is partially cut off or obscured in the image.; structure: The flowchart may not be fully complete as some connections are implied rather than explicitly drawn.",95d2aafee6fc515ae14c16f93450bd8a735efd96a7c4caae2dcb14d9210c4251,95d2aafee6fc515ae14c16f93450bd8a735efd96a7c4caae2dcb14d9210c4251,pending,,,,,False,n11,Intermediate: DPP-4i,,,,Intermediate: DPP-4i,"[407.0,248.0,593.0,280.0]"
p009-page-009-tile-r02-c02::page-009-tile-r02-c02-structure-tile-r02-c02::node::n12,page_009_tile_r02_c02,9,CONTROLLED_SOURCE_PDF/ADA principles for pharmacologic therapy.pdf,7c2913f79b61bc60f8f51327bb73b80391988fd277116b29e57df4242b2a2404,16c3522a55a32f083a61b6c439e61e267b7d6d3d8e66f8cfe911c1143cba8dab,tile,"[233.972,288.0,593.972,648.0]",normalized_0_1000,CONTROLLED_SOURCE_IMAGE/ada_page_009_tile_r02_c02.png,OMITTED_RAW_MODEL_JSON/visual_logic_page_009_tile_r02_c02.json,extracted_unvalidated,page_009_tile_r02_c02__structure__tile_r02_c02,flowchart,Clinical Guideline Evidence for Glycemic Management in T2D with CKD or MASLD/MASH,True,True,valid,,"actions: The provided image is a flowchart with multiple decision points and drug recommendations. The extraction process has been designed to capture the visible text within each box or arrow, preserving the logical structure of the guidelines as presented in the original document.; symbols: The flowchart contains multiple decision points and treatment recommendations that are not fully captured in a single structured output. Some relationships may require manual review due to boundary-crossing arrows or implicit logic.; symbols: Certain symbols like '+' are used as presence markers but do not represent ordinal scales, which is consistent with the provided schema.; structure: Some text is partially cut off or obscured in the image.; structure: The flowchart may not be fully complete as some connections are implied rather than explicitly drawn.",7422b231bb6d7c52c80441f0af055fc8c487a60982f276b7bd997d31a2895bb3,7422b231bb6d7c52c80441f0af055fc8c487a60982f276b7bd997d31a2895bb3,pending,,,,,False,n12,Maintain glycemic treatment goals. Prioritize avoidance of hypoglycemia in high risk individuals,,,,Maintain glycemic treatment goals. Prioritize avoidance of hypoglycemia in high risk individuals,"[407.0,28.0,593.0,60.0]"
p009-page-009-tile-r03-c01::page-009-tile-r03-c01-structure-tile-001::node::node-01,page_009_tile_r03_c01,9,CONTROLLED_SOURCE_PDF/ADA principles for pharmacologic therapy.pdf,7c2913f79b61bc60f8f51327bb73b80391988fd277116b29e57df4242b2a2404,3154eb177bed280435b48352abedf71aabb52d08e790a9a99b77d726731f937d,tile,"[0.0,422.986,360.0,782.986]",normalized_0_1000,CONTROLLED_SOURCE_IMAGE/ada_page_009_tile_r03_c01.png,OMITTED_RAW_MODEL_JSON/visual_logic_page_009_tile_r03_c01.json,extracted_unvalidated,page_009_tile_r03_c01__structure__tile_001,figure,Figure 9.4—Use of glucose-lowering medications in the management of type 2 diabetes.,True,True,valid,,"structure: No evidence for 'ordinal_symbols' or 'drug_actions'.; structure: All visible decision nodes and arrows are extracted as per schema.; structure: Figure title is included in visual_item's title field.; actions: The image contains a flowchart with multiple decision points and arrows indicating relationships between nodes. The extraction process has preserved the visible text, symbols, and their positions within the bounding box provided.; actions: Some elements may require manual review due to potential boundary-crossing relationships or unclear arrow endpoints.; symbols: The image is a flowchart that includes multiple decision points and recommendations. The extraction focuses on the visible symbols (like +, *, #, †, ≈, ‡, ^) and their associated text, which are typically footnotes or annotations in clinical guidelines.",731e9556872d7a4e633a24f91eb5f0e7c1b7ed1fd372f0e7c5986c2fb247a744,731e9556872d7a4e633a24f91eb5f0e7c1b7ed1fd372f0e7c5986c2fb247a744,pending,,,,,False,node_01,"If additional cardiovascular and kidney risk reduction, management of other metabolic comorbidities, and/or glycemic lowering is needed",,Mitigating risk of MASLD or MASH,,"If additional cardiovascular and kidney risk reduction, management of other metabolic comorbidities, and/or glycemic lowering is needed","[140.0,85.0,960.0,135.0]"
p009-page-009-tile-r03-c01::page-009-tile-r03-c01-structure-tile-001::node::node-02,page_009_tile_r03_c01,9,CONTROLLED_SOURCE_PDF/ADA principles for pharmacologic therapy.pdf,7c2913f79b61bc60f8f51327bb73b80391988fd277116b29e57df4242b2a2404,3154eb177bed280435b48352abedf71aabb52d08e790a9a99b77d726731f937d,tile,"[0.0,422.986,360.0,782.986]",normalized_0_1000,CONTROLLED_SOURCE_IMAGE/ada_page_009_tile_r03_c01.png,OMITTED_RAW_MODEL_JSON/visual_logic_page_009_tile_r03_c01.json,extracted_unvalidated,page_009_tile_r03_c01__structure__tile_001,figure,Figure 9.4—Use of glucose-lowering medications in the management of type 2 diabetes.,True,True,valid,,"structure: No evidence for 'ordinal_symbols' or 'drug_actions'.; structure: All visible decision nodes and arrows are extracted as per schema.; structure: Figure title is included in visual_item's title field.; actions: The image contains a flowchart with multiple decision points and arrows indicating relationships between nodes. The extraction process has preserved the visible text, symbols, and their positions within the bounding box provided.; actions: Some elements may require manual review due to potential boundary-crossing relationships or unclear arrow endpoints.; symbols: The image is a flowchart that includes multiple decision points and recommendations. The extraction focuses on the visible symbols (like +, *, #, †, ≈, ‡, ^) and their associated text, which are typically footnotes or annotations in clinical guidelines.",647eacd5466ed768b8a16b59e9ead52f0d53e79e63b9b3991201d236edc459b2,647eacd5466ed768b8a16b59e9ead52f0d53e79e63b9b3991201d236edc459b2,pending,,,,,False,node_02,+Mitigating risk of MASLD or MASH,,Agents with proven or potential benefit in MASLD or MASH,,+Mitigating risk of MASLD or MASH,"[140.0,185.0,960.0,235.0]"
p009-page-009-tile-r03-c01::page-009-tile-r03-c01-structure-tile-001::node::node-03,page_009_tile_r03_c01,9,CONTROLLED_SOURCE_PDF/ADA principles for pharmacologic therapy.pdf,7c2913f79b61bc60f8f51327bb73b80391988fd277116b29e57df4242b2a2404,3154eb177bed280435b48352abedf71aabb52d08e790a9a99b77d726731f937d,tile,"[0.0,422.986,360.0,782.986]",normalized_0_1000,CONTROLLED_SOURCE_IMAGE/ada_page_009_tile_r03_c01.png,OMITTED_RAW_MODEL_JSON/visual_logic_page_009_tile_r03_c01.json,extracted_unvalidated,page_009_tile_r03_c01__structure__tile_001,figure,Figure 9.4—Use of glucose-lowering medications in the management of type 2 diabetes.,True,True,valid,,"structure: No evidence for 'ordinal_symbols' or 'drug_actions'.; structure: All visible decision nodes and arrows are extracted as per schema.; structure: Figure title is included in visual_item's title field.; actions: The image contains a flowchart with multiple decision points and arrows indicating relationships between nodes. The extraction process has preserved the visible text, symbols, and their positions within the bounding box provided.; actions: Some elements may require manual review due to potential boundary-crossing relationships or unclear arrow endpoints.; symbols: The image is a flowchart that includes multiple decision points and recommendations. The extraction focuses on the visible symbols (like +, *, #, †, ≈, ‡, ^) and their associated text, which are typically footnotes or annotations in clinical guidelines.",8c632ec441c83395ae8b6870d8cf96eca26c819d0178bc3d8b7953b308f0cc07,8c632ec441c83395ae8b6870d8cf96eca26c819d0178bc3d8b7953b308f0cc07,pending,,,,,False,node_03,Agents with proven or potential benefit in MASLD or MASH,,,,"Agents with proven or potential benefit in MASLD or MASH GLP-1 RA, dual GIP and GLP-1 RA, pioglitazone, or combination of GLP-1 RA with pioglitazone Use insulin in the setting of decompensated cirrhosis","[140.0,285.0,960.0,375.0]"
p009-page-009-tile-r03-c02::page-009-tile-r03-c02-structure-tile-r03-c02::node::n1,page_009_tile_r03_c02,9,CONTROLLED_SOURCE_PDF/ADA principles for pharmacologic therapy.pdf,7c2913f79b61bc60f8f51327bb73b80391988fd277116b29e57df4242b2a2404,cad6ccc08acb141c1614c55c006bdd7a2fe9a990d35d5625e05b34183b827230,tile,"[233.972,422.986,593.972,782.986]",normalized_0_1000,CONTROLLED_SOURCE_IMAGE/ada_page_009_tile_r03_c02.png,OMITTED_RAW_MODEL_JSON/visual_logic_page_009_tile_r03_c02.json,extracted_unvalidated,page_009_tile_r03_c02__structure__tile_r03_c02,flowchart,Clinical Guideline Evidence for Type 2 Diabetes Management,True,True,valid,,"structure: The image contains fragmented text that may not fully represent the original guideline's structure or content.; structure: Some evidence bounding boxes are approximate due to OCR limitations.; structure: The flowchart is adapted from Davies et al. (90), but specific details may be incomplete.; actions: The image contains fragmented text that may not fully convey the complete clinical guideline evidence.; actions: Some arrows and nodes may require manual review for accurate interpretation due to partial visibility or unclear boundaries.; symbols: The image is a cropped section of a larger algorithmic flowchart; some nodes may be cut off.; symbols: Some text fragments are incomplete or partially obscured in the source image, requiring manual review for full context.",269e3a194989d497b7e2105dc3e7fe9fe20a298a905c4705dbe619b1d24ef44c,269e3a194989d497b7e2105dc3e7fe9fe20a298a905c4705dbe619b1d24ef44c,pending,,,,,False,N1,If glycemia is above goal or significant hypoglycemia or hyperglycemia or barriers to care are identified,Glycemic control status; Barriers to care,"Refer to DSMES to support self-efficacy in achievement of treatment goal; Consider technology (e.g., diagnostic or personal CGM) to identify therapeutic gaps and tailor therapy; Identify and address SDOH that affect achievement of treatment goals",,If glycemia is above goal or significant hypoglycemia or hyperglycemia or barriers to care are identified,"[412.0,85.0,807.0,136.0]"
p009-page-009-tile-r03-c02::page-009-tile-r03-c02-structure-tile-r03-c02::node::n2,page_009_tile_r03_c02,9,CONTROLLED_SOURCE_PDF/ADA principles for pharmacologic therapy.pdf,7c2913f79b61bc60f8f51327bb73b80391988fd277116b29e57df4242b2a2404,cad6ccc08acb141c1614c55c006bdd7a2fe9a990d35d5625e05b34183b827230,tile,"[233.972,422.986,593.972,782.986]",normalized_0_1000,CONTROLLED_SOURCE_IMAGE/ada_page_009_tile_r03_c02.png,OMITTED_RAW_MODEL_JSON/visual_logic_page_009_tile_r03_c02.json,extracted_unvalidated,page_009_tile_r03_c02__structure__tile_r03_c02,flowchart,Clinical Guideline Evidence for Type 2 Diabetes Management,True,True,valid,,"structure: The image contains fragmented text that may not fully represent the original guideline's structure or content.; structure: Some evidence bounding boxes are approximate due to OCR limitations.; structure: The flowchart is adapted from Davies et al. (90), but specific details may be incomplete.; actions: The image contains fragmented text that may not fully convey the complete clinical guideline evidence.; actions: Some arrows and nodes may require manual review for accurate interpretation due to partial visibility or unclear boundaries.; symbols: The image is a cropped section of a larger algorithmic flowchart; some nodes may be cut off.; symbols: Some text fragments are incomplete or partially obscured in the source image, requiring manual review for full context.",e5dac42a9588e76283d04b98ded788c336671a6bda639422911c82dc7ac5337a,e5dac42a9588e76283d04b98ded788c336671a6bda639422911c82dc7ac5337a,pending,,,,,False,N2,Decision to use a GLP-1 RA or SGLT2i with proven benefit should be made irrespective of attainment of glycemic goal.,Glycemic control status,,,Decision to use a GLP-1 RA or SGLT2i with proven benefit should be made irrespective of attainment of glycemic goal.,"[0.0,385.0,497.0,416.0]"
p009-page-009-tile-r03-c02::page-009-tile-r03-c02-structure-tile-r03-c02::node::n3,page_009_tile_r03_c02,9,CONTROLLED_SOURCE_PDF/ADA principles for pharmacologic therapy.pdf,7c2913f79b61bc60f8f51327bb73b80391988fd277116b29e57df4242b2a2404,cad6ccc08acb141c1614c55c006bdd7a2fe9a990d35d5625e05b34183b827230,tile,"[233.972,422.986,593.972,782.986]",normalized_0_1000,CONTROLLED_SOURCE_IMAGE/ada_page_009_tile_r03_c02.png,OMITTED_RAW_MODEL_JSON/visual_logic_page_009_tile_r03_c02.json,extracted_unvalidated,page_009_tile_r03_c02__structure__tile_r03_c02,flowchart,Clinical Guideline Evidence for Type 2 Diabetes Management,True,True,valid,,"structure: The image contains fragmented text that may not fully represent the original guideline's structure or content.; structure: Some evidence bounding boxes are approximate due to OCR limitations.; structure: The flowchart is adapted from Davies et al. (90), but specific details may be incomplete.; actions: The image contains fragmented text that may not fully convey the complete clinical guideline evidence.; actions: Some arrows and nodes may require manual review for accurate interpretation due to partial visibility or unclear boundaries.; symbols: The image is a cropped section of a larger algorithmic flowchart; some nodes may be cut off.; symbols: Some text fragments are incomplete or partially obscured in the source image, requiring manual review for full context.",6cb09cbc73c6753d45c60820c6e4b99034b96b6bf5efd4a3761e8c96a6154eb4,6cb09cbc73c6753d45c60820c6e4b99034b96b6bf5efd4a3761e8c96a6154eb4,pending,,,,,False,N3,"Indicators of high risk CVD: While definitions vary, most comprise ≥55 years of age with two or more indicators (e.g., hypertension, smoking, dyslipidemia, family history, albuminuria).",Age; Comorbidities,,,"Indicators of high risk CVD: While definitions vary, most comprise ≥55 years of age with two or more indicators (e.g., hypertension, smoking, dyslipidemia, family history, albuminuria).","[0.0,436.0,807.0,469.0]"
p009-page-009-tile-r03-c02::page-009-tile-r03-c02-structure-tile-r03-c02::node::n4,page_009_tile_r03_c02,9,CONTROLLED_SOURCE_PDF/ADA principles for pharmacologic therapy.pdf,7c2913f79b61bc60f8f51327bb73b80391988fd277116b29e57df4242b2a2404,cad6ccc08acb141c1614c55c006bdd7a2fe9a990d35d5625e05b34183b827230,tile,"[233.972,422.986,593.972,782.986]",normalized_0_1000,CONTROLLED_SOURCE_IMAGE/ada_page_009_tile_r03_c02.png,OMITTED_RAW_MODEL_JSON/visual_logic_page_009_tile_r03_c02.json,extracted_unvalidated,page_009_tile_r03_c02__structure__tile_r03_c02,flowchart,Clinical Guideline Evidence for Type 2 Diabetes Management,True,True,valid,,"structure: The image contains fragmented text that may not fully represent the original guideline's structure or content.; structure: Some evidence bounding boxes are approximate due to OCR limitations.; structure: The flowchart is adapted from Davies et al. (90), but specific details may be incomplete.; actions: The image contains fragmented text that may not fully convey the complete clinical guideline evidence.; actions: Some arrows and nodes may require manual review for accurate interpretation due to partial visibility or unclear boundaries.; symbols: The image is a cropped section of a larger algorithmic flowchart; some nodes may be cut off.; symbols: Some text fragments are incomplete or partially obscured in the source image, requiring manual review for full context.",7473867e027d452da71150d392914f18db3a8500832741a77b8e655cef6944f0,7473867e027d452da71150d392914f18db3a8500832741a77b8e655cef6944f0,pending,,,,,False,N4,"Recommendation for those with indicators of high risk CVD. Moreover, a higher absolute risk reduction and thus lower numbers needed to treat (NNT) are expected in the shared decision-making process.",High-risk CVD status,,,"Recommendation for those with indicators of high risk CVD. Moreover, a higher absolute risk reduction and thus lower numbers needed to treat (NNT) are expected in the shared decision-making process.","[0.0,487.0,807.0,519.0]"
p009-page-009-tile-r03-c02::page-009-tile-r03-c02-structure-tile-r03-c02::node::n5,page_009_tile_r03_c02,9,CONTROLLED_SOURCE_PDF/ADA principles for pharmacologic therapy.pdf,7c2913f79b61bc60f8f51327bb73b80391988fd277116b29e57df4242b2a2404,cad6ccc08acb141c1614c55c006bdd7a2fe9a990d35d5625e05b34183b827230,tile,"[233.972,422.986,593.972,782.986]",normalized_0_1000,CONTROLLED_SOURCE_IMAGE/ada_page_009_tile_r03_c02.png,OMITTED_RAW_MODEL_JSON/visual_logic_page_009_tile_r03_c02.json,extracted_unvalidated,page_009_tile_r03_c02__structure__tile_r03_c02,flowchart,Clinical Guideline Evidence for Type 2 Diabetes Management,True,True,valid,,"structure: The image contains fragmented text that may not fully represent the original guideline's structure or content.; structure: Some evidence bounding boxes are approximate due to OCR limitations.; structure: The flowchart is adapted from Davies et al. (90), but specific details may be incomplete.; actions: The image contains fragmented text that may not fully convey the complete clinical guideline evidence.; actions: Some arrows and nodes may require manual review for accurate interpretation due to partial visibility or unclear boundaries.; symbols: The image is a cropped section of a larger algorithmic flowchart; some nodes may be cut off.; symbols: Some text fragments are incomplete or partially obscured in the source image, requiring manual review for full context.",94560f7a4e69ac0f536a0f665090eab107b5fadf5d4fc2d2eca36a1db96f7fb4,94560f7a4e69ac0f536a0f665090eab107b5fadf5d4fc2d2eca36a1db96f7fb4,pending,,,,,False,N5,"One of the outcomes for a GLP-1 RA in individuals with CKD and T2D: MACE, CV death, all-cause mortality, MI, stroke, and kidney end points.",CKD status; T2D status,,,"One of the outcomes for a GLP-1 RA in individuals with CKD and T2D: MACE, CV death, all-cause mortality, MI, stroke, and kidney end points.","[0.0,538.0,807.0,569.0]"
p009-page-009-tile-r03-c02::page-009-tile-r03-c02-structure-tile-r03-c02::node::n6,page_009_tile_r03_c02,9,CONTROLLED_SOURCE_PDF/ADA principles for pharmacologic therapy.pdf,7c2913f79b61bc60f8f51327bb73b80391988fd277116b29e57df4242b2a2404,cad6ccc08acb141c1614c55c006bdd7a2fe9a990d35d5625e05b34183b827230,tile,"[233.972,422.986,593.972,782.986]",normalized_0_1000,CONTROLLED_SOURCE_IMAGE/ada_page_009_tile_r03_c02.png,OMITTED_RAW_MODEL_JSON/visual_logic_page_009_tile_r03_c02.json,extracted_unvalidated,page_009_tile_r03_c02__structure__tile_r03_c02,flowchart,Clinical Guideline Evidence for Type 2 Diabetes Management,True,True,valid,,"structure: The image contains fragmented text that may not fully represent the original guideline's structure or content.; structure: Some evidence bounding boxes are approximate due to OCR limitations.; structure: The flowchart is adapted from Davies et al. (90), but specific details may be incomplete.; actions: The image contains fragmented text that may not fully convey the complete clinical guideline evidence.; actions: Some arrows and nodes may require manual review for accurate interpretation due to partial visibility or unclear boundaries.; symbols: The image is a cropped section of a larger algorithmic flowchart; some nodes may be cut off.; symbols: Some text fragments are incomplete or partially obscured in the source image, requiring manual review for full context.",15f256cab73ac6151a56a1609658304354f7bd7314149eb2a3db2563ff8de211,15f256cab73ac6151a56a1609658304354f7bd7314149eb2a3db2563ff8de211,pending,,,,,False,N6,"Reducing the risks of composite MACE, CV death, all-cause mortality, MI, HHF, and kidney outcomes in individuals with T2D and CKD.",T2D status; CKD status,,,"Reducing the risks of composite MACE, CV death, all-cause mortality, MI, HHF, and kidney outcomes in individuals with T2D and CKD.","[0.0,589.0,807.0,621.0]"
p009-page-009-tile-r03-c02::page-009-tile-r03-c02-structure-tile-r03-c02::node::n7,page_009_tile_r03_c02,9,CONTROLLED_SOURCE_PDF/ADA principles for pharmacologic therapy.pdf,7c2913f79b61bc60f8f51327bb73b80391988fd277116b29e57df4242b2a2404,cad6ccc08acb141c1614c55c006bdd7a2fe9a990d35d5625e05b34183b827230,tile,"[233.972,422.986,593.972,782.986]",normalized_0_1000,CONTROLLED_SOURCE_IMAGE/ada_page_009_tile_r03_c02.png,OMITTED_RAW_MODEL_JSON/visual_logic_page_009_tile_r03_c02.json,extracted_unvalidated,page_009_tile_r03_c02__structure__tile_r03_c02,flowchart,Clinical Guideline Evidence for Type 2 Diabetes Management,True,True,valid,,"structure: The image contains fragmented text that may not fully represent the original guideline's structure or content.; structure: Some evidence bounding boxes are approximate due to OCR limitations.; structure: The flowchart is adapted from Davies et al. (90), but specific details may be incomplete.; actions: The image contains fragmented text that may not fully convey the complete clinical guideline evidence.; actions: Some arrows and nodes may require manual review for accurate interpretation due to partial visibility or unclear boundaries.; symbols: The image is a cropped section of a larger algorithmic flowchart; some nodes may be cut off.; symbols: Some text fragments are incomplete or partially obscured in the source image, requiring manual review for full context.",61d0be2f480590bf18bdfdda03d572c9d22d8d2faf285ac380b220d0c9777610,61d0be2f480590bf18bdfdda03d572c9d22d8d2faf285ac380b220d0c9777610,pending,,,,,False,N7,"The left side of the algorithm prioritizes mitigation of cardiovascular risk, while the right side addresses weight and glucose management goals.",Cardiovascular risk; Weight/glucose control,,,"The left side of the algorithm prioritizes mitigation of cardiovascular risk, while the right side addresses weight and glucose management goals.","[0.0,691.0,807.0,723.0]"
p011-page-011-tile-r01-c01::page-011-tile-r01-c01-structure-tile-r01-c01::node::n1,page_011_tile_r01_c01,11,CONTROLLED_SOURCE_PDF/ADA principles for pharmacologic therapy.pdf,7c2913f79b61bc60f8f51327bb73b80391988fd277116b29e57df4242b2a2404,5f10758abfd955e9ced7b2e41975e7ce744de867fefda679f42db97b9f13c509,tile,"[0.0,0.0,360.0,360.0]",normalized_0_1000,CONTROLLED_SOURCE_IMAGE/ada_page_011_tile_r01_c01.png,OMITTED_RAW_MODEL_JSON/visual_logic_page_011_tile_r01_c01.json,extracted_unvalidated,page_011_tile_r01_c01__structure__tile_r01_c01,table,Table 9.2,True,True,valid,,"structure: The table is partially cut off at the bottom right corner.; structure: Some text may be truncated or obscured due to image resolution.; symbols: The table is partially cut off at the bottom right corner; some text may be incomplete or truncated.; symbols: Some columns are not fully visible (e.g., 'MASH effects' column content might be missing).; symbols: The exact medication name is not explicitly stated, but context suggests it's related to metformin or similar agents.; visual item title derived from manifest figure_ids/table_ids",4c83d272da42706c6cc8790c33026622aa61fa3f4212181c7639ba2fa5da1934,4c83d272da42706c6cc8790c33026622aa61fa3f4212181c7639ba2fa5da1934,pending,,,,,False,N1,eGFR <30 mL/min/1.73 m²,eGFR; kidney function,Contraindicated with eGFR <30 mL/min/1.73 m²,,• Contraindicated with eGFR <30 mL/min/1.73 m²,"[245.0,689.0,360.0,720.0]"
p011-page-011-tile-r01-c01::page-011-tile-r01-c01-structure-tile-r01-c01::node::n2,page_011_tile_r01_c01,11,CONTROLLED_SOURCE_PDF/ADA principles for pharmacologic therapy.pdf,7c2913f79b61bc60f8f51327bb73b80391988fd277116b29e57df4242b2a2404,5f10758abfd955e9ced7b2e41975e7ce744de867fefda679f42db97b9f13c509,tile,"[0.0,0.0,360.0,360.0]",normalized_0_1000,CONTROLLED_SOURCE_IMAGE/ada_page_011_tile_r01_c01.png,OMITTED_RAW_MODEL_JSON/visual_logic_page_011_tile_r01_c01.json,extracted_unvalidated,page_011_tile_r01_c01__structure__tile_r01_c01,table,Table 9.2,True,True,valid,,"structure: The table is partially cut off at the bottom right corner.; structure: Some text may be truncated or obscured due to image resolution.; symbols: The table is partially cut off at the bottom right corner; some text may be incomplete or truncated.; symbols: Some columns are not fully visible (e.g., 'MASH effects' column content might be missing).; symbols: The exact medication name is not explicitly stated, but context suggests it's related to metformin or similar agents.; visual item title derived from manifest figure_ids/table_ids",0ba28fee1264e3b4a59d8ee5d15e00213e3d86dbddd50d1d5a3162a723237c52,0ba28fee1264e3b4a59d8ee5d15e00213e3d86dbddd50d1d5a3162a723237c52,pending,,,,,False,N2,Glucose-lowering effect is minimal at eGFR <45 mL/min/1.73 m² and lower,eGFR; kidney function,,,• Glucose-lowering effect is minimal at eGFR <45 mL/min/1.73 m² and lower;,"[245.0,720.0,360.0,750.0]"
p011-page-011-tile-r01-c01::page-011-tile-r01-c01-structure-tile-r01-c01::node::n3,page_011_tile_r01_c01,11,CONTROLLED_SOURCE_PDF/ADA principles for pharmacologic therapy.pdf,7c2913f79b61bc60f8f51327bb73b80391988fd277116b29e57df4242b2a2404,5f10758abfd955e9ced7b2e41975e7ce744de867fefda679f42db97b9f13c509,tile,"[0.0,0.0,360.0,360.0]",normalized_0_1000,CONTROLLED_SOURCE_IMAGE/ada_page_011_tile_r01_c01.png,OMITTED_RAW_MODEL_JSON/visual_logic_page_011_tile_r01_c01.json,extracted_unvalidated,page_011_tile_r01_c01__structure__tile_r01_c01,table,Table 9.2,True,True,valid,,"structure: The table is partially cut off at the bottom right corner.; structure: Some text may be truncated or obscured due to image resolution.; symbols: The table is partially cut off at the bottom right corner; some text may be incomplete or truncated.; symbols: Some columns are not fully visible (e.g., 'MASH effects' column content might be missing).; symbols: The exact medication name is not explicitly stated, but context suggests it's related to metformin or similar agents.; visual item title derived from manifest figure_ids/table_ids",6cf4e4aa1f90ada9631f94f72fe895f1c384569d9b25a3d9f0ad69e631ac5dbe,6cf4e4aa1f90ada9631f94f72fe895f1c384569d9b25a3d9f0ad69e631ac5dbe,pending,,,,,False,N3,Continue or start for cardiovascular and kidney benefit if eGFR >20 mL/min/1.73 m²,eGFR; kidney function,,,• Continue or start for cardiovascular and kidney benefit if eGFR >20 mL/min/1.73 m².,"[245.0,750.0,360.0,780.0]"
p011-page-011-tile-r01-c01::page-011-tile-r01-c01-structure-tile-r01-c01::node::n4,page_011_tile_r01_c01,11,CONTROLLED_SOURCE_PDF/ADA principles for pharmacologic therapy.pdf,7c2913f79b61bc60f8f51327bb73b80391988fd277116b29e57df4242b2a2404,5f10758abfd955e9ced7b2e41975e7ce744de867fefda679f42db97b9f13c509,tile,"[0.0,0.0,360.0,360.0]",normalized_0_1000,CONTROLLED_SOURCE_IMAGE/ada_page_011_tile_r01_c01.png,OMITTED_RAW_MODEL_JSON/visual_logic_page_011_tile_r01_c01.json,extracted_unvalidated,page_011_tile_r01_c01__structure__tile_r01_c01,table,Table 9.2,True,True,valid,,"structure: The table is partially cut off at the bottom right corner.; structure: Some text may be truncated or obscured due to image resolution.; symbols: The table is partially cut off at the bottom right corner; some text may be incomplete or truncated.; symbols: Some columns are not fully visible (e.g., 'MASH effects' column content might be missing).; symbols: The exact medication name is not explicitly stated, but context suggests it's related to metformin or similar agents.; visual item title derived from manifest figure_ids/table_ids",1f4abb0c9631147772b7c2fc89a5390a6cbe76c55b7792c0c4d3a42d15cd73fa,1f4abb0c9631147772b7c2fc89a5390a6cbe76c55b7792c0c4d3a42d15cd73fa,pending,,,,,False,N4,May continue until dialysis or transplantation,kidney function,,,• May continue until dialysis or transplantation,"[245.0,780.0,360.0,810.0]"
p011-page-011-tile-r01-c01::page-011-tile-r01-c01-structure-tile-r01-c01::node::n5,page_011_tile_r01_c01,11,CONTROLLED_SOURCE_PDF/ADA principles for pharmacologic therapy.pdf,7c2913f79b61bc60f8f51327bb73b80391988fd277116b29e57df4242b2a2404,5f10758abfd955e9ced7b2e41975e7ce744de867fefda679f42db97b9f13c509,tile,"[0.0,0.0,360.0,360.0]",normalized_0_1000,CONTROLLED_SOURCE_IMAGE/ada_page_011_tile_r01_c01.png,OMITTED_RAW_MODEL_JSON/visual_logic_page_011_tile_r01_c01.json,extracted_unvalidated,page_011_tile_r01_c01__structure__tile_r01_c01,table,Table 9.2,True,True,valid,,"structure: The table is partially cut off at the bottom right corner.; structure: Some text may be truncated or obscured due to image resolution.; symbols: The table is partially cut off at the bottom right corner; some text may be incomplete or truncated.; symbols: Some columns are not fully visible (e.g., 'MASH effects' column content might be missing).; symbols: The exact medication name is not explicitly stated, but context suggests it's related to metformin or similar agents.; visual item title derived from manifest figure_ids/table_ids",c93ff60c5cd9302541600513d3620e8cfe51b63ef6b92ce1c22aedf4393e4a2e,c93ff60c5cd9302541600513d3620e8cfe51b63ef6b92ce1c22aedf4393e4a2e,pending,,,,,False,N5,See labels of individual agents for dosage considerations for kidney function,kidney function,,,• See labels of individual agents for dosage considerations for kidney function,"[245.0,810.0,360.0,840.0]"
p011-page-011-tile-r01-c01::page-011-tile-r01-c01-structure-tile-r01-c01::node::n6,page_011_tile_r01_c01,11,CONTROLLED_SOURCE_PDF/ADA principles for pharmacologic therapy.pdf,7c2913f79b61bc60f8f51327bb73b80391988fd277116b29e57df4242b2a2404,5f10758abfd955e9ced7b2e41975e7ce744de867fefda679f42db97b9f13c509,tile,"[0.0,0.0,360.0,360.0]",normalized_0_1000,CONTROLLED_SOURCE_IMAGE/ada_page_011_tile_r01_c01.png,OMITTED_RAW_MODEL_JSON/visual_logic_page_011_tile_r01_c01.json,extracted_unvalidated,page_011_tile_r01_c01__structure__tile_r01_c01,table,Table 9.2,True,True,valid,,"structure: The table is partially cut off at the bottom right corner.; structure: Some text may be truncated or obscured due to image resolution.; symbols: The table is partially cut off at the bottom right corner; some text may be incomplete or truncated.; symbols: Some columns are not fully visible (e.g., 'MASH effects' column content might be missing).; symbols: The exact medication name is not explicitly stated, but context suggests it's related to metformin or similar agents.; visual item title derived from manifest figure_ids/table_ids",610f90e4cb03a357469b020c585223801c1ebd8cf1edee491fe2bf43922db8a4,610f90e4cb03a357469b020c585223801c1ebd8cf1edee491fe2bf43922db8a4,pending,,,,,False,N6,DKA risk in individuals with insulin deficiency (rare in T2D),insulin status; T2D,,,"• DKA risk in individuals with insulin deficiency (rare in T2D): discontinue, evaluate, and treat promptly if suspected; be aware of predisposing risk factors and clinical presentations (including euglycemic DKA); mitigate risk with sick-day planning;","[500.0,180.0,640.0,320.0]"
p011-page-011-tile-r01-c01::page-011-tile-r01-c01-structure-tile-r01-c01::node::n7,page_011_tile_r01_c01,11,CONTROLLED_SOURCE_PDF/ADA principles for pharmacologic therapy.pdf,7c2913f79b61bc60f8f51327bb73b80391988fd277116b29e57df4242b2a2404,5f10758abfd955e9ced7b2e41975e7ce744de867fefda679f42db97b9f13c509,tile,"[0.0,0.0,360.0,360.0]",normalized_0_1000,CONTROLLED_SOURCE_IMAGE/ada_page_011_tile_r01_c01.png,OMITTED_RAW_MODEL_JSON/visual_logic_page_011_tile_r01_c01.json,extracted_unvalidated,page_011_tile_r01_c01__structure__tile_r01_c01,table,Table 9.2,True,True,valid,,"structure: The table is partially cut off at the bottom right corner.; structure: Some text may be truncated or obscured due to image resolution.; symbols: The table is partially cut off at the bottom right corner; some text may be incomplete or truncated.; symbols: Some columns are not fully visible (e.g., 'MASH effects' column content might be missing).; symbols: The exact medication name is not explicitly stated, but context suggests it's related to metformin or similar agents.; visual item title derived from manifest figure_ids/table_ids",5207f6c9149458e27698c9c2cf9c4c444d2222f643bf3120a8741326b9dd9dfc,5207f6c9149458e27698c9c2cf9c4c444d2222f643bf3120a8741326b9dd9dfc,pending,,,,,False,N7,"Discontinue before scheduled surgery (e.g., 3–4 days)",surgery,,,"• Discontinue before scheduled surgery (e.g., 3–4 days), during critical illness, or during prolonged fasting","[500.0,320.0,640.0,380.0]"
p011-page-011-tile-r01-c01::page-011-tile-r01-c01-structure-tile-r01-c01::node::n8,page_011_tile_r01_c01,11,CONTROLLED_SOURCE_PDF/ADA principles for pharmacologic therapy.pdf,7c2913f79b61bc60f8f51327bb73b80391988fd277116b29e57df4242b2a2404,5f10758abfd955e9ced7b2e41975e7ce744de867fefda679f42db97b9f13c509,tile,"[0.0,0.0,360.0,360.0]",normalized_0_1000,CONTROLLED_SOURCE_IMAGE/ada_page_011_tile_r01_c01.png,OMITTED_RAW_MODEL_JSON/visual_logic_page_011_tile_r01_c01.json,extracted_unvalidated,page_011_tile_r01_c01__structure__tile_r01_c01,table,Table 9.2,True,True,valid,,"structure: The table is partially cut off at the bottom right corner.; structure: Some text may be truncated or obscured due to image resolution.; symbols: The table is partially cut off at the bottom right corner; some text may be incomplete or truncated.; symbols: Some columns are not fully visible (e.g., 'MASH effects' column content might be missing).; symbols: The exact medication name is not explicitly stated, but context suggests it's related to metformin or similar agents.; visual item title derived from manifest figure_ids/table_ids",e7177d543ad9f275587c9ea9949254ae0bceec209a3022e32cbd64be845554f4,e7177d543ad9f275587c9ea9949254ae0bceec209a3022e32cbd64be845554f4,pending,,,,,False,N8,Genital mycotic infections: mitigate risk with genital hygiene and avoid use in high-risk individuals,genital health; risk status,,,• Genital mycotic infections: mitigate risk with genital hygiene and avoid use in high-risk individuals,"[500.0,380.0,640.0,420.0]"
p011-page-011-tile-r01-c01::page-011-tile-r01-c01-structure-tile-r01-c01::node::n9,page_011_tile_r01_c01,11,CONTROLLED_SOURCE_PDF/ADA principles for pharmacologic therapy.pdf,7c2913f79b61bc60f8f51327bb73b80391988fd277116b29e57df4242b2a2404,5f10758abfd955e9ced7b2e41975e7ce744de867fefda679f42db97b9f13c509,tile,"[0.0,0.0,360.0,360.0]",normalized_0_1000,CONTROLLED_SOURCE_IMAGE/ada_page_011_tile_r01_c01.png,OMITTED_RAW_MODEL_JSON/visual_logic_page_011_tile_r01_c01.json,extracted_unvalidated,page_011_tile_r01_c01__structure__tile_r01_c01,table,Table 9.2,True,True,valid,,"structure: The table is partially cut off at the bottom right corner.; structure: Some text may be truncated or obscured due to image resolution.; symbols: The table is partially cut off at the bottom right corner; some text may be incomplete or truncated.; symbols: Some columns are not fully visible (e.g., 'MASH effects' column content might be missing).; symbols: The exact medication name is not explicitly stated, but context suggests it's related to metformin or similar agents.; visual item title derived from manifest figure_ids/table_ids",6640e5613db59be218df17fa69943bbf1512518cf5b8f630c1a9d4f77d6a91d1,6640e5613db59be218df17fa69943bbf1512518cf5b8f630c1a9d4f77d6a91d1,pending,,,,,False,N9,Urosepsis and pyelonephritis: avoid use in high-risk individuals,infection risk; kidney health,,,• Urosepsis and pyelonephritis: avoid use in high-risk individuals,"[500.0,420.0,640.0,460.0]"
p011-page-011-tile-r02-c02::page-011-tile-r02-c02-structure-tile-r02-c02::node::n1,page_011_tile_r02_c02,11,CONTROLLED_SOURCE_PDF/ADA principles for pharmacologic therapy.pdf,7c2913f79b61bc60f8f51327bb73b80391988fd277116b29e57df4242b2a2404,0796ea5c2efe0d3d2dc1bb0c6a9776207c7cb3b68b857d68ec1916c43be9f07d,tile,"[233.972,288.0,593.972,648.0]",normalized_0_1000,CONTROLLED_SOURCE_IMAGE/ada_page_011_tile_r02_c02.png,OMITTED_RAW_MODEL_JSON/visual_logic_page_011_tile_r02_c02.json,extracted_unvalidated,page_011_tile_r02_c02__structure__tile_r02_c02,table,Table 9.2,True,True,valid,,"structure: No clinical guideline evidence visible in this single image asset. Asset ID: page_011_tile_r02_c02. PDF page: 11. Asset type: tile. Source-page bounding box: ['233.972', '288.0', '593.972', '648.0']. Preserve exact thresholds, logical alternatives (AND/OR), priority language, arrow direction, medication-class distinctions, and uncertainty. Extract all visible decision nodes and directed arrows. Use short, unique node IDs. Populate decision_nodes and recommendation_edges; leave ordinal_symbols and drug_actions empty unless essential to name a node. Return at most one aggregate visual item for this asset and pass; put every visible record of the requested types into that item's child arrays. Evidence bounding boxes use Qwen3-VL's normalized 0-1000 coordinate grid, not source pixels; use [] when uncertain. Every child record needs a nonempty evidence_text that quotes or closely transcribes visible local wording. For an arrow, evidence_text may briefly identify the visible source label, arrow, and target label. For a tile, do not invent off-tile nodes or arrow endpoints: retain visible evidence and set requires_manual_review=true for any boundary-crossing relationship. Return only data matching the supplied JSON Schema.; actions: No explicit recommendation-strength word visible; using empty strength string.; actions: No medication-class distinctions visible; assuming generic drug action.; symbols: The text is fragmented and does not form a coherent clinical guideline. It appears to be a list of terms related to glucose, eGFR (estimated glomerular filtration rate), kidney function, and medication use, but lacks structure or context for actionable guidelines.; visual item title derived from manifest figure_ids/table_ids",bec526e951e53ca41ad9d468134ecca0a8effa5d3ccdd20ee43f1fd388596fc5,bec526e951e53ca41ad9d468134ecca0a8effa5d3ccdd20ee43f1fd388596fc5,pending,,,,,False,n1,Glucose effect is eGFR <4.73 m² continue cardiovascular kidney b >20 mL/ May con dialysis or,,,,Glucose effect is eGFR <4.73 m² continue cardiovascular kidney b >20 mL/ May con dialysis or,"[15.0,68.0,90.0,100.0]"
p012-page-012-tile-r01-c01::page-012-tile-r01-c01-structure-tile-r01-c01::node::n0,page_012_tile_r01_c01,12,CONTROLLED_SOURCE_PDF/ADA principles for pharmacologic therapy.pdf,7c2913f79b61bc60f8f51327bb73b80391988fd277116b29e57df4242b2a2404,2827f69cbe55c85bc309ea480faff078e76c008ba8afce0bdf46a42d09594dbe,tile,"[0.0,0.0,360.0,360.0]",normalized_0_1000,CONTROLLED_SOURCE_IMAGE/ada_page_012_tile_r01_c01.png,OMITTED_RAW_MODEL_JSON/visual_logic_page_012_tile_r01_c01.json,extracted_unvalidated,page_012_tile_r01_c01__structure__tile_r01_c01,table,Pharmacologic Approaches to Glycemic Treatment,True,True,valid,,"structure: The table is partially cut off at the bottom right corner, so some information may be missing.; structure: Some text in the table is too small to read clearly without zooming in.; actions: The table contains repeated entries for the same drug class (GLP-1 receptor agonists) with identical actions and triggers. This may indicate a formatting or data entry error in the source document.; actions: No explicit recommendation-strength words are visible in the extracted evidence, so they were left as empty strings.; symbols: No clinical guideline evidence was found in this asset. The table contains pharmacologic information but does not present formal clinical guidelines or evidence-based recommendations with specific thresholds or ordinal scales.",1331acdd9a435e9b3077849973de5e157bbe8402472d57e257b1761680c1d0d2,1331acdd9a435e9b3077849973de5e157bbe8402472d57e257b1761680c1d0d2,pending,,,,,False,N0,Thyroid C-cell tumors identified in rodents; human relevance not determined,,Provide guidance on discontinuation prior to surgical procedures to mitigate potential for pulmonary aspiration with general anesthesia or deep sedation,,Thyroid C-cell tumors identified in rodents; human relevance not determined • Provide guidance on discontinuation prior to surgical procedures to mitigate potential for pulmonary aspiration with general anesthesia or deep sedation,"[360.0,198.0,450.0,270.0]"
p012-page-012-tile-r01-c01::page-012-tile-r01-c01-structure-tile-r01-c01::node::n1,page_012_tile_r01_c01,12,CONTROLLED_SOURCE_PDF/ADA principles for pharmacologic therapy.pdf,7c2913f79b61bc60f8f51327bb73b80391988fd277116b29e57df4242b2a2404,2827f69cbe55c85bc309ea480faff078e76c008ba8afce0bdf46a42d09594dbe,tile,"[0.0,0.0,360.0,360.0]",normalized_0_1000,CONTROLLED_SOURCE_IMAGE/ada_page_012_tile_r01_c01.png,OMITTED_RAW_MODEL_JSON/visual_logic_page_012_tile_r01_c01.json,extracted_unvalidated,page_012_tile_r01_c01__structure__tile_r01_c01,table,Pharmacologic Approaches to Glycemic Treatment,True,True,valid,,"structure: The table is partially cut off at the bottom right corner, so some information may be missing.; structure: Some text in the table is too small to read clearly without zooming in.; actions: The table contains repeated entries for the same drug class (GLP-1 receptor agonists) with identical actions and triggers. This may indicate a formatting or data entry error in the source document.; actions: No explicit recommendation-strength words are visible in the extracted evidence, so they were left as empty strings.; symbols: No clinical guideline evidence was found in this asset. The table contains pharmacologic information but does not present formal clinical guidelines or evidence-based recommendations with specific thresholds or ordinal scales.",15c3e18e32fc033535ccddccaa656bdbc6786710e30094b0d49d53e8c3562e57,15c3e18e32fc033535ccddccaa656bdbc6786710e30094b0d49d53e8c3562e57,pending,,,,,False,N1,"Pancreatitis: acute pancreatitis has been reported, but causality has not been established; do not initiate if at high risk for pancreatitis, and discontinue if pancreatitis is suspected",,,,"Pancreatitis: acute pancreatitis has been reported, but causality has not been established; do not initiate if at high risk for pancreatitis, and discontinue if pancreatitis is suspected","[450.0,198.0,540.0,270.0]"
p012-page-012-tile-r01-c01::page-012-tile-r01-c01-structure-tile-r01-c01::node::n2,page_012_tile_r01_c01,12,CONTROLLED_SOURCE_PDF/ADA principles for pharmacologic therapy.pdf,7c2913f79b61bc60f8f51327bb73b80391988fd277116b29e57df4242b2a2404,2827f69cbe55c85bc309ea480faff078e76c008ba8afce0bdf46a42d09594dbe,tile,"[0.0,0.0,360.0,360.0]",normalized_0_1000,CONTROLLED_SOURCE_IMAGE/ada_page_012_tile_r01_c01.png,OMITTED_RAW_MODEL_JSON/visual_logic_page_012_tile_r01_c01.json,extracted_unvalidated,page_012_tile_r01_c01__structure__tile_r01_c01,table,Pharmacologic Approaches to Glycemic Treatment,True,True,valid,,"structure: The table is partially cut off at the bottom right corner, so some information may be missing.; structure: Some text in the table is too small to read clearly without zooming in.; actions: The table contains repeated entries for the same drug class (GLP-1 receptor agonists) with identical actions and triggers. This may indicate a formatting or data entry error in the source document.; actions: No explicit recommendation-strength words are visible in the extracted evidence, so they were left as empty strings.; symbols: No clinical guideline evidence was found in this asset. The table contains pharmacologic information but does not present formal clinical guidelines or evidence-based recommendations with specific thresholds or ordinal scales.",da721afa32982b73ef676bc31dba0ed66f03ac590a8e7a4950c1e2c35bc189a2,da721afa32982b73ef676bc31dba0ed66f03ac590a8e7a4950c1e2c35bc189a2,pending,,,,,False,N2,Biliary disease: evaluate for gallbladder disease if cholelithiasis or cholecystitis is suspected; avoid use in at-risk individuals,,,,Biliary disease: evaluate for gallbladder disease if cholelithiasis or cholecystitis is suspected; avoid use in at-risk individuals,"[540.0,198.0,630.0,270.0]"
p012-page-012-tile-r01-c01::page-012-tile-r01-c01-structure-tile-r01-c01::node::n3,page_012_tile_r01_c01,12,CONTROLLED_SOURCE_PDF/ADA principles for pharmacologic therapy.pdf,7c2913f79b61bc60f8f51327bb73b80391988fd277116b29e57df4242b2a2404,2827f69cbe55c85bc309ea480faff078e76c008ba8afce0bdf46a42d09594dbe,tile,"[0.0,0.0,360.0,360.0]",normalized_0_1000,CONTROLLED_SOURCE_IMAGE/ada_page_012_tile_r01_c01.png,OMITTED_RAW_MODEL_JSON/visual_logic_page_012_tile_r01_c01.json,extracted_unvalidated,page_012_tile_r01_c01__structure__tile_r01_c01,table,Pharmacologic Approaches to Glycemic Treatment,True,True,valid,,"structure: The table is partially cut off at the bottom right corner, so some information may be missing.; structure: Some text in the table is too small to read clearly without zooming in.; actions: The table contains repeated entries for the same drug class (GLP-1 receptor agonists) with identical actions and triggers. This may indicate a formatting or data entry error in the source document.; actions: No explicit recommendation-strength words are visible in the extracted evidence, so they were left as empty strings.; symbols: No clinical guideline evidence was found in this asset. The table contains pharmacologic information but does not present formal clinical guidelines or evidence-based recommendations with specific thresholds or ordinal scales.",41c5300a65e23ead9db2cf84a2bbdca06b4d2746a644d0b36dba6ccc2f291fa3,41c5300a65e23ead9db2cf84a2bbdca06b4d2746a644d0b36dba6ccc2f291fa3,pending,,,,,False,N3,"Ileus: reported, but risk level is not well established",,,,"Ileus: reported, but risk level is not well established","[630.0,198.0,720.0,270.0]"
p012-page-012-tile-r01-c01::page-012-tile-r01-c01-structure-tile-r01-c01::node::n4,page_012_tile_r01_c01,12,CONTROLLED_SOURCE_PDF/ADA principles for pharmacologic therapy.pdf,7c2913f79b61bc60f8f51327bb73b80391988fd277116b29e57df4242b2a2404,2827f69cbe55c85bc309ea480faff078e76c008ba8afce0bdf46a42d09594dbe,tile,"[0.0,0.0,360.0,360.0]",normalized_0_1000,CONTROLLED_SOURCE_IMAGE/ada_page_012_tile_r01_c01.png,OMITTED_RAW_MODEL_JSON/visual_logic_page_012_tile_r01_c01.json,extracted_unvalidated,page_012_tile_r01_c01__structure__tile_r01_c01,table,Pharmacologic Approaches to Glycemic Treatment,True,True,valid,,"structure: The table is partially cut off at the bottom right corner, so some information may be missing.; structure: Some text in the table is too small to read clearly without zooming in.; actions: The table contains repeated entries for the same drug class (GLP-1 receptor agonists) with identical actions and triggers. This may indicate a formatting or data entry error in the source document.; actions: No explicit recommendation-strength words are visible in the extracted evidence, so they were left as empty strings.; symbols: No clinical guideline evidence was found in this asset. The table contains pharmacologic information but does not present formal clinical guidelines or evidence-based recommendations with specific thresholds or ordinal scales.",96c40bcb6ab97eadf0c6895236db9698c3dadd346c172440579894be69d7c7b7,96c40bcb6ab97eadf0c6895236db9698c3dadd346c172440579894be69d7c7b7,pending,,,,,False,N4,Diabetic retinopathy: close monitoring of retinopathy in those at high risk (older individuals and those with severe disease),,,,Diabetic retinopathy: close monitoring of retinopathy in those at high risk (older individuals and those with severe disease),"[720.0,198.0,810.0,270.0]"
p012-page-012-tile-r02-c01::page-012-tile-r02-c01-structure-tile-r02-c01::node::hypoglycemia-risk,page_012_tile_r02_c01,12,CONTROLLED_SOURCE_PDF/ADA principles for pharmacologic therapy.pdf,7c2913f79b61bc60f8f51327bb73b80391988fd277116b29e57df4242b2a2404,8b273dcf90983c0ed7bccc297f0e9ed4fc845b5877a87fa215c45fe51c6167d2,tile,"[0.0,288.0,360.0,648.0]",normalized_0_1000,CONTROLLED_SOURCE_IMAGE/ada_page_012_tile_r02_c01.png,OMITTED_RAW_MODEL_JSON/visual_logic_page_012_tile_r02_c01.json,extracted_unvalidated,page_012_tile_r02_c01__structure__tile_r02_c01,table,Table 9.2,True,True,valid,,"structure: The table is partially cut off at the bottom right corner.; actions: The table is partially cut off at the bottom right corner. The full text of the last row may not be visible.; actions: Some evidence texts are truncated or abbreviated in the image, which may affect the completeness of the extracted information.; symbols: The table is partially cut off at the top and right edges. The full context of 'Hypoglycemia risk' as a column header is not fully visible.; symbols: Some text in the 'Dosing/use considerations' columns appears truncated or incomplete.; visual item title derived from manifest figure_ids/table_ids",1b817ede260a130ca414006c456fc0a399257ce76aa5e7e5e30b34826447f02e,1b817ede260a130ca414006c456fc0a399257ce76aa5e7e5e30b34826447f02e,pending,,,,,False,hypoglycemia_risk,Hypoglycemia risk,,High,No,Hypoglycemia risk High No,"[10.0,289.0,357.0,648.0]"
p012-page-012-tile-r02-c01::page-012-tile-r02-c01-structure-tile-r02-c01::node::cv-effects,page_012_tile_r02_c01,12,CONTROLLED_SOURCE_PDF/ADA principles for pharmacologic therapy.pdf,7c2913f79b61bc60f8f51327bb73b80391988fd277116b29e57df4242b2a2404,8b273dcf90983c0ed7bccc297f0e9ed4fc845b5877a87fa215c45fe51c6167d2,tile,"[0.0,288.0,360.0,648.0]",normalized_0_1000,CONTROLLED_SOURCE_IMAGE/ada_page_012_tile_r02_c01.png,OMITTED_RAW_MODEL_JSON/visual_logic_page_012_tile_r02_c01.json,extracted_unvalidated,page_012_tile_r02_c01__structure__tile_r02_c01,table,Table 9.2,True,True,valid,,"structure: The table is partially cut off at the bottom right corner.; actions: The table is partially cut off at the bottom right corner. The full text of the last row may not be visible.; actions: Some evidence texts are truncated or abbreviated in the image, which may affect the completeness of the extracted information.; symbols: The table is partially cut off at the top and right edges. The full context of 'Hypoglycemia risk' as a column header is not fully visible.; symbols: Some text in the 'Dosing/use considerations' columns appears truncated or incomplete.; visual item title derived from manifest figure_ids/table_ids",6a68594c1a97fa893c9a99927ae0e107b21ec7102b2c0bcc77897da0bc80a1b7,6a68594c1a97fa893c9a99927ae0e107b21ec7102b2c0bcc77897da0bc80a1b7,pending,,,,,False,cv_effects,CV effects,,,,"CV effects Effect on MACE Benefit: dulaglutide, liraglutide, semaglutide (SQ) and oral)","[250.0,318.0,497.0,648.0]"
p012-page-012-tile-r02-c01::page-012-tile-r02-c01-structure-tile-r02-c01::node::weight-effects,page_012_tile_r02_c01,12,CONTROLLED_SOURCE_PDF/ADA principles for pharmacologic therapy.pdf,7c2913f79b61bc60f8f51327bb73b80391988fd277116b29e57df4242b2a2404,8b273dcf90983c0ed7bccc297f0e9ed4fc845b5877a87fa215c45fe51c6167d2,tile,"[0.0,288.0,360.0,648.0]",normalized_0_1000,CONTROLLED_SOURCE_IMAGE/ada_page_012_tile_r02_c01.png,OMITTED_RAW_MODEL_JSON/visual_logic_page_012_tile_r02_c01.json,extracted_unvalidated,page_012_tile_r02_c01__structure__tile_r02_c01,table,Table 9.2,True,True,valid,,"structure: The table is partially cut off at the bottom right corner.; actions: The table is partially cut off at the bottom right corner. The full text of the last row may not be visible.; actions: Some evidence texts are truncated or abbreviated in the image, which may affect the completeness of the extracted information.; symbols: The table is partially cut off at the top and right edges. The full context of 'Hypoglycemia risk' as a column header is not fully visible.; symbols: Some text in the 'Dosing/use considerations' columns appears truncated or incomplete.; visual item title derived from manifest figure_ids/table_ids",501f76bb540e239356e1fb522f386e29838f4692439eab09a63bc353377da4b0,501f76bb540e239356e1fb522f386e29838f4692439eab09a63bc353377da4b0,pending,,,,,False,weight_effects,Weight effects²,,,,Weight effects² Loss (intermediate to very high),"[357.0,318.0,497.0,648.0]"
p012-page-012-tile-r02-c01::page-012-tile-r02-c01-structure-tile-r02-c01::node::progression-of-ckd,page_012_tile_r02_c01,12,CONTROLLED_SOURCE_PDF/ADA principles for pharmacologic therapy.pdf,7c2913f79b61bc60f8f51327bb73b80391988fd277116b29e57df4242b2a2404,8b273dcf90983c0ed7bccc297f0e9ed4fc845b5877a87fa215c45fe51c6167d2,tile,"[0.0,288.0,360.0,648.0]",normalized_0_1000,CONTROLLED_SOURCE_IMAGE/ada_page_012_tile_r02_c01.png,OMITTED_RAW_MODEL_JSON/visual_logic_page_012_tile_r02_c01.json,extracted_unvalidated,page_012_tile_r02_c01__structure__tile_r02_c01,table,Table 9.2,True,True,valid,,"structure: The table is partially cut off at the bottom right corner.; actions: The table is partially cut off at the bottom right corner. The full text of the last row may not be visible.; actions: Some evidence texts are truncated or abbreviated in the image, which may affect the completeness of the extracted information.; symbols: The table is partially cut off at the top and right edges. The full context of 'Hypoglycemia risk' as a column header is not fully visible.; symbols: Some text in the 'Dosing/use considerations' columns appears truncated or incomplete.; visual item title derived from manifest figure_ids/table_ids",4227a271a8ac712a0954ebb40f32474b20e18833e7250b2dfa4b97bc20d3df9d,4227a271a8ac712a0954ebb40f32474b20e18833e7250b2dfa4b97bc20d3df9d,pending,,,,,False,progression_of_ckd,Progression of CKD,,,,"Progression of CKD Benefit for kidney end points in CVOTs, driven by albuminuria outcomes: dulaglutide, liraglutide, semaglutide (SQ)","[497.0,318.0,648.0,648.0]"
p012-page-012-tile-r02-c01::page-012-tile-r02-c01-structure-tile-r02-c01::node::dosing-use-considerations,page_012_tile_r02_c01,12,CONTROLLED_SOURCE_PDF/ADA principles for pharmacologic therapy.pdf,7c2913f79b61bc60f8f51327bb73b80391988fd277116b29e57df4242b2a2404,8b273dcf90983c0ed7bccc297f0e9ed4fc845b5877a87fa215c45fe51c6167d2,tile,"[0.0,288.0,360.0,648.0]",normalized_0_1000,CONTROLLED_SOURCE_IMAGE/ada_page_012_tile_r02_c01.png,OMITTED_RAW_MODEL_JSON/visual_logic_page_012_tile_r02_c01.json,extracted_unvalidated,page_012_tile_r02_c01__structure__tile_r02_c01,table,Table 9.2,True,True,valid,,"structure: The table is partially cut off at the bottom right corner.; actions: The table is partially cut off at the bottom right corner. The full text of the last row may not be visible.; actions: Some evidence texts are truncated or abbreviated in the image, which may affect the completeness of the extracted information.; symbols: The table is partially cut off at the top and right edges. The full context of 'Hypoglycemia risk' as a column header is not fully visible.; symbols: Some text in the 'Dosing/use considerations' columns appears truncated or incomplete.; visual item title derived from manifest figure_ids/table_ids",7f9c89cd529ffc0ed827d247fe5d3fb8388f3249803926f40c183eb0fa61d1f2,7f9c89cd529ffc0ed827d247fe5d3fb8388f3249803926f40c183eb0fa61d1f2,pending,,,,,False,dosing_use_considerations,Dosing/use considerations,,,,"Dosing/use considerations • See labels • Consider kidney function when initiating doses in individuals with kidney disease • Monitor kidney function or eGFR during treatment • No dose adjustment for dulaglutide, liraglutide, semaglutide (SQ) • Monitor kidney function with adverse GFR changes","[648.0,318.0,790.0,648.0]"
p012-page-012-tile-r02-c02::page-012-tile-r02-c02-structure-tile-r02-c02::node::n0,page_012_tile_r02_c02,12,CONTROLLED_SOURCE_PDF/ADA principles for pharmacologic therapy.pdf,7c2913f79b61bc60f8f51327bb73b80391988fd277116b29e57df4242b2a2404,0b10c0d8095e179b9666ab9330f998052c4e1aef6ee1e69fc5996db3a3269a2e,tile,"[233.972,288.0,593.972,648.0]",normalized_0_1000,CONTROLLED_SOURCE_IMAGE/ada_page_012_tile_r02_c02.png,OMITTED_RAW_MODEL_JSON/visual_logic_page_012_tile_r02_c02.json,extracted_unvalidated,page_012_tile_r02_c02__structure__tile_r02_c02,table,Table 9.2,True,True,valid,,"structure: The table is partially cut off and incomplete. The full context or other rows are not visible.; structure: No arrows or decision nodes with branching logic are visible in this tile.; actions: The table is partially cut off at the top and bottom edges; some text may be truncated or missing.; actions: No explicit recommendation strength (e.g., 'Strongly Recommended', 'Conditional') is visible for any action in this asset.; symbols: The visible text is fragmented and incomplete, making full extraction impossible without manual review.; visual item title derived from manifest figure_ids/table_ids",be599fc7ae7cb4591dae4b30add2df7acc7d8d9f08418ecceaa79e8e0d5f243c,be599fc7ae7cb4591dae4b30add2df7acc7d8d9f08418ecceaa79e8e0d5f243c,pending,,,,,False,N0,No,,,,No Loss (very high) Under investigation Benefit: tirzepatide,"[104.972,863.0,593.972,900.0]"
p012-page-012-tile-r03-c02::page-012-tile-r03-c02-structure-tile-r03-c02::node::dual-glp1-ra-sq,page_012_tile_r03_c02,12,CONTROLLED_SOURCE_PDF/ADA principles for pharmacologic therapy.pdf,7c2913f79b61bc60f8f51327bb73b80391988fd277116b29e57df4242b2a2404,c244adf1e10912dd13fb1665f645a3166d5217658821d6b3e779ef0590bd3b74,tile,"[233.972,422.986,593.972,782.986]",normalized_0_1000,CONTROLLED_SOURCE_IMAGE/ada_page_012_tile_r03_c02.png,OMITTED_RAW_MODEL_JSON/visual_logic_page_012_tile_r03_c02.json,extracted_unvalidated,page_012_tile_r03_c02__structure__tile_r03_c02,table,Table 9.2,True,True,valid,,"structure: No visible arrows or decision paths between nodes.; actions: The table is partially cut off at the bottom right corner, which may affect complete interpretation of any potential additional evidence.; actions: No explicit recommendation-strength words are visible in the provided text; only 'Very high' and 'No' are present as descriptors.; symbols: The table appears to be incomplete or cut off in this image asset.; visual item title derived from manifest figure_ids/table_ids",9669374bbd257455abb3a3f2dc3e8425bc855b6e9f76f169d62feb36dd71aca6,9669374bbd257455abb3a3f2dc3e8425bc855b6e9f76f169d62feb36dd71aca6,pending,,,,,False,dual_glp1_ra_sq,Dual GLP-1 RA (SQ),,,,Dual GLP-1 RA (SQ),"[90.5,672.483,140.5,782.986]"
p012-page-012-tile-r03-c02::page-012-tile-r03-c02-structure-tile-r03-c02::node::loss-very-high,page_012_tile_r03_c02,12,CONTROLLED_SOURCE_PDF/ADA principles for pharmacologic therapy.pdf,7c2913f79b61bc60f8f51327bb73b80391988fd277116b29e57df4242b2a2404,c244adf1e10912dd13fb1665f645a3166d5217658821d6b3e779ef0590bd3b74,tile,"[233.972,422.986,593.972,782.986]",normalized_0_1000,CONTROLLED_SOURCE_IMAGE/ada_page_012_tile_r03_c02.png,OMITTED_RAW_MODEL_JSON/visual_logic_page_012_tile_r03_c02.json,extracted_unvalidated,page_012_tile_r03_c02__structure__tile_r03_c02,table,Table 9.2,True,True,valid,,"structure: No visible arrows or decision paths between nodes.; actions: The table is partially cut off at the bottom right corner, which may affect complete interpretation of any potential additional evidence.; actions: No explicit recommendation-strength words are visible in the provided text; only 'Very high' and 'No' are present as descriptors.; symbols: The table appears to be incomplete or cut off in this image asset.; visual item title derived from manifest figure_ids/table_ids",3c5e0897a7d84b55b6d271d75369c3cfab1a5ef93abe2af1f5c1efb5c35b3e08,3c5e0897a7d84b55b6d271d75369c3cfab1a5ef93abe2af1f5c1efb5c35b3e08,pending,,,,,False,loss_very_high,Loss (very high),,,,Loss (very high),"[90.5,312.483,140.5,422.986]"
p012-page-012-tile-r03-c02::page-012-tile-r03-c02-structure-tile-r03-c02::node::under-investigation,page_012_tile_r03_c02,12,CONTROLLED_SOURCE_PDF/ADA principles for pharmacologic therapy.pdf,7c2913f79b61bc60f8f51327bb73b80391988fd277116b29e57df4242b2a2404,c244adf1e10912dd13fb1665f645a3166d5217658821d6b3e779ef0590bd3b74,tile,"[233.972,422.986,593.972,782.986]",normalized_0_1000,CONTROLLED_SOURCE_IMAGE/ada_page_012_tile_r03_c02.png,OMITTED_RAW_MODEL_JSON/visual_logic_page_012_tile_r03_c02.json,extracted_unvalidated,page_012_tile_r03_c02__structure__tile_r03_c02,table,Table 9.2,True,True,valid,,"structure: No visible arrows or decision paths between nodes.; actions: The table is partially cut off at the bottom right corner, which may affect complete interpretation of any potential additional evidence.; actions: No explicit recommendation-strength words are visible in the provided text; only 'Very high' and 'No' are present as descriptors.; symbols: The table appears to be incomplete or cut off in this image asset.; visual item title derived from manifest figure_ids/table_ids",6894dee84dc226a37441dbdfb1e18a2c94a61bd5a704fed2ec94aecdff423be1,6894dee84dc226a37441dbdfb1e18a2c94a61bd5a704fed2ec94aecdff423be1,pending,,,,,False,under_investigation,Under investigation,,,,Under investigation,"[140.5,312.483,190.5,422.986]"
p012-page-012-tile-r03-c02::page-012-tile-r03-c02-structure-tile-r03-c02::node::tirzepa,page_012_tile_r03_c02,12,CONTROLLED_SOURCE_PDF/ADA principles for pharmacologic therapy.pdf,7c2913f79b61bc60f8f51327bb73b80391988fd277116b29e57df4242b2a2404,c244adf1e10912dd13fb1665f645a3166d5217658821d6b3e779ef0590bd3b74,tile,"[233.972,422.986,593.972,782.986]",normalized_0_1000,CONTROLLED_SOURCE_IMAGE/ada_page_012_tile_r03_c02.png,OMITTED_RAW_MODEL_JSON/visual_logic_page_012_tile_r03_c02.json,extracted_unvalidated,page_012_tile_r03_c02__structure__tile_r03_c02,table,Table 9.2,True,True,valid,,"structure: No visible arrows or decision paths between nodes.; actions: The table is partially cut off at the bottom right corner, which may affect complete interpretation of any potential additional evidence.; actions: No explicit recommendation-strength words are visible in the provided text; only 'Very high' and 'No' are present as descriptors.; symbols: The table appears to be incomplete or cut off in this image asset.; visual item title derived from manifest figure_ids/table_ids",9af6b42b992360cd177a2e554ff857b108e5fa7a32a463c823076cf74e591535,9af6b42b992360cd177a2e554ff857b108e5fa7a32a463c823076cf74e591535,pending,,,,,False,tirzepa,tirzepa,,,,tirzepa,"[190.5,312.483,240.5,422.986]"
p012-page-012-tile-r03-c02::page-012-tile-r03-c02-structure-tile-r03-c02::node::lixisenatide,page_012_tile_r03_c02,12,CONTROLLED_SOURCE_PDF/ADA principles for pharmacologic therapy.pdf,7c2913f79b61bc60f8f51327bb73b80391988fd277116b29e57df4242b2a2404,c244adf1e10912dd13fb1665f645a3166d5217658821d6b3e779ef0590bd3b74,tile,"[233.972,422.986,593.972,782.986]",normalized_0_1000,CONTROLLED_SOURCE_IMAGE/ada_page_012_tile_r03_c02.png,OMITTED_RAW_MODEL_JSON/visual_logic_page_012_tile_r03_c02.json,extracted_unvalidated,page_012_tile_r03_c02__structure__tile_r03_c02,table,Table 9.2,True,True,valid,,"structure: No visible arrows or decision paths between nodes.; actions: The table is partially cut off at the bottom right corner, which may affect complete interpretation of any potential additional evidence.; actions: No explicit recommendation-strength words are visible in the provided text; only 'Very high' and 'No' are present as descriptors.; symbols: The table appears to be incomplete or cut off in this image asset.; visual item title derived from manifest figure_ids/table_ids",9f9bd7fb361f36248b208a3dc47a6dd9ec524acf33db0354c0da765d3bb37eca,9f9bd7fb361f36248b208a3dc47a6dd9ec524acf33db0354c0da765d3bb37eca,pending,,,,,False,lixisenatide,lixisenatide,,,,lixisenatide,"[0.0,142.986,50.0,312.483]"
p013-page-013-tile-r01-c01::page-013-tile-r01-c01-structure-tile-r01-c01::node::n1,page_013_tile_r01_c01,13,CONTROLLED_SOURCE_PDF/ADA principles for pharmacologic therapy.pdf,7c2913f79b61bc60f8f51327bb73b80391988fd277116b29e57df4242b2a2404,369f34fe74ff8589553d7d52ed3dee302203f9a057b88e94d303834a9e4063fb,tile,"[0.0,0.0,360.0,360.0]",normalized_0_1000,CONTROLLED_SOURCE_IMAGE/ada_page_013_tile_r01_c01.png,OMITTED_RAW_MODEL_JSON/visual_logic_page_013_tile_r01_c01.json,extracted_unvalidated,page_013_tile_r01_c01__structure__tile_r01_c01,table,Table 9.2,False,True,valid,,structure: No explicit arrows are drawn between nodes in the table. The relationships are implied by proximity and context.; structure: The table is structured as a decision tree with branching conditions based on clinical considerations.; actions: No explicit recommendation-strength word visible; using empty strength string.; actions: No evidence of arrows or directional relationships between nodes.; symbols: No explicit clinical guideline references are visible in the provided image asset.; visual item title derived from manifest figure_ids/table_ids,9e070514f5f4e7e895190b46001b6cc5e029e1ffabc7c86496b6b2024d6792aa,9e070514f5f4e7e895190b46001b6cc5e029e1ffabc7c86496b6b2024d6792aa,pending,,,,,False,N1,"Dose adjustment required based on kidney function (sitagliptin, saxagliptin, alogliptin)",,No dose adjustment required for linaglptin,,"• Dose adjustment required based on kidney function (sitagliptin, saxagliptin, alogliptin) • No dose adjustment required for linaglptin","[140.0,235.0,280.0,360.0]"
p013-page-013-tile-r01-c01::page-013-tile-r01-c01-structure-tile-r01-c01::node::n2,page_013_tile_r01_c01,13,CONTROLLED_SOURCE_PDF/ADA principles for pharmacologic therapy.pdf,7c2913f79b61bc60f8f51327bb73b80391988fd277116b29e57df4242b2a2404,369f34fe74ff8589553d7d52ed3dee302203f9a057b88e94d303834a9e4063fb,tile,"[0.0,0.0,360.0,360.0]",normalized_0_1000,CONTROLLED_SOURCE_IMAGE/ada_page_013_tile_r01_c01.png,OMITTED_RAW_MODEL_JSON/visual_logic_page_013_tile_r01_c01.json,extracted_unvalidated,page_013_tile_r01_c01__structure__tile_r01_c01,table,Table 9.2,False,True,valid,,structure: No explicit arrows are drawn between nodes in the table. The relationships are implied by proximity and context.; structure: The table is structured as a decision tree with branching conditions based on clinical considerations.; actions: No explicit recommendation-strength word visible; using empty strength string.; actions: No evidence of arrows or directional relationships between nodes.; symbols: No explicit clinical guideline references are visible in the provided image asset.; visual item title derived from manifest figure_ids/table_ids,08f4760b9369c7c506dc7b5f48136bda79248b5ecfeab218187ae07c4390020b,08f4760b9369c7c506dc7b5f48136bda79248b5ecfeab218187ae07c4390020b,pending,,,,,False,N2,Pancreatitis has been reported but causality has not been established; discontinue if pancreatitis is suspected,,,,• Pancreatitis has been reported but causality has not been established; discontinue if pancreatitis is suspected,"[480.0,235.0,610.0,360.0]"
p013-page-013-tile-r01-c01::page-013-tile-r01-c01-structure-tile-r01-c01::node::n3,page_013_tile_r01_c01,13,CONTROLLED_SOURCE_PDF/ADA principles for pharmacologic therapy.pdf,7c2913f79b61bc60f8f51327bb73b80391988fd277116b29e57df4242b2a2404,369f34fe74ff8589553d7d52ed3dee302203f9a057b88e94d303834a9e4063fb,tile,"[0.0,0.0,360.0,360.0]",normalized_0_1000,CONTROLLED_SOURCE_IMAGE/ada_page_013_tile_r01_c01.png,OMITTED_RAW_MODEL_JSON/visual_logic_page_013_tile_r01_c01.json,extracted_unvalidated,page_013_tile_r01_c01__structure__tile_r01_c01,table,Table 9.2,False,True,valid,,structure: No explicit arrows are drawn between nodes in the table. The relationships are implied by proximity and context.; structure: The table is structured as a decision tree with branching conditions based on clinical considerations.; actions: No explicit recommendation-strength word visible; using empty strength string.; actions: No evidence of arrows or directional relationships between nodes.; symbols: No explicit clinical guideline references are visible in the provided image asset.; visual item title derived from manifest figure_ids/table_ids,54a570b375fc8de07ce915233420fb062f534276de5c717d43ec665df6ec4bed,54a570b375fc8de07ce915233420fb062f534276de5c717d43ec665df6ec4bed,pending,,,,,False,N3,Postmarketing concerns about joint pain (consider discontinuing if debilitating),,,,• Postmarketing concerns about joint pain (consider discontinuing if debilitating),"[480.0,315.0,610.0,360.0]"
p013-page-013-tile-r01-c01::page-013-tile-r01-c01-structure-tile-r01-c01::node::n4,page_013_tile_r01_c01,13,CONTROLLED_SOURCE_PDF/ADA principles for pharmacologic therapy.pdf,7c2913f79b61bc60f8f51327bb73b80391988fd277116b29e57df4242b2a2404,369f34fe74ff8589553d7d52ed3dee302203f9a057b88e94d303834a9e4063fb,tile,"[0.0,0.0,360.0,360.0]",normalized_0_1000,CONTROLLED_SOURCE_IMAGE/ada_page_013_tile_r01_c01.png,OMITTED_RAW_MODEL_JSON/visual_logic_page_013_tile_r01_c01.json,extracted_unvalidated,page_013_tile_r01_c01__structure__tile_r01_c01,table,Table 9.2,False,True,valid,,structure: No explicit arrows are drawn between nodes in the table. The relationships are implied by proximity and context.; structure: The table is structured as a decision tree with branching conditions based on clinical considerations.; actions: No explicit recommendation-strength word visible; using empty strength string.; actions: No evidence of arrows or directional relationships between nodes.; symbols: No explicit clinical guideline references are visible in the provided image asset.; visual item title derived from manifest figure_ids/table_ids,7eb4034c5b8ac6f204b5fe25f958c9f0f96eee754946be9a46de521432cb80cc,7eb4034c5b8ac6f204b5fe25f958c9f0f96eee754946be9a46de521432cb80cc,pending,,,,,False,N4,Pemphigoid (discontinue if suspected) reversible upon discontinuation,,,,• Pemphigoid (discontinue if suspected) reversible upon discontinuation,"[480.0,350.0,610.0,360.0]"
p013-page-013-tile-r01-c01::page-013-tile-r01-c01-structure-tile-r01-c01::node::n5,page_013_tile_r01_c01,13,CONTROLLED_SOURCE_PDF/ADA principles for pharmacologic therapy.pdf,7c2913f79b61bc60f8f51327bb73b80391988fd277116b29e57df4242b2a2404,369f34fe74ff8589553d7d52ed3dee302203f9a057b88e94d303834a9e4063fb,tile,"[0.0,0.0,360.0,360.0]",normalized_0_1000,CONTROLLED_SOURCE_IMAGE/ada_page_013_tile_r01_c01.png,OMITTED_RAW_MODEL_JSON/visual_logic_page_013_tile_r01_c01.json,extracted_unvalidated,page_013_tile_r01_c01__structure__tile_r01_c01,table,Table 9.2,False,True,valid,,structure: No explicit arrows are drawn between nodes in the table. The relationships are implied by proximity and context.; structure: The table is structured as a decision tree with branching conditions based on clinical considerations.; actions: No explicit recommendation-strength word visible; using empty strength string.; actions: No evidence of arrows or directional relationships between nodes.; symbols: No explicit clinical guideline references are visible in the provided image asset.; visual item title derived from manifest figure_ids/table_ids,a265161e8c442aa59f0c238fef086ee025461c32701f78c7d9b62036ed0b15f5,a265161e8c442aa59f0c238fef086ee025461c32701f78c7d9b62036ed0b15f5,pending,,,,,False,N5,Increased risk of HF and fluid retention; do not use in setting of HF,,,,• Increased risk of HF and fluid retention; do not use in setting of HF,"[740.0,235.0,860.0,360.0]"
p013-page-013-tile-r01-c01::page-013-tile-r01-c01-structure-tile-r01-c01::node::n6,page_013_tile_r01_c01,13,CONTROLLED_SOURCE_PDF/ADA principles for pharmacologic therapy.pdf,7c2913f79b61bc60f8f51327bb73b80391988fd277116b29e57df4242b2a2404,369f34fe74ff8589553d7d52ed3dee302203f9a057b88e94d303834a9e4063fb,tile,"[0.0,0.0,360.0,360.0]",normalized_0_1000,CONTROLLED_SOURCE_IMAGE/ada_page_013_tile_r01_c01.png,OMITTED_RAW_MODEL_JSON/visual_logic_page_013_tile_r01_c01.json,extracted_unvalidated,page_013_tile_r01_c01__structure__tile_r01_c01,table,Table 9.2,False,True,valid,,structure: No explicit arrows are drawn between nodes in the table. The relationships are implied by proximity and context.; structure: The table is structured as a decision tree with branching conditions based on clinical considerations.; actions: No explicit recommendation-strength word visible; using empty strength string.; actions: No evidence of arrows or directional relationships between nodes.; symbols: No explicit clinical guideline references are visible in the provided image asset.; visual item title derived from manifest figure_ids/table_ids,5e5463528192a19d276b6c76159bd3b669e5a7e8384ccbf452fb59ba708add19,5e5463528192a19d276b6c76159bd3b669e5a7e8384ccbf452fb59ba708add19,pending,,,,,False,N6,Risk of bone fractures,,,,• Risk of bone fractures,"[740.0,285.0,860.0,360.0]"
p013-page-013-tile-r01-c01::page-013-tile-r01-c01-structure-tile-r01-c01::node::n7,page_013_tile_r01_c01,13,CONTROLLED_SOURCE_PDF/ADA principles for pharmacologic therapy.pdf,7c2913f79b61bc60f8f51327bb73b80391988fd277116b29e57df4242b2a2404,369f34fe74ff8589553d7d52ed3dee302203f9a057b88e94d303834a9e4063fb,tile,"[0.0,0.0,360.0,360.0]",normalized_0_1000,CONTROLLED_SOURCE_IMAGE/ada_page_013_tile_r01_c01.png,OMITTED_RAW_MODEL_JSON/visual_logic_page_013_tile_r01_c01.json,extracted_unvalidated,page_013_tile_r01_c01__structure__tile_r01_c01,table,Table 9.2,False,True,valid,,structure: No explicit arrows are drawn between nodes in the table. The relationships are implied by proximity and context.; structure: The table is structured as a decision tree with branching conditions based on clinical considerations.; actions: No explicit recommendation-strength word visible; using empty strength string.; actions: No evidence of arrows or directional relationships between nodes.; symbols: No explicit clinical guideline references are visible in the provided image asset.; visual item title derived from manifest figure_ids/table_ids,195f37002afb824cc5265f99082a650a13422cec6dbde5fcf1d8226d2abe769a,195f37002afb824cc5265f99082a650a13422cec6dbde5fcf1d8226d2abe769a,pending,,,,,False,N7,"Bladder cancer: do not use in individuals with active bladder cancer, and use caution in those with prior history of bladder cancer",,,,"• Bladder cancer: do not use in individuals with active bladder cancer, and use caution in those with prior history of bladder cancer","[740.0,315.0,860.0,360.0]"
p013-page-013-tile-r02-c02::page-013-tile-r02-c02-structure-tile-r02-c02::node::n1,page_013_tile_r02_c02,13,CONTROLLED_SOURCE_PDF/ADA principles for pharmacologic therapy.pdf,7c2913f79b61bc60f8f51327bb73b80391988fd277116b29e57df4242b2a2404,316ceeb13b608d604e6a9dd48559fbdac12ac4050f59e08fe34ed29ee2f25609,tile,"[233.972,288.0,593.972,648.0]",normalized_0_1000,CONTROLLED_SOURCE_IMAGE/ada_page_013_tile_r02_c02.png,OMITTED_RAW_MODEL_JSON/visual_logic_page_013_tile_r02_c02.json,extracted_unvalidated,page_013_tile_r02_c02__structure__tile_r02_c02,table,Table 9.2,True,True,valid,,"structure: The table structure appears to be incomplete or corrupted in this image asset.; structure: No explicit arrows or decision nodes are visible; only text-based conditions and outcomes are present.; actions: The table contains multiple rows that are partially cut off or obscured in the image, making it difficult to extract complete information.; actions: Some text within the table may be misaligned or slightly blurred due to the quality of the scanned document.; symbols: The provided image does not contain any visible arrows or flowchart elements that would require extraction of decision nodes, edges, or actions. The table is structured with rows for 'No' and 'Yes' gain scenarios and columns for potential benefit, risk, and specific drug-related information.; visual item title derived from manifest figure_ids/table_ids",20fcc2be4709c74c1b134756fb3f8cf57ed462a5d2199bd3489116935f6d82ff,20fcc2be4709c74c1b134756fb3f8cf57ed462a5d2199bd3489116935f6d82ff,pending,,,,,False,N1,No,linagliptin required,Gain,Neutral,No linagliptin required → Gain / Neutral,"[100.0,288.0,593.0,648.0]"
p013-page-013-tile-r02-c02::page-013-tile-r02-c02-structure-tile-r02-c02::node::n2,page_013_tile_r02_c02,13,CONTROLLED_SOURCE_PDF/ADA principles for pharmacologic therapy.pdf,7c2913f79b61bc60f8f51327bb73b80391988fd277116b29e57df4242b2a2404,316ceeb13b608d604e6a9dd48559fbdac12ac4050f59e08fe34ed29ee2f25609,tile,"[233.972,288.0,593.972,648.0]",normalized_0_1000,CONTROLLED_SOURCE_IMAGE/ada_page_013_tile_r02_c02.png,OMITTED_RAW_MODEL_JSON/visual_logic_page_013_tile_r02_c02.json,extracted_unvalidated,page_013_tile_r02_c02__structure__tile_r02_c02,table,Table 9.2,True,True,valid,,"structure: The table structure appears to be incomplete or corrupted in this image asset.; structure: No explicit arrows or decision nodes are visible; only text-based conditions and outcomes are present.; actions: The table contains multiple rows that are partially cut off or obscured in the image, making it difficult to extract complete information.; actions: Some text within the table may be misaligned or slightly blurred due to the quality of the scanned document.; symbols: The provided image does not contain any visible arrows or flowchart elements that would require extraction of decision nodes, edges, or actions. The table is structured with rows for 'No' and 'Yes' gain scenarios and columns for potential benefit, risk, and specific drug-related information.; visual item title derived from manifest figure_ids/table_ids",3171dbc01122a179c912da1cd50076cddd9f1e9230ef1e048b386bacb331942e,3171dbc01122a179c912da1cd50076cddd9f1e9230ef1e048b386bacb331942e,pending,,,,,False,N2,Yes,linagliptin required,Gain,Neutral,Yes linagliptin required → Gain / Neutral,"[100.0,288.0,593.0,648.0]"
p013-page-013-tile-r03-c02::page-013-tile-r03-c02-structure-tile-r03-c02::node::pioglitazone-oral,page_013_tile_r03_c02,13,CONTROLLED_SOURCE_PDF/ADA principles for pharmacologic therapy.pdf,7c2913f79b61bc60f8f51327bb73b80391988fd277116b29e57df4242b2a2404,336ba11c11e116337789838a68c85271493095fa4b522d63e8c9725ed8553c2b,tile,"[233.972,422.986,593.972,782.986]",normalized_0_1000,CONTROLLED_SOURCE_IMAGE/ada_page_013_tile_r03_c02.png,OMITTED_RAW_MODEL_JSON/visual_logic_page_013_tile_r03_c02.json,extracted_unvalidated,page_013_tile_r03_c02__structure__tile_r03_c02,table,Table 9.2,True,True,valid,,"structure: The visible evidence in this asset does not include any directed arrows or explicit decision nodes that indicate a logical flow. All information is presented as static data points within the table structure.; structure: No clinical guideline evidence with directional relationships (arrows) was found to extract.; actions: The table appears to be cut off at the bottom; some information may not be fully captured.; actions: No explicit recommendation-strength words are visible in the provided image asset, so they were left as empty strings.; symbols: No clinical guideline evidence visible in this single image asset.; symbols: Asset ID: page_013_tile_r03_c02. PDF page: 13. Asset type: tile. Source-page bounding box: ['233.972', '422.986', '593.972', '782.986']. Preserve exact thresholds, logical alternatives (AND/OR), priority language, arrow direction, medication-class distinctions, and uncertainty. Only repeated '+' or '$' scales use symbol_role=ordinal_scale. Populate symbols_or_footnotes and ordinal_symbols; leave nodes, edges, and actions empty. Return only data matching the supplied JSON Schema.; visual item title derived from manifest figure_ids/table_ids",84b60a4aa468bc66ae037d67f9fe13510f320fa1f8bb9f1967ba2bf19ada3d45,84b60a4aa468bc66ae037d67f9fe13510f320fa1f8bb9f1967ba2bf19ada3d45,pending,,,,,False,Pioglitazone_oral,High,,No,,Pioglitazone (oral) High No Gain Potential benefit Increased,"[234.0,783.0,594.0,916.0]"
p013-page-013-tile-r03-c02::page-013-tile-r03-c02-structure-tile-r03-c02::node::sulfonylureas-2nd-gen-oral,page_013_tile_r03_c02,13,CONTROLLED_SOURCE_PDF/ADA principles for pharmacologic therapy.pdf,7c2913f79b61bc60f8f51327bb73b80391988fd277116b29e57df4242b2a2404,336ba11c11e116337789838a68c85271493095fa4b522d63e8c9725ed8553c2b,tile,"[233.972,422.986,593.972,782.986]",normalized_0_1000,CONTROLLED_SOURCE_IMAGE/ada_page_013_tile_r03_c02.png,OMITTED_RAW_MODEL_JSON/visual_logic_page_013_tile_r03_c02.json,extracted_unvalidated,page_013_tile_r03_c02__structure__tile_r03_c02,table,Table 9.2,True,True,valid,,"structure: The visible evidence in this asset does not include any directed arrows or explicit decision nodes that indicate a logical flow. All information is presented as static data points within the table structure.; structure: No clinical guideline evidence with directional relationships (arrows) was found to extract.; actions: The table appears to be cut off at the bottom; some information may not be fully captured.; actions: No explicit recommendation-strength words are visible in the provided image asset, so they were left as empty strings.; symbols: No clinical guideline evidence visible in this single image asset.; symbols: Asset ID: page_013_tile_r03_c02. PDF page: 13. Asset type: tile. Source-page bounding box: ['233.972', '422.986', '593.972', '782.986']. Preserve exact thresholds, logical alternatives (AND/OR), priority language, arrow direction, medication-class distinctions, and uncertainty. Only repeated '+' or '$' scales use symbol_role=ordinal_scale. Populate symbols_or_footnotes and ordinal_symbols; leave nodes, edges, and actions empty. Return only data matching the supplied JSON Schema.; visual item title derived from manifest figure_ids/table_ids",c4e5f17433b7730459ec9225de578dcf207d5c0f5563db0cf12a9803f365b0d4,c4e5f17433b7730459ec9225de578dcf207d5c0f5563db0cf12a9803f365b0d4,pending,,,,,False,Sulfonylureas_2nd_gen_oral,High,,Yes,,Sulfonylureas (2nd generation) (oral) High Yes Gain Neutral Neutral,"[594.0,783.0,783.0,916.0]"
p014-page-014-tile-r01-c02::page-014-tile-r01-c02-structure-tile-r01-c02::node::n1,page_014_tile_r01_c02,14,CONTROLLED_SOURCE_PDF/ADA principles for pharmacologic therapy.pdf,7c2913f79b61bc60f8f51327bb73b80391988fd277116b29e57df4242b2a2404,4222c0f06e35793f86dc0ef492eb9da6f498b0fa694439049776da93f692d0ba,tile,"[233.972,0.0,593.972,360.0]",normalized_0_1000,CONTROLLED_SOURCE_IMAGE/ada_page_014_tile_r01_c02.png,OMITTED_RAW_MODEL_JSON/visual_logic_page_014_tile_r01_c02.json,extracted_unvalidated,page_014_tile_r01_c02__structure__tile_r01_c02,table,Table 9.2,True,True,valid,,"structure: No visible arrows or decision nodes with explicit directional relationships between them.; symbols: No visual elements such as arrows, nodes, or decision trees are present in this tile to extract relationships between clinical guidelines and evidence.; symbols: The text is purely descriptive and does not contain any graphical representations that would require manual review for boundary-crossing relationships.; visual item title derived from manifest figure_ids/table_ids",d7de43f7bab3b61d49972d47df0d32d106006cc7f0c1bf25dab639f31cd10d2f,d7de43f7bab3b61d49972d47df0d32d106006cc7f0c1bf25dab639f31cd10d2f,pending,,,,,False,n1,"In individuals without ASCVD, HF, or CKD",ASCVD; HF; CKD,"choice of therapy should be informed by considerations of weight management (see section 8, “Obesity and Weight Management for the Prevention and Treatment of Diabetes”), mitigation of metabolic dysfunction-associated steatotic liver disease (MASLD) or metabolic dysfunction-associated steatohepatitis (MASH) risk (see section 4, “Comprehensive Medical Evaluation and Assessment of Comorbidities”), and achievement and maintenance of individualized glycemic goals.",,"In individuals without ASCVD, HF, or CKD, choice of therapy should be informed by considerations of weight management (see section 8, “Obesity and Weight Management for the Prevention and Treatment of Diabetes”), mitigation of metabolic dysfunction-associated steatotic liver disease (MASLD) or metabolic dysfunction-associated steatohepatitis (MASH) risk (see section 4, “Comprehensive Medical Evaluation and Assessment of Comorbidities”), and achievement and maintenance of individualized glycemic goals.","[437.0,196.0,850.0,250.0]"
p014-page-014-tile-r02-c02::page-014-tile-r02-c02-structure-tile-r02-c02::node::n1,page_014_tile_r02_c02,14,CONTROLLED_SOURCE_PDF/ADA principles for pharmacologic therapy.pdf,7c2913f79b61bc60f8f51327bb73b80391988fd277116b29e57df4242b2a2404,344a985048e367ad68cd7d786866f7ede64ee47e58fc131a2a21876b8a942f46,tile,"[233.972,288.0,593.972,648.0]",normalized_0_1000,CONTROLLED_SOURCE_IMAGE/ada_page_014_tile_r02_c02.png,OMITTED_RAW_MODEL_JSON/visual_logic_page_014_tile_r02_c02.json,extracted_unvalidated,page_014_tile_r02_c02__structure__tile_r02_c02,table,Table 9.2,True,True,valid,,"structure: No explicit decision nodes or directed arrows are visible in this tile; only a single recommendation statement is present.; structure: The text does not contain any logical alternatives (AND/OR) or priority language that would require additional parsing for decision trees.; actions: No explicit recommendation strength word was visible; used empty string for strength.; actions: No arrows or decision nodes were visible; returned empty arrays for those fields.; symbols: No clinical guideline evidence visible in this single image asset. Asset ID: page_014_tile_r02_c02. PDF page: 14. Asset type: tile. Source-page bounding box: ['233.972', '288.0', '593.972', '648.0']. Preserve exact thresholds, logical alternatives (AND/OR), priority language, arrow direction, medication-class distinctions, and uncertainty. Extract special symbols and their exact local evidence. A single leading '+' in a flowchart label such as '+HF' or '+CKD' uses symbol_type=presence_marker, symbol_role=presence_marker, symbol_count=1, ordinal_level=unknown, and direction=not_applicable; it is not an ordinal score. Only repeated '+' or '$' scales use symbol_role=ordinal_scale. Populate symbols_or_footnotes and ordinal_symbols; leave nodes, edges, and actions empty. Return only data matching the supplied JSON Schema.; visual item title derived from manifest figure_ids/table_ids",a284dd32e0ff5c861d9999c74595ebf82372e4251b83c96b38d1305694aa956a,a284dd32e0ff5c861d9999c74595ebf82372e4251b83c96b38d1305694aa956a,pending,,,,,False,N1,"For individuals with type 2 diabetes who require initiation or intensification of glucose-lowering therapy to achieve and/or maintain individualized glycemic goals and who do not have additional considerations informing choice of therapy beyond need for glucose lowering, metformin is a commonly used medication that historically has been the first-line treatment for type 2 diabetes (93,94).",,,,"For individuals with type 2 diabetes who require initiation or intensification of glucose-lowering therapy to achieve and/or maintain individualized glycemic goals and who do not have additional considerations informing choice of therapy beyond need for glucose lowering, metformin is a commonly used medication that historically has been the first-line treatment for type 2 diabetes (93,94).","[437.0,351.0,867.0,630.0]"
p014-page-014-tile-r03-c02::page-014-tile-r03-c02-structure-tile-r03-c02::node::n1,page_014_tile_r03_c02,14,CONTROLLED_SOURCE_PDF/ADA principles for pharmacologic therapy.pdf,7c2913f79b61bc60f8f51327bb73b80391988fd277116b29e57df4242b2a2404,869a35951ffde4367efcc075da2f6fe1d42dff15fed871e3de02d73dc235a4bf,tile,"[233.972,422.986,593.972,782.986]",normalized_0_1000,CONTROLLED_SOURCE_IMAGE/ada_page_014_tile_r03_c02.png,OMITTED_RAW_MODEL_JSON/visual_logic_page_014_tile_r03_c02.json,extracted_unvalidated,page_014_tile_r03_c02__structure__tile_r03_c02,table,Table 9.2,True,True,valid,,"structure: The text does not contain any explicit decision nodes or arrows. The relationships are implied by the logical flow of the paragraph.; structure: No drug actions or ordinal symbols are visible in this asset.; actions: No explicit recommendation-strength words were found in the text; strength is left empty.; actions: The evidence bounding boxes provided are approximate and based on visual layout. Actual coordinates may vary slightly depending on document rendering.; symbols: No visual elements (arrows, nodes) are present in this asset to extract relationships or actions.; symbols: The text is a paragraph describing metformin's role and properties; no structured decision tree or flowchart exists for extraction.; visual item title derived from manifest figure_ids/table_ids",5c7ccbd8f8180705964777560c08300ca423a6e8a6d720700eeec74c0831e521,5c7ccbd8f8180705964777560c08300ca423a6e8a6d720700eeec74c0831e521,pending,,,,,False,N1,patients who need glucose lowering therapy to achieve and/or maintain individualized glycemic goals and who do not have additional considerations informing choice of therapy beyond need for glucose lowering,,"metformin is a commonly used medication that historically has been the first-line treatment for type 2 diabetes (93,94).",,"lowering therapy to achieve and/or maintain individualized glycemic goals and who do not have additional considerations informing choice of therapy beyond need for glucose lowering, metformin is a commonly used medication that historically has been the first-line treatment for type 2 diabetes (93,94).","[450.178,6.0,875.0,260.0]"
p016-page-016-tile-r01-c01::page-016-tile-r01-c01-structure-tile-01::node::n0,page_016_tile_r01_c01,16,CONTROLLED_SOURCE_PDF/ADA principles for pharmacologic therapy.pdf,7c2913f79b61bc60f8f51327bb73b80391988fd277116b29e57df4242b2a2404,d850c41ab1506eb8c63dab03c386e6ec32615a0e553ba2cafb87df4ac5a4dc93,tile,"[0.0,0.0,360.0,360.0]",normalized_0_1000,CONTROLLED_SOURCE_IMAGE/ada_page_016_tile_r01_c01.png,OMITTED_RAW_MODEL_JSON/visual_logic_page_016_tile_r01_c01.json,extracted_unvalidated,page_016_tile_r01_c01__structure__tile_01,flowchart,Pharmacologic Approaches to Glycemic Treatment,True,True,valid,,"structure: The image contains text that may be truncated or partially obscured.; structure: Some nodes may have additional information not captured in this extraction.; actions: The image contains text that may be truncated or partially obscured in the provided bounding box.; actions: Some arrows are not fully visible within the specified bounding box, so their endpoints cannot be precisely determined.; symbols: No evidence of clinical guideline evidence visible in this single image asset.; symbols: The flowchart is a visual representation of the guidelines but does not contain explicit clinical guideline evidence such as specific drug names, dosages, or evidence-based algorithms beyond what is described.",c633713f18ef3695982f457b26d01547ce0063665d177dc8adcbb4ced87dab9e,c633713f18ef3695982f457b26d01547ce0063665d177dc8adcbb4ced87dab9e,pending,,,,,False,n0,"Use principles in Figure 9.3, including reinforcement of behavioral interventions (w... and physical activity) and provision of DSMES, to meet individualized treatment...",,If injectable therapy is needed to attain glycemic goals¹,,"Use principles in Figure 9.3, including reinforcement of behavioral interventions (w... and physical activity) and provision of DSMES, to meet individualized treatment...","[240.0,256.0,1000.0,337.0]"
p016-page-016-tile-r01-c01::page-016-tile-r01-c01-structure-tile-01::node::n1,page_016_tile_r01_c01,16,CONTROLLED_SOURCE_PDF/ADA principles for pharmacologic therapy.pdf,7c2913f79b61bc60f8f51327bb73b80391988fd277116b29e57df4242b2a2404,d850c41ab1506eb8c63dab03c386e6ec32615a0e553ba2cafb87df4ac5a4dc93,tile,"[0.0,0.0,360.0,360.0]",normalized_0_1000,CONTROLLED_SOURCE_IMAGE/ada_page_016_tile_r01_c01.png,OMITTED_RAW_MODEL_JSON/visual_logic_page_016_tile_r01_c01.json,extracted_unvalidated,page_016_tile_r01_c01__structure__tile_01,flowchart,Pharmacologic Approaches to Glycemic Treatment,True,True,valid,,"structure: The image contains text that may be truncated or partially obscured.; structure: Some nodes may have additional information not captured in this extraction.; actions: The image contains text that may be truncated or partially obscured in the provided bounding box.; actions: Some arrows are not fully visible within the specified bounding box, so their endpoints cannot be precisely determined.; symbols: No evidence of clinical guideline evidence visible in this single image asset.; symbols: The flowchart is a visual representation of the guidelines but does not contain explicit clinical guideline evidence such as specific drug names, dosages, or evidence-based algorithms beyond what is described.",27626113dd3fbe208b75a19d2741176df7fa69e6eff80fba29eb3c78478fef5f,27626113dd3fbe208b75a19d2741176df7fa69e6eff80fba29eb3c78478fef5f,pending,,,,,False,n1,If injectable therapy is needed to attain glycemic goals¹,,Consider GLP-1 RA or dual GIP and GLP-1 RA in most individuals prior to insulin²,,If injectable therapy is needed to attain glycemic goals¹,"[420.0,357.0,960.0,408.0]"
p016-page-016-tile-r01-c01::page-016-tile-r01-c01-structure-tile-01::node::n2,page_016_tile_r01_c01,16,CONTROLLED_SOURCE_PDF/ADA principles for pharmacologic therapy.pdf,7c2913f79b61bc60f8f51327bb73b80391988fd277116b29e57df4242b2a2404,d850c41ab1506eb8c63dab03c386e6ec32615a0e553ba2cafb87df4ac5a4dc93,tile,"[0.0,0.0,360.0,360.0]",normalized_0_1000,CONTROLLED_SOURCE_IMAGE/ada_page_016_tile_r01_c01.png,OMITTED_RAW_MODEL_JSON/visual_logic_page_016_tile_r01_c01.json,extracted_unvalidated,page_016_tile_r01_c01__structure__tile_01,flowchart,Pharmacologic Approaches to Glycemic Treatment,True,True,valid,,"structure: The image contains text that may be truncated or partially obscured.; structure: Some nodes may have additional information not captured in this extraction.; actions: The image contains text that may be truncated or partially obscured in the provided bounding box.; actions: Some arrows are not fully visible within the specified bounding box, so their endpoints cannot be precisely determined.; symbols: No evidence of clinical guideline evidence visible in this single image asset.; symbols: The flowchart is a visual representation of the guidelines but does not contain explicit clinical guideline evidence such as specific drug names, dosages, or evidence-based algorithms beyond what is described.",a50c94645e5cf04fbef6a6564d5d42c667b571a7fe265a4183ed5aeb61bc3dbd,a50c94645e5cf04fbef6a6564d5d42c667b571a7fe265a4183ed5aeb61bc3dbd,pending,,,,,False,n2,Consider GLP-1 RA or dual GIP and GLP-1 RA in most individuals prior to insulin²,,If glycemia is above goal,,Consider GLP-1 RA or dual GIP and GLP-1 RA in most individuals prior to insulin²,"[320.0,428.0,960.0,507.0]"
p016-page-016-tile-r01-c01::page-016-tile-r01-c01-structure-tile-01::node::n3,page_016_tile_r01_c01,16,CONTROLLED_SOURCE_PDF/ADA principles for pharmacologic therapy.pdf,7c2913f79b61bc60f8f51327bb73b80391988fd277116b29e57df4242b2a2404,d850c41ab1506eb8c63dab03c386e6ec32615a0e553ba2cafb87df4ac5a4dc93,tile,"[0.0,0.0,360.0,360.0]",normalized_0_1000,CONTROLLED_SOURCE_IMAGE/ada_page_016_tile_r01_c01.png,OMITTED_RAW_MODEL_JSON/visual_logic_page_016_tile_r01_c01.json,extracted_unvalidated,page_016_tile_r01_c01__structure__tile_01,flowchart,Pharmacologic Approaches to Glycemic Treatment,True,True,valid,,"structure: The image contains text that may be truncated or partially obscured.; structure: Some nodes may have additional information not captured in this extraction.; actions: The image contains text that may be truncated or partially obscured in the provided bounding box.; actions: Some arrows are not fully visible within the specified bounding box, so their endpoints cannot be precisely determined.; symbols: No evidence of clinical guideline evidence visible in this single image asset.; symbols: The flowchart is a visual representation of the guidelines but does not contain explicit clinical guideline evidence such as specific drug names, dosages, or evidence-based algorithms beyond what is described.",c71a3b4a0c4ddecc06387273c924e994707fa3623c731686dbdfbf7e5928df12,c71a3b4a0c4ddecc06387273c924e994707fa3623c731686dbdfbf7e5928df12,pending,,,,,False,n3,If glycemia is above goal,,Considerations for adding basal insulin³,,If glycemia is above goal,"[420.0,537.0,960.0,588.0]"
p016-page-016-tile-r01-c01::page-016-tile-r01-c01-structure-tile-01::node::n4,page_016_tile_r01_c01,16,CONTROLLED_SOURCE_PDF/ADA principles for pharmacologic therapy.pdf,7c2913f79b61bc60f8f51327bb73b80391988fd277116b29e57df4242b2a2404,d850c41ab1506eb8c63dab03c386e6ec32615a0e553ba2cafb87df4ac5a4dc93,tile,"[0.0,0.0,360.0,360.0]",normalized_0_1000,CONTROLLED_SOURCE_IMAGE/ada_page_016_tile_r01_c01.png,OMITTED_RAW_MODEL_JSON/visual_logic_page_016_tile_r01_c01.json,extracted_unvalidated,page_016_tile_r01_c01__structure__tile_01,flowchart,Pharmacologic Approaches to Glycemic Treatment,True,True,valid,,"structure: The image contains text that may be truncated or partially obscured.; structure: Some nodes may have additional information not captured in this extraction.; actions: The image contains text that may be truncated or partially obscured in the provided bounding box.; actions: Some arrows are not fully visible within the specified bounding box, so their endpoints cannot be precisely determined.; symbols: No evidence of clinical guideline evidence visible in this single image asset.; symbols: The flowchart is a visual representation of the guidelines but does not contain explicit clinical guideline evidence such as specific drug names, dosages, or evidence-based algorithms beyond what is described.",6cd7059f01675b6dff721348e413efb8007fbc9592e733b86c6251c8559168e8,6cd7059f01675b6dff721348e413efb8007fbc9592e733b86c6251c8559168e8,pending,,,,,False,n4,Considerations for adding basal insulin³,,Initiation and titration of basal analog or bedtime NPH insulin⁴,,"Considerations for adding basal insulin³ Choice of basal insulin should be based on person-specific considerations, including cost. Ref... Table 9.4 for insulin cost information. Consider prescription of glucagon for emergent hypoglycemia. If not on CGM, consider adding CGM.","[320.0,588.0,960.0,718.0]"
p016-page-016-tile-r01-c01::page-016-tile-r01-c01-structure-tile-01::node::n5,page_016_tile_r01_c01,16,CONTROLLED_SOURCE_PDF/ADA principles for pharmacologic therapy.pdf,7c2913f79b61bc60f8f51327bb73b80391988fd277116b29e57df4242b2a2404,d850c41ab1506eb8c63dab03c386e6ec32615a0e553ba2cafb87df4ac5a4dc93,tile,"[0.0,0.0,360.0,360.0]",normalized_0_1000,CONTROLLED_SOURCE_IMAGE/ada_page_016_tile_r01_c01.png,OMITTED_RAW_MODEL_JSON/visual_logic_page_016_tile_r01_c01.json,extracted_unvalidated,page_016_tile_r01_c01__structure__tile_01,flowchart,Pharmacologic Approaches to Glycemic Treatment,True,True,valid,,"structure: The image contains text that may be truncated or partially obscured.; structure: Some nodes may have additional information not captured in this extraction.; actions: The image contains text that may be truncated or partially obscured in the provided bounding box.; actions: Some arrows are not fully visible within the specified bounding box, so their endpoints cannot be precisely determined.; symbols: No evidence of clinical guideline evidence visible in this single image asset.; symbols: The flowchart is a visual representation of the guidelines but does not contain explicit clinical guideline evidence such as specific drug names, dosages, or evidence-based algorithms beyond what is described.",a8d0eab82fa14a4cf1aa5bcf1b5bb95f4059bfbdc91d398def0a51ff4401e36b,a8d0eab82fa14a4cf1aa5bcf1b5bb95f4059bfbdc91d398def0a51ff4401e36b,pending,,,,,False,n5,Initiation and titration of basal analog or bedtime NPH insulin⁴,,Assess adequacy of insulin dose at every visit,,"Initiation and titration of basal analog or bedtime NPH insulin⁴ INITIATION Start 10 units per day or 0.1–0.2 units/kg per day TITRATION • Set FPG goal (see section 6, ""Glycemic Goals, Hypoglycemia, and Hyperglycemic C...• Choose evidence-based titration algorithm, e.g., increase 2 units every 3 d to reach fasting plasma glucose goal without hypoglycemia • For hypoglycemia: determine cause; if no clear reason, lower dose by 10–20%","[320.0,718.0,960.0,854.0]"
p016-page-016-tile-r01-c01::page-016-tile-r01-c01-structure-tile-01::node::n6,page_016_tile_r01_c01,16,CONTROLLED_SOURCE_PDF/ADA principles for pharmacologic therapy.pdf,7c2913f79b61bc60f8f51327bb73b80391988fd277116b29e57df4242b2a2404,d850c41ab1506eb8c63dab03c386e6ec32615a0e553ba2cafb87df4ac5a4dc93,tile,"[0.0,0.0,360.0,360.0]",normalized_0_1000,CONTROLLED_SOURCE_IMAGE/ada_page_016_tile_r01_c01.png,OMITTED_RAW_MODEL_JSON/visual_logic_page_016_tile_r01_c01.json,extracted_unvalidated,page_016_tile_r01_c01__structure__tile_01,flowchart,Pharmacologic Approaches to Glycemic Treatment,True,True,valid,,"structure: The image contains text that may be truncated or partially obscured.; structure: Some nodes may have additional information not captured in this extraction.; actions: The image contains text that may be truncated or partially obscured in the provided bounding box.; actions: Some arrows are not fully visible within the specified bounding box, so their endpoints cannot be precisely determined.; symbols: No evidence of clinical guideline evidence visible in this single image asset.; symbols: The flowchart is a visual representation of the guidelines but does not contain explicit clinical guideline evidence such as specific drug names, dosages, or evidence-based algorithms beyond what is described.",0fe7a2620ddb3e805e146f635648ba9e7544ad3d9a5498f2ddafdcff41c88535,0fe7a2620ddb3e805e146f635648ba9e7544ad3d9a5498f2ddafdcff41c88535,pending,,,,,False,n6,Assess adequacy of insulin dose at every visit,,,,"Assess adequacy of insulin dose at every visit Consider clinical signals to evaluate for overbasalization and need to consider adjunctive therapies (e.g., elevated bedtime-to-morning and/or postprandial-to-preprandial differential, hypoglycemia [aware or unaware], high glucose variability)","[320.0,854.0,960.0,987.0]"
p016-page-016-tile-r01-c02::page-016-tile-r01-c02-structure-tile-r01-c02::node::n1,page_016_tile_r01_c02,16,CONTROLLED_SOURCE_PDF/ADA principles for pharmacologic therapy.pdf,7c2913f79b61bc60f8f51327bb73b80391988fd277116b29e57df4242b2a2404,81a3d24fd82a123a33c82efc918dc6cd04dacaee7180b66afbacfb9d38b6e5f2,tile,"[233.972,0.0,593.972,360.0]",normalized_0_1000,CONTROLLED_SOURCE_IMAGE/ada_page_016_tile_r01_c02.png,OMITTED_RAW_MODEL_JSON/visual_logic_page_016_tile_r01_c02.json,extracted_unvalidated,page_016_tile_r01_c02__structure__tile_r01_c02,flowchart,"Diabetes Care Volume 49, Supplement 1, January 2026",True,True,valid,,"structure: The flowchart is a simplified representation of complex clinical decision-making; real-world application requires integration with patient-specific data, provider judgment, and up-to-date guidelines.; structure: Some text in the image may be truncated or partially obscured due to resolution limits. The extracted evidence attempts to capture visible content accurately.; actions: The flowchart is a visual representation of clinical guidelines; it does not contain explicit strength indicators (e.g., 'strongly recommend', 'recommend') beyond the implicit structure.; actions: Some text in the diagram may be truncated or partially obscured, but all visible content has been extracted.; symbols: No clinical guideline evidence was found in this asset that matches the requested types (symbols, footnotes, ordinal scales).",7d2fa40c39ed0c0a0b73797ad3fd9c13351d5d6f448154ec9c1a351d1c735d3f,7d2fa40c39ed0c0a0b73797ad3fd9c13351d5d6f448154ec9c1a351d1c735d3f,pending,,,,,False,N1,Glycemic goals not met despite behavioral interventions (weight management of DSMES),,N2,,"Enforcement of behavioral interventions (weight management of DSMES, to meet individualized treatment goals","[0.0,187.5,496.3,233.972]"
p016-page-016-tile-r01-c02::page-016-tile-r01-c02-structure-tile-r01-c02::node::n2,page_016_tile_r01_c02,16,CONTROLLED_SOURCE_PDF/ADA principles for pharmacologic therapy.pdf,7c2913f79b61bc60f8f51327bb73b80391988fd277116b29e57df4242b2a2404,81a3d24fd82a123a33c82efc918dc6cd04dacaee7180b66afbacfb9d38b6e5f2,tile,"[233.972,0.0,593.972,360.0]",normalized_0_1000,CONTROLLED_SOURCE_IMAGE/ada_page_016_tile_r01_c02.png,OMITTED_RAW_MODEL_JSON/visual_logic_page_016_tile_r01_c02.json,extracted_unvalidated,page_016_tile_r01_c02__structure__tile_r01_c02,flowchart,"Diabetes Care Volume 49, Supplement 1, January 2026",True,True,valid,,"structure: The flowchart is a simplified representation of complex clinical decision-making; real-world application requires integration with patient-specific data, provider judgment, and up-to-date guidelines.; structure: Some text in the image may be truncated or partially obscured due to resolution limits. The extracted evidence attempts to capture visible content accurately.; actions: The flowchart is a visual representation of clinical guidelines; it does not contain explicit strength indicators (e.g., 'strongly recommend', 'recommend') beyond the implicit structure.; actions: Some text in the diagram may be truncated or partially obscured, but all visible content has been extracted.; symbols: No clinical guideline evidence was found in this asset that matches the requested types (symbols, footnotes, ordinal scales).",0dda7eab27e0e1dd11cbd3a4ca14fcf501bcb019579ca450f6f086339f09ee6d,0dda7eab27e0e1dd11cbd3a4ca14fcf501bcb019579ca450f6f086339f09ee6d,pending,,,,,False,N2,GLP-1 RA is needed to attain glycemic goals,,N3,,GLP-1 RA in most individuals prior to insulin^2 (for agent selected (varies within class) varies within class),"[0.0,233.972,496.3,280.445]"
p016-page-016-tile-r01-c02::page-016-tile-r01-c02-structure-tile-r01-c02::node::n3,page_016_tile_r01_c02,16,CONTROLLED_SOURCE_PDF/ADA principles for pharmacologic therapy.pdf,7c2913f79b61bc60f8f51327bb73b80391988fd277116b29e57df4242b2a2404,81a3d24fd82a123a33c82efc918dc6cd04dacaee7180b66afbacfb9d38b6e5f2,tile,"[233.972,0.0,593.972,360.0]",normalized_0_1000,CONTROLLED_SOURCE_IMAGE/ada_page_016_tile_r01_c02.png,OMITTED_RAW_MODEL_JSON/visual_logic_page_016_tile_r01_c02.json,extracted_unvalidated,page_016_tile_r01_c02__structure__tile_r01_c02,flowchart,"Diabetes Care Volume 49, Supplement 1, January 2026",True,True,valid,,"structure: The flowchart is a simplified representation of complex clinical decision-making; real-world application requires integration with patient-specific data, provider judgment, and up-to-date guidelines.; structure: Some text in the image may be truncated or partially obscured due to resolution limits. The extracted evidence attempts to capture visible content accurately.; actions: The flowchart is a visual representation of clinical guidelines; it does not contain explicit strength indicators (e.g., 'strongly recommend', 'recommend') beyond the implicit structure.; actions: Some text in the diagram may be truncated or partially obscured, but all visible content has been extracted.; symbols: No clinical guideline evidence was found in this asset that matches the requested types (symbols, footnotes, ordinal scales).",90598aa8fcbcac3602b2b9032847020a768058bd47603b30f55bcd8078fd0e78,90598aa8fcbcac3602b2b9032847020a768058bd47603b30f55bcd8078fd0e78,pending,,,,,False,N3,Glycemia is above goal,,N4,,Glycemia is above goal,"[0.0,280.445,496.3,326.917]"
p016-page-016-tile-r01-c02::page-016-tile-r01-c02-structure-tile-r01-c02::node::n4,page_016_tile_r01_c02,16,CONTROLLED_SOURCE_PDF/ADA principles for pharmacologic therapy.pdf,7c2913f79b61bc60f8f51327bb73b80391988fd277116b29e57df4242b2a2404,81a3d24fd82a123a33c82efc918dc6cd04dacaee7180b66afbacfb9d38b6e5f2,tile,"[233.972,0.0,593.972,360.0]",normalized_0_1000,CONTROLLED_SOURCE_IMAGE/ada_page_016_tile_r01_c02.png,OMITTED_RAW_MODEL_JSON/visual_logic_page_016_tile_r01_c02.json,extracted_unvalidated,page_016_tile_r01_c02__structure__tile_r01_c02,flowchart,"Diabetes Care Volume 49, Supplement 1, January 2026",True,True,valid,,"structure: The flowchart is a simplified representation of complex clinical decision-making; real-world application requires integration with patient-specific data, provider judgment, and up-to-date guidelines.; structure: Some text in the image may be truncated or partially obscured due to resolution limits. The extracted evidence attempts to capture visible content accurately.; actions: The flowchart is a visual representation of clinical guidelines; it does not contain explicit strength indicators (e.g., 'strongly recommend', 'recommend') beyond the implicit structure.; actions: Some text in the diagram may be truncated or partially obscured, but all visible content has been extracted.; symbols: No clinical guideline evidence was found in this asset that matches the requested types (symbols, footnotes, ordinal scales).",33f840c8d1728318cb86828bc78e276b11d0d2f70f09b0a7b8791a912b398213,33f840c8d1728318cb86828bc78e276b11d0d2f70f09b0a7b8791a912b398213,pending,,,,,False,N4,Consider adding basal insulin,,N5,,"Steps for adding basal insulin^3 (person-specific considerations, including cost. Refer to earlier prescription of glucagon for emergent hypoglycemia. If M, consider adding CGM.","[0.0,326.917,496.3,373.39]"
p016-page-016-tile-r01-c02::page-016-tile-r01-c02-structure-tile-r01-c02::node::n5,page_016_tile_r01_c02,16,CONTROLLED_SOURCE_PDF/ADA principles for pharmacologic therapy.pdf,7c2913f79b61bc60f8f51327bb73b80391988fd277116b29e57df4242b2a2404,81a3d24fd82a123a33c82efc918dc6cd04dacaee7180b66afbacfb9d38b6e5f2,tile,"[233.972,0.0,593.972,360.0]",normalized_0_1000,CONTROLLED_SOURCE_IMAGE/ada_page_016_tile_r01_c02.png,OMITTED_RAW_MODEL_JSON/visual_logic_page_016_tile_r01_c02.json,extracted_unvalidated,page_016_tile_r01_c02__structure__tile_r01_c02,flowchart,"Diabetes Care Volume 49, Supplement 1, January 2026",True,True,valid,,"structure: The flowchart is a simplified representation of complex clinical decision-making; real-world application requires integration with patient-specific data, provider judgment, and up-to-date guidelines.; structure: Some text in the image may be truncated or partially obscured due to resolution limits. The extracted evidence attempts to capture visible content accurately.; actions: The flowchart is a visual representation of clinical guidelines; it does not contain explicit strength indicators (e.g., 'strongly recommend', 'recommend') beyond the implicit structure.; actions: Some text in the diagram may be truncated or partially obscured, but all visible content has been extracted.; symbols: No clinical guideline evidence was found in this asset that matches the requested types (symbols, footnotes, ordinal scales).",3a29fef2d7beac39337dc68ab67787eb22cf652a6ed7ffc53ad60ada6f0fcc44,3a29fef2d7beac39337dc68ab67787eb22cf652a6ed7ffc53ad60ada6f0fcc44,pending,,,,,False,N5,Consider basal analog or bedtime NPH insulin,,N6,,"Basal analog or bedtime NPH insulin^4 (per ""Glycemic Goals, Hypoglycemia, and Hyperglycemic Crises"") titration algorithm, e.g., increase 2 units every 3 days to glucose goal without hypoglycemia; determine cause; if no clear reason, lower dose by 10–20%","[0.0,373.39,496.3,419.863]"
p016-page-016-tile-r01-c02::page-016-tile-r01-c02-structure-tile-r01-c02::node::n6,page_016_tile_r01_c02,16,CONTROLLED_SOURCE_PDF/ADA principles for pharmacologic therapy.pdf,7c2913f79b61bc60f8f51327bb73b80391988fd277116b29e57df4242b2a2404,81a3d24fd82a123a33c82efc918dc6cd04dacaee7180b66afbacfb9d38b6e5f2,tile,"[233.972,0.0,593.972,360.0]",normalized_0_1000,CONTROLLED_SOURCE_IMAGE/ada_page_016_tile_r01_c02.png,OMITTED_RAW_MODEL_JSON/visual_logic_page_016_tile_r01_c02.json,extracted_unvalidated,page_016_tile_r01_c02__structure__tile_r01_c02,flowchart,"Diabetes Care Volume 49, Supplement 1, January 2026",True,True,valid,,"structure: The flowchart is a simplified representation of complex clinical decision-making; real-world application requires integration with patient-specific data, provider judgment, and up-to-date guidelines.; structure: Some text in the image may be truncated or partially obscured due to resolution limits. The extracted evidence attempts to capture visible content accurately.; actions: The flowchart is a visual representation of clinical guidelines; it does not contain explicit strength indicators (e.g., 'strongly recommend', 'recommend') beyond the implicit structure.; actions: Some text in the diagram may be truncated or partially obscured, but all visible content has been extracted.; symbols: No clinical guideline evidence was found in this asset that matches the requested types (symbols, footnotes, ordinal scales).",40bbb5e6ce403797a9d81a00cb1a1c02146ae213a03d9501bbee309a8d6b7d33,40bbb5e6ce403797a9d81a00cb1a1c02146ae213a03d9501bbee309a8d6b7d33,pending,,,,,False,N6,Adjust insulin dose at every visit,,,,"Adjustment of insulin dose at every visit (to avoid overbasalization and need to consider adjunctive therapy [e.g., pre-morning and/or postprandial-to-preprandial unaware or unaware], high glucose variability)","[0.0,419.863,496.3,466.335]"
p016-page-016-tile-r02-c01::page-016-tile-r02-c01-structure-tile-r02-c01::node::n01,page_016_tile_r02_c01,16,CONTROLLED_SOURCE_PDF/ADA principles for pharmacologic therapy.pdf,7c2913f79b61bc60f8f51327bb73b80391988fd277116b29e57df4242b2a2404,ccce6deda1722bc0d79f8651e2c15da7aee0156e3cddab5d7bf21c7a77628d65,tile,"[0.0,288.0,360.0,648.0]",normalized_0_1000,CONTROLLED_SOURCE_IMAGE/ada_page_016_tile_r02_c01.png,OMITTED_RAW_MODEL_JSON/visual_logic_page_016_tile_r02_c01.json,extracted_unvalidated,page_016_tile_r02_c01__structure__tile_r02_c01,flowchart,Insulin Titration and Management Algorithm,True,True,valid,,"structure: The image is partially cut off at the top and bottom, so some text may be incomplete.; structure: Some arrows are not fully visible in the provided bounding box, but their logical flow can be inferred from context.; actions: The provided image is a flowchart with multiple decision points and actions, but the extraction process has been simplified to focus on drug actions. Some clinical guidelines may be missing or not fully captured due to the complexity of the visual layout.; symbols: The provided image is incomplete; it appears to be a cropped section of a larger flowchart. Some nodes and arrows may not be fully visible or connected as intended in the original document.; symbols: Some text within the flowchart is cut off, making complete extraction difficult (e.g., '...10–20%...' for hypoglycemia management).; symbols: The exact bounding box coordinates are estimated based on visual inspection and may not be precise.",59b2fef06d0e2e026c0a1a6af7210aaaea72057b81c4c17a8fb2523b5f75cf8f,59b2fef06d0e2e026c0a1a6af7210aaaea72057b81c4c17a8fb2523b5f75cf8f,pending,,,,,False,n01,If glycemia is above goal and the individual is not already on a GLP-1 RA or dual GIP and GLP-1 receptor agonist,glycemia > target; not on GLP-1 RA or dual GIP/GLP-1 RA,"Consider these classes in combination with insulin (may use fixed-ratio product, if available and appropriate)",,"If glycemia is above goal and the individual is not already on a GLP-1 RA or dual GIP and GLP-1 receptor agonist consider these classes in combination and with insulin (may use fixed-ratio product, if available and appropriate)³","[320.0,218.0,975.0,304.0]"
p016-page-016-tile-r02-c01::page-016-tile-r02-c01-structure-tile-r02-c01::node::n02,page_016_tile_r02_c01,16,CONTROLLED_SOURCE_PDF/ADA principles for pharmacologic therapy.pdf,7c2913f79b61bc60f8f51327bb73b80391988fd277116b29e57df4242b2a2404,ccce6deda1722bc0d79f8651e2c15da7aee0156e3cddab5d7bf21c7a77628d65,tile,"[0.0,288.0,360.0,648.0]",normalized_0_1000,CONTROLLED_SOURCE_IMAGE/ada_page_016_tile_r02_c01.png,OMITTED_RAW_MODEL_JSON/visual_logic_page_016_tile_r02_c01.json,extracted_unvalidated,page_016_tile_r02_c01__structure__tile_r02_c01,flowchart,Insulin Titration and Management Algorithm,True,True,valid,,"structure: The image is partially cut off at the top and bottom, so some text may be incomplete.; structure: Some arrows are not fully visible in the provided bounding box, but their logical flow can be inferred from context.; actions: The provided image is a flowchart with multiple decision points and actions, but the extraction process has been simplified to focus on drug actions. Some clinical guidelines may be missing or not fully captured due to the complexity of the visual layout.; symbols: The provided image is incomplete; it appears to be a cropped section of a larger flowchart. Some nodes and arrows may not be fully visible or connected as intended in the original document.; symbols: Some text within the flowchart is cut off, making complete extraction difficult (e.g., '...10–20%...' for hypoglycemia management).; symbols: The exact bounding box coordinates are estimated based on visual inspection and may not be precise.",bcb44b4c5dcf580a5b1c3c62efd82c7d8e9329b09275073add606ac2330f8803,bcb44b4c5dcf580a5b1c3c62efd82c7d8e9329b09275073add606ac2330f8803,pending,,,,,False,n02,If glycemia remains above goal:,glycemia > target,Initiation and titration of prandial insulin,,If glycemia remains above goal:,"[320.0,315.0,975.0,348.0]"
p016-page-016-tile-r02-c01::page-016-tile-r02-c01-structure-tile-r02-c01::node::n03,page_016_tile_r02_c01,16,CONTROLLED_SOURCE_PDF/ADA principles for pharmacologic therapy.pdf,7c2913f79b61bc60f8f51327bb73b80391988fd277116b29e57df4242b2a2404,ccce6deda1722bc0d79f8651e2c15da7aee0156e3cddab5d7bf21c7a77628d65,tile,"[0.0,288.0,360.0,648.0]",normalized_0_1000,CONTROLLED_SOURCE_IMAGE/ada_page_016_tile_r02_c01.png,OMITTED_RAW_MODEL_JSON/visual_logic_page_016_tile_r02_c01.json,extracted_unvalidated,page_016_tile_r02_c01__structure__tile_r02_c01,flowchart,Insulin Titration and Management Algorithm,True,True,valid,,"structure: The image is partially cut off at the top and bottom, so some text may be incomplete.; structure: Some arrows are not fully visible in the provided bounding box, but their logical flow can be inferred from context.; actions: The provided image is a flowchart with multiple decision points and actions, but the extraction process has been simplified to focus on drug actions. Some clinical guidelines may be missing or not fully captured due to the complexity of the visual layout.; symbols: The provided image is incomplete; it appears to be a cropped section of a larger flowchart. Some nodes and arrows may not be fully visible or connected as intended in the original document.; symbols: Some text within the flowchart is cut off, making complete extraction difficult (e.g., '...10–20%...' for hypoglycemia management).; symbols: The exact bounding box coordinates are estimated based on visual inspection and may not be precise.",65165507ec89c967c9ccd0e650b5e167c706d74d2321ddbe229508ebc4fbefc6,65165507ec89c967c9ccd0e650b5e167c706d74d2321ddbe229508ebc4fbefc6,pending,,,,,False,n03,If glycemia is above goal,glycemia > target,"Stepwise doses of prandial insulin (i.e., two, then three additional injections)",,If glycemia is above goal,"[430.0,542.0,975.0,581.0]"
p016-page-016-tile-r02-c02::page-016-tile-r02-c02-structure-tile-r02-c02::node::n0,page_016_tile_r02_c02,16,CONTROLLED_SOURCE_PDF/ADA principles for pharmacologic therapy.pdf,7c2913f79b61bc60f8f51327bb73b80391988fd277116b29e57df4242b2a2404,a27cdba8ff2cf5319432911a83c311d8ee007fce5d98d9876db31897949a8e49,tile,"[233.972,288.0,593.972,648.0]",normalized_0_1000,CONTROLLED_SOURCE_IMAGE/ada_page_016_tile_r02_c02.png,OMITTED_RAW_MODEL_JSON/visual_logic_page_016_tile_r02_c02.json,extracted_unvalidated,page_016_tile_r02_c02__structure__tile_r02_c02,flowchart,Insulin Titration and Management Algorithm,True,True,valid,,"structure: The flowchart is partially cut off at the bottom of the image. The full context may not be visible.; structure: Some text within nodes is truncated due to image resolution or cropping.; actions: The flowchart is complex and may require manual review to ensure all connections are correctly interpreted.; actions: Some text in the image appears cut off or partially obscured, which may affect accuracy of extracted content.; symbols: The provided image is a flowchart with multiple decision points, but no specific clinical guideline evidence such as citations or references to external guidelines are visible within this single tile. The text includes superscripts like '5,6' indicating potential references, but these are not fully rendered in the visual asset and cannot be extracted without additional context.; symbols: The algorithm contains conditional logic (e.g., 'If glycemia is above goal') which requires manual review to ensure accurate interpretation of flow direction and decision branching.",38154c61d1b416a744a7f6aee39947df4ebb7a5f636234d1b7eb5e22ab047d1c,38154c61d1b416a744a7f6aee39947df4ebb7a5f636234d1b7eb5e22ab047d1c,pending,,,,,False,n0,If glycemia is above goal,A1C; blood glucose levels,Consider self-mixed/split insulin plan,Consider twice-daily premixed insulin plan,If glycemia is above goal,"[450.0,328.0,791.0,360.0]"
p016-page-016-tile-r02-c02::page-016-tile-r02-c02-structure-tile-r02-c02::node::n1,page_016_tile_r02_c02,16,CONTROLLED_SOURCE_PDF/ADA principles for pharmacologic therapy.pdf,7c2913f79b61bc60f8f51327bb73b80391988fd277116b29e57df4242b2a2404,a27cdba8ff2cf5319432911a83c311d8ee007fce5d98d9876db31897949a8e49,tile,"[233.972,288.0,593.972,648.0]",normalized_0_1000,CONTROLLED_SOURCE_IMAGE/ada_page_016_tile_r02_c02.png,OMITTED_RAW_MODEL_JSON/visual_logic_page_016_tile_r02_c02.json,extracted_unvalidated,page_016_tile_r02_c02__structure__tile_r02_c02,flowchart,Insulin Titration and Management Algorithm,True,True,valid,,"structure: The flowchart is partially cut off at the bottom of the image. The full context may not be visible.; structure: Some text within nodes is truncated due to image resolution or cropping.; actions: The flowchart is complex and may require manual review to ensure all connections are correctly interpreted.; actions: Some text in the image appears cut off or partially obscured, which may affect accuracy of extracted content.; symbols: The provided image is a flowchart with multiple decision points, but no specific clinical guideline evidence such as citations or references to external guidelines are visible within this single tile. The text includes superscripts like '5,6' indicating potential references, but these are not fully rendered in the visual asset and cannot be extracted without additional context.; symbols: The algorithm contains conditional logic (e.g., 'If glycemia is above goal') which requires manual review to ensure accurate interpretation of flow direction and decision branching.",84d494adaf2f1dba8649cfa35028448e9b794682fced67786f3f855eb2507ae1,84d494adaf2f1dba8649cfa35028448e9b794682fced67786f3f855eb2507ae1,pending,,,,,False,n1,"If on bedtime NPH, consider converting to twice-daily NPH plan",current glycemic management,Initiation and Titration steps for twice-daily NPH,,"If on bedtime NPH, consider converting to twice-daily NPH plan","[450.0,288.0,791.0,328.0]"
p016-page-016-tile-r02-c02::page-016-tile-r02-c02-structure-tile-r02-c02::node::n2,page_016_tile_r02_c02,16,CONTROLLED_SOURCE_PDF/ADA principles for pharmacologic therapy.pdf,7c2913f79b61bc60f8f51327bb73b80391988fd277116b29e57df4242b2a2404,a27cdba8ff2cf5319432911a83c311d8ee007fce5d98d9876db31897949a8e49,tile,"[233.972,288.0,593.972,648.0]",normalized_0_1000,CONTROLLED_SOURCE_IMAGE/ada_page_016_tile_r02_c02.png,OMITTED_RAW_MODEL_JSON/visual_logic_page_016_tile_r02_c02.json,extracted_unvalidated,page_016_tile_r02_c02__structure__tile_r02_c02,flowchart,Insulin Titration and Management Algorithm,True,True,valid,,"structure: The flowchart is partially cut off at the bottom of the image. The full context may not be visible.; structure: Some text within nodes is truncated due to image resolution or cropping.; actions: The flowchart is complex and may require manual review to ensure all connections are correctly interpreted.; actions: Some text in the image appears cut off or partially obscured, which may affect accuracy of extracted content.; symbols: The provided image is a flowchart with multiple decision points, but no specific clinical guideline evidence such as citations or references to external guidelines are visible within this single tile. The text includes superscripts like '5,6' indicating potential references, but these are not fully rendered in the visual asset and cannot be extracted without additional context.; symbols: The algorithm contains conditional logic (e.g., 'If glycemia is above goal') which requires manual review to ensure accurate interpretation of flow direction and decision branching.",10e8bb4b03ace45472631fd107e05c7fe86281ca5fffb3f806e8c4b74cc860c0,10e8bb4b03ace45472631fd107e05c7fe86281ca5fffb3f806e8c4b74cc860c0,pending,,,,,False,n2,If glycemia is above goal (after conversion),,,,If glycemia is above goal,"[450.0,360.0,791.0,382.0]"
p016-page-016-tile-r02-c02::page-016-tile-r02-c02-structure-tile-r02-c02::node::n3,page_016_tile_r02_c02,16,CONTROLLED_SOURCE_PDF/ADA principles for pharmacologic therapy.pdf,7c2913f79b61bc60f8f51327bb73b80391988fd277116b29e57df4242b2a2404,a27cdba8ff2cf5319432911a83c311d8ee007fce5d98d9876db31897949a8e49,tile,"[233.972,288.0,593.972,648.0]",normalized_0_1000,CONTROLLED_SOURCE_IMAGE/ada_page_016_tile_r02_c02.png,OMITTED_RAW_MODEL_JSON/visual_logic_page_016_tile_r02_c02.json,extracted_unvalidated,page_016_tile_r02_c02__structure__tile_r02_c02,flowchart,Insulin Titration and Management Algorithm,True,True,valid,,"structure: The flowchart is partially cut off at the bottom of the image. The full context may not be visible.; structure: Some text within nodes is truncated due to image resolution or cropping.; actions: The flowchart is complex and may require manual review to ensure all connections are correctly interpreted.; actions: Some text in the image appears cut off or partially obscured, which may affect accuracy of extracted content.; symbols: The provided image is a flowchart with multiple decision points, but no specific clinical guideline evidence such as citations or references to external guidelines are visible within this single tile. The text includes superscripts like '5,6' indicating potential references, but these are not fully rendered in the visual asset and cannot be extracted without additional context.; symbols: The algorithm contains conditional logic (e.g., 'If glycemia is above goal') which requires manual review to ensure accurate interpretation of flow direction and decision branching.",19f6e5152dc011d0d2cf83d3799763976a8715a0cca6c2241bbfdc2f56baa053,19f6e5152dc011d0d2cf83d3799763976a8715a0cca6c2241bbfdc2f56baa053,pending,,,,,False,n3,Consider self-mixed/split insulin plan,,,,Consider self-mixed/split insulin plan,"[0.0,628.0,415.0,673.0]"
p016-page-016-tile-r02-c02::page-016-tile-r02-c02-structure-tile-r02-c02::node::n4,page_016_tile_r02_c02,16,CONTROLLED_SOURCE_PDF/ADA principles for pharmacologic therapy.pdf,7c2913f79b61bc60f8f51327bb73b80391988fd277116b29e57df4242b2a2404,a27cdba8ff2cf5319432911a83c311d8ee007fce5d98d9876db31897949a8e49,tile,"[233.972,288.0,593.972,648.0]",normalized_0_1000,CONTROLLED_SOURCE_IMAGE/ada_page_016_tile_r02_c02.png,OMITTED_RAW_MODEL_JSON/visual_logic_page_016_tile_r02_c02.json,extracted_unvalidated,page_016_tile_r02_c02__structure__tile_r02_c02,flowchart,Insulin Titration and Management Algorithm,True,True,valid,,"structure: The flowchart is partially cut off at the bottom of the image. The full context may not be visible.; structure: Some text within nodes is truncated due to image resolution or cropping.; actions: The flowchart is complex and may require manual review to ensure all connections are correctly interpreted.; actions: Some text in the image appears cut off or partially obscured, which may affect accuracy of extracted content.; symbols: The provided image is a flowchart with multiple decision points, but no specific clinical guideline evidence such as citations or references to external guidelines are visible within this single tile. The text includes superscripts like '5,6' indicating potential references, but these are not fully rendered in the visual asset and cannot be extracted without additional context.; symbols: The algorithm contains conditional logic (e.g., 'If glycemia is above goal') which requires manual review to ensure accurate interpretation of flow direction and decision branching.",be11efc4641474657e35b400ad7c4a471d5fa11371ade75f4108a9714f2024cb,be11efc4641474657e35b400ad7c4a471d5fa11371ade75f4108a9714f2024cb,pending,,,,,False,n4,Consider twice-daily premixed insulin plan,,,,Consider twice-daily premixed insulin plan,"[450.0,628.0,791.0,673.0]"
p016-page-016-tile-r03-c01::page-016-tile-r03-c01-structure-tile-01::node::n01,page_016_tile_r03_c01,16,CONTROLLED_SOURCE_PDF/ADA principles for pharmacologic therapy.pdf,7c2913f79b61bc60f8f51327bb73b80391988fd277116b29e57df4242b2a2404,261a22de3ea4dd739c4ea54401373f7095a181f29eccf2ad65f6e59c8356f15a,tile,"[0.0,422.986,360.0,782.986]",normalized_0_1000,CONTROLLED_SOURCE_IMAGE/ada_page_016_tile_r03_c01.png,OMITTED_RAW_MODEL_JSON/visual_logic_page_016_tile_r03_c01.json,extracted_unvalidated,page_016_tile_r03_c01__structure__tile_01,figure,Figure 9.5—Intensifying to injectable therapies in type 2 diabetes.,True,True,valid,,"structure: The visible text in the image is not fully legible or complete for some nodes and edges.; structure: Some arrows may be truncated or partially obscured.; actions: The figure contains a flowchart with decision nodes and arrows that are not fully captured in this extraction due to limitations in parsing visual relationships. The text-based recommendations are extracted accurately, but the graphical structure is not represented here.; actions: Some dose logic (e.g., 'Increase dose by 1-2 units insulin dose or 10–15% twice weekly') is present but may be contextually dependent on specific patient scenarios and is not fully captured in this structured extraction.; symbols: No visible clinical guideline evidence was extracted for this asset.",50e4292b70489df5275b080c70568f3d43edd0a22263dfd73728896ca0d5127e,50e4292b70489df5275b080c70568f3d43edd0a22263dfd73728896ca0d5127e,pending,,,,,False,n01,If glycemia is above goal,,"Stepwise doses of prandial insulin (i.e., two, then three additional injections)",Consider self-mixed/split insulin plan,If glycemia is above goal,"[504.986,172.986,930.0,202.986]"
p016-page-016-tile-r03-c01::page-016-tile-r03-c01-structure-tile-01::node::n02,page_016_tile_r03_c01,16,CONTROLLED_SOURCE_PDF/ADA principles for pharmacologic therapy.pdf,7c2913f79b61bc60f8f51327bb73b80391988fd277116b29e57df4242b2a2404,261a22de3ea4dd739c4ea54401373f7095a181f29eccf2ad65f6e59c8356f15a,tile,"[0.0,422.986,360.0,782.986]",normalized_0_1000,CONTROLLED_SOURCE_IMAGE/ada_page_016_tile_r03_c01.png,OMITTED_RAW_MODEL_JSON/visual_logic_page_016_tile_r03_c01.json,extracted_unvalidated,page_016_tile_r03_c01__structure__tile_01,figure,Figure 9.5—Intensifying to injectable therapies in type 2 diabetes.,True,True,invalid,condition is required,"structure: The visible text in the image is not fully legible or complete for some nodes and edges.; structure: Some arrows may be truncated or partially obscured.; actions: The figure contains a flowchart with decision nodes and arrows that are not fully captured in this extraction due to limitations in parsing visual relationships. The text-based recommendations are extracted accurately, but the graphical structure is not represented here.; actions: Some dose logic (e.g., 'Increase dose by 1-2 units insulin dose or 10–15% twice weekly') is present but may be contextually dependent on specific patient scenarios and is not fully captured in this structured extraction.; symbols: No visible clinical guideline evidence was extracted for this asset.",b2868dcc6822df66fd4bf78ede5d0f015a6efe747ab47e3169982573e96275a7,b2868dcc6822df66fd4bf78ede5d0f015a6efe747ab47e3169982573e96275a7,pending,,,,,False,n02,,,"Proceed to full basal-bolus plan (i.e., basal insulin and prandial insulin with each meal)",,"Stepwise doses of prandial insulin (i.e., two, then three additional injections)","[240.0,256.986,510.0,327.986]"
p016-page-016-tile-r03-c01::page-016-tile-r03-c01-structure-tile-01::node::n03,page_016_tile_r03_c01,16,CONTROLLED_SOURCE_PDF/ADA principles for pharmacologic therapy.pdf,7c2913f79b61bc60f8f51327bb73b80391988fd277116b29e57df4242b2a2404,261a22de3ea4dd739c4ea54401373f7095a181f29eccf2ad65f6e59c8356f15a,tile,"[0.0,422.986,360.0,782.986]",normalized_0_1000,CONTROLLED_SOURCE_IMAGE/ada_page_016_tile_r03_c01.png,OMITTED_RAW_MODEL_JSON/visual_logic_page_016_tile_r03_c01.json,extracted_unvalidated,page_016_tile_r03_c01__structure__tile_01,figure,Figure 9.5—Intensifying to injectable therapies in type 2 diabetes.,True,True,invalid,condition is required,"structure: The visible text in the image is not fully legible or complete for some nodes and edges.; structure: Some arrows may be truncated or partially obscured.; actions: The figure contains a flowchart with decision nodes and arrows that are not fully captured in this extraction due to limitations in parsing visual relationships. The text-based recommendations are extracted accurately, but the graphical structure is not represented here.; actions: Some dose logic (e.g., 'Increase dose by 1-2 units insulin dose or 10–15% twice weekly') is present but may be contextually dependent on specific patient scenarios and is not fully captured in this structured extraction.; symbols: No visible clinical guideline evidence was extracted for this asset.",bcfef8e14434ee276c82a8ffc7a81a36d11fdcf61d3a4abd55cff1e8942e806e,bcfef8e14434ee276c82a8ffc7a81a36d11fdcf61d3a4abd55cff1e8942e806e,pending,,,,,False,n03,,,Titrate each component of the plan based on individualized...,,Consider self-mixed/split insulin plan,"[540.0,256.986,930.0,327.986]"
p016-page-016-tile-r03-c02::page-016-tile-r03-c02-structure-tile-r03-c02::node::n1,page_016_tile_r03_c02,16,CONTROLLED_SOURCE_PDF/ADA principles for pharmacologic therapy.pdf,7c2913f79b61bc60f8f51327bb73b80391988fd277116b29e57df4242b2a2404,460881c76000908bd06cfa8334dfc551a9266b16ed527bd8539d26164692086b,tile,"[233.972,422.986,593.972,782.986]",normalized_0_1000,CONTROLLED_SOURCE_IMAGE/ada_page_016_tile_r03_c02.png,OMITTED_RAW_MODEL_JSON/visual_logic_page_016_tile_r03_c02.json,extracted_unvalidated,page_016_tile_r03_c02__structure__tile_r03_c02,flowchart,Insulin Dosing Strategies for Glycemic Control,True,True,valid,,"structure: The image contains partial text that may not be fully captured in the bounding boxes provided.; structure: Some nodes are visually connected but their exact relationships might require manual review for accuracy.; actions: The provided image asset contains a flowchart with multiple decision points and recommendations for insulin therapy in type 2 diabetes. The visible text includes specific dosing strategies, titration guidelines, and considerations for different patient scenarios (e.g., hypoglycemia, hyperglycemia). However, the exact clinical guideline evidence is not explicitly stated as 'strong' or 'weak', nor are there clear indications of priority language or logical alternatives. The flowchart suggests a structured approach to insulin therapy but does not provide explicit strength indicators for each recommendation.; symbols: The provided image is a cropped section of a larger document; some context may be missing. The visible text includes partial sentences and fragmented guidelines.; symbols: Some arrows in the flowchart are not fully connected or labeled, making complete interpretation difficult without additional context.",09dc4c001481f94e3f91230fea415a313b097eba11a89f115d1999653ff90244,09dc4c001481f94e3f91230fea415a313b097eba11a89f115d1999653ff90244,pending,,,,,False,n1,If glycemia is above goal,glycemic level,Consider self-mixed/split insulin plan,Consider twice-daily premixed insulin plan,If glycemia is above goal,"[450.0,168.0,793.0,200.0]"
p016-page-016-tile-r03-c02::page-016-tile-r03-c02-structure-tile-r03-c02::node::n2,page_016_tile_r03_c02,16,CONTROLLED_SOURCE_PDF/ADA principles for pharmacologic therapy.pdf,7c2913f79b61bc60f8f51327bb73b80391988fd277116b29e57df4242b2a2404,460881c76000908bd06cfa8334dfc551a9266b16ed527bd8539d26164692086b,tile,"[233.972,422.986,593.972,782.986]",normalized_0_1000,CONTROLLED_SOURCE_IMAGE/ada_page_016_tile_r03_c02.png,OMITTED_RAW_MODEL_JSON/visual_logic_page_016_tile_r03_c02.json,extracted_unvalidated,page_016_tile_r03_c02__structure__tile_r03_c02,flowchart,Insulin Dosing Strategies for Glycemic Control,True,True,valid,,"structure: The image contains partial text that may not be fully captured in the bounding boxes provided.; structure: Some nodes are visually connected but their exact relationships might require manual review for accuracy.; actions: The provided image asset contains a flowchart with multiple decision points and recommendations for insulin therapy in type 2 diabetes. The visible text includes specific dosing strategies, titration guidelines, and considerations for different patient scenarios (e.g., hypoglycemia, hyperglycemia). However, the exact clinical guideline evidence is not explicitly stated as 'strong' or 'weak', nor are there clear indications of priority language or logical alternatives. The flowchart suggests a structured approach to insulin therapy but does not provide explicit strength indicators for each recommendation.; symbols: The provided image is a cropped section of a larger document; some context may be missing. The visible text includes partial sentences and fragmented guidelines.; symbols: Some arrows in the flowchart are not fully connected or labeled, making complete interpretation difficult without additional context.",4a07eb9bc0203a4f522abff4dfbab745a58eb0dd07166aaa62b7c1cf2cbefe94,4a07eb9bc0203a4f522abff4dfbab745a58eb0dd07166aaa62b7c1cf2cbefe94,pending,,,,,False,n2,Consider self-mixed/split insulin plan,insulin regimen,Titrate each component based on individualized needs,,Consider self-mixed/split insulin plan ...adjust NPH and short/rapid-acting insulins separately...,"[0.0,256.0,431.0,478.0]"
p016-page-016-tile-r03-c02::page-016-tile-r03-c02-structure-tile-r03-c02::node::n3,page_016_tile_r03_c02,16,CONTROLLED_SOURCE_PDF/ADA principles for pharmacologic therapy.pdf,7c2913f79b61bc60f8f51327bb73b80391988fd277116b29e57df4242b2a2404,460881c76000908bd06cfa8334dfc551a9266b16ed527bd8539d26164692086b,tile,"[233.972,422.986,593.972,782.986]",normalized_0_1000,CONTROLLED_SOURCE_IMAGE/ada_page_016_tile_r03_c02.png,OMITTED_RAW_MODEL_JSON/visual_logic_page_016_tile_r03_c02.json,extracted_unvalidated,page_016_tile_r03_c02__structure__tile_r03_c02,flowchart,Insulin Dosing Strategies for Glycemic Control,True,True,valid,,"structure: The image contains partial text that may not be fully captured in the bounding boxes provided.; structure: Some nodes are visually connected but their exact relationships might require manual review for accuracy.; actions: The provided image asset contains a flowchart with multiple decision points and recommendations for insulin therapy in type 2 diabetes. The visible text includes specific dosing strategies, titration guidelines, and considerations for different patient scenarios (e.g., hypoglycemia, hyperglycemia). However, the exact clinical guideline evidence is not explicitly stated as 'strong' or 'weak', nor are there clear indications of priority language or logical alternatives. The flowchart suggests a structured approach to insulin therapy but does not provide explicit strength indicators for each recommendation.; symbols: The provided image is a cropped section of a larger document; some context may be missing. The visible text includes partial sentences and fragmented guidelines.; symbols: Some arrows in the flowchart are not fully connected or labeled, making complete interpretation difficult without additional context.",41f4dbf67d11760251fc1d96fc644a6a2b38cebb3a61a0afbc21c1478a8a0dc8,41f4dbf67d11760251fc1d96fc644a6a2b38cebb3a61a0afbc21c1478a8a0dc8,pending,,,,,False,n3,Consider twice-daily premixed insulin plan,insulin regimen,Titrate based on individualized needs,,Consider twice-daily premixed insulin plan ...Titration: Titrate based on individualized needs...,"[450.0,256.0,793.0,418.0]"
p016-page-016-tile-r03-c02::page-016-tile-r03-c02-structure-tile-r03-c02::node::n4,page_016_tile_r03_c02,16,CONTROLLED_SOURCE_PDF/ADA principles for pharmacologic therapy.pdf,7c2913f79b61bc60f8f51327bb73b80391988fd277116b29e57df4242b2a2404,460881c76000908bd06cfa8334dfc551a9266b16ed527bd8539d26164692086b,tile,"[233.972,422.986,593.972,782.986]",normalized_0_1000,CONTROLLED_SOURCE_IMAGE/ada_page_016_tile_r03_c02.png,OMITTED_RAW_MODEL_JSON/visual_logic_page_016_tile_r03_c02.json,extracted_unvalidated,page_016_tile_r03_c02__structure__tile_r03_c02,flowchart,Insulin Dosing Strategies for Glycemic Control,True,True,valid,,"structure: The image contains partial text that may not be fully captured in the bounding boxes provided.; structure: Some nodes are visually connected but their exact relationships might require manual review for accuracy.; actions: The provided image asset contains a flowchart with multiple decision points and recommendations for insulin therapy in type 2 diabetes. The visible text includes specific dosing strategies, titration guidelines, and considerations for different patient scenarios (e.g., hypoglycemia, hyperglycemia). However, the exact clinical guideline evidence is not explicitly stated as 'strong' or 'weak', nor are there clear indications of priority language or logical alternatives. The flowchart suggests a structured approach to insulin therapy but does not provide explicit strength indicators for each recommendation.; symbols: The provided image is a cropped section of a larger document; some context may be missing. The visible text includes partial sentences and fragmented guidelines.; symbols: Some arrows in the flowchart are not fully connected or labeled, making complete interpretation difficult without additional context.",a4e6c68ab85eb6937c8559ffced6e51ca1117ed3d72a4d0218a9d1534708858a,a4e6c68ab85eb6937c8559ffced6e51ca1117ed3d72a4d0218a9d1534708858a,pending,,,,,False,n4,Initiation for self-mixed/split insulin plan,insulin dose,Titrate based on individualized needs,,INITIATION • Total dose = 80% of current bedtime NPH dose • 2/3 given in the morning • 1/3 given at bedtime,"[450.0,0.0,793.0,168.0]"
p016-page-016-tile-r03-c02::page-016-tile-r03-c02-structure-tile-r03-c02::node::n5,page_016_tile_r03_c02,16,CONTROLLED_SOURCE_PDF/ADA principles for pharmacologic therapy.pdf,7c2913f79b61bc60f8f51327bb73b80391988fd277116b29e57df4242b2a2404,460881c76000908bd06cfa8334dfc551a9266b16ed527bd8539d26164692086b,tile,"[233.972,422.986,593.972,782.986]",normalized_0_1000,CONTROLLED_SOURCE_IMAGE/ada_page_016_tile_r03_c02.png,OMITTED_RAW_MODEL_JSON/visual_logic_page_016_tile_r03_c02.json,extracted_unvalidated,page_016_tile_r03_c02__structure__tile_r03_c02,flowchart,Insulin Dosing Strategies for Glycemic Control,True,True,valid,,"structure: The image contains partial text that may not be fully captured in the bounding boxes provided.; structure: Some nodes are visually connected but their exact relationships might require manual review for accuracy.; actions: The provided image asset contains a flowchart with multiple decision points and recommendations for insulin therapy in type 2 diabetes. The visible text includes specific dosing strategies, titration guidelines, and considerations for different patient scenarios (e.g., hypoglycemia, hyperglycemia). However, the exact clinical guideline evidence is not explicitly stated as 'strong' or 'weak', nor are there clear indications of priority language or logical alternatives. The flowchart suggests a structured approach to insulin therapy but does not provide explicit strength indicators for each recommendation.; symbols: The provided image is a cropped section of a larger document; some context may be missing. The visible text includes partial sentences and fragmented guidelines.; symbols: Some arrows in the flowchart are not fully connected or labeled, making complete interpretation difficult without additional context.",99a4a5bd5dad883695da261a80e3606479777aa084c522d93733a8a3436e6cc4,99a4a5bd5dad883695da261a80e3606479777aa084c522d93733a8a3436e6cc4,pending,,,,,False,n5,Titration for self-mixed/split insulin plan,insulin dose,,,TITRATION • Titrate based on individualized needs,"[450.0,168.0,793.0,200.0]"
p016-page-016-tile-r03-c02::page-016-tile-r03-c02-structure-tile-r03-c02::node::n6,page_016_tile_r03_c02,16,CONTROLLED_SOURCE_PDF/ADA principles for pharmacologic therapy.pdf,7c2913f79b61bc60f8f51327bb73b80391988fd277116b29e57df4242b2a2404,460881c76000908bd06cfa8334dfc551a9266b16ed527bd8539d26164692086b,tile,"[233.972,422.986,593.972,782.986]",normalized_0_1000,CONTROLLED_SOURCE_IMAGE/ada_page_016_tile_r03_c02.png,OMITTED_RAW_MODEL_JSON/visual_logic_page_016_tile_r03_c02.json,extracted_unvalidated,page_016_tile_r03_c02__structure__tile_r03_c02,flowchart,Insulin Dosing Strategies for Glycemic Control,True,True,valid,,"structure: The image contains partial text that may not be fully captured in the bounding boxes provided.; structure: Some nodes are visually connected but their exact relationships might require manual review for accuracy.; actions: The provided image asset contains a flowchart with multiple decision points and recommendations for insulin therapy in type 2 diabetes. The visible text includes specific dosing strategies, titration guidelines, and considerations for different patient scenarios (e.g., hypoglycemia, hyperglycemia). However, the exact clinical guideline evidence is not explicitly stated as 'strong' or 'weak', nor are there clear indications of priority language or logical alternatives. The flowchart suggests a structured approach to insulin therapy but does not provide explicit strength indicators for each recommendation.; symbols: The provided image is a cropped section of a larger document; some context may be missing. The visible text includes partial sentences and fragmented guidelines.; symbols: Some arrows in the flowchart are not fully connected or labeled, making complete interpretation difficult without additional context.",1ea58f808271114d8a8694683b13cecc48f298bb4db80c5be0181171bcf5c3e3,1ea58f808271114d8a8694683b13cecc48f298bb4db80c5be0181171bcf5c3e3,pending,,,,,False,n6,Initiation for twice-daily premixed insulin plan,insulin dose,Titrate based on individualized needs,,"INITIATION • Usually unit per unit at the same total insulin dose, but may require adjustment to individual needs","[450.0,256.0,793.0,381.0]"
p016-page-016-tile-r03-c02::page-016-tile-r03-c02-structure-tile-r03-c02::node::n7,page_016_tile_r03_c02,16,CONTROLLED_SOURCE_PDF/ADA principles for pharmacologic therapy.pdf,7c2913f79b61bc60f8f51327bb73b80391988fd277116b29e57df4242b2a2404,460881c76000908bd06cfa8334dfc551a9266b16ed527bd8539d26164692086b,tile,"[233.972,422.986,593.972,782.986]",normalized_0_1000,CONTROLLED_SOURCE_IMAGE/ada_page_016_tile_r03_c02.png,OMITTED_RAW_MODEL_JSON/visual_logic_page_016_tile_r03_c02.json,extracted_unvalidated,page_016_tile_r03_c02__structure__tile_r03_c02,flowchart,Insulin Dosing Strategies for Glycemic Control,True,True,valid,,"structure: The image contains partial text that may not be fully captured in the bounding boxes provided.; structure: Some nodes are visually connected but their exact relationships might require manual review for accuracy.; actions: The provided image asset contains a flowchart with multiple decision points and recommendations for insulin therapy in type 2 diabetes. The visible text includes specific dosing strategies, titration guidelines, and considerations for different patient scenarios (e.g., hypoglycemia, hyperglycemia). However, the exact clinical guideline evidence is not explicitly stated as 'strong' or 'weak', nor are there clear indications of priority language or logical alternatives. The flowchart suggests a structured approach to insulin therapy but does not provide explicit strength indicators for each recommendation.; symbols: The provided image is a cropped section of a larger document; some context may be missing. The visible text includes partial sentences and fragmented guidelines.; symbols: Some arrows in the flowchart are not fully connected or labeled, making complete interpretation difficult without additional context.",dca482d251a4c0c3a6e279befe3230c743f4bde11b31cf61f9ac49e2d48a0887,dca482d251a4c0c3a6e279befe3230c743f4bde11b31cf61f9ac49e2d48a0887,pending,,,,,False,n7,Titration for twice-daily premixed insulin plan,insulin dose,,,TITRATION • Titrate based on individualized needs,"[450.0,381.0,793.0,418.0]"
