record_id,asset_id,page_number,record_type,item_id,local_id,content_sha256,review_status,reviewer,reviewed_at,corrections_json,review_notes
p002-page-002-tile-r01-c01::page-002-tile-r01-c01-structure-tile-0::edge::edge-001,page_002_tile_r01_c01,2,edge,page_002_tile_r01_c01__structure__tile_0,DCCT_node->,3222a8fecceb07c872a4d5d6731e3d51ab16b1ab43da95a174beb7a774fc04cf,pending,,,,
p002-page-002-tile-r01-c01::page-002-tile-r01-c01-structure-tile-0::node::dcct-node,page_002_tile_r01_c01,2,node,page_002_tile_r01_c01__structure__tile_0,DCCT_node,f77b83d0dc6b5aab435cbb09267b764d0437ea66d9c9e8a40e4dac2f3a59ff50,pending,,,,
p002-page-002-tile-r01-c02::page-002-tile-r01-c02-actions-tile-r01-c02::action::action-001,page_002_tile_r01_c02,2,action,page_002_tile_r01_c02__actions__tile_r01_c02,insulin analogs:may cause less hypoglycemia while improving postprandial glucose excursions and administration flexibility (in relation to prandial intake) compared with RAA,eb966982d6f6d52a3f5dc91ce0912b3c955eb25df14aa3122db4206c413eb378,pending,,,,
p002-page-002-tile-r01-c02::page-002-tile-r01-c02-actions-tile-r01-c02::action::action-002,page_002_tile_r01_c02,2,action,page_002_tile_r01_c02__actions__tile_r01_c02,longer-acting basal analogs (U-300 glargine or degludec):may confer a lower hypoglycemia risk compared with U-100 glargine,93775301577a45988ce99390ff84c9644306e2e0714d10233f3932084bf66ca9,pending,,,,
p002-page-002-tile-r02-c01::page-002-tile-r02-c01-actions-tile-r02-c01::action::action-001,page_002_tile_r02_c01,2,action,page_002_tile_r02_c01__actions__tile_r02_c01,insulin:MDI with LAA + RAA or URAA,254516ce863b652a8c24c2405bcf2af815d8278e1c330aa29662a5b971835229,pending,,,,
p002-page-002-tile-r02-c01::page-002-tile-r02-c01-actions-tile-r02-c01::action::action-002,page_002_tile_r02_c01,2,action,page_002_tile_r02_c01__actions__tile_r02_c01,insulin:MDI with NPH + RAA or URAA,ded895035640559492a9773bf5c8266fb025d288c4a316fe4054c55eef4fe80b,pending,,,,
p002-page-002-tile-r02-c01::page-002-tile-r02-c01-actions-tile-r02-c01::action::action-003,page_002_tile_r02_c01,2,action,page_002_tile_r02_c01__actions__tile_r02_c01,insulin:MDI with NPH + short-acting (regular) insulin,ea260e0ef1882f0a3e8ccf2a519ced3626904586e44870d023b1e25bb31e3809,pending,,,,
p002-page-002-tile-r02-c01::page-002-tile-r02-c01-actions-tile-r02-c01::action::action-004,page_002_tile_r02_c01,2,action,page_002_tile_r02_c01__actions__tile_r02_c01,insulin:Two daily injections with NPH + short-acting (regular) insulin or premixed,ae635a73ea4f70ec452fcc2d17361bc87642451d19aac007748774a3b1dc7cff,pending,,,,
p002-page-002-tile-r02-c01::page-002-tile-r02-c01-actions-tile-r02-c01::action::action-005,page_002_tile_r02_c01,2,action,page_002_tile_r02_c01__actions__tile_r02_c01,insulin:Automated insulin delivery systems,33349209eef466e7d612551b1d63a173f820d61117de73094a28992e3f31aed0,pending,,,,
p002-page-002-tile-r02-c01::page-002-tile-r02-c01-structure-tile-r02-c01::node::automated-insulin-delivery-systems,page_002_tile_r02_c01,2,node,page_002_tile_r02_c01__structure__tile_r02_c01,Automated_insulin_delivery_systems,a80f5a3477c42a36a31593618f7a8617abcb92404a9266314cb267480c937a63,pending,,,,
p002-page-002-tile-r02-c01::page-002-tile-r02-c01-structure-tile-r02-c01::node::mdi-laa-raa-uraa,page_002_tile_r02_c01,2,node,page_002_tile_r02_c01__structure__tile_r02_c01,MDI_LAA_RAA_URAA,ca4ba8455ff9cf8b35b27dedc575829486d8c23b1609ae38bb3aec2a34a2007f,pending,,,,
p002-page-002-tile-r02-c01::page-002-tile-r02-c01-structure-tile-r02-c01::node::mdi-nph-raa-uraa,page_002_tile_r02_c01,2,node,page_002_tile_r02_c01__structure__tile_r02_c01,MDI_NPH_RAA_URAA,a167ea1245e79b1e2218b3ae0256ec8a80d181bf1b0a36ed1995af4677803714,pending,,,,
p002-page-002-tile-r02-c01::page-002-tile-r02-c01-structure-tile-r02-c01::node::mdi-nph-regular,page_002_tile_r02_c01,2,node,page_002_tile_r02_c01__structure__tile_r02_c01,MDI_NPH_regular,ad14a093254daf75f4ec63b62eaf67d643993af36fd4b493771fc1dc6d1258d0,pending,,,,
p002-page-002-tile-r02-c01::page-002-tile-r02-c01-structure-tile-r02-c01::node::two-injections-nph-regular-premixed,page_002_tile_r02_c01,2,node,page_002_tile_r02_c01__structure__tile_r02_c01,Two_injections_NPH_regular_premixed,fc43978a7d623cb814ac667475386c45376ebbc38182e202f355c8e6adf380e4,pending,,,,
p002-page-002-tile-r02-c01::page-002-tile-r02-c01-symbols-tile-r02-c01::symbol::symbol-001,page_002_tile_r02_c01,2,symbol,page_002_tile_r02_c01__symbols__tile_r02_c01,MDI with LAA + RAA or URAA:+++,dae7ab8a7036d2da13b8d28b2f3f10b90e265e9f9db4fac71baf199d576f7be8,pending,,,,
p002-page-002-tile-r02-c01::page-002-tile-r02-c01-symbols-tile-r02-c01::symbol::symbol-002,page_002_tile_r02_c01,2,symbol,page_002_tile_r02_c01__symbols__tile_r02_c01,MDI with NPH + RAA or URAA:++,92a23928bb7acf4cde15b5eec2cf15ac456ba937df48cc217f72352bf6a4094f,pending,,,,
p002-page-002-tile-r02-c01::page-002-tile-r02-c01-symbols-tile-r02-c01::symbol::symbol-003,page_002_tile_r02_c01,2,symbol,page_002_tile_r02_c01__symbols__tile_r02_c01,MDI with NPH + short-acting (regular) insulin:++,137ee339304ecaf2ff3f9c2b29e7a1fb8d54a4d59b38fb10751e5436e9f5f600,pending,,,,
p002-page-002-tile-r02-c01::page-002-tile-r02-c01-symbols-tile-r02-c01::symbol::symbol-004,page_002_tile_r02_c01,2,symbol,page_002_tile_r02_c01__symbols__tile_r02_c01,Two daily injections with NPH + short-acting (regular) insulin or premixed:+,d9a1efc2a432027bc8f27da7463a1b17c2345b893d3404bf88ddeec900684cdc,pending,,,,
p002-page-002-tile-r02-c01::page-002-tile-r02-c01-symbols-tile-r02-c01::symbol::symbol-005,page_002_tile_r02_c01,2,symbol,page_002_tile_r02_c01__symbols__tile_r02_c01,Automated insulin delivery systems:+++++,eb375f49f7891995a7a2f0c3869e22cd2f2d1f7dfdc794a71cc76b27d3375f9c,pending,,,,
p002-page-002-tile-r02-c02::page-002-tile-r02-c02-actions-asset-r02-c02::action::action-001,page_002_tile_r02_c02,2,action,page_002_tile_r02_c02__actions__asset_r02_c02,Insulin analogs (RAA):Greater flexibility,3ae39c571ef7afa2519c8de21c5419db154f3068f7f74d96b5cb7b2289f152e6,pending,,,,
p002-page-002-tile-r02-c02::page-002-tile-r02-c02-actions-asset-r02-c02::action::action-002,page_002_tile_r02_c02,2,action,page_002_tile_r02_c02__actions__asset_r02_c02,Insulin analogs (RAA):Lower risk of hypoglycemia,4526283cbe32fc45d7de5d31ba7c627b57b711279c5a4b2dfe858c287c1fd57d,pending,,,,
p002-page-002-tile-r02-c02::page-002-tile-r02-c02-actions-asset-r02-c02::action::action-003,page_002_tile_r02_c02,2,action,page_002_tile_r02_c02__actions__asset_r02_c02,Insulin analogs (RAA):Higher costs,f47831a815d1cefdd888d3f7efff95f24f8ec6faf18538a781a0c7401272764e,pending,,,,
p002-page-002-tile-r02-c02::page-002-tile-r02-c02-structure-tile-001::node::node-001,page_002_tile_r02_c02,2,node,page_002_tile_r02_c02__structure__tile_001,node_001,e3e058ed1470f350b4dacd7ad1084b8468628b6e30766ac2d9d9a521386f08cf,pending,,,,
p002-page-002-tile-r02-c02::page-002-tile-r02-c02-structure-tile-001::node::node-002,page_002_tile_r02_c02,2,node,page_002_tile_r02_c02__structure__tile_001,node_002,dc125d0068960b131a0d5ec6eee85bee5ed4e5eeb18f3d958e420aeab1325829,pending,,,,
p002-page-002-tile-r02-c02::page-002-tile-r02-c02-structure-tile-001::node::node-003,page_002_tile_r02_c02,2,node,page_002_tile_r02_c02__structure__tile_001,node_003,4e29c90551c7e5a7de63db482055e4896b55e9e7d75f26dab49893f8fd2ba391,pending,,,,
p002-page-002-tile-r02-c02::page-002-tile-r02-c02-symbols-asset-r02-c02::footnote::footnote-001,page_002_tile_r02_c02,2,footnote,page_002_tile_r02_c02__symbols__asset_r02_c02,+++,9329b401307842b63c82110a9cf750c7a4575800af7b68124992f485626f660e,pending,,,,
p002-page-002-tile-r02-c02::page-002-tile-r02-c02-symbols-asset-r02-c02::footnote::footnote-002,page_002_tile_r02_c02,2,footnote,page_002_tile_r02_c02__symbols__asset_r02_c02,++,1ad867b472c20956d1371c3813f7c4a8468917ced4de295f3e41bd8d018c1375,pending,,,,
p002-page-002-tile-r02-c02::page-002-tile-r02-c02-symbols-asset-r02-c02::footnote::footnote-003,page_002_tile_r02_c02,2,footnote,page_002_tile_r02_c02__symbols__asset_r02_c02,$$$,7fe89f3e6bcf908f7a490a893e73adbe4deefe0a72b475c5f3138a636a09f413,pending,,,,
p002-page-002-tile-r02-c02::page-002-tile-r02-c02-symbols-asset-r02-c02::footnote::footnote-004,page_002_tile_r02_c02,2,footnote,page_002_tile_r02_c02__symbols__asset_r02_c02,+,71dc3db3f27e0321c041687e331b87a4f7d3f7ca99825fa8e3ed6a2451492170,pending,,,,
p002-page-002-tile-r02-c02::page-002-tile-r02-c02-symbols-asset-r02-c02::footnote::footnote-005,page_002_tile_r02_c02,2,footnote,page_002_tile_r02_c02__symbols__asset_r02_c02,$,7b6782c55eea1a724d747d57229131dc41424ec2f8d17c5c09b9f6372f02b68a,pending,,,,
p002-page-002-tile-r02-c02::page-002-tile-r02-c02-symbols-asset-r02-c02::footnote::footnote-006,page_002_tile_r02_c02,2,footnote,page_002_tile_r02_c02__symbols__asset_r02_c02,+,867db9d7187ff68bdecfca76013e4132f76705f3e43a354964c416b0b5c86cde,pending,,,,
p002-page-002-tile-r02-c02::page-002-tile-r02-c02-symbols-asset-r02-c02::footnote::footnote-007,page_002_tile_r02_c02,2,footnote,page_002_tile_r02_c02__symbols__asset_r02_c02,$,46a36460ac69cf166ce402961c9bb055414a874b65cc848532dd3ebf5c71dc7e,pending,,,,
p002-page-002-tile-r02-c02::page-002-tile-r02-c02-symbols-asset-r02-c02::footnote::footnote-008,page_002_tile_r02_c02,2,footnote,page_002_tile_r02_c02__symbols__asset_r02_c02,+++++,745a17d25badbde8e87859ba1c924268c5ec2597c8a64c08a8fd32e61a74f6be,pending,,,,
p002-page-002-tile-r02-c02::page-002-tile-r02-c02-symbols-asset-r02-c02::footnote::footnote-009,page_002_tile_r02_c02,2,footnote,page_002_tile_r02_c02__symbols__asset_r02_c02,+++++,c7adec87d46430641286ebd2edc9b9515870b38c45ae5baecbb5cede64ebd302,pending,,,,
p002-page-002-tile-r02-c02::page-002-tile-r02-c02-symbols-asset-r02-c02::footnote::footnote-010,page_002_tile_r02_c02,2,footnote,page_002_tile_r02_c02__symbols__asset_r02_c02,$$$$$,955727b66d9aca1e3e49417a777490bd431e2ae997fae089550107a339e041ef,pending,,,,
p002-page-002-tile-r02-c02::page-002-tile-r02-c02-symbols-asset-r02-c02::symbol::symbol-001,page_002_tile_r02_c02,2,symbol,page_002_tile_r02_c02__symbols__asset_r02_c02,URAAs:+++,1eb2dc612ae18a95244550b06f749213f41896eb6a0284769bb4872e2d2c9b98,pending,,,,
p002-page-002-tile-r02-c02::page-002-tile-r02-c02-symbols-asset-r02-c02::symbol::symbol-002,page_002_tile_r02_c02,2,symbol,page_002_tile_r02_c02__symbols__asset_r02_c02,URAAs:+++,b64a814fecd318a11aafa3421ee801bd7e26e0fdd1e18ca6f505bfa3d8a0ea0d,pending,,,,
p002-page-002-tile-r02-c02::page-002-tile-r02-c02-symbols-asset-r02-c02::symbol::symbol-003,page_002_tile_r02_c02,2,symbol,page_002_tile_r02_c02__symbols__asset_r02_c02,URAAs:$$$,65dd7d771ef9128355065d5855f3d5d4073b975a9a6f8c8a71a97df31aa0ff48,pending,,,,
p002-page-002-tile-r02-c02::page-002-tile-r02-c02-symbols-asset-r02-c02::symbol::symbol-004,page_002_tile_r02_c02,2,symbol,page_002_tile_r02_c02__symbols__asset_r02_c02,Rapid-acting:+,698b382b0ea4cafd9593f510e76c161977b19eda15b3e57fe42711b9934210a3,pending,,,,
p002-page-002-tile-r02-c02::page-002-tile-r02-c02-symbols-asset-r02-c02::symbol::symbol-005,page_002_tile_r02_c02,2,symbol,page_002_tile_r02_c02__symbols__asset_r02_c02,Rapid-acting:$,3117904d72add790f5790849ac838bbb91b93917ccc1065b70bb357c1f37e58f,pending,,,,
p002-page-002-tile-r02-c02::page-002-tile-r02-c02-symbols-asset-r02-c02::symbol::symbol-006,page_002_tile_r02_c02,2,symbol,page_002_tile_r02_c02__symbols__asset_r02_c02,With NPH + short- or premixed:+,f27e8bf00a0bb00b1bf03aeef8526e37b87379797c2f11640560300e4b038a44,pending,,,,
p002-page-002-tile-r02-c02::page-002-tile-r02-c02-symbols-asset-r02-c02::symbol::symbol-007,page_002_tile_r02_c02,2,symbol,page_002_tile_r02_c02__symbols__asset_r02_c02,With NPH + short- or premixed:$,6735ee0d0a85d86f8884c30eccce0dea630cb0570da63f859fd9072116e122f2,pending,,,,
p002-page-002-tile-r02-c02::page-002-tile-r02-c02-symbols-asset-r02-c02::symbol::symbol-008,page_002_tile_r02_c02,2,symbol,page_002_tile_r02_c02__symbols__asset_r02_c02,Insulin pump systems:+++++,f17a6112d2a27e428fde60c9010b09a4c1fd55b0b4455a7ff1c08fb0af6ecb84,pending,,,,
p002-page-002-tile-r02-c02::page-002-tile-r02-c02-symbols-asset-r02-c02::symbol::symbol-009,page_002_tile_r02_c02,2,symbol,page_002_tile_r02_c02__symbols__asset_r02_c02,Insulin pump systems:+++++,a287014467612e3035904acf8135fac3c0e9587f404a818ebb4c67c3e1e9cbfe,pending,,,,
p002-page-002-tile-r02-c02::page-002-tile-r02-c02-symbols-asset-r02-c02::symbol::symbol-010,page_002_tile_r02_c02,2,symbol,page_002_tile_r02_c02__symbols__asset_r02_c02,Insulin pump systems:$$$$$,b897beaccfc23c78ba8d7ecb6c03c3a1b9b6058f9ba305b57894c5d7d95ee2a7,pending,,,,
p002-page-002-tile-r03-c01::page-002-tile-r03-c01-actions-figure-9-1::footnote::footnote-001,page_002_tile_r03_c01,2,footnote,page_002_tile_r03_c01__actions__figure_9_1,+,882f89e3876ea8b22b3535072a52fa142987d0cb0e2e463d2e32520bd10496bc,pending,,,,
p002-page-002-tile-r03-c01::page-002-tile-r03-c01-actions-figure-9-1::footnote::footnote-002,page_002_tile_r03_c01,2,footnote,page_002_tile_r03_c01__actions__figure_9_1,LAA,7f6b421b9c6658b21142175abc477f13a058e4ae15f31e3589c06ff771459230,pending,,,,
p002-page-002-tile-r03-c01::page-002-tile-r03-c01-actions-figure-9-1::footnote::footnote-003,page_002_tile_r03_c01,2,footnote,page_002_tile_r03_c01__actions__figure_9_1,URAA,35300a8a471f481d2def2e705767df9d1a25cdaa9f1779a32235f9d161498228,pending,,,,
p002-page-002-tile-r03-c01::page-002-tile-r03-c01-symbols-figure-9-1::footnote::footnote-001,page_002_tile_r03_c01,2,footnote,page_002_tile_r03_c01__symbols__Figure_9.1,+,e10d6f9950f3d753e573668dfd584f0f463dc77d79d0b24be71f55181b5571fd,pending,,,,
p002-page-002-tile-r03-c01::page-002-tile-r03-c01-symbols-figure-9-1::footnote::footnote-002,page_002_tile_r03_c01,2,footnote,page_002_tile_r03_c01__symbols__Figure_9.1,LAA,793e970554f5a6156b87519066231f4095cef1ab960610abce66169e8dbe44a5,pending,,,,
p002-page-002-tile-r03-c01::page-002-tile-r03-c01-symbols-figure-9-1::footnote::footnote-003,page_002_tile_r03_c01,2,footnote,page_002_tile_r03_c01__symbols__Figure_9.1,URAA,18c75f16786bd87ff9ea250fd93387addbc73e69c0429f6aa04b4a80b39438ad,pending,,,,
p002-page-002-tile-r03-c01::page-002-tile-r03-c01-symbols-figure-9-1::symbol::symbol-001,page_002_tile_r03_c01,2,symbol,page_002_tile_r03_c01__symbols__Figure_9.1,MDI with LAA + RAA or URAA:+++,420323bd1dd8ce3de569b25d51a89f29d8ce699c926f2865cc81dd75a091a535,pending,,,,
p002-page-002-tile-r03-c01::page-002-tile-r03-c01-symbols-figure-9-1::symbol::symbol-002,page_002_tile_r03_c01,2,symbol,page_002_tile_r03_c01__symbols__Figure_9.1,MDI with NPH + RAA or URAA:+,c13c9c69e349c64a0aed3f86a753e222c811174b1d1ab3960d872724b5bc2050,pending,,,,
p002-page-002-tile-r03-c01::page-002-tile-r03-c01-symbols-figure-9-1::symbol::symbol-003,page_002_tile_r03_c01,2,symbol,page_002_tile_r03_c01__symbols__Figure_9.1,MDI with NPH + short-acting (regular) insulin:+,063d2248758a42dc45977103c78df6a2e8eae17dc5dc80b30945cf0a3eac5fdd,pending,,,,
p002-page-002-tile-r03-c01::page-002-tile-r03-c01-symbols-figure-9-1::symbol::symbol-004,page_002_tile_r03_c01,2,symbol,page_002_tile_r03_c01__symbols__Figure_9.1,Two daily injections with NPH + short-acting (regular) insulin or premixed:+,ac36379b7626dbe0a63161d0d4a98f29f3bd022c68ea8e061215a00b3919aad6,pending,,,,
p002-page-002-tile-r03-c01::page-002-tile-r03-c01-symbols-figure-9-1::symbol::symbol-005,page_002_tile_r03_c01,2,symbol,page_002_tile_r03_c01__symbols__Figure_9.1,Automated insulin delivery systems:+++++,6b4e878138deb5f8295728bf1b1d9e1757c15debe14802e61c1aec219e89b883,pending,,,,
p002-page-002-tile-r03-c01::page-002-tile-r03-c01-symbols-figure-9-1::symbol::symbol-006,page_002_tile_r03_c01,2,symbol,page_002_tile_r03_c01__symbols__Figure_9.1,Insulin pump with threshold/predictive low-glucose suspend:+++++,ade0da5086561e0904deb42a0ac2cac088294bce0a0a366656de4e541a2d813a,pending,,,,
p002-page-002-tile-r03-c01::page-002-tile-r03-c01-symbols-figure-9-1::symbol::symbol-007,page_002_tile_r03_c01,2,symbol,page_002_tile_r03_c01__symbols__Figure_9.1,Insulin pump therapy without automation:+++,b47294928d2d1474ffd0c64a590acde2c578848eaa45de88c10c180703b0621b,pending,,,,
p002-page-002-tile-r03-c02::page-002-tile-r03-c02-actions-page-002-tile-r03-c02::footnote::footnote-001,page_002_tile_r03_c02,2,footnote,page_002_tile_r03_c02__actions__page_002_tile_r03_c02,"LAA, long-acting insulin analog; MDI, multiple daily injections; RAA, rapid-acting insulin analog or inhaled insulin. Adapted from Holt et al. (4).",223ac035d35863d700ee7ea78b8b805d176b9d488717d3db66c4dd73e2213628,pending,,,,
p002-page-002-tile-r03-c02::page-002-tile-r03-c02-symbols-page-002-tile-r03-c02::footnote::footnote-001,page_002_tile_r03_c02,2,footnote,page_002_tile_r03_c02__symbols__page_002_tile_r03_c02,+,a9de675ad15efec0ce961637ee76b5335a616972a99958ac6ab330a73b57778e,pending,,,,
p002-page-002-tile-r03-c02::page-002-tile-r03-c02-symbols-page-002-tile-r03-c02::footnote::footnote-002,page_002_tile_r03_c02,2,footnote,page_002_tile_r03_c02__symbols__page_002_tile_r03_c02,$,ce54926bcb2e8cfdff5c2919fa49b8171e5ca9ac910657330ad958c2af10a334,pending,,,,
p002-page-002-tile-r03-c02::page-002-tile-r03-c02-symbols-page-002-tile-r03-c02::footnote::footnote-003,page_002_tile_r03_c02,2,footnote,page_002_tile_r03_c02__symbols__page_002_tile_r03_c02,++,a9a4fb95f699976732b546a8b7959e03d60ffe3398cc649b8ac90faa7092aa13,pending,,,,
p002-page-002-tile-r03-c02::page-002-tile-r03-c02-symbols-page-002-tile-r03-c02::footnote::footnote-004,page_002_tile_r03_c02,2,footnote,page_002_tile_r03_c02__symbols__page_002_tile_r03_c02,+++,cb0dc07c9c4f421417be91f3aa411726f0d4e4f074093d7cdb04c4efa7fcbdf2,pending,,,,
p002-page-002-tile-r03-c02::page-002-tile-r03-c02-symbols-page-002-tile-r03-c02::footnote::footnote-005,page_002_tile_r03_c02,2,footnote,page_002_tile_r03_c02__symbols__page_002_tile_r03_c02,++++,9bd4fc8a94fe8a5403dbb07c863d2d61669dbf44a9505069e527e0e62b294f1c,pending,,,,
p002-page-002-tile-r03-c02::page-002-tile-r03-c02-symbols-page-002-tile-r03-c02::footnote::footnote-006,page_002_tile_r03_c02,2,footnote,page_002_tile_r03_c02__symbols__page_002_tile_r03_c02,+++++,aa7f5b24f49739ca4762555fdfe3e0cac9b34b5028526c03063f41e3f4a6eb62,pending,,,,
p002-page-002-tile-r03-c02::page-002-tile-r03-c02-symbols-page-002-tile-r03-c02::footnote::footnote-007,page_002_tile_r03_c02,2,footnote,page_002_tile_r03_c02__symbols__page_002_tile_r03_c02,$$,26a82e9f737601ecb0d7b4340a0fafe70d04e3b2218d94f58fe703a76979a5b1,pending,,,,
p002-page-002-tile-r03-c02::page-002-tile-r03-c02-symbols-page-002-tile-r03-c02::footnote::footnote-008,page_002_tile_r03_c02,2,footnote,page_002_tile_r03_c02__symbols__page_002_tile_r03_c02,$$$,3989d8fdd4d1a913b72761d81c5b03fc57d9f6883fd3e2d6de94229e76cd559b,pending,,,,
p002-page-002-tile-r03-c02::page-002-tile-r03-c02-symbols-page-002-tile-r03-c02::footnote::footnote-009,page_002_tile_r03_c02,2,footnote,page_002_tile_r03_c02__symbols__page_002_tile_r03_c02,$$$$,f332c27a85bf5470e30819f7b9b02bb64b5f774620b4392412c1b84c49aa87cb,pending,,,,
p002-page-002-tile-r03-c02::page-002-tile-r03-c02-symbols-page-002-tile-r03-c02::footnote::footnote-010,page_002_tile_r03_c02,2,footnote,page_002_tile_r03_c02__symbols__page_002_tile_r03_c02,$$$$$,1dac2d72ef5a5f4655cfabcead78eb307c006dbbdf0390972f8aab57a9a616bf,pending,,,,
p006-page-006-tile-r01-c01::page-006-tile-r01-c01-actions-s188-pagetile::action::action-001,page_006_tile_r01_c01,6,action,page_006_tile_r01_c01__actions__S188_PAGETILE,insulin:Start 0.4–0.5 units/kg/day divided equally between basal and prandial coverage,1542472a3c09beed85f67df2636a3aed73751bc8feaf6a1646893203190e42d7,pending,,,,
p006-page-006-tile-r01-c01::page-006-tile-r01-c01-actions-s188-pagetile::action::action-002,page_006_tile_r01_c01,6,action,page_006_tile_r01_c01__actions__S188_PAGETILE,"insulin:Uptitrate or downtitrate as necessary, adjusting basal and prandial doses based on individualized goals for A1C, CGM, and SMBG",cb3bedd2826521e56c2d59850e2b058105a8ebc7708c198fd45061dc8c1ea106,pending,,,,
p006-page-006-tile-r01-c01::page-006-tile-r01-c01-actions-s188-pagetile::action::action-003,page_006_tile_r01_c01,6,action,page_006_tile_r01_c01__actions__S188_PAGETILE,glucagon:Prescribe for emergent hypoglycemia,cfdbcf4dac5633aa1aeea42775ca3ca9e97d5847fac2f88020e31c999b1dc54f,pending,,,,
p006-page-006-tile-r01-c01::page-006-tile-r01-c01-structure-tile-0::edge::edge-001,page_006_tile_r01_c01,6,edge,page_006_tile_r01_c01__structure__tile_0,D1->R1,f77b0ce3ed92f7e4e8be0ec5be8ffbd4c4f41a840fa55a73433e1c84684189d7,pending,,,,
p006-page-006-tile-r01-c01::page-006-tile-r01-c01-structure-tile-0::edge::edge-002,page_006_tile_r01_c01,6,edge,page_006_tile_r01_c01__structure__tile_0,D1->R2,87313d929485348c662f72cc92d610c525494003ef339f715f4724c70684f28c,pending,,,,
p006-page-006-tile-r01-c01::page-006-tile-r01-c01-structure-tile-0::node::d1,page_006_tile_r01_c01,6,node,page_006_tile_r01_c01__structure__tile_0,D1,06c8afbf1dcc313e4f05df719d55bcecf317f54f1c58d70a6fa28e7901eba55a,pending,,,,
p006-page-006-tile-r01-c02::page-006-tile-r01-c02-actions-tile-r01-c02::action::action-001,page_006_tile_r01_c02,6,action,page_006_tile_r01_c02__actions__tile_r01_c02,Insulin:Titration of insulin,d757fe02d457f2ec2c44fd8c88a009cbfea0de2ce6831796f97f116a21e7f463,pending,,,,
p006-page-006-tile-r01-c02::page-006-tile-r01-c02-actions-tile-r01-c02::action::action-002,page_006_tile_r01_c02,6,action,page_006_tile_r01_c02__actions__tile_r01_c02,Insulin:Assess adequacy of insulin dose and insulin-taking behaviors at every visit,4385ee87aaa3fb23f205943a1283e503a03bd69aa8955ff76eab476b4626bd57,pending,,,,
p006-page-006-tile-r01-c02::page-006-tile-r01-c02-actions-tile-r01-c02::action::action-003,page_006_tile_r01_c02,6,action,page_006_tile_r01_c02__actions__tile_r01_c02,"Insulin:If hyperglycemia is present, adjust basal and/or prandial insulin based on the timing and extent of hyperglycemia (e.g., p. 14)",b8707eb79c9fb661a07b103c88ab313ece74099b69c5afdca8580f4594ac6aec,pending,,,,
p006-page-006-tile-r01-c02::page-006-tile-r01-c02-structure-tile-r01-c02::edge::edge-001,page_006_tile_r01_c02,6,edge,page_006_tile_r01_c02__structure__tile_r01_c02,n0->n1,b410976524092cf2d6c3cd297dd662014456946809f6763413ea1f72ff94ee3d,pending,,,,
p006-page-006-tile-r01-c02::page-006-tile-r01-c02-structure-tile-r01-c02::edge::edge-002,page_006_tile_r01_c02,6,edge,page_006_tile_r01_c02__structure__tile_r01_c02,n1->n2,851dc46819a430eaacb3eaa1569ee1db87a5f1b232e508de5104c9959ab357e6,pending,,,,
p006-page-006-tile-r01-c02::page-006-tile-r01-c02-structure-tile-r01-c02::edge::edge-003,page_006_tile_r01_c02,6,edge,page_006_tile_r01_c02__structure__tile_r01_c02,n2->n3,b72a590b837af7981ffb6c8cf67205ba328ccee192cd61d13cc8f9e444af0720,pending,,,,
p006-page-006-tile-r01-c02::page-006-tile-r01-c02-structure-tile-r01-c02::edge::edge-004,page_006_tile_r01_c02,6,edge,page_006_tile_r01_c02__structure__tile_r01_c02,n3->n4,1b63c376f867e2871026d02790bf70640b3d859210d4f68c7aa13413e5af580e,pending,,,,
p006-page-006-tile-r01-c02::page-006-tile-r01-c02-structure-tile-r01-c02::edge::edge-005,page_006_tile_r01_c02,6,edge,page_006_tile_r01_c02__structure__tile_r01_c02,n4->n5,c491820870c23b3160c1322a6535cb70cdc152d282bb778fb70abb8a62aced73,pending,,,,
p006-page-006-tile-r01-c02::page-006-tile-r01-c02-structure-tile-r01-c02::node::n0,page_006_tile_r01_c02,6,node,page_006_tile_r01_c02__structure__tile_r01_c02,n0,bdc2d3bc93f8fc8f79c9ea6e7aac4aa9842f12eef0918453094e716b086af5b7,pending,,,,
p006-page-006-tile-r01-c02::page-006-tile-r01-c02-structure-tile-r01-c02::node::n1,page_006_tile_r01_c02,6,node,page_006_tile_r01_c02__structure__tile_r01_c02,n1,5510ab0fc1f2cf8a0eb854900876cc3f85a8743c7407419fafc63abf2760fe84,pending,,,,
p006-page-006-tile-r01-c02::page-006-tile-r01-c02-structure-tile-r01-c02::node::n2,page_006_tile_r01_c02,6,node,page_006_tile_r01_c02__structure__tile_r01_c02,n2,fd26ec053e37ff4ff4ec558fa95ca4a1f06dc6412a4bb7ee273c457157bc07c9,pending,,,,
p006-page-006-tile-r01-c02::page-006-tile-r01-c02-structure-tile-r01-c02::node::n3,page_006_tile_r01_c02,6,node,page_006_tile_r01_c02__structure__tile_r01_c02,n3,f8b2b5772cb9215d7475bb2eec21e13b945055644598133d38c0749c394c2d4e,pending,,,,
p006-page-006-tile-r01-c02::page-006-tile-r01-c02-structure-tile-r01-c02::node::n4,page_006_tile_r01_c02,6,node,page_006_tile_r01_c02__structure__tile_r01_c02,n4,dd33df863ceb3010c462e330547a7b88d718f20cac43bdca3be54e3ca08c08ae,pending,,,,
p006-page-006-tile-r01-c02::page-006-tile-r01-c02-structure-tile-r01-c02::node::n5,page_006_tile_r01_c02,6,node,page_006_tile_r01_c02__structure__tile_r01_c02,n5,f78284317bbba56a129dae8edf12c5ba1ae452778b78292bdd171da96bd83a87,pending,,,,
p006-page-006-tile-r02-c01::page-006-tile-r02-c01-actions-figure-92::action::action-001,page_006_tile_r02_c01,6,action,page_006_tile_r02_c01__actions__figure_92,Insulin (basal and/or prandial):Adjust dosage based on timing of hypoglycemia,277e69a6fabb7bacf257d7694520afe4ebaab6e34888dd9f5babbb172afd0efa,pending,,,,
p006-page-006-tile-r02-c01::page-006-tile-r02-c01-actions-figure-92::action::action-002,page_006_tile_r02_c01,6,action,page_006_tile_r02_c01__actions__figure_92,Insulin (basal and/or prandial):Adjust dosage based on extent of hyperglycemia,fbaddc469ad2a52583afa7b83ddf1dc9b1c8d1d920c47c2e8337fc02ff1997b8,pending,,,,
p006-page-006-tile-r02-c01::page-006-tile-r02-c01-actions-figure-92::action::action-003,page_006_tile_r02_c01,6,action,page_006_tile_r02_c01__actions__figure_92,Insulin (basal):Adjust dosage based on overnight glucose pattern,56523465cdbf48089e55255f5606cb2c476abf4c236f4b85a7228bc35ffee9af,pending,,,,
p006-page-006-tile-r02-c01::page-006-tile-r02-c01-structure-tile-001::edge::edge-001,page_006_tile_r02_c01,6,edge,page_006_tile_r02_c01__structure__tile_001,N0->N1,576f1ca229b25b7c69b39b46e6fbf8def81295edf953284a99287f66cb6f4643,pending,,,,
p006-page-006-tile-r02-c01::page-006-tile-r02-c01-structure-tile-001::edge::edge-002,page_006_tile_r02_c01,6,edge,page_006_tile_r02_c01__structure__tile_001,N0->N2,98c24ad75634f0f59963b6fc26e2a851840a72f7e525ccf718d6948cafa7d641,pending,,,,
p006-page-006-tile-r02-c01::page-006-tile-r02-c01-structure-tile-001::edge::edge-003,page_006_tile_r02_c01,6,edge,page_006_tile_r02_c01__structure__tile_001,N1->N3,fb37bd35b9600db4be399bf050248336e868cafc9634cfe74ab4762530e1cc48,pending,,,,
p006-page-006-tile-r02-c01::page-006-tile-r02-c01-structure-tile-001::edge::edge-004,page_006_tile_r02_c01,6,edge,page_006_tile_r02_c01__structure__tile_001,N2->N4,e63ab7e7dd34398ee4f3167d3e36eab0d29986cd5d6de6a2d1c57b24e1531488,pending,,,,
p006-page-006-tile-r02-c01::page-006-tile-r02-c01-structure-tile-001::edge::edge-005,page_006_tile_r02_c01,6,edge,page_006_tile_r02_c01__structure__tile_001,N2->N5,d723fd70a59b0ff9d8af49bca65a2b601d7ee819792b9818c349768cbb51cf3c,pending,,,,
p006-page-006-tile-r02-c01::page-006-tile-r02-c01-structure-tile-001::edge::edge-006,page_006_tile_r02_c01,6,edge,page_006_tile_r02_c01__structure__tile_001,N5->N7,e54b16f99425fb843ac5455201f4afb7bd087123f5345c5132285e3d8003de38,pending,,,,
p006-page-006-tile-r02-c01::page-006-tile-r02-c01-structure-tile-001::node::n0,page_006_tile_r02_c01,6,node,page_006_tile_r02_c01__structure__tile_001,N0,19617eb428159aef643d899ef54d588d1869fda37d5294f1db781ed5e7151c59,pending,,,,
p006-page-006-tile-r02-c01::page-006-tile-r02-c01-structure-tile-001::node::n1,page_006_tile_r02_c01,6,node,page_006_tile_r02_c01__structure__tile_001,N1,4977d71d53d28094092fbcc3205f3cd094b8c8cd5b5860cc1da6ce0367bb3dcc,pending,,,,
p006-page-006-tile-r02-c01::page-006-tile-r02-c01-structure-tile-001::node::n2,page_006_tile_r02_c01,6,node,page_006_tile_r02_c01__structure__tile_001,N2,9896ae00ccb270cb909dcf96045deb035c8bcbcb9751ebead21f4d68655939a0,pending,,,,
p006-page-006-tile-r02-c01::page-006-tile-r02-c01-structure-tile-001::node::n3,page_006_tile_r02_c01,6,node,page_006_tile_r02_c01__structure__tile_001,N3,e6d2d929897acc204de015bc137db6291883a336cb57d76d02db397ec0dfe2ea,pending,,,,
p006-page-006-tile-r02-c01::page-006-tile-r02-c01-structure-tile-001::node::n4,page_006_tile_r02_c01,6,node,page_006_tile_r02_c01__structure__tile_001,N4,534f44050bcbfefaadeea0299b7bad0d21f810d083b647f31c364506c1ffa0c9,pending,,,,
p006-page-006-tile-r02-c01::page-006-tile-r02-c01-structure-tile-001::node::n5,page_006_tile_r02_c01,6,node,page_006_tile_r02_c01__structure__tile_001,N5,24ce11f7b6fa4af1578dd8284addce0f26837ae1bfa9463b646632c9a5fd44e7,pending,,,,
p006-page-006-tile-r02-c01::page-006-tile-r02-c01-structure-tile-001::node::n6,page_006_tile_r02_c01,6,node,page_006_tile_r02_c01__structure__tile_001,N6,2344c3841192d752fcea166bfacd491fd34e2a9b5ec5f70b7cd72d5d174dcaf8,pending,,,,
p006-page-006-tile-r02-c01::page-006-tile-r02-c01-structure-tile-001::node::n7,page_006_tile_r02_c01,6,node,page_006_tile_r02_c01__structure__tile_001,N7,9e5df9f38037d93f61afda8ef8ffc611b98b9609c24f5027d36f0fa2a4be73ac,pending,,,,
p006-page-006-tile-r02-c01::page-006-tile-r02-c01-symbols-tile-r02-c01::footnote::footnote-001,page_006_tile_r02_c01,6,footnote,page_006_tile_r02_c01__symbols__tile_r02_c01,"3,4",70d6908d26c17f5ea4a3704c6ad5d25094d27ec1a5414ffe570a7c00af1d0a8c,pending,,,,
p006-page-006-tile-r02-c01::page-006-tile-r02-c01-symbols-tile-r02-c01::footnote::footnote-002,page_006_tile_r02_c01,6,footnote,page_006_tile_r02_c01__symbols__tile_r02_c01,"3,4",76b701d1f49d90b9b1908005209af37a7cf93c8f247ae649c83770d81f268d84,pending,,,,
p006-page-006-tile-r02-c02::page-006-tile-r02-c02-actions-tile-r02-c02::action::action-001,page_006_tile_r02_c02,6,action,page_006_tile_r02_c02__actions__tile_r02_c02,":adjust basal and/or prandial insulin based on the timing and extent of hyperglycemia (e.g., 1-4 units or 5-10% dosage adjustments)",73a9a8dc0638ee787a6335e842d757fa3974c43f45bf661b954c964aed2de33a,pending,,,,
p006-page-006-tile-r02-c02::page-006-tile-r02-c02-actions-tile-r02-c02::action::action-002,page_006_tile_r02_c02,6,action,page_006_tile_r02_c02__actions__tile_r02_c02,":review overnight glucose pattern (using CGM, if available) and adjust basal insulin, if appropriate",7ab6763a9cb7294c8ebfd3a494677766b09688f5ab2d29d5079e6bb254305b2f,pending,,,,
p006-page-006-tile-r02-c02::page-006-tile-r02-c02-actions-tile-r02-c02::action::action-003,page_006_tile_r02_c02,6,action,page_006_tile_r02_c02__actions__tile_r02_c02,":assess and educate to ensure prandial administration is appropriately timed and adjusted for nutrient intake (dosing may be fixed based on general intake or variable based on macronutrient and/or glycemic trends, depending on individual preference and ability)",6cca2c19df5f85c6c4072b2d3d7e281aacc1a287d3f986e9819decbe79a1245c,pending,,,,
p006-page-006-tile-r02-c02::page-006-tile-r02-c02-structure-tile-r02-c02::edge::edge-001,page_006_tile_r02_c02,6,edge,page_006_tile_r02_c02__structure__tile_r02_c02,N0->N1,f884904dc79be20b989ec0bebfe6d52ed2ef5c42f8e507813c5410f39a06f674,pending,,,,
p006-page-006-tile-r02-c02::page-006-tile-r02-c02-structure-tile-r02-c02::edge::edge-002,page_006_tile_r02_c02,6,edge,page_006_tile_r02_c02__structure__tile_r02_c02,N0->N2,40c579aea63900f30355be4b647898e8cc90eb502daa3c622086d47a38cef150,pending,,,,
p006-page-006-tile-r02-c02::page-006-tile-r02-c02-structure-tile-r02-c02::node::n0,page_006_tile_r02_c02,6,node,page_006_tile_r02_c02__structure__tile_r02_c02,N0,aaa5714c382a0dcc919c27e07ae971d0f717428aeaa95adb2dd6b0e819830d11,pending,,,,
p006-page-006-tile-r02-c02::page-006-tile-r02-c02-structure-tile-r02-c02::node::n1,page_006_tile_r02_c02,6,node,page_006_tile_r02_c02__structure__tile_r02_c02,N1,fb95e23418e5b22bc29b1a92ce2d03a46a54dcba9fa1bc870e9398feaf4832a4,pending,,,,
p006-page-006-tile-r02-c02::page-006-tile-r02-c02-structure-tile-r02-c02::node::n2,page_006_tile_r02_c02,6,node,page_006_tile_r02_c02__structure__tile_r02_c02,N2,feeb2fd34160a20535bde96b6a57e7ba449a0953a0c7ed6500caa259d4c5131e,pending,,,,
p006-page-006-tile-r03-c02::page-006-tile-r03-c02-actions-tile-r03-c02::action::action-001,page_006_tile_r03_c02,6,action,page_006_tile_r03_c02__actions__tile_r03_c02,"exogenous insulin:should be injected or infused into subcutaneous tissue, not intramuscularly.",2a0388c6b7af586ef600fbcf5bf162af378df25f8dd702ee95de935428013560,pending,,,,
p006-page-006-tile-r03-c02::page-006-tile-r03-c02-structure-tile-r03-c02::node::n1,page_006_tile_r03_c02,6,node,page_006_tile_r03_c02__structure__tile_r03_c02,N1,50cca99b2bd970b61b579f1dbb59989f2067e4595bc47611e83543140b05f69e,pending,,,,
p006-page-006-tile-r03-c02::page-006-tile-r03-c02-structure-tile-r03-c02::node::n2,page_006_tile_r03_c02,6,node,page_006_tile_r03_c02__structure__tile_r03_c02,N2,59c5317d6661f054d2f291ec60af9656009baf5d249b05a2b427e22b901f28d0,pending,,,,
p006-page-006-tile-r03-c02::page-006-tile-r03-c02-structure-tile-r03-c02::node::n3,page_006_tile_r03_c02,6,node,page_006_tile_r03_c02__structure__tile_r03_c02,N3,bfb00c72fd67e1b8f72874c669592f642a4c5172e73d6ddefe79bb5d80bc2327,pending,,,,
p006-page-006-tile-r03-c02::page-006-tile-r03-c02-structure-tile-r03-c02::node::n4,page_006_tile_r03_c02,6,node,page_006_tile_r03_c02__structure__tile_r03_c02,N4,7e382a9d1c730feb5475f98be3299620074dd47a0123c8842f963f91ef44c93c,pending,,,,
p006-page-006-tile-r03-c02::page-006-tile-r03-c02-structure-tile-r03-c02::node::n5,page_006_tile_r03_c02,6,node,page_006_tile_r03_c02__structure__tile_r03_c02,N5,2514d278064076b67e0887943fba458cce0b825ef5d383eeedd1d2905074aa93,pending,,,,
p008-page-008-tile-r01-c01::page-008-tile-r01-c01-structure-s190-pat::edge::edge-001,page_008_tile_r01_c01,8,edge,page_008_tile_r01_c01__structure__S190_PAT,N1->N3,46b9c46ff0d30d7a146b686c8d6fd1f8bcf4d7189038c9bbae14fcf2bd07b551,pending,,,,
p008-page-008-tile-r01-c01::page-008-tile-r01-c01-structure-s190-pat::edge::edge-002,page_008_tile_r01_c01,8,edge,page_008_tile_r01_c01__structure__S190_PAT,N1->N3,594cf05ea0aa8ac93c34a33f515fa3d05519d55a63928c1850d2b6403a0f73fb,pending,,,,
p008-page-008-tile-r01-c01::page-008-tile-r01-c01-structure-s190-pat::edge::edge-003,page_008_tile_r01_c01,8,edge,page_008_tile_r01_c01__structure__S190_PAT,N1->N3,b295736cfff25308e8fea49ccdd8ff4ceb0adb7c02db30b1615050870af59eb4,pending,,,,
p008-page-008-tile-r01-c01::page-008-tile-r01-c01-structure-s190-pat::edge::edge-004,page_008_tile_r01_c01,8,edge,page_008_tile_r01_c01__structure__S190_PAT,N1->N3,fb59703b7258bb7a7431c94783bcfa65860c2d3ad1e06e16ddbfb371ef7c7480,pending,,,,
p008-page-008-tile-r01-c01::page-008-tile-r01-c01-structure-s190-pat::node::n1,page_008_tile_r01_c01,8,node,page_008_tile_r01_c01__structure__S190_PAT,N1,5afbdd4db6a6d573bacc4a9e6d340b9a56d2aeb69ec53c5db4b4828b3b351813,pending,,,,
p008-page-008-tile-r01-c01::page-008-tile-r01-c01-structure-s190-pat::node::n2,page_008_tile_r01_c01,8,node,page_008_tile_r01_c01__structure__S190_PAT,N2,671500716de3a4e50539b190d262a72c38f710098302e05a4a12962af5a32fc9,pending,,,,
p008-page-008-tile-r01-c01::page-008-tile-r01-c01-structure-s190-pat::node::n3,page_008_tile_r01_c01,8,node,page_008_tile_r01_c01__structure__S190_PAT,N3,78c51225e404558707510f9ea6e85a0f4b93497304962db1a69f39f3189fe170,pending,,,,
p008-page-008-tile-r01-c01::page-008-tile-r01-c01-structure-s190-pat::node::n4,page_008_tile_r01_c01,8,node,page_008_tile_r01_c01__structure__S190_PAT,N4,903ca52898e7a9253b8474487e0a0fd2083d45a444354ce0f0a20a6fe77c7f14,pending,,,,
p008-page-008-tile-r01-c02::page-008-tile-r01-c02-structure-tile-001::edge::edge-001,page_008_tile_r01_c02,8,edge,page_008_tile_r01_c02__structure__tile_001,node_001->node_002,6a2356f1af1300ed7abec45c1628298dcfa7d10abfa21f8d4150ef5075a73514,pending,,,,
p008-page-008-tile-r01-c02::page-008-tile-r01-c02-structure-tile-001::edge::edge-002,page_008_tile_r01_c02,8,edge,page_008_tile_r01_c02__structure__tile_001,node_001->node_003,eebb95a5458672728bef1888e5e1770134b29cf6d71330a999d342ba98d44a19,pending,,,,
p008-page-008-tile-r01-c02::page-008-tile-r01-c02-structure-tile-001::edge::edge-003,page_008_tile_r01_c02,8,edge,page_008_tile_r01_c02__structure__tile_001,node_002->node_004,f12fe9c060303d814d6794c183daebe59335542d0c1218778c0346f1a8a8d729,pending,,,,
p008-page-008-tile-r01-c02::page-008-tile-r01-c02-structure-tile-001::edge::edge-004,page_008_tile_r01_c02,8,edge,page_008_tile_r01_c02__structure__tile_001,node_003->node_004,a03a15364dc6deb7ba37f35b972d42b87248694cf2af422f6f9eb764e80384d7,pending,,,,
p008-page-008-tile-r01-c02::page-008-tile-r01-c02-structure-tile-001::edge::edge-005,page_008_tile_r01_c02,8,edge,page_008_tile_r01_c02__structure__tile_001,node_004->node_002,373c46c734ec46534bfb300617515ee5297db254619beff0fb1f5c52a6143c21,pending,,,,
p008-page-008-tile-r01-c02::page-008-tile-r01-c02-structure-tile-001::edge::edge-006,page_008_tile_r01_c02,8,edge,page_008_tile_r01_c02__structure__tile_001,node_004->node_003,5a253797fe99f5d305c543623943e39a90f4d58c837118444020421b69439fab,pending,,,,
p008-page-008-tile-r01-c02::page-008-tile-r01-c02-structure-tile-001::edge::edge-007,page_008_tile_r01_c02,8,edge,page_008_tile_r01_c02__structure__tile_001,node_004->node_003,0a9eb67b401ec15a90cff0df7f92d02cda4a12b1f91524299828d5c450b66fca,pending,,,,
p008-page-008-tile-r01-c02::page-008-tile-r01-c02-structure-tile-001::node::node-001,page_008_tile_r01_c02,8,node,page_008_tile_r01_c02__structure__tile_001,node_001,d6fcc019927769bca831bc3f5df0252b1f48702a21a6406f80bdd70f0849e50d,pending,,,,
p008-page-008-tile-r01-c02::page-008-tile-r01-c02-structure-tile-001::node::node-002,page_008_tile_r01_c02,8,node,page_008_tile_r01_c02__structure__tile_001,node_002,176c0a580862d6dc065fcca268cfc8fe89f9de8e246f09b87cb7f51360468a69,pending,,,,
p008-page-008-tile-r01-c02::page-008-tile-r01-c02-structure-tile-001::node::node-003,page_008_tile_r01_c02,8,node,page_008_tile_r01_c02__structure__tile_001,node_003,be721ba371b77f28c18076b21af22714b5972ea5e015adb15686be42c4a650bd,pending,,,,
p008-page-008-tile-r01-c02::page-008-tile-r01-c02-structure-tile-001::node::node-004,page_008_tile_r01_c02,8,node,page_008_tile_r01_c02__structure__tile_001,node_004,460d3489d07fa2280ab32319f3d656537383d5f9e32f4374d53e63a32b40f919,pending,,,,
p008-page-008-tile-r02-c01::page-008-tile-r02-c01-actions-figure-93::footnote::footnote-001,page_008_tile_r02_c01,8,footnote,page_008_tile_r02_c01__actions__figure_93,Adapted from Holt et al. (4).,b1e485cb31addcd03aa37201f46218632ea5ad625fb164bd96e29c244e9c0ce9,pending,,,,
p008-page-008-tile-r02-c01::page-008-tile-r02-c01-structure-tile-0::edge::edge-001,page_008_tile_r02_c01,8,edge,page_008_tile_r02_c01__structure__tile_0,node_0->node_2,6b87acf387bc0b448d6f33d90988348ce3a8bdc51dfae12fc23183c1761eea82,pending,,,,
p008-page-008-tile-r02-c01::page-008-tile-r02-c01-structure-tile-0::edge::edge-002,page_008_tile_r02_c01,8,edge,page_008_tile_r02_c01__structure__tile_0,node_0->node_3,f59d1fdf42d5df26cc7c93ce4727e6e764241d43d7a6e64ca58aa3921badbf2b,pending,,,,
p008-page-008-tile-r02-c01::page-008-tile-r02-c01-structure-tile-0::edge::edge-003,page_008_tile_r02_c01,8,edge,page_008_tile_r02_c01__structure__tile_0,node_1->node_4,41f0751a54514b6a7283fc4108dba8912a0dfe37c7ae983ddb3d0449f70df0b5,pending,,,,
p008-page-008-tile-r02-c01::page-008-tile-r02-c01-structure-tile-0::edge::edge-004,page_008_tile_r02_c01,8,edge,page_008_tile_r02_c01__structure__tile_0,node_1->node_5,af9181fa8cc83b4754605b9d754f063ca9a5031bba4d78f5d1b1af6df7e89dbb,pending,,,,
p008-page-008-tile-r02-c01::page-008-tile-r02-c01-structure-tile-0::node::node-0,page_008_tile_r02_c01,8,node,page_008_tile_r02_c01__structure__tile_0,node_0,d5b86e7f755adaa947d62808752613bfcfaa2cd03bad3f07f9c99474040956a9,pending,,,,
p008-page-008-tile-r02-c01::page-008-tile-r02-c01-structure-tile-0::node::node-1,page_008_tile_r02_c01,8,node,page_008_tile_r02_c01__structure__tile_0,node_1,3e62293da5c8ee3294d7cdd0d5fdffdc3288fc773ed4b803c0eed7e5a535d52e,pending,,,,
p008-page-008-tile-r02-c02::page-008-tile-r02-c02-structure-tile-001::edge::edge-001,page_008_tile_r02_c02,8,edge,page_008_tile_r02_c02__structure__tile_001,node_001->node_002,564a3354f4e702ba64a54325dd70522851ed05c60c16b686801ef99966d71a18,pending,,,,
p008-page-008-tile-r02-c02::page-008-tile-r02-c02-structure-tile-001::edge::edge-002,page_008_tile_r02_c02,8,edge,page_008_tile_r02_c02__structure__tile_001,node_001->node_003,7b4a6fe35eea50cd8f7f9cf8c69f6623896a589674bec397f35c566c193c4eb5,pending,,,,
p008-page-008-tile-r02-c02::page-008-tile-r02-c02-structure-tile-001::node::node-001,page_008_tile_r02_c02,8,node,page_008_tile_r02_c02__structure__tile_001,node_001,9a2627dc00148d8a1b71b1d6b92e4ca41a0747c039916fe4fa22597554530b49,pending,,,,
p008-page-008-tile-r03-c01::page-008-tile-r03-c01-actions-tile-r03-c01::action::action-001,page_008_tile_r03_c01,8,action,page_008_tile_r03_c01__actions__tile_r03_c01,":Use medications that provide sufficient effectiveness to achieve and maintain intended treatment goals with consideration of the effects on cardiovascular, kidney, weight, and other relevant comorbidities; hypoglycemia risk; cost and access; risk for adverse reactions and tolerability; and individual preferences",b8e8a0cf93c85b605a5ed81f320d31483bb2e112ab61baf48b5a72ee02117589,pending,,,,
p008-page-008-tile-r03-c01::page-008-tile-r03-c01-structure-tile-001::node::node-001,page_008_tile_r03_c01,8,node,page_008_tile_r03_c01__structure__tile_001,node_001,dd0561af7ce1b7393e02dea4e70b29db3fa5f674259f0963c7bc175bc00fa62e,pending,,,,
p008-page-008-tile-r03-c02::page-008-tile-r03-c02-actions-tile-0::action::action-001,page_008_tile_r03_c02,8,action,page_008_tile_r03_c02__actions__tile_0,SGLT2 inhibitor:recommended for both glycemic management and prevention of HF hospitalizations (irrespective of A1C),e69c71f7277010f7b4089ed7e884dad97ec0efa6f8ecff13dd0fbf57f7e4385f,pending,,,,
p008-page-008-tile-r03-c02::page-008-tile-r03-c02-structure-tile-001::edge::edge-001,page_008_tile_r03_c02,8,edge,page_008_tile_r03_c02__structure__tile_001,node_001->,3a60eba26bf8a780262585f88fb5172fc96b84f53283ea913bd36930f2ae42e5,pending,,,,
p008-page-008-tile-r03-c02::page-008-tile-r03-c02-structure-tile-001::node::node-001,page_008_tile_r03_c02,8,node,page_008_tile_r03_c02__structure__tile_001,node_001,8caf03fcc2a4e3ea45159687840428cfc9caec4cc51a0e2be1baae73deb6f139,pending,,,,
p008-page-008-tile-r03-c02::page-008-tile-r03-c02-symbols-tile-0::footnote::footnote-001,page_008_tile_r03_c02,8,footnote,page_008_tile_r03_c02__symbols__tile_0,A,03a1dabf1de4f7173a206a2812d0913ee540d727533f589291272b35483c3c6f,pending,,,,
p009-page-009-tile-r01-c01::page-009-tile-r01-c01-actions-tile-0::action::action-001,page_009_tile_r01_c01,9,action,page_009_tile_r01_c01__actions__tile_0,GLP-1 RA:with proven CVD benefit,f2ca6fb61ed0bb95cece0b09515a96107e87b80175bb51d0c825b6d2f5035281,approved,Jiayi Wei,2026-08-31T20:57:40-04:00,,"Figure 9.4 clinical re-audit: approved because the candidate preserves a visibly supported core Type 2 diabetes medication-selection concept from the figure: cardio-kidney risk reduction, HF/CKD/ASCVD-driven GLP-1 RA or SGLT2i use, weight/glycemic efficacy categories, MASLD/MASH, or an exact visible footnote/presence marker. Approval is content-level; strict provenance still requires matching controlled source PDF/image hashes."
p009-page-009-tile-r01-c01::page-009-tile-r01-c01-actions-tile-0::action::action-002,page_009_tile_r01_c01,9,action,page_009_tile_r01_c01__actions__tile_0,SGLT2i:with proven CVD benefit,d323dd4396f6e2b98ca26ab5023095ca8b811cce887366fdc58a4e18149311d6,approved,Jiayi Wei,2026-08-31T20:57:40-04:00,,"Figure 9.4 clinical re-audit: approved because the candidate preserves a visibly supported core Type 2 diabetes medication-selection concept from the figure: cardio-kidney risk reduction, HF/CKD/ASCVD-driven GLP-1 RA or SGLT2i use, weight/glycemic efficacy categories, MASLD/MASH, or an exact visible footnote/presence marker. Approval is content-level; strict provenance still requires matching controlled source PDF/image hashes."
p009-page-009-tile-r01-c01::page-009-tile-r01-c01-actions-tile-0::action::action-003,page_009_tile_r01_c01,9,action,page_009_tile_r01_c01__actions__tile_0,SGLT2i:with proven HF benefit in current or prior symptoms of HFrEF or HFpEF,d07f098b67b984e262b63de41cae4af693e4d6ff5d2c5b50161922ebb0c31ade,approved,Jiayi Wei,2026-08-31T20:57:40-04:00,,"Figure 9.4 clinical re-audit: approved because the candidate preserves a visibly supported core Type 2 diabetes medication-selection concept from the figure: cardio-kidney risk reduction, HF/CKD/ASCVD-driven GLP-1 RA or SGLT2i use, weight/glycemic efficacy categories, MASLD/MASH, or an exact visible footnote/presence marker. Approval is content-level; strict provenance still requires matching controlled source PDF/image hashes."
p009-page-009-tile-r01-c01::page-009-tile-r01-c01-actions-tile-0::action::action-004,page_009_tile_r01_c01,9,action,page_009_tile_r01_c01__actions__tile_0,SGLT2i:with primary evidence of reducing CKD progression,c6c2b30bb493a1adf859aba872638385d0afeba403c7a4de2e34a4f3e06367a9,approved,Jiayi Wei,2026-08-31T20:57:40-04:00,,"Figure 9.4 clinical re-audit: approved because the candidate preserves a visibly supported core Type 2 diabetes medication-selection concept from the figure: cardio-kidney risk reduction, HF/CKD/ASCVD-driven GLP-1 RA or SGLT2i use, weight/glycemic efficacy categories, MASLD/MASH, or an exact visible footnote/presence marker. Approval is content-level; strict provenance still requires matching controlled source PDF/image hashes."
p009-page-009-tile-r01-c01::page-009-tile-r01-c01-actions-tile-0::action::action-005,page_009_tile_r01_c01,9,action,page_009_tile_r01_c01__actions__tile_0,SGLT2i and/or either dual GIP/GLP-1 RA or GLP-1 RA:with proven benefit in symptomatic HFpEF and obesity,ee29cdce43320ba7a4d4f36d97ce5e7130961de49ea18d5070d866dce439570e,approved,Jiayi Wei,2026-08-31T20:57:40-04:00,,"Figure 9.4 clinical re-audit: approved because the candidate preserves a visibly supported core Type 2 diabetes medication-selection concept from the figure: cardio-kidney risk reduction, HF/CKD/ASCVD-driven GLP-1 RA or SGLT2i use, weight/glycemic efficacy categories, MASLD/MASH, or an exact visible footnote/presence marker. Approval is content-level; strict provenance still requires matching controlled source PDF/image hashes."
p009-page-009-tile-r01-c01::page-009-tile-r01-c01-structure-tile-001::edge::edge-001,page_009_tile_r01_c01,9,edge,page_009_tile_r01_c01__structure__tile_001,goal_node->+ASCVD_node,ad2af89ab3eb55ad5931dc8f2b404a1e54152f848a19c1c832e10eb740133554,corrections_required,Jiayi Wei,2026-08-31T20:57:40-04:00,,"Figure 9.4 clinical re-audit: this node/edge may reflect part of the flowchart, but Figure 9.4 should be reviewed as left cardio-kidney-risk and right weight/glycemic-goal pathways. Tile-level nodes/edges require cross-tile arrow, branch, duplicate, and endpoint reconciliation before approval."
p009-page-009-tile-r01-c01::page-009-tile-r01-c01-structure-tile-001::edge::edge-002,page_009_tile_r01_c01,9,edge,page_009_tile_r01_c01__structure__tile_001,goal_node->+high_CVD_risk_node,cce18376c48b1ec67cda64cf387f676ca40b0035f149f16cb98ddcd0f5b59f5d,corrections_required,Jiayi Wei,2026-08-31T20:57:40-04:00,,"Figure 9.4 clinical re-audit: this node/edge may reflect part of the flowchart, but Figure 9.4 should be reviewed as left cardio-kidney-risk and right weight/glycemic-goal pathways. Tile-level nodes/edges require cross-tile arrow, branch, duplicate, and endpoint reconciliation before approval."
p009-page-009-tile-r01-c01::page-009-tile-r01-c01-structure-tile-001::edge::edge-003,page_009_tile_r01_c01,9,edge,page_009_tile_r01_c01__structure__tile_001,goal_node->+HF_node,22d9431ef0f929c36824cb784a87532b0d1faf63f5570bb357fae1b03647453b,corrections_required,Jiayi Wei,2026-08-31T20:57:40-04:00,,"Figure 9.4 clinical re-audit: this node/edge may reflect part of the flowchart, but Figure 9.4 should be reviewed as left cardio-kidney-risk and right weight/glycemic-goal pathways. Tile-level nodes/edges require cross-tile arrow, branch, duplicate, and endpoint reconciliation before approval."
p009-page-009-tile-r01-c01::page-009-tile-r01-c01-structure-tile-001::edge::edge-004,page_009_tile_r01_c01,9,edge,page_009_tile_r01_c01__structure__tile_001,goal_node->+CKD_node,3e67b56deecfdb75e781abe26b8c4d503501c790f245f5c9a0ce70c1980c82f3,corrections_required,Jiayi Wei,2026-08-31T20:57:40-04:00,,"Figure 9.4 clinical re-audit: this node/edge may reflect part of the flowchart, but Figure 9.4 should be reviewed as left cardio-kidney-risk and right weight/glycemic-goal pathways. Tile-level nodes/edges require cross-tile arrow, branch, duplicate, and endpoint reconciliation before approval."
p009-page-009-tile-r01-c01::page-009-tile-r01-c01-structure-tile-001::edge::edge-005,page_009_tile_r01_c01,9,edge,page_009_tile_r01_c01__structure__tile_001,+ASCVD_node->+ASCVD_high_CVD_risk_node,511477d0e383d74f64bdf83bf52e0c34b0ff8593440f6c4ed0f8f27f4cd5a3b9,corrections_required,Jiayi Wei,2026-08-31T20:57:40-04:00,,"Figure 9.4 clinical re-audit: this node/edge may reflect part of the flowchart, but Figure 9.4 should be reviewed as left cardio-kidney-risk and right weight/glycemic-goal pathways. Tile-level nodes/edges require cross-tile arrow, branch, duplicate, and endpoint reconciliation before approval."
p009-page-009-tile-r01-c01::page-009-tile-r01-c01-structure-tile-001::edge::edge-006,page_009_tile_r01_c01,9,edge,page_009_tile_r01_c01__structure__tile_001,+high_CVD_risk_node->+ASCVD_high_CVD_risk_node,6a67a09207ec42f8c9eaa3b774bdf5096ede9949a859741d4492e8f983389b23,corrections_required,Jiayi Wei,2026-08-31T20:57:40-04:00,,"Figure 9.4 clinical re-audit: this node/edge may reflect part of the flowchart, but Figure 9.4 should be reviewed as left cardio-kidney-risk and right weight/glycemic-goal pathways. Tile-level nodes/edges require cross-tile arrow, branch, duplicate, and endpoint reconciliation before approval."
p009-page-009-tile-r01-c01::page-009-tile-r01-c01-structure-tile-001::edge::edge-007,page_009_tile_r01_c01,9,edge,page_009_tile_r01_c01__structure__tile_001,+HF_node->SGLT2i_with_HF_node,4bd5a3db4312280e5a75880cbf214c5ce64f195dff4961cd1b0acf0bc1b91de0,corrections_required,Jiayi Wei,2026-08-31T20:57:40-04:00,,"Figure 9.4 clinical re-audit: this node/edge may reflect part of the flowchart, but Figure 9.4 should be reviewed as left cardio-kidney-risk and right weight/glycemic-goal pathways. Tile-level nodes/edges require cross-tile arrow, branch, duplicate, and endpoint reconciliation before approval."
p009-page-009-tile-r01-c01::page-009-tile-r01-c01-structure-tile-001::edge::edge-008,page_009_tile_r01_c01,9,edge,page_009_tile_r01_c01__structure__tile_001,+CKD_node->+CKD_on_max_tolerated_node,af909deb6acb25b69d122389ee819c3a90cc3c7c76d9479d8ac74571e67a8f70,corrections_required,Jiayi Wei,2026-08-31T20:57:40-04:00,,"Figure 9.4 clinical re-audit: this node/edge may reflect part of the flowchart, but Figure 9.4 should be reviewed as left cardio-kidney-risk and right weight/glycemic-goal pathways. Tile-level nodes/edges require cross-tile arrow, branch, duplicate, and endpoint reconciliation before approval."
p009-page-009-tile-r01-c01::page-009-tile-r01-c01-structure-tile-001::edge::edge-009,page_009_tile_r01_c01,9,edge,page_009_tile_r01_c01__structure__tile_001,+ASCVD_high_CVD_risk_node->if_glycemia_above_goal_node,d44513735c138bdc8a41aecf3501dde5bc01f4b1741c633a5d0c5f1541d073b4,corrections_required,Jiayi Wei,2026-08-31T20:57:40-04:00,,"Figure 9.4 clinical re-audit: this node/edge may reflect part of the flowchart, but Figure 9.4 should be reviewed as left cardio-kidney-risk and right weight/glycemic-goal pathways. Tile-level nodes/edges require cross-tile arrow, branch, duplicate, and endpoint reconciliation before approval."
p009-page-009-tile-r01-c01::page-009-tile-r01-c01-structure-tile-001::edge::edge-010,page_009_tile_r01_c01,9,edge,page_009_tile_r01_c01__structure__tile_001,SGLT2i_with_HF_node->SGLT2i_and_or_dual_GIP_node,6534b22c45c826591af3ea40448c557fe89fdeaa858e27f988c28ecdd97be4e7,corrections_required,Jiayi Wei,2026-08-31T20:57:40-04:00,,"Figure 9.4 clinical re-audit: this node/edge may reflect part of the flowchart, but Figure 9.4 should be reviewed as left cardio-kidney-risk and right weight/glycemic-goal pathways. Tile-level nodes/edges require cross-tile arrow, branch, duplicate, and endpoint reconciliation before approval."
p009-page-009-tile-r01-c01::page-009-tile-r01-c01-structure-tile-001::edge::edge-011,page_009_tile_r01_c01,9,edge,page_009_tile_r01_c01__structure__tile_001,+CKD_on_max_tolerated_node->SGLT2i_with_CKD_progression_node,31c73c0567f998ee7b78cdad6c3800dd31286b06421623341bcce97a2cda4a3c,corrections_required,Jiayi Wei,2026-08-31T20:57:40-04:00,,"Figure 9.4 clinical re-audit: this node/edge may reflect part of the flowchart, but Figure 9.4 should be reviewed as left cardio-kidney-risk and right weight/glycemic-goal pathways. Tile-level nodes/edges require cross-tile arrow, branch, duplicate, and endpoint reconciliation before approval."
p009-page-009-tile-r01-c01::page-009-tile-r01-c01-structure-tile-001::node::ascvd-high-cvd-risk-node,page_009_tile_r01_c01,9,node,page_009_tile_r01_c01__structure__tile_001,+ASCVD_high_CVD_risk_node,3b197ce7cae84b1a4920fd6a67f64b7bc4824dd2d55449454e41cf11af6f58dc,corrections_required,Jiayi Wei,2026-08-31T20:57:40-04:00,,"Figure 9.4 clinical re-audit: this node/edge may reflect part of the flowchart, but Figure 9.4 should be reviewed as left cardio-kidney-risk and right weight/glycemic-goal pathways. Tile-level nodes/edges require cross-tile arrow, branch, duplicate, and endpoint reconciliation before approval."
p009-page-009-tile-r01-c01::page-009-tile-r01-c01-structure-tile-001::node::ascvd-node,page_009_tile_r01_c01,9,node,page_009_tile_r01_c01__structure__tile_001,+ASCVD_node,aa125cc6e9a1dfa09a573c3a231997f7278654c8c25bcf129ab464acd5e5ee29,corrections_required,Jiayi Wei,2026-08-31T20:57:40-04:00,,"Figure 9.4 clinical re-audit: this node/edge may reflect part of the flowchart, but Figure 9.4 should be reviewed as left cardio-kidney-risk and right weight/glycemic-goal pathways. Tile-level nodes/edges require cross-tile arrow, branch, duplicate, and endpoint reconciliation before approval."
p009-page-009-tile-r01-c01::page-009-tile-r01-c01-structure-tile-001::node::ckd-node,page_009_tile_r01_c01,9,node,page_009_tile_r01_c01__structure__tile_001,+CKD_node,410540955ce292d74924604e747b8dc65a6a4b5178179b3be0b5841a78cff0a9,corrections_required,Jiayi Wei,2026-08-31T20:57:40-04:00,,"Figure 9.4 clinical re-audit: this node/edge may reflect part of the flowchart, but Figure 9.4 should be reviewed as left cardio-kidney-risk and right weight/glycemic-goal pathways. Tile-level nodes/edges require cross-tile arrow, branch, duplicate, and endpoint reconciliation before approval."
p009-page-009-tile-r01-c01::page-009-tile-r01-c01-structure-tile-001::node::ckd-on-max-tolerated-node,page_009_tile_r01_c01,9,node,page_009_tile_r01_c01__structure__tile_001,+CKD_on_max_tolerated_node,ff5c95abe51d4c2a6e4370c78715afbb590aef88970695433c77c2a6832de426,corrections_required,Jiayi Wei,2026-08-31T20:57:40-04:00,,"Figure 9.4 clinical re-audit: this node/edge may reflect part of the flowchart, but Figure 9.4 should be reviewed as left cardio-kidney-risk and right weight/glycemic-goal pathways. Tile-level nodes/edges require cross-tile arrow, branch, duplicate, and endpoint reconciliation before approval."
p009-page-009-tile-r01-c01::page-009-tile-r01-c01-structure-tile-001::node::goal-node,page_009_tile_r01_c01,9,node,page_009_tile_r01_c01__structure__tile_001,goal_node,f1dce6bfa95e9737e6149d79e3a43c6511de4d6cf3172d1790661e40151e87e0,corrections_required,Jiayi Wei,2026-08-31T20:57:40-04:00,,"Figure 9.4 clinical re-audit: this node/edge may reflect part of the flowchart, but Figure 9.4 should be reviewed as left cardio-kidney-risk and right weight/glycemic-goal pathways. Tile-level nodes/edges require cross-tile arrow, branch, duplicate, and endpoint reconciliation before approval."
p009-page-009-tile-r01-c01::page-009-tile-r01-c01-structure-tile-001::node::hf-node,page_009_tile_r01_c01,9,node,page_009_tile_r01_c01__structure__tile_001,+HF_node,996db67ede4d4d72fd568bdbc6156746ba337eda4dcc84bcaeb72d5561a25997,corrections_required,Jiayi Wei,2026-08-31T20:57:40-04:00,,"Figure 9.4 clinical re-audit: this node/edge may reflect part of the flowchart, but Figure 9.4 should be reviewed as left cardio-kidney-risk and right weight/glycemic-goal pathways. Tile-level nodes/edges require cross-tile arrow, branch, duplicate, and endpoint reconciliation before approval."
p009-page-009-tile-r01-c01::page-009-tile-r01-c01-structure-tile-001::node::high-cvd-risk-node,page_009_tile_r01_c01,9,node,page_009_tile_r01_c01__structure__tile_001,+high_CVD_risk_node,51b3540c8b7f7c4810cf0e470c13c6d03413ea892992b05a0589558379c0574d,corrections_required,Jiayi Wei,2026-08-31T20:57:40-04:00,,"Figure 9.4 clinical re-audit: this node/edge may reflect part of the flowchart, but Figure 9.4 should be reviewed as left cardio-kidney-risk and right weight/glycemic-goal pathways. Tile-level nodes/edges require cross-tile arrow, branch, duplicate, and endpoint reconciliation before approval."
p009-page-009-tile-r01-c01::page-009-tile-r01-c01-structure-tile-001::node::if-glycemia-above-goal-node,page_009_tile_r01_c01,9,node,page_009_tile_r01_c01__structure__tile_001,if_glycemia_above_goal_node,9f748036eaebfa94e0272f0467fff49b14d6c5e9177bd32eb8a37d15635b34d5,corrections_required,Jiayi Wei,2026-08-31T20:57:40-04:00,,"Figure 9.4 clinical re-audit: this node/edge may reflect part of the flowchart, but Figure 9.4 should be reviewed as left cardio-kidney-risk and right weight/glycemic-goal pathways. Tile-level nodes/edges require cross-tile arrow, branch, duplicate, and endpoint reconciliation before approval."
p009-page-009-tile-r01-c01::page-009-tile-r01-c01-structure-tile-001::node::sglt2i-and-or-dual-gip-node,page_009_tile_r01_c01,9,node,page_009_tile_r01_c01__structure__tile_001,SGLT2i_and_or_dual_GIP_node,30ba18f41f834edc46f35774e07c56fe93c0c91444ecb522bda52689b74355fd,corrections_required,Jiayi Wei,2026-08-31T20:57:40-04:00,,"Figure 9.4 clinical re-audit: this node/edge may reflect part of the flowchart, but Figure 9.4 should be reviewed as left cardio-kidney-risk and right weight/glycemic-goal pathways. Tile-level nodes/edges require cross-tile arrow, branch, duplicate, and endpoint reconciliation before approval."
p009-page-009-tile-r01-c01::page-009-tile-r01-c01-structure-tile-001::node::sglt2i-with-ckd-progression-node,page_009_tile_r01_c01,9,node,page_009_tile_r01_c01__structure__tile_001,SGLT2i_with_CKD_progression_node,1416cbc21ab9982fadc35d8c7183b02a9364a9d732036465b4f01152a007baea,corrections_required,Jiayi Wei,2026-08-31T20:57:40-04:00,,"Figure 9.4 clinical re-audit: this node/edge may reflect part of the flowchart, but Figure 9.4 should be reviewed as left cardio-kidney-risk and right weight/glycemic-goal pathways. Tile-level nodes/edges require cross-tile arrow, branch, duplicate, and endpoint reconciliation before approval."
p009-page-009-tile-r01-c01::page-009-tile-r01-c01-structure-tile-001::node::sglt2i-with-hf-node,page_009_tile_r01_c01,9,node,page_009_tile_r01_c01__structure__tile_001,SGLT2i_with_HF_node,a7d169709b928a0d366c702e617a614c8a015a0beaa145effa40a446dc8975d8,corrections_required,Jiayi Wei,2026-08-31T20:57:40-04:00,,"Figure 9.4 clinical re-audit: this node/edge may reflect part of the flowchart, but Figure 9.4 should be reviewed as left cardio-kidney-risk and right weight/glycemic-goal pathways. Tile-level nodes/edges require cross-tile arrow, branch, duplicate, and endpoint reconciliation before approval."
p009-page-009-tile-r01-c01::page-009-tile-r01-c01-symbols-tile-r01-c01::footnote::footnote-001,page_009_tile_r01_c01,9,footnote,page_009_tile_r01_c01__symbols__tile_r01_c01,+ASCVD+,c8a5462584dea8065e6ca4c1d624ba36c520725553812aa0311517930edc5a65,approved,Jiayi Wei,2026-08-31T20:57:40-04:00,,"Figure 9.4 clinical re-audit: approved because the candidate preserves a visibly supported core Type 2 diabetes medication-selection concept from the figure: cardio-kidney risk reduction, HF/CKD/ASCVD-driven GLP-1 RA or SGLT2i use, weight/glycemic efficacy categories, MASLD/MASH, or an exact visible footnote/presence marker. Approval is content-level; strict provenance still requires matching controlled source PDF/image hashes."
p009-page-009-tile-r01-c01::page-009-tile-r01-c01-symbols-tile-r01-c01::footnote::footnote-002,page_009_tile_r01_c01,9,footnote,page_009_tile_r01_c01__symbols__tile_r01_c01,+Indicators of high CVD risk,a9d383cc67a65c8d9e8512e8bbde63b22c28a2e59d58a02a3d4652174ed584da,approved,Jiayi Wei,2026-08-31T20:57:40-04:00,,"Figure 9.4 clinical re-audit: approved because the candidate preserves a visibly supported core Type 2 diabetes medication-selection concept from the figure: cardio-kidney risk reduction, HF/CKD/ASCVD-driven GLP-1 RA or SGLT2i use, weight/glycemic efficacy categories, MASLD/MASH, or an exact visible footnote/presence marker. Approval is content-level; strict provenance still requires matching controlled source PDF/image hashes."
p009-page-009-tile-r01-c01::page-009-tile-r01-c01-symbols-tile-r01-c01::footnote::footnote-003,page_009_tile_r01_c01,9,footnote,page_009_tile_r01_c01__symbols__tile_r01_c01,+HF,abf83346540f284516ce1339308ddff5c830ab242de8b1661a618b243e3d9d17,approved,Jiayi Wei,2026-08-31T20:57:40-04:00,,"Figure 9.4 clinical re-audit: approved because the candidate preserves a visibly supported core Type 2 diabetes medication-selection concept from the figure: cardio-kidney risk reduction, HF/CKD/ASCVD-driven GLP-1 RA or SGLT2i use, weight/glycemic efficacy categories, MASLD/MASH, or an exact visible footnote/presence marker. Approval is content-level; strict provenance still requires matching controlled source PDF/image hashes."
p009-page-009-tile-r01-c01::page-009-tile-r01-c01-symbols-tile-r01-c01::footnote::footnote-004,page_009_tile_r01_c01,9,footnote,page_009_tile_r01_c01__symbols__tile_r01_c01,+CKD,d966f01f1501b769c7e8874920dbd385e8b4c1d5785c3f60f555445d82b829be,approved,Jiayi Wei,2026-08-31T20:57:40-04:00,,"Figure 9.4 clinical re-audit: approved because the candidate preserves a visibly supported core Type 2 diabetes medication-selection concept from the figure: cardio-kidney risk reduction, HF/CKD/ASCVD-driven GLP-1 RA or SGLT2i use, weight/glycemic efficacy categories, MASLD/MASH, or an exact visible footnote/presence marker. Approval is content-level; strict provenance still requires matching controlled source PDF/image hashes."
p009-page-009-tile-r01-c01::page-009-tile-r01-c01-symbols-tile-r01-c01::footnote::footnote-005,page_009_tile_r01_c01,9,footnote,page_009_tile_r01_c01__symbols__tile_r01_c01,+ASCVD/indicators of high CVD risk*,786407204eba9b3daf498d26804b7b8cbe20ff2482f103678970ff5ae951f910,approved,Jiayi Wei,2026-08-31T20:57:40-04:00,,"Figure 9.4 clinical re-audit: approved because the candidate preserves a visibly supported core Type 2 diabetes medication-selection concept from the figure: cardio-kidney risk reduction, HF/CKD/ASCVD-driven GLP-1 RA or SGLT2i use, weight/glycemic efficacy categories, MASLD/MASH, or an exact visible footnote/presence marker. Approval is content-level; strict provenance still requires matching controlled source PDF/image hashes."
p009-page-009-tile-r01-c01::page-009-tile-r01-c01-symbols-tile-r01-c01::footnote::footnote-006,page_009_tile_r01_c01,9,footnote,page_009_tile_r01_c01__symbols__tile_r01_c01,+CKD (on maximally tolerated dose of ACEi or ARB),85ce3b65f3fbf8cbb5e3fc277bb99231fdf66327c04f8ef9ffe05cc987f60ab9,approved,Jiayi Wei,2026-08-31T20:57:40-04:00,,"Figure 9.4 clinical re-audit: approved because the candidate preserves a visibly supported core Type 2 diabetes medication-selection concept from the figure: cardio-kidney risk reduction, HF/CKD/ASCVD-driven GLP-1 RA or SGLT2i use, weight/glycemic efficacy categories, MASLD/MASH, or an exact visible footnote/presence marker. Approval is content-level; strict provenance still requires matching controlled source PDF/image hashes."
p009-page-009-tile-r01-c01::page-009-tile-r01-c01-symbols-tile-r01-c01::footnote::footnote-007,page_009_tile_r01_c01,9,footnote,page_009_tile_r01_c01__symbols__tile_r01_c01,+,8906032cae921979a11dbaaa02d95b432f8d93ef0e149886c9e6837f20332cc9,rejected,Jiayi Wei,2026-08-31T20:57:40-04:00,,"Figure 9.4 clinical re-audit: rejected because the record misreads a symbol, mis-associates a marker, assigns an action to the wrong drug class, or is too generic to stand alone as guideline evidence."
p009-page-009-tile-r01-c02::page-009-tile-r01-c02-actions-tile-r01-c02::action::action-001,page_009_tile_r01_c02,9,action,page_009_tile_r01_c02__actions__tile_r01_c02,SGLT2i:can be started with h eGFR ≥20 mL/min/1.73 m²,2bee97a32f40f20c50cb7eab703ec98b0eec87ed2636a51552bc92c279d568c0,corrections_required,Jiayi Wei,2026-08-31T20:57:40-04:00,,"Figure 9.4 clinical re-audit: candidate may contain relevant source text, but it needs record-level cleanup or source-bundle confirmation before approval."
p009-page-009-tile-r01-c02::page-009-tile-r01-c02-actions-tile-r01-c02::action::action-002,page_009_tile_r01_c02,9,action,page_009_tile_r01_c02__actions__tile_r01_c02,Metformin or other agent (including combination therapy):provide adequate efficacy to achieve and maintain glycemic treatment goals,83d13dae6861a0aa9f1e5c6cb883772775dca91c0f5c917a7667dddf5a130c8e,approved,Jiayi Wei,2026-08-31T20:57:40-04:00,,"Figure 9.4 clinical re-audit: approved because the candidate preserves a visibly supported core Type 2 diabetes medication-selection concept from the figure: cardio-kidney risk reduction, HF/CKD/ASCVD-driven GLP-1 RA or SGLT2i use, weight/glycemic efficacy categories, MASLD/MASH, or an exact visible footnote/presence marker. Approval is content-level; strict provenance still requires matching controlled source PDF/image hashes."
p009-page-009-tile-r01-c02::page-009-tile-r01-c02-actions-tile-r01-c02::action::action-003,page_009_tile_r01_c02,9,action,page_009_tile_r01_c02__actions__tile_r01_c02,"Semaglutide, tirzepatide:Very high efficacy for weight loss",3023cc6a9ca91295dac92bfb39571f1686831a18d366ca33b00ffc93c1649a21,approved,Jiayi Wei,2026-08-31T20:57:40-04:00,,"Figure 9.4 clinical re-audit: approved because the candidate preserves a visibly supported core Type 2 diabetes medication-selection concept from the figure: cardio-kidney risk reduction, HF/CKD/ASCVD-driven GLP-1 RA or SGLT2i use, weight/glycemic efficacy categories, MASLD/MASH, or an exact visible footnote/presence marker. Approval is content-level; strict provenance still requires matching controlled source PDF/image hashes."
p009-page-009-tile-r01-c02::page-009-tile-r01-c02-actions-tile-r01-c02::action::action-004,page_009_tile_r01_c02,9,action,page_009_tile_r01_c02__actions__tile_r01_c02,"Dulaglutide, liraglutide:High efficacy for weight loss",a6cb66bf7b939baa73d38c7e2cba17f0069e0c06c47699db14d4935b5b3e9e40,approved,Jiayi Wei,2026-08-31T20:57:40-04:00,,"Figure 9.4 clinical re-audit: approved because the candidate preserves a visibly supported core Type 2 diabetes medication-selection concept from the figure: cardio-kidney risk reduction, HF/CKD/ASCVD-driven GLP-1 RA or SGLT2i use, weight/glycemic efficacy categories, MASLD/MASH, or an exact visible footnote/presence marker. Approval is content-level; strict provenance still requires matching controlled source PDF/image hashes."
p009-page-009-tile-r01-c02::page-009-tile-r01-c02-actions-tile-r01-c02::action::action-005,page_009_tile_r01_c02,9,action,page_009_tile_r01_c02__actions__tile_r01_c02,GLP-1 RA (not listed above):Intermediate efficacy for weight loss,fbae00cef4419a1a54dba0238018eae36d5e9a60d6647dc48c4da3a2c985e2d2,approved,Jiayi Wei,2026-08-31T20:57:40-04:00,,"Figure 9.4 clinical re-audit: approved because the candidate preserves a visibly supported core Type 2 diabetes medication-selection concept from the figure: cardio-kidney risk reduction, HF/CKD/ASCVD-driven GLP-1 RA or SGLT2i use, weight/glycemic efficacy categories, MASLD/MASH, or an exact visible footnote/presence marker. Approval is content-level; strict provenance still requires matching controlled source PDF/image hashes."
p009-page-009-tile-r01-c02::page-009-tile-r01-c02-actions-tile-r01-c02::action::action-006,page_009_tile_r01_c02,9,action,page_009_tile_r01_c02__actions__tile_r01_c02,"Dulaglutide (high dose),:Very high efficacy for glucose lowering",370142a3e322766ccbd17a5a997fbc6c0d9d14cf819641b095625f994c4dc4f5,corrections_required,Jiayi Wei,2026-08-31T20:57:40-04:00,,"Figure 9.4 clinical re-audit: candidate may contain relevant source text, but it needs record-level cleanup or source-bundle confirmation before approval."
p009-page-009-tile-r01-c02::page-009-tile-r01-c02-structure-tile-r01-c02::edge::edge-001,page_009_tile_r01_c02,9,edge,page_009_tile_r01_c02__structure__tile_r01_c02,N1->N6,61066e267cd755054c293a8243141eb9fc489fa735daaca10bd69633057a762d,corrections_required,Jiayi Wei,2026-08-31T20:57:40-04:00,,"Figure 9.4 clinical re-audit: this node/edge may reflect part of the flowchart, but Figure 9.4 should be reviewed as left cardio-kidney-risk and right weight/glycemic-goal pathways. Tile-level nodes/edges require cross-tile arrow, branch, duplicate, and endpoint reconciliation before approval."
p009-page-009-tile-r01-c02::page-009-tile-r01-c02-structure-tile-r01-c02::edge::edge-002,page_009_tile_r01_c02,9,edge,page_009_tile_r01_c02__structure__tile_r01_c02,N6->N3,d7fe9124241360aee2b4a2f54862c23c57f1e23e83958aecb23e1b2fc7d32b62,corrections_required,Jiayi Wei,2026-08-31T20:57:40-04:00,,"Figure 9.4 clinical re-audit: this node/edge may reflect part of the flowchart, but Figure 9.4 should be reviewed as left cardio-kidney-risk and right weight/glycemic-goal pathways. Tile-level nodes/edges require cross-tile arrow, branch, duplicate, and endpoint reconciliation before approval."
p009-page-009-tile-r01-c02::page-009-tile-r01-c02-structure-tile-r01-c02::edge::edge-003,page_009_tile_r01_c02,9,edge,page_009_tile_r01_c02__structure__tile_r01_c02,N6->N5,f5e801ca04dc889fce56248965b98b854353bace24a914da5189273fce0ad0af,corrections_required,Jiayi Wei,2026-08-31T20:57:40-04:00,,"Figure 9.4 clinical re-audit: this node/edge may reflect part of the flowchart, but Figure 9.4 should be reviewed as left cardio-kidney-risk and right weight/glycemic-goal pathways. Tile-level nodes/edges require cross-tile arrow, branch, duplicate, and endpoint reconciliation before approval."
p009-page-009-tile-r01-c02::page-009-tile-r01-c02-structure-tile-r01-c02::edge::edge-004,page_009_tile_r01_c02,9,edge,page_009_tile_r01_c02__structure__tile_r01_c02,N2->N4,c1564132136b946a1f45ffe63b2d661d06263de7b26f43ba5a2366b97597fa31,corrections_required,Jiayi Wei,2026-08-31T20:57:40-04:00,,"Figure 9.4 clinical re-audit: this node/edge may reflect part of the flowchart, but Figure 9.4 should be reviewed as left cardio-kidney-risk and right weight/glycemic-goal pathways. Tile-level nodes/edges require cross-tile arrow, branch, duplicate, and endpoint reconciliation before approval."
p009-page-009-tile-r01-c02::page-009-tile-r01-c02-structure-tile-r01-c02::edge::edge-005,page_009_tile_r01_c02,9,edge,page_009_tile_r01_c02__structure__tile_r01_c02,N4->N9,88f6ace830e6081713f89003937871fe923254cc3acac45aec7eb0b431b351b3,corrections_required,Jiayi Wei,2026-08-31T20:57:40-04:00,,"Figure 9.4 clinical re-audit: this node/edge may reflect part of the flowchart, but Figure 9.4 should be reviewed as left cardio-kidney-risk and right weight/glycemic-goal pathways. Tile-level nodes/edges require cross-tile arrow, branch, duplicate, and endpoint reconciliation before approval."
p009-page-009-tile-r01-c02::page-009-tile-r01-c02-structure-tile-r01-c02::edge::edge-006,page_009_tile_r01_c02,9,edge,page_009_tile_r01_c02__structure__tile_r01_c02,N9->N17,ed0544b3b76975cb30ae4bc00d16d1d38a9f5b9381f59c0ee34efd74bae6490e,rejected,Jiayi Wei,2026-08-31T20:57:40-04:00,,"Figure 9.4 clinical re-audit: rejected because the validator marked the record invalid and it is blank, non-medication, duplicate, or not suitable as a standalone drug-action evidence record."
p009-page-009-tile-r01-c02::page-009-tile-r01-c02-structure-tile-r01-c02::edge::edge-007,page_009_tile_r01_c02,9,edge,page_009_tile_r01_c02__structure__tile_r01_c02,N4->N10,a2bc499c0072c8668e23a4adcd66b58196d82ebad6617b967edf2e4ab34fbed4,corrections_required,Jiayi Wei,2026-08-31T20:57:40-04:00,,"Figure 9.4 clinical re-audit: this node/edge may reflect part of the flowchart, but Figure 9.4 should be reviewed as left cardio-kidney-risk and right weight/glycemic-goal pathways. Tile-level nodes/edges require cross-tile arrow, branch, duplicate, and endpoint reconciliation before approval."
p009-page-009-tile-r01-c02::page-009-tile-r01-c02-structure-tile-r01-c02::edge::edge-008,page_009_tile_r01_c02,9,edge,page_009_tile_r01_c02__structure__tile_r01_c02,N3->N7,dcd38c2480389f8039c748cb17e66f3380500a3d20996e98effa36504eca6220,corrections_required,Jiayi Wei,2026-08-31T20:57:40-04:00,,"Figure 9.4 clinical re-audit: this node/edge may reflect part of the flowchart, but Figure 9.4 should be reviewed as left cardio-kidney-risk and right weight/glycemic-goal pathways. Tile-level nodes/edges require cross-tile arrow, branch, duplicate, and endpoint reconciliation before approval."
p009-page-009-tile-r01-c02::page-009-tile-r01-c02-structure-tile-r01-c02::edge::edge-009,page_009_tile_r01_c02,9,edge,page_009_tile_r01_c02__structure__tile_r01_c02,N5->N10,a8436c6a3858a35954a82657f1282cc16fe29970452b8f2b954a011bd01844d6,corrections_required,Jiayi Wei,2026-08-31T20:57:40-04:00,,"Figure 9.4 clinical re-audit: this node/edge may reflect part of the flowchart, but Figure 9.4 should be reviewed as left cardio-kidney-risk and right weight/glycemic-goal pathways. Tile-level nodes/edges require cross-tile arrow, branch, duplicate, and endpoint reconciliation before approval."
p009-page-009-tile-r01-c02::page-009-tile-r01-c02-structure-tile-r01-c02::edge::edge-010,page_009_tile_r01_c02,9,edge,page_009_tile_r01_c02__structure__tile_r01_c02,N7->N11,4382a05cae2e68ac3615469146c2a4c60dd8f0dd4b1ef2211a52f6133b0c308f,corrections_required,Jiayi Wei,2026-08-31T20:57:40-04:00,,"Figure 9.4 clinical re-audit: this node/edge may reflect part of the flowchart, but Figure 9.4 should be reviewed as left cardio-kidney-risk and right weight/glycemic-goal pathways. Tile-level nodes/edges require cross-tile arrow, branch, duplicate, and endpoint reconciliation before approval."
p009-page-009-tile-r01-c02::page-009-tile-r01-c02-structure-tile-r01-c02::edge::edge-011,page_009_tile_r01_c02,9,edge,page_009_tile_r01_c02__structure__tile_r01_c02,N7->N12,8c06a81ae45ef0ac9dd56000e2a7d8024cc18fe27597a9e5a172950c00522db8,corrections_required,Jiayi Wei,2026-08-31T20:57:40-04:00,,"Figure 9.4 clinical re-audit: this node/edge may reflect part of the flowchart, but Figure 9.4 should be reviewed as left cardio-kidney-risk and right weight/glycemic-goal pathways. Tile-level nodes/edges require cross-tile arrow, branch, duplicate, and endpoint reconciliation before approval."
p009-page-009-tile-r01-c02::page-009-tile-r01-c02-structure-tile-r01-c02::edge::edge-012,page_009_tile_r01_c02,9,edge,page_009_tile_r01_c02__structure__tile_r01_c02,N7->N13,9f541ab49d9cf3543df9e24ff7121d170f066f0a2347f334189e0eb978e2c5ae,corrections_required,Jiayi Wei,2026-08-31T20:57:40-04:00,,"Figure 9.4 clinical re-audit: this node/edge may reflect part of the flowchart, but Figure 9.4 should be reviewed as left cardio-kidney-risk and right weight/glycemic-goal pathways. Tile-level nodes/edges require cross-tile arrow, branch, duplicate, and endpoint reconciliation before approval."
p009-page-009-tile-r01-c02::page-009-tile-r01-c02-structure-tile-r01-c02::edge::edge-013,page_009_tile_r01_c02,9,edge,page_009_tile_r01_c02__structure__tile_r01_c02,N5->N8,c58ce015dc6e906a4d5ae88753fac606b8a269012f3f7d815bfe57bf980294d8,corrections_required,Jiayi Wei,2026-08-31T20:57:40-04:00,,"Figure 9.4 clinical re-audit: this node/edge may reflect part of the flowchart, but Figure 9.4 should be reviewed as left cardio-kidney-risk and right weight/glycemic-goal pathways. Tile-level nodes/edges require cross-tile arrow, branch, duplicate, and endpoint reconciliation before approval."
p009-page-009-tile-r01-c02::page-009-tile-r01-c02-structure-tile-r01-c02::edge::edge-014,page_009_tile_r01_c02,9,edge,page_009_tile_r01_c02__structure__tile_r01_c02,N8->N14,cd280f25821c8696710e173fc71881c566046bdf42283950e821f98b877f2f03,corrections_required,Jiayi Wei,2026-08-31T20:57:40-04:00,,"Figure 9.4 clinical re-audit: this node/edge may reflect part of the flowchart, but Figure 9.4 should be reviewed as left cardio-kidney-risk and right weight/glycemic-goal pathways. Tile-level nodes/edges require cross-tile arrow, branch, duplicate, and endpoint reconciliation before approval."
p009-page-009-tile-r01-c02::page-009-tile-r01-c02-structure-tile-r01-c02::edge::edge-015,page_009_tile_r01_c02,9,edge,page_009_tile_r01_c02__structure__tile_r01_c02,N10->N8,7f31c7cb75ebf59a9c674668716d00b81dd9fef03565a9abab0fd5d7b78a7873,corrections_required,Jiayi Wei,2026-08-31T20:57:40-04:00,,"Figure 9.4 clinical re-audit: this node/edge may reflect part of the flowchart, but Figure 9.4 should be reviewed as left cardio-kidney-risk and right weight/glycemic-goal pathways. Tile-level nodes/edges require cross-tile arrow, branch, duplicate, and endpoint reconciliation before approval."
p009-page-009-tile-r01-c02::page-009-tile-r01-c02-structure-tile-r01-c02::node::n1,page_009_tile_r01_c02,9,node,page_009_tile_r01_c02__structure__tile_r01_c02,N1,29cedc3d184b6e16ed57f60621d994b159f7ac3d46eae3aca66a168773d497d4,corrections_required,Jiayi Wei,2026-08-31T20:57:40-04:00,,"Figure 9.4 clinical re-audit: this node/edge may reflect part of the flowchart, but Figure 9.4 should be reviewed as left cardio-kidney-risk and right weight/glycemic-goal pathways. Tile-level nodes/edges require cross-tile arrow, branch, duplicate, and endpoint reconciliation before approval."
p009-page-009-tile-r01-c02::page-009-tile-r01-c02-structure-tile-r01-c02::node::n10,page_009_tile_r01_c02,9,node,page_009_tile_r01_c02__structure__tile_r01_c02,N10,d93aaefce44e5f9023eb636508b1c131c8d92a54d3786cd694cac2f22be18811,corrections_required,Jiayi Wei,2026-08-31T20:57:40-04:00,,"Figure 9.4 clinical re-audit: this node/edge may reflect part of the flowchart, but Figure 9.4 should be reviewed as left cardio-kidney-risk and right weight/glycemic-goal pathways. Tile-level nodes/edges require cross-tile arrow, branch, duplicate, and endpoint reconciliation before approval."
p009-page-009-tile-r01-c02::page-009-tile-r01-c02-structure-tile-r01-c02::node::n11,page_009_tile_r01_c02,9,node,page_009_tile_r01_c02__structure__tile_r01_c02,N11,32c976cda8d1f73e27fe9285d0b092d976a023aec54106b1ab3b930b12c772c4,corrections_required,Jiayi Wei,2026-08-31T20:57:40-04:00,,"Figure 9.4 clinical re-audit: this node/edge may reflect part of the flowchart, but Figure 9.4 should be reviewed as left cardio-kidney-risk and right weight/glycemic-goal pathways. Tile-level nodes/edges require cross-tile arrow, branch, duplicate, and endpoint reconciliation before approval."
p009-page-009-tile-r01-c02::page-009-tile-r01-c02-structure-tile-r01-c02::node::n12,page_009_tile_r01_c02,9,node,page_009_tile_r01_c02__structure__tile_r01_c02,N12,5fd00ae9a463ee804903e594f5d81ff123bcc5b4b5a8c8c0277a784c3c80a138,corrections_required,Jiayi Wei,2026-08-31T20:57:40-04:00,,"Figure 9.4 clinical re-audit: this node/edge may reflect part of the flowchart, but Figure 9.4 should be reviewed as left cardio-kidney-risk and right weight/glycemic-goal pathways. Tile-level nodes/edges require cross-tile arrow, branch, duplicate, and endpoint reconciliation before approval."
p009-page-009-tile-r01-c02::page-009-tile-r01-c02-structure-tile-r01-c02::node::n13,page_009_tile_r01_c02,9,node,page_009_tile_r01_c02__structure__tile_r01_c02,N13,51dcddd762d1bd8661564e3b5d5abc8a436d567c7e108b3987fd8b0648ba36cc,corrections_required,Jiayi Wei,2026-08-31T20:57:40-04:00,,"Figure 9.4 clinical re-audit: this node/edge may reflect part of the flowchart, but Figure 9.4 should be reviewed as left cardio-kidney-risk and right weight/glycemic-goal pathways. Tile-level nodes/edges require cross-tile arrow, branch, duplicate, and endpoint reconciliation before approval."
p009-page-009-tile-r01-c02::page-009-tile-r01-c02-structure-tile-r01-c02::node::n14,page_009_tile_r01_c02,9,node,page_009_tile_r01_c02__structure__tile_r01_c02,N14,abee3c9722b4e724f7464c67e7addd99fe2aa98aea744a3d9a2aea44d4bde004,corrections_required,Jiayi Wei,2026-08-31T20:57:40-04:00,,"Figure 9.4 clinical re-audit: this node/edge may reflect part of the flowchart, but Figure 9.4 should be reviewed as left cardio-kidney-risk and right weight/glycemic-goal pathways. Tile-level nodes/edges require cross-tile arrow, branch, duplicate, and endpoint reconciliation before approval."
p009-page-009-tile-r01-c02::page-009-tile-r01-c02-structure-tile-r01-c02::node::n15,page_009_tile_r01_c02,9,node,page_009_tile_r01_c02__structure__tile_r01_c02,N15,c899258e19a9a5fa713b445064d8f4749b015674170533c5b10fba35241f2b2d,rejected,Jiayi Wei,2026-08-31T20:57:40-04:00,,Figure 9.4 clinical re-audit: rejected because an OR connector was extracted as a decision node; it should only be represented inside a reviewed graph relationship.
p009-page-009-tile-r01-c02::page-009-tile-r01-c02-structure-tile-r01-c02::node::n16,page_009_tile_r01_c02,9,node,page_009_tile_r01_c02__structure__tile_r01_c02,N16,2cf5bb314d8b9a2e25119c9ddae158958217e244c86a2bbbbf4ff046fbbe2e82,corrections_required,Jiayi Wei,2026-08-31T20:57:40-04:00,,"Figure 9.4 clinical re-audit: this node/edge may reflect part of the flowchart, but Figure 9.4 should be reviewed as left cardio-kidney-risk and right weight/glycemic-goal pathways. Tile-level nodes/edges require cross-tile arrow, branch, duplicate, and endpoint reconciliation before approval."
p009-page-009-tile-r01-c02::page-009-tile-r01-c02-structure-tile-r01-c02::node::n2,page_009_tile_r01_c02,9,node,page_009_tile_r01_c02__structure__tile_r01_c02,N2,4ad221bf64507e35c0d04ffe468b932b4bb64b409f5e637b536a656a5354850c,corrections_required,Jiayi Wei,2026-08-31T20:57:40-04:00,,"Figure 9.4 clinical re-audit: this node/edge may reflect part of the flowchart, but Figure 9.4 should be reviewed as left cardio-kidney-risk and right weight/glycemic-goal pathways. Tile-level nodes/edges require cross-tile arrow, branch, duplicate, and endpoint reconciliation before approval."
p009-page-009-tile-r01-c02::page-009-tile-r01-c02-structure-tile-r01-c02::node::n3,page_009_tile_r01_c02,9,node,page_009_tile_r01_c02__structure__tile_r01_c02,N3,30bd2593cac146e063d0f8f61df2d3450140236cbdb22d5720b6ce28647caca2,corrections_required,Jiayi Wei,2026-08-31T20:57:40-04:00,,"Figure 9.4 clinical re-audit: this node/edge may reflect part of the flowchart, but Figure 9.4 should be reviewed as left cardio-kidney-risk and right weight/glycemic-goal pathways. Tile-level nodes/edges require cross-tile arrow, branch, duplicate, and endpoint reconciliation before approval."
p009-page-009-tile-r01-c02::page-009-tile-r01-c02-structure-tile-r01-c02::node::n4,page_009_tile_r01_c02,9,node,page_009_tile_r01_c02__structure__tile_r01_c02,N4,2425328497b8b01ba63985067258fbffe2715339a7a3692978cb51cb386561da,corrections_required,Jiayi Wei,2026-08-31T20:57:40-04:00,,"Figure 9.4 clinical re-audit: this node/edge may reflect part of the flowchart, but Figure 9.4 should be reviewed as left cardio-kidney-risk and right weight/glycemic-goal pathways. Tile-level nodes/edges require cross-tile arrow, branch, duplicate, and endpoint reconciliation before approval."
p009-page-009-tile-r01-c02::page-009-tile-r01-c02-structure-tile-r01-c02::node::n5,page_009_tile_r01_c02,9,node,page_009_tile_r01_c02__structure__tile_r01_c02,N5,a181e0f21dd588647ffd498db23c3f466d8f98b0cdf89b6772a44c75d1ff1321,corrections_required,Jiayi Wei,2026-08-31T20:57:40-04:00,,"Figure 9.4 clinical re-audit: this node/edge may reflect part of the flowchart, but Figure 9.4 should be reviewed as left cardio-kidney-risk and right weight/glycemic-goal pathways. Tile-level nodes/edges require cross-tile arrow, branch, duplicate, and endpoint reconciliation before approval."
p009-page-009-tile-r01-c02::page-009-tile-r01-c02-structure-tile-r01-c02::node::n6,page_009_tile_r01_c02,9,node,page_009_tile_r01_c02__structure__tile_r01_c02,N6,b3a149cd44df59c7b6ff296ba2731a6cfbf342f9415cebc6f7a65e570f23f601,corrections_required,Jiayi Wei,2026-08-31T20:57:40-04:00,,"Figure 9.4 clinical re-audit: this node/edge may reflect part of the flowchart, but Figure 9.4 should be reviewed as left cardio-kidney-risk and right weight/glycemic-goal pathways. Tile-level nodes/edges require cross-tile arrow, branch, duplicate, and endpoint reconciliation before approval."
p009-page-009-tile-r01-c02::page-009-tile-r01-c02-structure-tile-r01-c02::node::n7,page_009_tile_r01_c02,9,node,page_009_tile_r01_c02__structure__tile_r01_c02,N7,13a2587d1ed2548f6d618a22a727001ff0089df11d20b6798eb1f46a89646d41,corrections_required,Jiayi Wei,2026-08-31T20:57:40-04:00,,"Figure 9.4 clinical re-audit: this node/edge may reflect part of the flowchart, but Figure 9.4 should be reviewed as left cardio-kidney-risk and right weight/glycemic-goal pathways. Tile-level nodes/edges require cross-tile arrow, branch, duplicate, and endpoint reconciliation before approval."
p009-page-009-tile-r01-c02::page-009-tile-r01-c02-structure-tile-r01-c02::node::n8,page_009_tile_r01_c02,9,node,page_009_tile_r01_c02__structure__tile_r01_c02,N8,43e539b37c444342394b437d7fd8ed46f22984c14897508f621d601b05f16888,corrections_required,Jiayi Wei,2026-08-31T20:57:40-04:00,,"Figure 9.4 clinical re-audit: this node/edge may reflect part of the flowchart, but Figure 9.4 should be reviewed as left cardio-kidney-risk and right weight/glycemic-goal pathways. Tile-level nodes/edges require cross-tile arrow, branch, duplicate, and endpoint reconciliation before approval."
p009-page-009-tile-r01-c02::page-009-tile-r01-c02-structure-tile-r01-c02::node::n9,page_009_tile_r01_c02,9,node,page_009_tile_r01_c02__structure__tile_r01_c02,N9,7823f2f86650b33e83537e57cbe6c60ec109cd06a2cadfd0ba1873ad4ae52e88,corrections_required,Jiayi Wei,2026-08-31T20:57:40-04:00,,"Figure 9.4 clinical re-audit: this node/edge may reflect part of the flowchart, but Figure 9.4 should be reviewed as left cardio-kidney-risk and right weight/glycemic-goal pathways. Tile-level nodes/edges require cross-tile arrow, branch, duplicate, and endpoint reconciliation before approval."
p009-page-009-tile-r01-c02::page-009-tile-r01-c02-symbols-tile-r01-c02::footnote::footnote-001,page_009_tile_r01_c02,9,footnote,page_009_tile_r01_c02__symbols__tile_r01_c02,+CKD,a20a14310b3b0418ce2eea305f634c829eb26fc8eab6597832cb1bbe9933059b,approved,Jiayi Wei,2026-08-31T20:57:40-04:00,,"Figure 9.4 clinical re-audit: approved because the candidate preserves a visibly supported core Type 2 diabetes medication-selection concept from the figure: cardio-kidney risk reduction, HF/CKD/ASCVD-driven GLP-1 RA or SGLT2i use, weight/glycemic efficacy categories, MASLD/MASH, or an exact visible footnote/presence marker. Approval is content-level; strict provenance still requires matching controlled source PDF/image hashes."
p009-page-009-tile-r01-c02::page-009-tile-r01-c02-symbols-tile-r01-c02::footnote::footnote-002,page_009_tile_r01_c02,9,footnote,page_009_tile_r01_c02__symbols__tile_r01_c02,+Weight management,e5907bc9daa1f409e0fa501a0386b2b20881aa79647289013f1b77ecd6420259,approved,Jiayi Wei,2026-08-31T20:57:40-04:00,,"Figure 9.4 clinical re-audit: approved because the candidate preserves a visibly supported core Type 2 diabetes medication-selection concept from the figure: cardio-kidney risk reduction, HF/CKD/ASCVD-driven GLP-1 RA or SGLT2i use, weight/glycemic efficacy categories, MASLD/MASH, or an exact visible footnote/presence marker. Approval is content-level; strict provenance still requires matching controlled source PDF/image hashes."
p009-page-009-tile-r01-c02::page-009-tile-r01-c02-symbols-tile-r01-c02::footnote::footnote-003,page_009_tile_r01_c02,9,footnote,page_009_tile_r01_c02__symbols__tile_r01_c02,+Achievement and maintenance of glycemic goals,c6b3eae372ba866848310d073a34be50c6d9010e77063ef0fcaa64255bb41e43,approved,Jiayi Wei,2026-08-31T20:57:40-04:00,,"Figure 9.4 clinical re-audit: approved because the candidate preserves a visibly supported core Type 2 diabetes medication-selection concept from the figure: cardio-kidney risk reduction, HF/CKD/ASCVD-driven GLP-1 RA or SGLT2i use, weight/glycemic efficacy categories, MASLD/MASH, or an exact visible footnote/presence marker. Approval is content-level; strict provenance still requires matching controlled source PDF/image hashes."
p009-page-009-tile-r01-c02::page-009-tile-r01-c02-symbols-tile-r01-c02::footnote::footnote-004,page_009_tile_r01_c02,9,footnote,page_009_tile_r01_c02__symbols__tile_r01_c02,+Risk reduction*,a3be1929daff0aea817eb54a1441431e578f2abf186fbb3867dd5dc66330f338,rejected,Jiayi Wei,2026-08-31T20:57:40-04:00,,"Figure 9.4 clinical re-audit: rejected because the record misreads a symbol, mis-associates a marker, assigns an action to the wrong drug class, or is too generic to stand alone as guideline evidence."
p009-page-009-tile-r02-c01::page-009-tile-r02-c01-actions-tile-r02-c01::action::action-001,page_009_tile_r02_c01,9,action,page_009_tile_r02_c01__actions__tile_r02_c01,SGLT2i:Consider adding SGLT2i with proven CVD benefit or vice versa.,7b224da165dfe3d0123537e8d4ee2c03839e8b8678ed9b1a3ee47278984e494f,approved,Jiayi Wei,2026-08-31T20:57:40-04:00,,"Figure 9.4 clinical re-audit: approved because the candidate preserves a visibly supported core Type 2 diabetes medication-selection concept from the figure: cardio-kidney risk reduction, HF/CKD/ASCVD-driven GLP-1 RA or SGLT2i use, weight/glycemic efficacy categories, MASLD/MASH, or an exact visible footnote/presence marker. Approval is content-level; strict provenance still requires matching controlled source PDF/image hashes."
p009-page-009-tile-r02-c01::page-009-tile-r02-c01-actions-tile-r02-c01::action::action-002,page_009_tile_r02_c01,9,action,page_009_tile_r02_c01__actions__tile_r02_c01,Pioglitazone^:Consider adding pioglitazone.,2f118714ea9cdef333431e20fdb8a68b00dbb1c6a02055f5d490c52c4dc45c47,approved,Jiayi Wei,2026-08-31T20:57:40-04:00,,"Figure 9.4 clinical re-audit: approved because the candidate preserves a visibly supported core Type 2 diabetes medication-selection concept from the figure: cardio-kidney risk reduction, HF/CKD/ASCVD-driven GLP-1 RA or SGLT2i use, weight/glycemic efficacy categories, MASLD/MASH, or an exact visible footnote/presence marker. Approval is content-level; strict provenance still requires matching controlled source PDF/image hashes."
p009-page-009-tile-r02-c01::page-009-tile-r02-c01-actions-tile-r02-c01::action::action-003,page_009_tile_r02_c01,9,action,page_009_tile_r02_c01__actions__tile_r02_c01,GLP-1 RA#:Consider incorporating a GLP-1 RA or vice versa.,630ed27b9f2b5052fe43274a6bdaccf80564b07b2448b99221d2a0b8b5eecf64,approved,Jiayi Wei,2026-08-31T20:57:40-04:00,,"Figure 9.4 clinical re-audit: approved because the candidate preserves a visibly supported core Type 2 diabetes medication-selection concept from the figure: cardio-kidney risk reduction, HF/CKD/ASCVD-driven GLP-1 RA or SGLT2i use, weight/glycemic efficacy categories, MASLD/MASH, or an exact visible footnote/presence marker. Approval is content-level; strict provenance still requires matching controlled source PDF/image hashes."
p009-page-009-tile-r02-c01::page-009-tile-r02-c01-actions-tile-r02-c01::action::action-004,page_009_tile_r02_c01,9,action,page_009_tile_r02_c01__actions__tile_r02_c01,GLP-1 RA:Use in the setting of decompensated cirrhosis.,bdcd2111137eb39fc238995df47f62deb7670dda23cb48c82fbe2b347b56a0f9,rejected,Jiayi Wei,2026-08-31T20:57:40-04:00,,"Figure 9.4 clinical re-audit: rejected because the record misreads a symbol, mis-associates a marker, assigns an action to the wrong drug class, or is too generic to stand alone as guideline evidence."
p009-page-009-tile-r02-c01::page-009-tile-r02-c01-actions-tile-r02-c01::footnote::footnote-001,page_009_tile_r02_c01,9,footnote,page_009_tile_r02_c01__actions__tile_r02_c01,*,374121053218c90f9718e923e448b02638174055d7d2f9b0c091f433f658d6b8,corrections_required,Jiayi Wei,2026-08-31T20:57:40-04:00,,"Figure 9.4 clinical re-audit: candidate may contain relevant source text, but it needs record-level cleanup or source-bundle confirmation before approval."
p009-page-009-tile-r02-c01::page-009-tile-r02-c01-actions-tile-r02-c01::footnote::footnote-002,page_009_tile_r02_c01,9,footnote,page_009_tile_r02_c01__actions__tile_r02_c01,+,05cfd6407a3c2cd4eb03ea10a151b2219ab8ba92ad8b22d44ecdd818ddd9fcfa,approved,Jiayi Wei,2026-08-31T20:57:40-04:00,,"Figure 9.4 clinical re-audit: approved because the candidate preserves a visibly supported core Type 2 diabetes medication-selection concept from the figure: cardio-kidney risk reduction, HF/CKD/ASCVD-driven GLP-1 RA or SGLT2i use, weight/glycemic efficacy categories, MASLD/MASH, or an exact visible footnote/presence marker. Approval is content-level; strict provenance still requires matching controlled source PDF/image hashes."
p009-page-009-tile-r02-c01::page-009-tile-r02-c01-actions-tile-r02-c01::footnote::footnote-003,page_009_tile_r02_c01,9,footnote,page_009_tile_r02_c01__actions__tile_r02_c01,#,87aeda8ee985a1c4d7f18039a6be5613bc78b73d6fab23c7fa69c04dcda9893d,corrections_required,Jiayi Wei,2026-08-31T20:57:40-04:00,,"Figure 9.4 clinical re-audit: candidate may contain relevant source text, but it needs record-level cleanup or source-bundle confirmation before approval."
p009-page-009-tile-r02-c01::page-009-tile-r02-c01-actions-tile-r02-c01::footnote::footnote-004,page_009_tile_r02_c01,9,footnote,page_009_tile_r02_c01__actions__tile_r02_c01,$,517906dd44bd28c1d652a0af16b6cfc70ca859cf0bde8e0704edf8a6596234d5,rejected,Jiayi Wei,2026-08-31T20:57:40-04:00,,"Figure 9.4 clinical re-audit: rejected because the record misreads a symbol, mis-associates a marker, assigns an action to the wrong drug class, or is too generic to stand alone as guideline evidence."
p009-page-009-tile-r02-c01::page-009-tile-r02-c01-structure-tile-001::edge::edge-001,page_009_tile_r02_c01,9,edge,page_009_tile_r02_c01__structure__tile_001,node_01->node_02,63b3f17aec2894310d198466a6138bfe0d03df0fd73ec1959ee084f16a23ae06,corrections_required,Jiayi Wei,2026-08-31T20:57:40-04:00,,"Figure 9.4 clinical re-audit: this node/edge may reflect part of the flowchart, but Figure 9.4 should be reviewed as left cardio-kidney-risk and right weight/glycemic-goal pathways. Tile-level nodes/edges require cross-tile arrow, branch, duplicate, and endpoint reconciliation before approval."
p009-page-009-tile-r02-c01::page-009-tile-r02-c01-structure-tile-001::edge::edge-002,page_009_tile_r02_c01,9,edge,page_009_tile_r02_c01__structure__tile_001,node_02->node_03,b1c78b92c8239cddd4c445910bb250001597c3b8598849bfec29aa83bd208f6a,corrections_required,Jiayi Wei,2026-08-31T20:57:40-04:00,,"Figure 9.4 clinical re-audit: this node/edge may reflect part of the flowchart, but Figure 9.4 should be reviewed as left cardio-kidney-risk and right weight/glycemic-goal pathways. Tile-level nodes/edges require cross-tile arrow, branch, duplicate, and endpoint reconciliation before approval."
p009-page-009-tile-r02-c01::page-009-tile-r02-c01-structure-tile-001::node::node-01,page_009_tile_r02_c01,9,node,page_009_tile_r02_c01__structure__tile_001,node_01,91b9dcbcd2dc1ce942efdb2d7e656c4a5391c55895cce4c1768d0ec8d36d1f98,corrections_required,Jiayi Wei,2026-08-31T20:57:40-04:00,,"Figure 9.4 clinical re-audit: this node/edge may reflect part of the flowchart, but Figure 9.4 should be reviewed as left cardio-kidney-risk and right weight/glycemic-goal pathways. Tile-level nodes/edges require cross-tile arrow, branch, duplicate, and endpoint reconciliation before approval."
p009-page-009-tile-r02-c01::page-009-tile-r02-c01-structure-tile-001::node::node-02,page_009_tile_r02_c01,9,node,page_009_tile_r02_c01__structure__tile_001,node_02,98139d282ecb8e5195d7ebdd53e685f3b5c0dde7fca381d82968b5dcdd828914,corrections_required,Jiayi Wei,2026-08-31T20:57:40-04:00,,"Figure 9.4 clinical re-audit: this node/edge may reflect part of the flowchart, but Figure 9.4 should be reviewed as left cardio-kidney-risk and right weight/glycemic-goal pathways. Tile-level nodes/edges require cross-tile arrow, branch, duplicate, and endpoint reconciliation before approval."
p009-page-009-tile-r02-c01::page-009-tile-r02-c01-structure-tile-001::node::node-03,page_009_tile_r02_c01,9,node,page_009_tile_r02_c01__structure__tile_001,node_03,6bbda2a2129b935d0b83db68853d3b42f75173c7b57d74e5221e056b21ce87bb,corrections_required,Jiayi Wei,2026-08-31T20:57:40-04:00,,"Figure 9.4 clinical re-audit: this node/edge may reflect part of the flowchart, but Figure 9.4 should be reviewed as left cardio-kidney-risk and right weight/glycemic-goal pathways. Tile-level nodes/edges require cross-tile arrow, branch, duplicate, and endpoint reconciliation before approval."
p009-page-009-tile-r02-c01::page-009-tile-r02-c01-symbols-tile-r02-c01::footnote::footnote-001,page_009_tile_r02_c01,9,footnote,page_009_tile_r02_c01__symbols__tile_r02_c01,*,f970ac4d45162b1c6334e75640a6249d5c1570049fe4ba19dff98328baa90ff7,corrections_required,Jiayi Wei,2026-08-31T20:57:40-04:00,,"Figure 9.4 clinical re-audit: candidate may contain relevant source text, but it needs record-level cleanup or source-bundle confirmation before approval."
p009-page-009-tile-r02-c01::page-009-tile-r02-c01-symbols-tile-r02-c01::footnote::footnote-002,page_009_tile_r02_c01,9,footnote,page_009_tile_r02_c01__symbols__tile_r02_c01,+,7021e1d229a7a6af8340459257c04ae174fa238901bc9831a062879b77ee5428,corrections_required,Jiayi Wei,2026-08-31T20:57:40-04:00,,"Figure 9.4 clinical re-audit: candidate may contain relevant source text, but it needs record-level cleanup or source-bundle confirmation before approval."
p009-page-009-tile-r02-c01::page-009-tile-r02-c01-symbols-tile-r02-c01::footnote::footnote-003,page_009_tile_r02_c01,9,footnote,page_009_tile_r02_c01__symbols__tile_r02_c01,#,15c7085012c86cf1a9fbe1eec537e61bcd68ac4be3b6c6966e5dd0378408d0df,corrections_required,Jiayi Wei,2026-08-31T20:57:40-04:00,,"Figure 9.4 clinical re-audit: candidate may contain relevant source text, but it needs record-level cleanup or source-bundle confirmation before approval."
p009-page-009-tile-r02-c01::page-009-tile-r02-c01-symbols-tile-r02-c01::footnote::footnote-004,page_009_tile_r02_c01,9,footnote,page_009_tile_r02_c01__symbols__tile_r02_c01,$,e7523767f66f94f18025b771e77b56945b827e641a2383b7c8a80d7074c19c3c,rejected,Jiayi Wei,2026-08-31T20:57:40-04:00,,"Figure 9.4 clinical re-audit: rejected because the record misreads a symbol, mis-associates a marker, assigns an action to the wrong drug class, or is too generic to stand alone as guideline evidence."
p009-page-009-tile-r02-c02::page-009-tile-r02-c02-actions-tile-r02-c02::action::action-001,page_009_tile_r02_c02,9,action,page_009_tile_r02_c02__actions__tile_r02_c02,SGLT2i:can be started with h eGFR ≥20 mL/min/1.73 m²,0f8adc5cba91e4a467a1f04c116bda43b09d0dbd544694767df480b1dff1361c,corrections_required,Jiayi Wei,2026-08-31T20:57:40-04:00,,"Figure 9.4 clinical re-audit: candidate may contain relevant source text, but it needs record-level cleanup or source-bundle confirmation before approval."
p009-page-009-tile-r02-c02::page-009-tile-r02-c02-actions-tile-r02-c02::action::action-002,page_009_tile_r02_c02,9,action,page_009_tile_r02_c02__actions__tile_r02_c02,GLP-1 RA#:with proven CKD benefit,d1c9be7f1646ccdfb44985bc2d5e3906b4ec7d4198740420e23df5d57d778453,approved,Jiayi Wei,2026-08-31T20:57:40-04:00,,"Figure 9.4 clinical re-audit: approved because the candidate preserves a visibly supported core Type 2 diabetes medication-selection concept from the figure: cardio-kidney risk reduction, HF/CKD/ASCVD-driven GLP-1 RA or SGLT2i use, weight/glycemic efficacy categories, MASLD/MASH, or an exact visible footnote/presence marker. Approval is content-level; strict provenance still requires matching controlled source PDF/image hashes."
p009-page-009-tile-r02-c02::page-009-tile-r02-c02-actions-tile-r02-c02::action::action-003,page_009_tile_r02_c02,9,action,page_009_tile_r02_c02__actions__tile_r02_c02,SGLT2i:consider incorporating a GLP-1 RA or vice versa,00a997de05be744be4f119f35c34d96136bb0ada148975767b8837c824adfd85,corrections_required,Jiayi Wei,2026-08-31T20:57:40-04:00,,"Figure 9.4 clinical re-audit: candidate may contain relevant source text, but it needs record-level cleanup or source-bundle confirmation before approval."
p009-page-009-tile-r02-c02::page-009-tile-r02-c02-actions-tile-r02-c02::action::action-004,page_009_tile_r02_c02,9,action,page_009_tile_r02_c02__actions__tile_r02_c02,"Semaglutide, tirzepatide:",618dfc0ff13217a7bf15c1524ab5a64a1970b2ec9ab533f0b05d90b91174e2d3,corrections_required,Jiayi Wei,2026-08-31T20:57:40-04:00,,"Figure 9.4 clinical re-audit: source concept appears relevant, but the structured fields are incomplete or invalid. Correct drug_class/action/trigger fields before any approval."
p009-page-009-tile-r02-c02::page-009-tile-r02-c02-actions-tile-r02-c02::action::action-005,page_009_tile_r02_c02,9,action,page_009_tile_r02_c02__actions__tile_r02_c02,"Dulaglutide, liraglutide:",180f3086889dd4d1f1ef3c7475a74dd99911bdbb7e7d58c42b81867a4c2e7b86,rejected,Jiayi Wei,2026-08-31T20:57:40-04:00,,"Figure 9.4 clinical re-audit: rejected because the validator marked the record invalid and it is blank, non-medication, duplicate, or not suitable as a standalone drug-action evidence record."
p009-page-009-tile-r02-c02::page-009-tile-r02-c02-actions-tile-r02-c02::action::action-006,page_009_tile_r02_c02,9,action,page_009_tile_r02_c02__actions__tile_r02_c02,"GLP-1 RA (not listed above), SGLT2i:",53bbf58cb17a86bf6910b66f0ef9a0e21bb0c700b7cad8f5f2443ecc23ee5f3b,corrections_required,Jiayi Wei,2026-08-31T20:57:40-04:00,,"Figure 9.4 clinical re-audit: source concept appears relevant, but the structured fields are incomplete or invalid. Correct drug_class/action/trigger fields before any approval."
p009-page-009-tile-r02-c02::page-009-tile-r02-c02-actions-tile-r02-c02::action::action-007,page_009_tile_r02_c02,9,action,page_009_tile_r02_c02__actions__tile_r02_c02,"Metformin, DPP-4i:",b633a0326f41e5442cf881f1d0ff8ca13c6d8ec1738fbb162c8ef509cce22a42,corrections_required,Jiayi Wei,2026-08-31T20:57:40-04:00,,"Figure 9.4 clinical re-audit: source concept appears relevant, but the structured fields are incomplete or invalid. Correct drug_class/action/trigger fields before any approval."
p009-page-009-tile-r02-c02::page-009-tile-r02-c02-actions-tile-r02-c02::action::action-008,page_009_tile_r02_c02,9,action,page_009_tile_r02_c02__actions__tile_r02_c02,"Dulaglutide (high dose), semaglutide, tirzepatide, insulin:",ff9fac92df986a4386fbd60c98349aaafdd3e0698fd095dfecb8beeac3642994,corrections_required,Jiayi Wei,2026-08-31T20:57:40-04:00,,"Figure 9.4 clinical re-audit: source concept appears relevant, but the structured fields are incomplete or invalid. Correct drug_class/action/trigger fields before any approval."
p009-page-009-tile-r02-c02::page-009-tile-r02-c02-actions-tile-r02-c02::action::action-009,page_009_tile_r02_c02,9,action,page_009_tile_r02_c02__actions__tile_r02_c02,"GLP-1 RA (not listed above), metformin, pioglitazone, SGLT2i, sulfonylurea:",5bc2038e21f74d9c132c405f6e0d591596e76a017f68fc959e0896eeb47277f7,corrections_required,Jiayi Wei,2026-08-31T20:57:40-04:00,,"Figure 9.4 clinical re-audit: source concept appears relevant, but the structured fields are incomplete or invalid. Correct drug_class/action/trigger fields before any approval."
p009-page-009-tile-r02-c02::page-009-tile-r02-c02-actions-tile-r02-c02::action::action-010,page_009_tile_r02_c02,9,action,page_009_tile_r02_c02__actions__tile_r02_c02,DPP-4i:,e3d04afd34459b06f85ca594422a28c4028be688757859a0e30d4b61eb45f48d,corrections_required,Jiayi Wei,2026-08-31T20:57:40-04:00,,"Figure 9.4 clinical re-audit: source concept appears relevant, but the structured fields are incomplete or invalid. Correct drug_class/action/trigger fields before any approval."
p009-page-009-tile-r02-c02::page-009-tile-r02-c02-actions-tile-r02-c02::action::action-011,page_009_tile_r02_c02,9,action,page_009_tile_r02_c02__actions__tile_r02_c02,:maintain glycemic treatment goals,cf41f95e71fad1a0fe4eee3cc354af87285165bd4fd440e8832cce8df623a45a,rejected,Jiayi Wei,2026-08-31T20:57:40-04:00,,"Figure 9.4 clinical re-audit: rejected because the validator marked the record invalid and it is blank, non-medication, duplicate, or not suitable as a standalone drug-action evidence record."
p009-page-009-tile-r02-c02::page-009-tile-r02-c02-actions-tile-r02-c02::action::action-012,page_009_tile_r02_c02,9,action,page_009_tile_r02_c02__actions__tile_r02_c02,:If glycemia is above goal or significant hypoglycemia or hyperglycemia or barriers to care are identified,78663560bf84ee1eb7ccad1922e4e79490de176914f18408c9e0f160b0081343,rejected,Jiayi Wei,2026-08-31T20:57:40-04:00,,"Figure 9.4 clinical re-audit: rejected because the validator marked the record invalid and it is blank, non-medication, duplicate, or not suitable as a standalone drug-action evidence record."
p009-page-009-tile-r02-c02::page-009-tile-r02-c02-actions-tile-r02-c02::action::action-013,page_009_tile_r02_c02,9,action,page_009_tile_r02_c02__actions__tile_r02_c02,:Refer to DSMES to support self-efficacy in achievement of treatment goal,0e2df1209002b6218ecb309dd628c346afb4dc9d0bf59c83ef97e87220ed1b12,rejected,Jiayi Wei,2026-08-31T20:57:40-04:00,,"Figure 9.4 clinical re-audit: rejected because the validator marked the record invalid and it is blank, non-medication, duplicate, or not suitable as a standalone drug-action evidence record."
p009-page-009-tile-r02-c02::page-009-tile-r02-c02-actions-tile-r02-c02::action::action-014,page_009_tile_r02_c02,9,action,page_009_tile_r02_c02__actions__tile_r02_c02,:Consider use of GLP-1 RA with pioglitazone,2ef6a3408d1e30ae79746fac197f5596048f74e50ce6ac5773a52c3c89137ccf,corrections_required,Jiayi Wei,2026-08-31T20:57:40-04:00,,"Figure 9.4 clinical re-audit: source concept appears relevant, but the structured fields are incomplete or invalid. Correct drug_class/action/trigger fields before any approval."
p009-page-009-tile-r02-c02::page-009-tile-r02-c02-actions-tile-r02-c02::action::action-015,page_009_tile_r02_c02,9,action,page_009_tile_r02_c02__actions__tile_r02_c02,:decision to use a GLP-1 RA or SGLT2i with proven benefit should be made irrespective of attainment of glycemic goal,de09ff6394c4524c9bc1e05f9362e83c5211bb0a14a7358e1ecccc2b345fa30b,corrections_required,Jiayi Wei,2026-08-31T20:57:40-04:00,,"Figure 9.4 clinical re-audit: source concept appears relevant, but the structured fields are incomplete or invalid. Correct drug_class/action/trigger fields before any approval."
p009-page-009-tile-r02-c02::page-009-tile-r02-c02-structure-tile-r02-c02::edge::edge-001,page_009_tile_r02_c02,9,edge,page_009_tile_r02_c02__structure__tile_r02_c02,n1->n12,a3dcc4e2f040cff0988117c04b781e1cf4cc947f1b93444b868a67d5921d7638,rejected,Jiayi Wei,2026-08-31T20:57:40-04:00,,"Figure 9.4 clinical re-audit: rejected because the validator marked the record invalid and it is blank, non-medication, duplicate, or not suitable as a standalone drug-action evidence record."
p009-page-009-tile-r02-c02::page-009-tile-r02-c02-structure-tile-r02-c02::edge::edge-002,page_009_tile_r02_c02,9,edge,page_009_tile_r02_c02__structure__tile_r02_c02,n2->n12,7c7b60d9909a2a4c180dbd5c7def9ec2410e81935619702023b28446749e602a,rejected,Jiayi Wei,2026-08-31T20:57:40-04:00,,"Figure 9.4 clinical re-audit: rejected because the validator marked the record invalid and it is blank, non-medication, duplicate, or not suitable as a standalone drug-action evidence record."
p009-page-009-tile-r02-c02::page-009-tile-r02-c02-structure-tile-r02-c02::edge::edge-003,page_009_tile_r02_c02,9,edge,page_009_tile_r02_c02__structure__tile_r02_c02,n3->n1,69b72e6ed7f5f88d0424f0bd60fa513f6db78c413032600338222a935e33b1e6,corrections_required,Jiayi Wei,2026-08-31T20:57:40-04:00,,"Figure 9.4 clinical re-audit: this node/edge may reflect part of the flowchart, but Figure 9.4 should be reviewed as left cardio-kidney-risk and right weight/glycemic-goal pathways. Tile-level nodes/edges require cross-tile arrow, branch, duplicate, and endpoint reconciliation before approval."
p009-page-009-tile-r02-c02::page-009-tile-r02-c02-structure-tile-r02-c02::edge::edge-004,page_009_tile_r02_c02,9,edge,page_009_tile_r02_c02__structure__tile_r02_c02,n4->n1,e3b7ab11dd6dc77ca17d9a72c0e467db050105c95bb9e7f82ceb76db09c05b85,corrections_required,Jiayi Wei,2026-08-31T20:57:40-04:00,,"Figure 9.4 clinical re-audit: this node/edge may reflect part of the flowchart, but Figure 9.4 should be reviewed as left cardio-kidney-risk and right weight/glycemic-goal pathways. Tile-level nodes/edges require cross-tile arrow, branch, duplicate, and endpoint reconciliation before approval."
p009-page-009-tile-r02-c02::page-009-tile-r02-c02-structure-tile-r02-c02::edge::edge-005,page_009_tile_r02_c02,9,edge,page_009_tile_r02_c02__structure__tile_r02_c02,n5->n9,ee9fb963d5edf3e09489ab24fad930f14af73ad50c8f312d136d1b5bac4d23a6,corrections_required,Jiayi Wei,2026-08-31T20:57:40-04:00,,"Figure 9.4 clinical re-audit: this node/edge may reflect part of the flowchart, but Figure 9.4 should be reviewed as left cardio-kidney-risk and right weight/glycemic-goal pathways. Tile-level nodes/edges require cross-tile arrow, branch, duplicate, and endpoint reconciliation before approval."
p009-page-009-tile-r02-c02::page-009-tile-r02-c02-structure-tile-r02-c02::edge::edge-006,page_009_tile_r02_c02,9,edge,page_009_tile_r02_c02__structure__tile_r02_c02,n6->n9,d4b21c14b3eb6e2cd2e9883ef95612d74a13c3da0c0336e3f5e527efe1adf5e8,corrections_required,Jiayi Wei,2026-08-31T20:57:40-04:00,,"Figure 9.4 clinical re-audit: this node/edge may reflect part of the flowchart, but Figure 9.4 should be reviewed as left cardio-kidney-risk and right weight/glycemic-goal pathways. Tile-level nodes/edges require cross-tile arrow, branch, duplicate, and endpoint reconciliation before approval."
p009-page-009-tile-r02-c02::page-009-tile-r02-c02-structure-tile-r02-c02::edge::edge-007,page_009_tile_r02_c02,9,edge,page_009_tile_r02_c02__structure__tile_r02_c02,n7->n9,d9e602bff5bd25540e8417333d0d991c02279fafce8256f7d966bf69f8c7a26e,corrections_required,Jiayi Wei,2026-08-31T20:57:40-04:00,,"Figure 9.4 clinical re-audit: this node/edge may reflect part of the flowchart, but Figure 9.4 should be reviewed as left cardio-kidney-risk and right weight/glycemic-goal pathways. Tile-level nodes/edges require cross-tile arrow, branch, duplicate, and endpoint reconciliation before approval."
p009-page-009-tile-r02-c02::page-009-tile-r02-c02-structure-tile-r02-c02::edge::edge-008,page_009_tile_r02_c02,9,edge,page_009_tile_r02_c02__structure__tile_r02_c02,n8->n10,26ba519f9dfe380ebf917453c538a9080ce9b98ce94030b17178cad9015849c6,corrections_required,Jiayi Wei,2026-08-31T20:57:40-04:00,,"Figure 9.4 clinical re-audit: this node/edge may reflect part of the flowchart, but Figure 9.4 should be reviewed as left cardio-kidney-risk and right weight/glycemic-goal pathways. Tile-level nodes/edges require cross-tile arrow, branch, duplicate, and endpoint reconciliation before approval."
p009-page-009-tile-r02-c02::page-009-tile-r02-c02-structure-tile-r02-c02::edge::edge-009,page_009_tile_r02_c02,9,edge,page_009_tile_r02_c02__structure__tile_r02_c02,n9->n1,a4f368ade8b9bbf90c23475d491e5911938936a2fb5810316b9f5a0569a755e6,corrections_required,Jiayi Wei,2026-08-31T20:57:40-04:00,,"Figure 9.4 clinical re-audit: this node/edge may reflect part of the flowchart, but Figure 9.4 should be reviewed as left cardio-kidney-risk and right weight/glycemic-goal pathways. Tile-level nodes/edges require cross-tile arrow, branch, duplicate, and endpoint reconciliation before approval."
p009-page-009-tile-r02-c02::page-009-tile-r02-c02-structure-tile-r02-c02::edge::edge-010,page_009_tile_r02_c02,9,edge,page_009_tile_r02_c02__structure__tile_r02_c02,n10->n1,7a17ec45b74c0439eaa6a2f5666d467bf0a0139e3ec8ea2760f08e398be0be57,corrections_required,Jiayi Wei,2026-08-31T20:57:40-04:00,,"Figure 9.4 clinical re-audit: this node/edge may reflect part of the flowchart, but Figure 9.4 should be reviewed as left cardio-kidney-risk and right weight/glycemic-goal pathways. Tile-level nodes/edges require cross-tile arrow, branch, duplicate, and endpoint reconciliation before approval."
p009-page-009-tile-r02-c02::page-009-tile-r02-c02-structure-tile-r02-c02::edge::edge-011,page_009_tile_r02_c02,9,edge,page_009_tile_r02_c02__structure__tile_r02_c02,n11->n1,5119514f31279a02e6e33dc2eb6885076f289f32454568474499fbe95b3b49d2,corrections_required,Jiayi Wei,2026-08-31T20:57:40-04:00,,"Figure 9.4 clinical re-audit: this node/edge may reflect part of the flowchart, but Figure 9.4 should be reviewed as left cardio-kidney-risk and right weight/glycemic-goal pathways. Tile-level nodes/edges require cross-tile arrow, branch, duplicate, and endpoint reconciliation before approval."
p009-page-009-tile-r02-c02::page-009-tile-r02-c02-structure-tile-r02-c02::node::n1,page_009_tile_r02_c02,9,node,page_009_tile_r02_c02__structure__tile_r02_c02,n1,5a3fa4f97c3270ff22be95b43b954bba172b7a9d49d13d8b0603ea73806b5b14,corrections_required,Jiayi Wei,2026-08-31T20:57:40-04:00,,"Figure 9.4 clinical re-audit: this node/edge may reflect part of the flowchart, but Figure 9.4 should be reviewed as left cardio-kidney-risk and right weight/glycemic-goal pathways. Tile-level nodes/edges require cross-tile arrow, branch, duplicate, and endpoint reconciliation before approval."
p009-page-009-tile-r02-c02::page-009-tile-r02-c02-structure-tile-r02-c02::node::n10,page_009_tile_r02_c02,9,node,page_009_tile_r02_c02__structure__tile_r02_c02,n10,ecb98b23b63f462b3bf93ce7d9b1bf8fc2d72f92d8953cdaed35f6adc0a59e01,corrections_required,Jiayi Wei,2026-08-31T20:57:40-04:00,,"Figure 9.4 clinical re-audit: this node/edge may reflect part of the flowchart, but Figure 9.4 should be reviewed as left cardio-kidney-risk and right weight/glycemic-goal pathways. Tile-level nodes/edges require cross-tile arrow, branch, duplicate, and endpoint reconciliation before approval."
p009-page-009-tile-r02-c02::page-009-tile-r02-c02-structure-tile-r02-c02::node::n11,page_009_tile_r02_c02,9,node,page_009_tile_r02_c02__structure__tile_r02_c02,n11,95d2aafee6fc515ae14c16f93450bd8a735efd96a7c4caae2dcb14d9210c4251,corrections_required,Jiayi Wei,2026-08-31T20:57:40-04:00,,"Figure 9.4 clinical re-audit: this node/edge may reflect part of the flowchart, but Figure 9.4 should be reviewed as left cardio-kidney-risk and right weight/glycemic-goal pathways. Tile-level nodes/edges require cross-tile arrow, branch, duplicate, and endpoint reconciliation before approval."
p009-page-009-tile-r02-c02::page-009-tile-r02-c02-structure-tile-r02-c02::node::n12,page_009_tile_r02_c02,9,node,page_009_tile_r02_c02__structure__tile_r02_c02,n12,7422b231bb6d7c52c80441f0af055fc8c487a60982f276b7bd997d31a2895bb3,corrections_required,Jiayi Wei,2026-08-31T20:57:40-04:00,,"Figure 9.4 clinical re-audit: this node/edge may reflect part of the flowchart, but Figure 9.4 should be reviewed as left cardio-kidney-risk and right weight/glycemic-goal pathways. Tile-level nodes/edges require cross-tile arrow, branch, duplicate, and endpoint reconciliation before approval."
p009-page-009-tile-r02-c02::page-009-tile-r02-c02-structure-tile-r02-c02::node::n2,page_009_tile_r02_c02,9,node,page_009_tile_r02_c02__structure__tile_r02_c02,n2,0e9821dbb8c0c366222bd0fb4290423d9e51482c3d58b4341f176e98bf5b48a6,corrections_required,Jiayi Wei,2026-08-31T20:57:40-04:00,,"Figure 9.4 clinical re-audit: this node/edge may reflect part of the flowchart, but Figure 9.4 should be reviewed as left cardio-kidney-risk and right weight/glycemic-goal pathways. Tile-level nodes/edges require cross-tile arrow, branch, duplicate, and endpoint reconciliation before approval."
p009-page-009-tile-r02-c02::page-009-tile-r02-c02-structure-tile-r02-c02::node::n3,page_009_tile_r02_c02,9,node,page_009_tile_r02_c02__structure__tile_r02_c02,n3,45507f97f141c56020d7e798668f5041f759ead71947165c3c0d38a576d3bf34,corrections_required,Jiayi Wei,2026-08-31T20:57:40-04:00,,"Figure 9.4 clinical re-audit: this node/edge may reflect part of the flowchart, but Figure 9.4 should be reviewed as left cardio-kidney-risk and right weight/glycemic-goal pathways. Tile-level nodes/edges require cross-tile arrow, branch, duplicate, and endpoint reconciliation before approval."
p009-page-009-tile-r02-c02::page-009-tile-r02-c02-structure-tile-r02-c02::node::n4,page_009_tile_r02_c02,9,node,page_009_tile_r02_c02__structure__tile_r02_c02,n4,b4d1e5b16021bd73a9af8ba10a443d770965c829ba9329f7370f15a23bc75d58,corrections_required,Jiayi Wei,2026-08-31T20:57:40-04:00,,"Figure 9.4 clinical re-audit: this node/edge may reflect part of the flowchart, but Figure 9.4 should be reviewed as left cardio-kidney-risk and right weight/glycemic-goal pathways. Tile-level nodes/edges require cross-tile arrow, branch, duplicate, and endpoint reconciliation before approval."
p009-page-009-tile-r02-c02::page-009-tile-r02-c02-structure-tile-r02-c02::node::n5,page_009_tile_r02_c02,9,node,page_009_tile_r02_c02__structure__tile_r02_c02,n5,41f3466118111a421a01802b6466d94fda38a888c0e3e547de1404cee4bcd3f5,corrections_required,Jiayi Wei,2026-08-31T20:57:40-04:00,,"Figure 9.4 clinical re-audit: this node/edge may reflect part of the flowchart, but Figure 9.4 should be reviewed as left cardio-kidney-risk and right weight/glycemic-goal pathways. Tile-level nodes/edges require cross-tile arrow, branch, duplicate, and endpoint reconciliation before approval."
p009-page-009-tile-r02-c02::page-009-tile-r02-c02-structure-tile-r02-c02::node::n6,page_009_tile_r02_c02,9,node,page_009_tile_r02_c02__structure__tile_r02_c02,n6,4e5372686c2231a9246167c9c2e6cb93be9849d1029e7803843dc60f7dc3c318,corrections_required,Jiayi Wei,2026-08-31T20:57:40-04:00,,"Figure 9.4 clinical re-audit: this node/edge may reflect part of the flowchart, but Figure 9.4 should be reviewed as left cardio-kidney-risk and right weight/glycemic-goal pathways. Tile-level nodes/edges require cross-tile arrow, branch, duplicate, and endpoint reconciliation before approval."
p009-page-009-tile-r02-c02::page-009-tile-r02-c02-structure-tile-r02-c02::node::n7,page_009_tile_r02_c02,9,node,page_009_tile_r02_c02__structure__tile_r02_c02,n7,7057724a1a12b7a4b7c817e1098137fc13b3a09273ae5455082da4bbfbd69b71,corrections_required,Jiayi Wei,2026-08-31T20:57:40-04:00,,"Figure 9.4 clinical re-audit: this node/edge may reflect part of the flowchart, but Figure 9.4 should be reviewed as left cardio-kidney-risk and right weight/glycemic-goal pathways. Tile-level nodes/edges require cross-tile arrow, branch, duplicate, and endpoint reconciliation before approval."
p009-page-009-tile-r02-c02::page-009-tile-r02-c02-structure-tile-r02-c02::node::n8,page_009_tile_r02_c02,9,node,page_009_tile_r02_c02__structure__tile_r02_c02,n8,7b3842e288c3e0591cd536caa3bb8453585068a63516f738a7eeb8eb21921ddc,corrections_required,Jiayi Wei,2026-08-31T20:57:40-04:00,,"Figure 9.4 clinical re-audit: this node/edge may reflect part of the flowchart, but Figure 9.4 should be reviewed as left cardio-kidney-risk and right weight/glycemic-goal pathways. Tile-level nodes/edges require cross-tile arrow, branch, duplicate, and endpoint reconciliation before approval."
p009-page-009-tile-r02-c02::page-009-tile-r02-c02-structure-tile-r02-c02::node::n9,page_009_tile_r02_c02,9,node,page_009_tile_r02_c02__structure__tile_r02_c02,n9,d74c6c83423a340743ebea8ba5e3a0c151fffc1099cdca2c7a747a08cb69edad,corrections_required,Jiayi Wei,2026-08-31T20:57:40-04:00,,"Figure 9.4 clinical re-audit: this node/edge may reflect part of the flowchart, but Figure 9.4 should be reviewed as left cardio-kidney-risk and right weight/glycemic-goal pathways. Tile-level nodes/edges require cross-tile arrow, branch, duplicate, and endpoint reconciliation before approval."
p009-page-009-tile-r02-c02::page-009-tile-r02-c02-symbols-tile-r02-c02::footnote::footnote-001,page_009_tile_r02_c02,9,footnote,page_009_tile_r02_c02__symbols__tile_r02_c02,+,4f5062668339e9fe46c52d8ae574e9a82ef4786bf91b3b3ab0a1916abe830536,corrections_required,Jiayi Wei,2026-08-31T20:57:40-04:00,,"Figure 9.4 clinical re-audit: candidate may contain relevant source text, but it needs record-level cleanup or source-bundle confirmation before approval."
p009-page-009-tile-r03-c01::page-009-tile-r03-c01-actions-tile-0::action::action-001,page_009_tile_r03_c01,9,action,page_009_tile_r03_c01__actions__tile_0,GLP-1 RA:Use insulin in the setting of decompensated cirrhosis.,9f1c2f00cc5b7c935e35a69b695af3c8d278de5c214029d35266bd74388e22a7,rejected,Jiayi Wei,2026-08-31T20:57:40-04:00,,"Figure 9.4 clinical re-audit: rejected because the record misreads a symbol, mis-associates a marker, assigns an action to the wrong drug class, or is too generic to stand alone as guideline evidence."
p009-page-009-tile-r03-c01::page-009-tile-r03-c01-actions-tile-0::action::action-002,page_009_tile_r03_c01,9,action,page_009_tile_r03_c01__actions__tile_0,SGLT2i:Use in patients with established or high risk of CVD.,e593f778ac4c876fd9cb1ef6f4d1e624d08694d44fc340eb0b7d3a5c7de28e7d,corrections_required,Jiayi Wei,2026-08-31T20:57:40-04:00,,"Figure 9.4 clinical re-audit: candidate may contain relevant source text, but it needs record-level cleanup or source-bundle confirmation before approval."
p009-page-009-tile-r03-c01::page-009-tile-r03-c01-actions-tile-0::action::action-003,page_009_tile_r03_c01,9,action,page_009_tile_r03_c01__actions__tile_0,GLP-1 RA:Use in patients with established CVD or CKD.,7063c11ae1c2a3943fdd2168f85e2f1c71e312a9e099bf72b07159b32f42d9b3,corrections_required,Jiayi Wei,2026-08-31T20:57:40-04:00,,"Figure 9.4 clinical re-audit: candidate may contain relevant source text, but it needs record-level cleanup or source-bundle confirmation before approval."
p009-page-009-tile-r03-c01::page-009-tile-r03-c01-actions-tile-0::footnote::footnote-001,page_009_tile_r03_c01,9,footnote,page_009_tile_r03_c01__actions__tile_0,*,ab876f529d2a6f3204c8f8aefcb6f93beb08d980955959a636ec3e25385945fb,corrections_required,Jiayi Wei,2026-08-31T20:57:40-04:00,,"Figure 9.4 clinical re-audit: candidate may contain relevant source text, but it needs record-level cleanup or source-bundle confirmation before approval."
p009-page-009-tile-r03-c01::page-009-tile-r03-c01-actions-tile-0::footnote::footnote-002,page_009_tile_r03_c01,9,footnote,page_009_tile_r03_c01__actions__tile_0,+,dde295fbec42252e33ea8c8fcbac78d05c1b2845e074f97bade8f13bc3b8842a,corrections_required,Jiayi Wei,2026-08-31T20:57:40-04:00,,"Figure 9.4 clinical re-audit: candidate may contain relevant source text, but it needs record-level cleanup or source-bundle confirmation before approval."
p009-page-009-tile-r03-c01::page-009-tile-r03-c01-actions-tile-0::footnote::footnote-003,page_009_tile_r03_c01,9,footnote,page_009_tile_r03_c01__actions__tile_0,#,b6828c6cc489bb9dcc9174f4aab2df533c82c6ad4d22d7c60d60ea2a66120c91,corrections_required,Jiayi Wei,2026-08-31T20:57:40-04:00,,"Figure 9.4 clinical re-audit: candidate may contain relevant source text, but it needs record-level cleanup or source-bundle confirmation before approval."
p009-page-009-tile-r03-c01::page-009-tile-r03-c01-actions-tile-0::footnote::footnote-004,page_009_tile_r03_c01,9,footnote,page_009_tile_r03_c01__actions__tile_0,†,9e9325c9f44a586cc0765bb3227df68f025a0f8ca0f243be9c6812cfab891903,approved,Jiayi Wei,2026-08-31T20:57:40-04:00,,"Figure 9.4 clinical re-audit: approved because the candidate preserves a visibly supported core Type 2 diabetes medication-selection concept from the figure: cardio-kidney risk reduction, HF/CKD/ASCVD-driven GLP-1 RA or SGLT2i use, weight/glycemic efficacy categories, MASLD/MASH, or an exact visible footnote/presence marker. Approval is content-level; strict provenance still requires matching controlled source PDF/image hashes."
p009-page-009-tile-r03-c01::page-009-tile-r03-c01-actions-tile-0::footnote::footnote-005,page_009_tile_r03_c01,9,footnote,page_009_tile_r03_c01__actions__tile_0,≈,5ed60e4233d8a3e84c59fdd164b6eb538a36ed75326b8b6d510b0e58513d6335,approved,Jiayi Wei,2026-08-31T20:57:40-04:00,,"Figure 9.4 clinical re-audit: approved because the candidate preserves a visibly supported core Type 2 diabetes medication-selection concept from the figure: cardio-kidney risk reduction, HF/CKD/ASCVD-driven GLP-1 RA or SGLT2i use, weight/glycemic efficacy categories, MASLD/MASH, or an exact visible footnote/presence marker. Approval is content-level; strict provenance still requires matching controlled source PDF/image hashes."
p009-page-009-tile-r03-c01::page-009-tile-r03-c01-actions-tile-0::footnote::footnote-006,page_009_tile_r03_c01,9,footnote,page_009_tile_r03_c01__actions__tile_0,‡,764f08ba7bcd7054d7f639ebb533511a70788404e0829602d2618ee17c8c4e63,corrections_required,Jiayi Wei,2026-08-31T20:57:40-04:00,,"Figure 9.4 clinical re-audit: candidate may contain relevant source text, but it needs record-level cleanup or source-bundle confirmation before approval."
p009-page-009-tile-r03-c01::page-009-tile-r03-c01-actions-tile-0::footnote::footnote-007,page_009_tile_r03_c01,9,footnote,page_009_tile_r03_c01__actions__tile_0,^,45140303ae398f27fcfdb76e66e64236459da2fc1c86a6a180155bf21ecac56f,approved,Jiayi Wei,2026-08-31T20:57:40-04:00,,"Figure 9.4 clinical re-audit: approved because the candidate preserves a visibly supported core Type 2 diabetes medication-selection concept from the figure: cardio-kidney risk reduction, HF/CKD/ASCVD-driven GLP-1 RA or SGLT2i use, weight/glycemic efficacy categories, MASLD/MASH, or an exact visible footnote/presence marker. Approval is content-level; strict provenance still requires matching controlled source PDF/image hashes."
p009-page-009-tile-r03-c01::page-009-tile-r03-c01-structure-tile-001::edge::edge-001,page_009_tile_r03_c01,9,edge,page_009_tile_r03_c01__structure__tile_001,node_01->node_02,d53c637461e6a2e6b151c716cfeee310436ee7de2cec70f037ce3998189f0f29,corrections_required,Jiayi Wei,2026-08-31T20:57:40-04:00,,"Figure 9.4 clinical re-audit: this node/edge may reflect part of the flowchart, but Figure 9.4 should be reviewed as left cardio-kidney-risk and right weight/glycemic-goal pathways. Tile-level nodes/edges require cross-tile arrow, branch, duplicate, and endpoint reconciliation before approval."
p009-page-009-tile-r03-c01::page-009-tile-r03-c01-structure-tile-001::edge::edge-002,page_009_tile_r03_c01,9,edge,page_009_tile_r03_c01__structure__tile_001,node_02->node_03,c74b76ad9ba55e2e4f554419526b8e7fe52e167730faa5eecfe19189f60b0d4f,corrections_required,Jiayi Wei,2026-08-31T20:57:40-04:00,,"Figure 9.4 clinical re-audit: this node/edge may reflect part of the flowchart, but Figure 9.4 should be reviewed as left cardio-kidney-risk and right weight/glycemic-goal pathways. Tile-level nodes/edges require cross-tile arrow, branch, duplicate, and endpoint reconciliation before approval."
p009-page-009-tile-r03-c01::page-009-tile-r03-c01-structure-tile-001::node::node-01,page_009_tile_r03_c01,9,node,page_009_tile_r03_c01__structure__tile_001,node_01,731e9556872d7a4e633a24f91eb5f0e7c1b7ed1fd372f0e7c5986c2fb247a744,corrections_required,Jiayi Wei,2026-08-31T20:57:40-04:00,,"Figure 9.4 clinical re-audit: this node/edge may reflect part of the flowchart, but Figure 9.4 should be reviewed as left cardio-kidney-risk and right weight/glycemic-goal pathways. Tile-level nodes/edges require cross-tile arrow, branch, duplicate, and endpoint reconciliation before approval."
p009-page-009-tile-r03-c01::page-009-tile-r03-c01-structure-tile-001::node::node-02,page_009_tile_r03_c01,9,node,page_009_tile_r03_c01__structure__tile_001,node_02,647eacd5466ed768b8a16b59e9ead52f0d53e79e63b9b3991201d236edc459b2,corrections_required,Jiayi Wei,2026-08-31T20:57:40-04:00,,"Figure 9.4 clinical re-audit: this node/edge may reflect part of the flowchart, but Figure 9.4 should be reviewed as left cardio-kidney-risk and right weight/glycemic-goal pathways. Tile-level nodes/edges require cross-tile arrow, branch, duplicate, and endpoint reconciliation before approval."
p009-page-009-tile-r03-c01::page-009-tile-r03-c01-structure-tile-001::node::node-03,page_009_tile_r03_c01,9,node,page_009_tile_r03_c01__structure__tile_001,node_03,8c632ec441c83395ae8b6870d8cf96eca26c819d0178bc3d8b7953b308f0cc07,corrections_required,Jiayi Wei,2026-08-31T20:57:40-04:00,,"Figure 9.4 clinical re-audit: this node/edge may reflect part of the flowchart, but Figure 9.4 should be reviewed as left cardio-kidney-risk and right weight/glycemic-goal pathways. Tile-level nodes/edges require cross-tile arrow, branch, duplicate, and endpoint reconciliation before approval."
p009-page-009-tile-r03-c01::page-009-tile-r03-c01-symbols-tile-0::footnote::footnote-001,page_009_tile_r03_c01,9,footnote,page_009_tile_r03_c01__symbols__tile_0,*,0f7548a0f47ba2aef1a246bd9a38972388074ee83960467c0ba573688ce2046b,corrections_required,Jiayi Wei,2026-08-31T20:57:40-04:00,,"Figure 9.4 clinical re-audit: candidate may contain relevant source text, but it needs record-level cleanup or source-bundle confirmation before approval."
p009-page-009-tile-r03-c01::page-009-tile-r03-c01-symbols-tile-0::footnote::footnote-002,page_009_tile_r03_c01,9,footnote,page_009_tile_r03_c01__symbols__tile_0,+,87d705248b3e3fce58b02d0219a6abb17fd33ed33828756f157216c848a39f0c,corrections_required,Jiayi Wei,2026-08-31T20:57:40-04:00,,"Figure 9.4 clinical re-audit: candidate may contain relevant source text, but it needs record-level cleanup or source-bundle confirmation before approval."
p009-page-009-tile-r03-c01::page-009-tile-r03-c01-symbols-tile-0::footnote::footnote-003,page_009_tile_r03_c01,9,footnote,page_009_tile_r03_c01__symbols__tile_0,#,4f9d7edc50ea4bf34d7e510b9a404d65d57f01259490fdeb9ea7227ab37e31ab,corrections_required,Jiayi Wei,2026-08-31T20:57:40-04:00,,"Figure 9.4 clinical re-audit: candidate may contain relevant source text, but it needs record-level cleanup or source-bundle confirmation before approval."
p009-page-009-tile-r03-c01::page-009-tile-r03-c01-symbols-tile-0::footnote::footnote-004,page_009_tile_r03_c01,9,footnote,page_009_tile_r03_c01__symbols__tile_0,†,f0deb9340495e3b6e886482abaa444291a776227df936954be13dc2fe3c01262,approved,Jiayi Wei,2026-08-31T20:57:40-04:00,,"Figure 9.4 clinical re-audit: approved because the candidate preserves a visibly supported core Type 2 diabetes medication-selection concept from the figure: cardio-kidney risk reduction, HF/CKD/ASCVD-driven GLP-1 RA or SGLT2i use, weight/glycemic efficacy categories, MASLD/MASH, or an exact visible footnote/presence marker. Approval is content-level; strict provenance still requires matching controlled source PDF/image hashes."
p009-page-009-tile-r03-c01::page-009-tile-r03-c01-symbols-tile-0::footnote::footnote-005,page_009_tile_r03_c01,9,footnote,page_009_tile_r03_c01__symbols__tile_0,≈,87d9bc40860b2e1a09e3325d5d80dc25ad78c29132d0ebbc83c1a50dbf392ded,approved,Jiayi Wei,2026-08-31T20:57:40-04:00,,"Figure 9.4 clinical re-audit: approved because the candidate preserves a visibly supported core Type 2 diabetes medication-selection concept from the figure: cardio-kidney risk reduction, HF/CKD/ASCVD-driven GLP-1 RA or SGLT2i use, weight/glycemic efficacy categories, MASLD/MASH, or an exact visible footnote/presence marker. Approval is content-level; strict provenance still requires matching controlled source PDF/image hashes."
p009-page-009-tile-r03-c01::page-009-tile-r03-c01-symbols-tile-0::footnote::footnote-006,page_009_tile_r03_c01,9,footnote,page_009_tile_r03_c01__symbols__tile_0,‡,68b39d30a0a3366f58c37096ff6e0c3e9475ce4fb364b053c016c2645382a220,corrections_required,Jiayi Wei,2026-08-31T20:57:40-04:00,,"Figure 9.4 clinical re-audit: candidate may contain relevant source text, but it needs record-level cleanup or source-bundle confirmation before approval."
p009-page-009-tile-r03-c01::page-009-tile-r03-c01-symbols-tile-0::footnote::footnote-007,page_009_tile_r03_c01,9,footnote,page_009_tile_r03_c01__symbols__tile_0,^,c09bc03626a9c1d151178d2ae08d734ac993100104d96cfa6548a626f5991fc0,approved,Jiayi Wei,2026-08-31T20:57:40-04:00,,"Figure 9.4 clinical re-audit: approved because the candidate preserves a visibly supported core Type 2 diabetes medication-selection concept from the figure: cardio-kidney risk reduction, HF/CKD/ASCVD-driven GLP-1 RA or SGLT2i use, weight/glycemic efficacy categories, MASLD/MASH, or an exact visible footnote/presence marker. Approval is content-level; strict provenance still requires matching controlled source PDF/image hashes."
p009-page-009-tile-r03-c02::page-009-tile-r03-c02-actions-tile-r03-c02::action::action-001,page_009_tile_r03_c02,9,action,page_009_tile_r03_c02__actions__tile_r03_c02,GLP-1 RA or SGLT2i with proven benefit:Use irrespective of attainment of glycemic goal.,bf3e8fe6f67741176f8fb160096eb3cdcd1706a3b992d64a70ce5332d9675e80,rejected,Jiayi Wei,2026-08-31T20:57:40-04:00,,"Figure 9.4 clinical re-audit: rejected because the validator marked the record invalid and it is blank, non-medication, duplicate, or not suitable as a standalone drug-action evidence record."
p009-page-009-tile-r03-c02::page-009-tile-r03-c02-actions-tile-r03-c02::action::action-002,page_009_tile_r03_c02,9,action,page_009_tile_r03_c02__actions__tile_r03_c02,GLP-1 RA:Use in individuals with T2D and established or high risk of CVD.,7a06cd571d65d3f04521ab0d2cad919546a5b6a90a81188294901da5033c88cc,rejected,Jiayi Wei,2026-08-31T20:57:40-04:00,,"Figure 9.4 clinical re-audit: rejected because the validator marked the record invalid and it is blank, non-medication, duplicate, or not suitable as a standalone drug-action evidence record."
p009-page-009-tile-r03-c02::page-009-tile-r03-c02-actions-tile-r03-c02::action::action-003,page_009_tile_r03_c02,9,action,page_009_tile_r03_c02__actions__tile_r03_c02,GLP-1 RA:Use in individuals with T2D and established or high risk of CVD.,6ec61e81705e00604a56f36275fdf129bef8abb346cb6e12f7c679f73c51b78d,rejected,Jiayi Wei,2026-08-31T20:57:40-04:00,,"Figure 9.4 clinical re-audit: rejected because the validator marked the record invalid and it is blank, non-medication, duplicate, or not suitable as a standalone drug-action evidence record."
p009-page-009-tile-r03-c02::page-009-tile-r03-c02-structure-tile-r03-c02::edge::edge-001,page_009_tile_r03_c02,9,edge,page_009_tile_r03_c02__structure__tile_r03_c02,N1->N2,4a6a0547e53fa1c716daf79b43d90aac060dc1bb16947aa73f4183627a6d4b74,corrections_required,Jiayi Wei,2026-08-31T20:57:40-04:00,,"Figure 9.4 clinical re-audit: this node/edge may reflect part of the flowchart, but Figure 9.4 should be reviewed as left cardio-kidney-risk and right weight/glycemic-goal pathways. Tile-level nodes/edges require cross-tile arrow, branch, duplicate, and endpoint reconciliation before approval."
p009-page-009-tile-r03-c02::page-009-tile-r03-c02-structure-tile-r03-c02::edge::edge-002,page_009_tile_r03_c02,9,edge,page_009_tile_r03_c02__structure__tile_r03_c02,N2->N3,6c14e3605a51f28cf5211515afc63a4e1e151a693accc4e57e0179b59e1fabb3,corrections_required,Jiayi Wei,2026-08-31T20:57:40-04:00,,"Figure 9.4 clinical re-audit: this node/edge may reflect part of the flowchart, but Figure 9.4 should be reviewed as left cardio-kidney-risk and right weight/glycemic-goal pathways. Tile-level nodes/edges require cross-tile arrow, branch, duplicate, and endpoint reconciliation before approval."
p009-page-009-tile-r03-c02::page-009-tile-r03-c02-structure-tile-r03-c02::edge::edge-003,page_009_tile_r03_c02,9,edge,page_009_tile_r03_c02__structure__tile_r03_c02,N3->N4,63916b511796af349c5415b9bc75f16a4c1e12b346914e12ba00a26eeed97e90,corrections_required,Jiayi Wei,2026-08-31T20:57:40-04:00,,"Figure 9.4 clinical re-audit: this node/edge may reflect part of the flowchart, but Figure 9.4 should be reviewed as left cardio-kidney-risk and right weight/glycemic-goal pathways. Tile-level nodes/edges require cross-tile arrow, branch, duplicate, and endpoint reconciliation before approval."
p009-page-009-tile-r03-c02::page-009-tile-r03-c02-structure-tile-r03-c02::edge::edge-004,page_009_tile_r03_c02,9,edge,page_009_tile_r03_c02__structure__tile_r03_c02,N4->N5,2b6b9c0fcd15bdb60ca8dc6c27ba1e5468bcb1784df54ad183222167937f3a5d,corrections_required,Jiayi Wei,2026-08-31T20:57:40-04:00,,"Figure 9.4 clinical re-audit: this node/edge may reflect part of the flowchart, but Figure 9.4 should be reviewed as left cardio-kidney-risk and right weight/glycemic-goal pathways. Tile-level nodes/edges require cross-tile arrow, branch, duplicate, and endpoint reconciliation before approval."
p009-page-009-tile-r03-c02::page-009-tile-r03-c02-structure-tile-r03-c02::edge::edge-005,page_009_tile_r03_c02,9,edge,page_009_tile_r03_c02__structure__tile_r03_c02,N5->N6,a0739058eac8816dcb5716ac3524ced3bb3d00ccbcbcce47e21ae3f113f59230,corrections_required,Jiayi Wei,2026-08-31T20:57:40-04:00,,"Figure 9.4 clinical re-audit: this node/edge may reflect part of the flowchart, but Figure 9.4 should be reviewed as left cardio-kidney-risk and right weight/glycemic-goal pathways. Tile-level nodes/edges require cross-tile arrow, branch, duplicate, and endpoint reconciliation before approval."
p009-page-009-tile-r03-c02::page-009-tile-r03-c02-structure-tile-r03-c02::edge::edge-006,page_009_tile_r03_c02,9,edge,page_009_tile_r03_c02__structure__tile_r03_c02,N6->N7,c4f89dd9d2651dda55ab0ae275ff9ddcac44a14cd4063ccae37f9edc1a281a57,corrections_required,Jiayi Wei,2026-08-31T20:57:40-04:00,,"Figure 9.4 clinical re-audit: this node/edge may reflect part of the flowchart, but Figure 9.4 should be reviewed as left cardio-kidney-risk and right weight/glycemic-goal pathways. Tile-level nodes/edges require cross-tile arrow, branch, duplicate, and endpoint reconciliation before approval."
p009-page-009-tile-r03-c02::page-009-tile-r03-c02-structure-tile-r03-c02::node::n1,page_009_tile_r03_c02,9,node,page_009_tile_r03_c02__structure__tile_r03_c02,N1,269e3a194989d497b7e2105dc3e7fe9fe20a298a905c4705dbe619b1d24ef44c,corrections_required,Jiayi Wei,2026-08-31T20:57:40-04:00,,"Figure 9.4 clinical re-audit: this node/edge may reflect part of the flowchart, but Figure 9.4 should be reviewed as left cardio-kidney-risk and right weight/glycemic-goal pathways. Tile-level nodes/edges require cross-tile arrow, branch, duplicate, and endpoint reconciliation before approval."
p009-page-009-tile-r03-c02::page-009-tile-r03-c02-structure-tile-r03-c02::node::n2,page_009_tile_r03_c02,9,node,page_009_tile_r03_c02__structure__tile_r03_c02,N2,e5dac42a9588e76283d04b98ded788c336671a6bda639422911c82dc7ac5337a,corrections_required,Jiayi Wei,2026-08-31T20:57:40-04:00,,"Figure 9.4 clinical re-audit: this node/edge may reflect part of the flowchart, but Figure 9.4 should be reviewed as left cardio-kidney-risk and right weight/glycemic-goal pathways. Tile-level nodes/edges require cross-tile arrow, branch, duplicate, and endpoint reconciliation before approval."
p009-page-009-tile-r03-c02::page-009-tile-r03-c02-structure-tile-r03-c02::node::n3,page_009_tile_r03_c02,9,node,page_009_tile_r03_c02__structure__tile_r03_c02,N3,6cb09cbc73c6753d45c60820c6e4b99034b96b6bf5efd4a3761e8c96a6154eb4,corrections_required,Jiayi Wei,2026-08-31T20:57:40-04:00,,"Figure 9.4 clinical re-audit: this node/edge may reflect part of the flowchart, but Figure 9.4 should be reviewed as left cardio-kidney-risk and right weight/glycemic-goal pathways. Tile-level nodes/edges require cross-tile arrow, branch, duplicate, and endpoint reconciliation before approval."
p009-page-009-tile-r03-c02::page-009-tile-r03-c02-structure-tile-r03-c02::node::n4,page_009_tile_r03_c02,9,node,page_009_tile_r03_c02__structure__tile_r03_c02,N4,7473867e027d452da71150d392914f18db3a8500832741a77b8e655cef6944f0,corrections_required,Jiayi Wei,2026-08-31T20:57:40-04:00,,"Figure 9.4 clinical re-audit: this node/edge may reflect part of the flowchart, but Figure 9.4 should be reviewed as left cardio-kidney-risk and right weight/glycemic-goal pathways. Tile-level nodes/edges require cross-tile arrow, branch, duplicate, and endpoint reconciliation before approval."
p009-page-009-tile-r03-c02::page-009-tile-r03-c02-structure-tile-r03-c02::node::n5,page_009_tile_r03_c02,9,node,page_009_tile_r03_c02__structure__tile_r03_c02,N5,94560f7a4e69ac0f536a0f665090eab107b5fadf5d4fc2d2eca36a1db96f7fb4,corrections_required,Jiayi Wei,2026-08-31T20:57:40-04:00,,"Figure 9.4 clinical re-audit: this node/edge may reflect part of the flowchart, but Figure 9.4 should be reviewed as left cardio-kidney-risk and right weight/glycemic-goal pathways. Tile-level nodes/edges require cross-tile arrow, branch, duplicate, and endpoint reconciliation before approval."
p009-page-009-tile-r03-c02::page-009-tile-r03-c02-structure-tile-r03-c02::node::n6,page_009_tile_r03_c02,9,node,page_009_tile_r03_c02__structure__tile_r03_c02,N6,15f256cab73ac6151a56a1609658304354f7bd7314149eb2a3db2563ff8de211,corrections_required,Jiayi Wei,2026-08-31T20:57:40-04:00,,"Figure 9.4 clinical re-audit: this node/edge may reflect part of the flowchart, but Figure 9.4 should be reviewed as left cardio-kidney-risk and right weight/glycemic-goal pathways. Tile-level nodes/edges require cross-tile arrow, branch, duplicate, and endpoint reconciliation before approval."
p009-page-009-tile-r03-c02::page-009-tile-r03-c02-structure-tile-r03-c02::node::n7,page_009_tile_r03_c02,9,node,page_009_tile_r03_c02__structure__tile_r03_c02,N7,61d0be2f480590bf18bdfdda03d572c9d22d8d2faf285ac380b220d0c9777610,corrections_required,Jiayi Wei,2026-08-31T20:57:40-04:00,,"Figure 9.4 clinical re-audit: this node/edge may reflect part of the flowchart, but Figure 9.4 should be reviewed as left cardio-kidney-risk and right weight/glycemic-goal pathways. Tile-level nodes/edges require cross-tile arrow, branch, duplicate, and endpoint reconciliation before approval."
p009-page-009-tile-r03-c02::page-009-tile-r03-c02-symbols-tile-r03-c02::footnote::footnote-001,page_009_tile_r03_c02,9,footnote,page_009_tile_r03_c02__symbols__tile_r03_c02,+,0a16d8f4f7d6c07817240ed10e98fd7fa1121569d97741ff5d865591aefcb8b5,corrections_required,Jiayi Wei,2026-08-31T20:57:40-04:00,,"Figure 9.4 clinical re-audit: candidate may contain relevant source text, but it needs record-level cleanup or source-bundle confirmation before approval."
p011-page-011-tile-r01-c01::page-011-tile-r01-c01-actions-tile-r01-c01::action::action-001,page_011_tile_r01_c01,11,action,page_011_tile_r01_c01__actions__tile_r01_c01,"Gliflozin, Dapagliflozin, Empagliflozin:Continue or start for cardiovascular and kidney benefit if eGFR >20 mL/min/1.73 m².",b63ab6d3dc0dd2c1c286bb3e7ccb88bed30f837d6b3c24bfea39268b1a4072af,pending,,,,
p011-page-011-tile-r01-c01::page-011-tile-r01-c01-actions-tile-r01-c01::action::action-002,page_011_tile_r01_c01,11,action,page_011_tile_r01_c01__actions__tile_r01_c01,:See labels of individual agents for dosage considerations for kidney function,4d15e460dc2e71310407cd73a8505a1a72920b013a31b1d90b48ff32ea4715e4,pending,,,,
p011-page-011-tile-r01-c01::page-011-tile-r01-c01-actions-tile-r01-c01::action::action-003,page_011_tile_r01_c01,11,action,page_011_tile_r01_c01__actions__tile_r01_c01,:Glucose-lowering effect is minimal at eGFR <45 mL/min/1.73 m² and lower; continue or start for cardiovascular and kidney benefit if eGFR >20 mL/min/1.73 m².,b03d07ef44d2252fc6e487f9bc1a98ee1a665cd052e4acd4f779d89c766c0e66,pending,,,,
p011-page-011-tile-r01-c01::page-011-tile-r01-c01-actions-tile-r01-c01::action::action-004,page_011_tile_r01_c01,11,action,page_011_tile_r01_c01__actions__tile_r01_c01,:May continue until dialysis or transplantation,8bbcf0ed77e869ed69a4a18419ddc101b8c19a65254bd70535f991d9c85ea068,pending,,,,
p011-page-011-tile-r01-c01::page-011-tile-r01-c01-structure-tile-r01-c01::edge::edge-001,page_011_tile_r01_c01,11,edge,page_011_tile_r01_c01__structure__tile_r01_c01,N1->,d325c96434158a0972c9118446a8d1c6c6995e53dee63090a26717991f3d2363,pending,,,,
p011-page-011-tile-r01-c01::page-011-tile-r01-c01-structure-tile-r01-c01::edge::edge-002,page_011_tile_r01_c01,11,edge,page_011_tile_r01_c01__structure__tile_r01_c01,N2->,acd43db59249500bc27efef258e0fb291698d11dbcfe3a9d54841b9ac9ee640f,pending,,,,
p011-page-011-tile-r01-c01::page-011-tile-r01-c01-structure-tile-r01-c01::edge::edge-003,page_011_tile_r01_c01,11,edge,page_011_tile_r01_c01__structure__tile_r01_c01,N3->,7c83d7aa7fdf7c549faf509d632a19b7a7fb9069cf9208522bb33e501152483f,pending,,,,
p011-page-011-tile-r01-c01::page-011-tile-r01-c01-structure-tile-r01-c01::edge::edge-004,page_011_tile_r01_c01,11,edge,page_011_tile_r01_c01__structure__tile_r01_c01,N4->,b09cb3ed8981acfd4e091a455358185876ed9b55003fe04bcaea5df6653b2b00,pending,,,,
p011-page-011-tile-r01-c01::page-011-tile-r01-c01-structure-tile-r01-c01::edge::edge-005,page_011_tile_r01_c01,11,edge,page_011_tile_r01_c01__structure__tile_r01_c01,N5->,ad1f3bb0eeeb941b42416724788d3d91e457b2c378d28eeb179dea96fef5ce03,pending,,,,
p011-page-011-tile-r01-c01::page-011-tile-r01-c01-structure-tile-r01-c01::edge::edge-006,page_011_tile_r01_c01,11,edge,page_011_tile_r01_c01__structure__tile_r01_c01,N6->,ec93d47dd677b4631006ebff37705a5a0114a5d0a4c388eb15e07be039329aca,pending,,,,
p011-page-011-tile-r01-c01::page-011-tile-r01-c01-structure-tile-r01-c01::edge::edge-007,page_011_tile_r01_c01,11,edge,page_011_tile_r01_c01__structure__tile_r01_c01,N7->,bb2975522d0c4be30ee2ff55dfbba1e83147f4db68534ee2ed2b99c55a13cdc1,pending,,,,
p011-page-011-tile-r01-c01::page-011-tile-r01-c01-structure-tile-r01-c01::edge::edge-008,page_011_tile_r01_c01,11,edge,page_011_tile_r01_c01__structure__tile_r01_c01,N8->,d0b4047f4f02cf1010751887762a0bc0beca5d8d1b4511299a017124c0fa75f4,pending,,,,
p011-page-011-tile-r01-c01::page-011-tile-r01-c01-structure-tile-r01-c01::edge::edge-009,page_011_tile_r01_c01,11,edge,page_011_tile_r01_c01__structure__tile_r01_c01,N9->,dc8a92aff9793739daf0221c739f3d8d94ca7f6af1b02b8bc07f3e6768a3e7cc,pending,,,,
p011-page-011-tile-r01-c01::page-011-tile-r01-c01-structure-tile-r01-c01::node::n1,page_011_tile_r01_c01,11,node,page_011_tile_r01_c01__structure__tile_r01_c01,N1,4c83d272da42706c6cc8790c33026622aa61fa3f4212181c7639ba2fa5da1934,pending,,,,
p011-page-011-tile-r01-c01::page-011-tile-r01-c01-structure-tile-r01-c01::node::n2,page_011_tile_r01_c01,11,node,page_011_tile_r01_c01__structure__tile_r01_c01,N2,0ba28fee1264e3b4a59d8ee5d15e00213e3d86dbddd50d1d5a3162a723237c52,pending,,,,
p011-page-011-tile-r01-c01::page-011-tile-r01-c01-structure-tile-r01-c01::node::n3,page_011_tile_r01_c01,11,node,page_011_tile_r01_c01__structure__tile_r01_c01,N3,6cf4e4aa1f90ada9631f94f72fe895f1c384569d9b25a3d9f0ad69e631ac5dbe,pending,,,,
p011-page-011-tile-r01-c01::page-011-tile-r01-c01-structure-tile-r01-c01::node::n4,page_011_tile_r01_c01,11,node,page_011_tile_r01_c01__structure__tile_r01_c01,N4,1f4abb0c9631147772b7c2fc89a5390a6cbe76c55b7792c0c4d3a42d15cd73fa,pending,,,,
p011-page-011-tile-r01-c01::page-011-tile-r01-c01-structure-tile-r01-c01::node::n5,page_011_tile_r01_c01,11,node,page_011_tile_r01_c01__structure__tile_r01_c01,N5,c93ff60c5cd9302541600513d3620e8cfe51b63ef6b92ce1c22aedf4393e4a2e,pending,,,,
p011-page-011-tile-r01-c01::page-011-tile-r01-c01-structure-tile-r01-c01::node::n6,page_011_tile_r01_c01,11,node,page_011_tile_r01_c01__structure__tile_r01_c01,N6,610f90e4cb03a357469b020c585223801c1ebd8cf1edee491fe2bf43922db8a4,pending,,,,
p011-page-011-tile-r01-c01::page-011-tile-r01-c01-structure-tile-r01-c01::node::n7,page_011_tile_r01_c01,11,node,page_011_tile_r01_c01__structure__tile_r01_c01,N7,5207f6c9149458e27698c9c2cf9c4c444d2222f643bf3120a8741326b9dd9dfc,pending,,,,
p011-page-011-tile-r01-c01::page-011-tile-r01-c01-structure-tile-r01-c01::node::n8,page_011_tile_r01_c01,11,node,page_011_tile_r01_c01__structure__tile_r01_c01,N8,e7177d543ad9f275587c9ea9949254ae0bceec209a3022e32cbd64be845554f4,pending,,,,
p011-page-011-tile-r01-c01::page-011-tile-r01-c01-structure-tile-r01-c01::node::n9,page_011_tile_r01_c01,11,node,page_011_tile_r01_c01__structure__tile_r01_c01,N9,6640e5613db59be218df17fa69943bbf1512518cf5b8f630c1a9d4f77d6a91d1,pending,,,,
p011-page-011-tile-r01-c02::page-011-tile-r01-c02-actions-tile-r01-c02::footnote::footnote-001,page_011_tile_r01_c02,11,footnote,page_011_tile_r01_c02__actions__tile_r01_c02,Continued on p. S194,4bce37af9c6980f785a47fc1e4f4fa12a27ed9ae5cd49f8391f99c148580a406,pending,,,,
p011-page-011-tile-r02-c01::page-011-tile-r02-c01-actions-tile-r02-c01::action::action-001,page_011_tile_r02_c01,11,action,page_011_tile_r02_c01__actions__tile_r02_c01,SGLT-2 inhibitors:Benefit: Loss (intermediate),7a49b784d190d816e9e1be21beff00646edad0dea7a7c5b9285c529604cee9e8,pending,,,,
p011-page-011-tile-r02-c01::page-011-tile-r02-c01-actions-tile-r02-c01::action::action-002,page_011_tile_r02_c01,11,action,page_011_tile_r02_c01__actions__tile_r02_c01,SGLT-2 inhibitors:Benefit: Loss (intermediate),1049fd4a1588581a1ff5fb4c74d91bee4a175c17d483a89e6127480b4475278c,pending,,,,
p011-page-011-tile-r02-c01::page-011-tile-r02-c01-actions-tile-r02-c01::action::action-003,page_011_tile_r02_c01,11,action,page_011_tile_r02_c01__actions__tile_r02_c01,SGLT-2 inhibitors:Benefit: Loss (intermediate),5861c980fa3b1dfcd3cb3f30f6907b1cbb8b6e736d251c18e40bb1ef50ca913f,pending,,,,
p011-page-011-tile-r02-c01::page-011-tile-r02-c01-actions-tile-r02-c01::action::action-004,page_011_tile_r02_c01,11,action,page_011_tile_r02_c01__actions__tile_r02_c01,SGLT-2 inhibitors:Benefit: Loss (intermediate),4d7648e00df83fa8176b8b31a13a711252634aaf75cdfa3d64764920f3442efd,pending,,,,
p011-page-011-tile-r02-c01::page-011-tile-r02-c01-actions-tile-r02-c01::action::action-005,page_011_tile_r02_c01,11,action,page_011_tile_r02_c01__actions__tile_r02_c01,SGLT-2 inhibitors:Benefit: Loss (intermediate),221d1e4cf1dcfb4d1e833b7631d5aed3aee342af4eb0871440eec70c75860af6,pending,,,,
p011-page-011-tile-r02-c01::page-011-tile-r02-c01-actions-tile-r02-c01::action::action-006,page_011_tile_r02_c01,11,action,page_011_tile_r02_c01__actions__tile_r02_c01,SGLT-2 inhibitors:Benefit: Loss (intermediate),f44ece18c723b6af8593bdd90e1cc1f773167be394146ea633fbb67bbd0c957b,pending,,,,
p011-page-011-tile-r02-c01::page-011-tile-r02-c01-actions-tile-r02-c01::action::action-007,page_011_tile_r02_c01,11,action,page_011_tile_r02_c01__actions__tile_r02_c01,SGLT-2 inhibitors:Benefit: Loss (intermediate),1625445c736291bef3ccb5b15ad4e5bfa068701ff4d2830b281c5202cbd9599f,pending,,,,
p011-page-011-tile-r02-c01::page-011-tile-r02-c01-actions-tile-r02-c01::action::action-008,page_011_tile_r02_c01,11,action,page_011_tile_r02_c01__actions__tile_r02_c01,SGLT-2 inhibitors:Benefit: Loss (intermediate),5c4b10fc4d4fab24e3f66ba846956bb8725d5bb4623ca4e5d7121cc919b60814,pending,,,,
p011-page-011-tile-r02-c01::page-011-tile-r02-c01-actions-tile-r02-c01::action::action-009,page_011_tile_r02_c01,11,action,page_011_tile_r02_c01__actions__tile_r02_c01,SGLT-2 inhibitors:Benefit: Loss (intermediate),1603ca841a16a8add8d26c2e65fd703a39f770256f1d2f8b19b9e1e38cd0c140,pending,,,,
p011-page-011-tile-r02-c01::page-011-tile-r02-c01-actions-tile-r02-c01::action::action-010,page_011_tile_r02_c01,11,action,page_011_tile_r02_c01__actions__tile_r02_c01,SGLT-2 inhibitors:Benefit: Loss (intermediate),822641bd36013fb5ee52151bbc0675939e67b00f3e263eb195f06398e2c496e6,pending,,,,
p011-page-011-tile-r02-c01::page-011-tile-r02-c01-actions-tile-r02-c01::action::action-011,page_011_tile_r02_c01,11,action,page_011_tile_r02_c01__actions__tile_r02_c01,SGLT-2 inhibitors:Benefit: Loss (intermediate),41d5aa7d4125684d8c93a89d7a46c2d27805eb0e3a4499f88208a10b1800e9dc,pending,,,,
p011-page-011-tile-r02-c01::page-011-tile-r02-c01-actions-tile-r02-c01::action::action-012,page_011_tile_r02_c01,11,action,page_011_tile_r02_c01__actions__tile_r02_c01,SGLT-2 inhibitors:Benefit: Loss (intermediate),6d3d094576bf7dbe9fa94a7d46f0f73912dc6b1cfb8ae9ae4258d7bb02d3b061,pending,,,,
p011-page-011-tile-r02-c01::page-011-tile-r02-c01-actions-tile-r02-c01::action::action-013,page_011_tile_r02_c01,11,action,page_011_tile_r02_c01__actions__tile_r02_c01,SGLT-2 inhibitors:Benefit: Loss (intermediate),400b81e5d673115f642e3fea28b6c30a4a59cc050cfd61ee564c256774919468,pending,,,,
p011-page-011-tile-r02-c01::page-011-tile-r02-c01-actions-tile-r02-c01::action::action-014,page_011_tile_r02_c01,11,action,page_011_tile_r02_c01__actions__tile_r02_c01,SGLT-2 inhibitors:Benefit: Loss (intermediate),36fe09708808e1ee9c46e3b83926886a5c129ca85fafd0873513626f693af113,pending,,,,
p011-page-011-tile-r02-c01::page-011-tile-r02-c01-actions-tile-r02-c01::action::action-015,page_011_tile_r02_c01,11,action,page_011_tile_r02_c01__actions__tile_r02_c01,SGLT-2 inhibitors:Benefit: Loss (intermediate),aa58b33137fb28ced930cae48cb8c199eb765d297c6117cfc8afb3a95a02db38,pending,,,,
p011-page-011-tile-r02-c01::page-011-tile-r02-c01-actions-tile-r02-c01::action::action-016,page_011_tile_r02_c01,11,action,page_011_tile_r02_c01__actions__tile_r02_c01,SGLT-2 inhibitors:Benefit: Loss (intermediate),e75d38b21f367dba131f2b43f7514c98740271464ffe24cb34e680184c0c2bc0,pending,,,,
p011-page-011-tile-r02-c02::page-011-tile-r02-c02-actions-tile-r02-c02::action::action-001,page_011_tile_r02_c02,11,action,page_011_tile_r02_c02__actions__tile_r02_c02,:May continue,e6c0632acf04f001e5396e66544be3225d6cf9365ca97c35d5ce9620ecab56ad,pending,,,,
p011-page-011-tile-r02-c02::page-011-tile-r02-c02-structure-tile-r02-c02::node::n1,page_011_tile_r02_c02,11,node,page_011_tile_r02_c02__structure__tile_r02_c02,n1,bec526e951e53ca41ad9d468134ecca0a8effa5d3ccdd20ee43f1fd388596fc5,pending,,,,
p011-page-011-tile-r03-c01::page-011-tile-r03-c01-actions-table-92::action::action-001,page_011_tile_r03_c01,11,action,page_011_tile_r03_c01__actions__table_92,Metformin (oral):Glucose-lowering efficacy: High,ff73a4874ecf0f844a9afc911d28fd49933890771dbf75d8940f66bf8bf08524,pending,,,,
p011-page-011-tile-r03-c01::page-011-tile-r03-c01-actions-table-92::action::action-002,page_011_tile_r03_c01,11,action,page_011_tile_r03_c01__actions__table_92,SGLT2 inhibitors (oral):Glucose-lowering efficacy: Intermediate to high,ccc200504947ccf8b2a8ff1e87149953d2897d92b030f7001cecc155d004f632,pending,,,,
p012-page-012-tile-r01-c01::page-012-tile-r01-c01-actions-tile-r01-c01::action::action-001,page_012_tile_r01_c01,12,action,page_012_tile_r01_c01__actions__tile_r01_c01,GLP-1 receptor agonists (including semaglutide):Monitor kidney function when initiating or escalating doses in individuals with kidney impairment reporting severe adverse GI reactions,0881494a322ba51268c23f30794e73d323ce630269bce0f25f8204cc77507220,pending,,,,
p012-page-012-tile-r01-c01::page-012-tile-r01-c01-actions-tile-r01-c01::action::action-002,page_012_tile_r01_c01,12,action,page_012_tile_r01_c01__actions__tile_r01_c01,GLP-1 receptor agonists (including semaglutide):Monitor kidney function when initiating or escalating doses in individuals with kidney impairment reporting severe adverse GI reactions,d2fc63d759070c66e319e6c39b23ba2338f4eb9fb91c72949db985bfc8d3da6f,pending,,,,
p012-page-012-tile-r01-c01::page-012-tile-r01-c01-actions-tile-r01-c01::action::action-003,page_012_tile_r01_c01,12,action,page_012_tile_r01_c01__actions__tile_r01_c01,GLP-1 receptor agonists (including semaglutide):Monitor kidney function when initiating or escalating doses in individuals with kidney impairment reporting severe adverse GI reactions,62ac1b27d7333494a9f22628e2d2fcc6e7d32d19a33b00c87c85130bc7ddccce,pending,,,,
p012-page-012-tile-r01-c01::page-012-tile-r01-c01-actions-tile-r01-c01::action::action-004,page_012_tile_r01_c01,12,action,page_012_tile_r01_c01__actions__tile_r01_c01,GLP-1 receptor agonists (including semaglutide):Monitor kidney function when initiating or escalating doses in individuals with kidney impairment reporting severe adverse GI reactions,6a7c9d55e4fbcfab2720dbde63fa8d0181a66b4fd2af0250216ad4b1ae0104fd,pending,,,,
p012-page-012-tile-r01-c01::page-012-tile-r01-c01-actions-tile-r01-c01::action::action-005,page_012_tile_r01_c01,12,action,page_012_tile_r01_c01__actions__tile_r01_c01,GLP-1 receptor agonists (including semaglutide):Monitor kidney function when initiating or escalating doses in individuals with kidney impairment reporting severe adverse GI reactions,f5e1a48833c6fb16caffd3de6536933d0136bc12a4475e0e114d886e9ef9ec4e,pending,,,,
p012-page-012-tile-r01-c01::page-012-tile-r01-c01-actions-tile-r01-c01::action::action-006,page_012_tile_r01_c01,12,action,page_012_tile_r01_c01__actions__tile_r01_c01,GLP-1 receptor agonists (including semaglutide):Monitor kidney function when initiating or escalating doses in individuals with kidney impairment reporting severe adverse GI reactions,904766559abb1700ce4e6b5adebc583bf9419c2c55a2d23a2ca64bef964a640b,pending,,,,
p012-page-012-tile-r01-c01::page-012-tile-r01-c01-actions-tile-r01-c01::action::action-007,page_012_tile_r01_c01,12,action,page_012_tile_r01_c01__actions__tile_r01_c01,GLP-1 receptor agonists (including semaglutide):Monitor kidney function when initiating or escalating doses in individuals with kidney impairment reporting severe adverse GI reactions,93be7d2b6fc9918358f9f76e9028c08c531796f35476d012e328c77461cf0dd0,pending,,,,
p012-page-012-tile-r01-c01::page-012-tile-r01-c01-actions-tile-r01-c01::action::action-008,page_012_tile_r01_c01,12,action,page_012_tile_r01_c01__actions__tile_r01_c01,GLP-1 receptor agonists (including semaglutide):Monitor kidney function when initiating or escalating doses in individuals with kidney impairment reporting severe adverse GI reactions,0466947a62d0540532534564dcafeb05e519616825f1d24a4c3a4976e1268d1c,pending,,,,
p012-page-012-tile-r01-c01::page-012-tile-r01-c01-actions-tile-r01-c01::action::action-009,page_012_tile_r01_c01,12,action,page_012_tile_r01_c01__actions__tile_r01_c01,GLP-1 receptor agonists (including semaglutide):Monitor kidney function when initiating or escalating doses in individuals with kidney impairment reporting severe adverse GI reactions,46b1ceb08d36638b15537731e19b7231a98255e80512ed20371333ccb122cb62,pending,,,,
p012-page-012-tile-r01-c01::page-012-tile-r01-c01-actions-tile-r01-c01::action::action-010,page_012_tile_r01_c01,12,action,page_012_tile_r01_c01__actions__tile_r01_c01,GLP-1 receptor agonists (including semaglutide):Monitor kidney function when initiating or escalating doses in individuals with kidney impairment reporting severe adverse GI reactions,bc5ee6c4faf4ab5ae5fdf663bc709a7673cc4d494f2b7b5b898cb4f1d215da5b,pending,,,,
p012-page-012-tile-r01-c01::page-012-tile-r01-c01-actions-tile-r01-c01::action::action-011,page_012_tile_r01_c01,12,action,page_012_tile_r01_c01__actions__tile_r01_c01,GLP-1 receptor agonists (including semaglutide):Monitor kidney function when initiating or escalating doses in individuals with kidney impairment reporting severe adverse GI reactions,e07e6d8e1207e7fa34e7bab4825091220721d94e72f5f1ad25ed3c976bc9ce8d,pending,,,,
p012-page-012-tile-r01-c01::page-012-tile-r01-c01-actions-tile-r01-c01::action::action-012,page_012_tile_r01_c01,12,action,page_012_tile_r01_c01__actions__tile_r01_c01,GLP-1 receptor agonists (including semaglutide):Monitor kidney function when initiating or escalating doses in individuals with kidney impairment reporting severe adverse GI reactions,6258fd5e4291074b420b175c2d4e4ec95f6fd192dcf7b5daac174fa9ecc288d5,pending,,,,
p012-page-012-tile-r01-c01::page-012-tile-r01-c01-actions-tile-r01-c01::action::action-013,page_012_tile_r01_c01,12,action,page_012_tile_r01_c01__actions__tile_r01_c01,GLP-1 receptor agonists (including semaglutide):Monitor kidney function when initiating or escalating doses in individuals with kidney impairment reporting severe adverse GI reactions,8da49cd9fe79a451c743c5e37c73c2a40622c0679de9c45f9f3e5b6db9f14829,pending,,,,
p012-page-012-tile-r01-c01::page-012-tile-r01-c01-actions-tile-r01-c01::action::action-014,page_012_tile_r01_c01,12,action,page_012_tile_r01_c01__actions__tile_r01_c01,GLP-1 receptor agonists (including semaglutide):Monitor kidney function when initiating or escalating doses in individuals with kidney impairment reporting severe adverse GI reactions,506703f7d389107ea1070f96525d5ec416e6c7ecffa5502511228b23227dfc7d,pending,,,,
p012-page-012-tile-r01-c01::page-012-tile-r01-c01-actions-tile-r01-c01::action::action-015,page_012_tile_r01_c01,12,action,page_012_tile_r01_c01__actions__tile_r01_c01,GLP-1 receptor agonists (including semaglutide):Monitor kidney function when initiating or escalating doses in individuals with kidney impairment reporting severe adverse GI reactions,707d593aa71edcdfaeff88ca1e88ff66b0507def487285af23f842ea5c22ff36,pending,,,,
p012-page-012-tile-r01-c01::page-012-tile-r01-c01-actions-tile-r01-c01::action::action-016,page_012_tile_r01_c01,12,action,page_012_tile_r01_c01__actions__tile_r01_c01,GLP-1 receptor agonists (including semaglutide):Monitor kidney function when initiating or escalating doses in individuals with kidney impairment reporting severe adverse GI reactions,fefc29bb55317fd84df9da6b8fe344495b7fbd5920296137b0d6fb265f9b7ad3,pending,,,,
p012-page-012-tile-r01-c01::page-012-tile-r01-c01-structure-tile-r01-c01::edge::edge-001,page_012_tile_r01_c01,12,edge,page_012_tile_r01_c01__structure__tile_r01_c01,N0->N1,4d1d9e097cb0fdcb3fa55c8aaa9bfa85c1e634f6d8b0ef2d405c28e0103b4200,pending,,,,
p012-page-012-tile-r01-c01::page-012-tile-r01-c01-structure-tile-r01-c01::edge::edge-002,page_012_tile_r01_c01,12,edge,page_012_tile_r01_c01__structure__tile_r01_c01,N1->N2,8d16d91d6442fb0a4d26511f6f7fe3bafae7a6b1a5058eab38407b80825df75a,pending,,,,
p012-page-012-tile-r01-c01::page-012-tile-r01-c01-structure-tile-r01-c01::edge::edge-003,page_012_tile_r01_c01,12,edge,page_012_tile_r01_c01__structure__tile_r01_c01,N2->N3,78ce09aa721cc768c228dc2df32501fc3900136581103cf762fba5899a05c65c,pending,,,,
p012-page-012-tile-r01-c01::page-012-tile-r01-c01-structure-tile-r01-c01::edge::edge-004,page_012_tile_r01_c01,12,edge,page_012_tile_r01_c01__structure__tile_r01_c01,N3->N4,15218ac71f7852b33533b8cd807e9828a70a069dbfffe4543a9d95da5575c4dd,pending,,,,
p012-page-012-tile-r01-c01::page-012-tile-r01-c01-structure-tile-r01-c01::node::n0,page_012_tile_r01_c01,12,node,page_012_tile_r01_c01__structure__tile_r01_c01,N0,1331acdd9a435e9b3077849973de5e157bbe8402472d57e257b1761680c1d0d2,pending,,,,
p012-page-012-tile-r01-c01::page-012-tile-r01-c01-structure-tile-r01-c01::node::n1,page_012_tile_r01_c01,12,node,page_012_tile_r01_c01__structure__tile_r01_c01,N1,15c3e18e32fc033535ccddccaa656bdbc6786710e30094b0d49d53e8c3562e57,pending,,,,
p012-page-012-tile-r01-c01::page-012-tile-r01-c01-structure-tile-r01-c01::node::n2,page_012_tile_r01_c01,12,node,page_012_tile_r01_c01__structure__tile_r01_c01,N2,da721afa32982b73ef676bc31dba0ed66f03ac590a8e7a4950c1e2c35bc189a2,pending,,,,
p012-page-012-tile-r01-c01::page-012-tile-r01-c01-structure-tile-r01-c01::node::n3,page_012_tile_r01_c01,12,node,page_012_tile_r01_c01__structure__tile_r01_c01,N3,41c5300a65e23ead9db2cf84a2bbdca06b4d2746a644d0b36dba6ccc2f291fa3,pending,,,,
p012-page-012-tile-r01-c01::page-012-tile-r01-c01-structure-tile-r01-c01::node::n4,page_012_tile_r01_c01,12,node,page_012_tile_r01_c01__structure__tile_r01_c01,N4,96c40bcb6ab97eadf0c6895236db9698c3dadd346c172440579894be69d7c7b7,pending,,,,
p012-page-012-tile-r01-c02::page-012-tile-r01-c02-actions-tile-r01-c02::action::action-001,page_012_tile_r01_c02,12,action,page_012_tile_r01_c02__actions__tile_r01_c02,:Monitor kidney function when initiating or escalating doses in individuals with kidney impairment.,64679458fab8ee0e391638b41f92071fcf68d8576f988208e5e44fbe83064ec0,pending,,,,
p012-page-012-tile-r01-c02::page-012-tile-r01-c02-actions-tile-r01-c02::action::action-002,page_012_tile_r01_c02,12,action,page_012_tile_r01_c02__actions__tile_r01_c02,:Monitor for nonarteritic anterior ischemic optic neuropathy (NAION) reported (rare incidence); monitor eye examinations during drug administration.,55a19a5bf526188f982fc53fcae9c9d7b5628ed692ea242510086e1da38f766d,pending,,,,
p012-page-012-tile-r01-c02::page-012-tile-r01-c02-actions-tile-r01-c02::action::action-003,page_012_tile_r01_c02,12,action,page_012_tile_r01_c02__actions__tile_r01_c02,:Impact on drug absorption: orally administered drug absorption may be impaired during dose titration (including oral contraceptives).,fb39cc78d46583257ffc9c9fd5c217882336749409c6f490b15d893b6a7b68a8,pending,,,,
p012-page-012-tile-r02-c01::page-012-tile-r02-c01-actions-tile-r02-c01::action::action-001,page_012_tile_r02_c01,12,action,page_012_tile_r02_c01__actions__tile_r02_c01,"GLP-1 receptor agonists (semaglutide, dulaglutide, liraglutide):Benefit: Loss (intermediate to very high) for weight",a5e27d23c1b7e368464de6e0da0ff575549508be62a3248ecf6696c4c5e95e76,pending,,,,
p012-page-012-tile-r02-c01::page-012-tile-r02-c01-actions-tile-r02-c01::action::action-002,page_012_tile_r02_c01,12,action,page_012_tile_r02_c01__actions__tile_r02_c01,"GLP-1 receptor agonists (semaglutide, dulaglutide, liraglutide):Benefit: Neutral for CV outcomes",59baba6b9911dadd3565887f4d9fce6531c83d38848ea0fd8c02720b85e760b6,pending,,,,
p012-page-012-tile-r02-c01::page-012-tile-r02-c01-actions-tile-r02-c01::action::action-003,page_012_tile_r02_c01,12,action,page_012_tile_r02_c01__actions__tile_r02_c01,"GLP-1 receptor agonists (semaglutide, dulaglutide, liraglutide):Benefit: Demonstrated benefit for progression of CKD",eb738265c7af29d4eb5a34808f006a24d3990d801ba7e1ca2dfda9f8b4ca2c40,pending,,,,
p012-page-012-tile-r02-c01::page-012-tile-r02-c01-actions-tile-r02-c01::action::action-004,page_012_tile_r02_c01,12,action,page_012_tile_r02_c01__actions__tile_r02_c01,"GLP-1 receptor agonists (semaglutide, dulaglutide, liraglutide):Benefit: Potential benefit for tirzepatide",9f92022883afa696c55b62c74c981d72cddb6ea2bbe07261b54abfbe67c4774b,pending,,,,
p012-page-012-tile-r02-c01::page-012-tile-r02-c01-structure-tile-r02-c01::edge::edge-001,page_012_tile_r02_c01,12,edge,page_012_tile_r02_c01__structure__tile_r02_c01,hypoglycemia_risk->cv_effects,a96f98a056010ef91b483a18a898233361deb9f6caa890905c7002efdb8b8697,pending,,,,
p012-page-012-tile-r02-c01::page-012-tile-r02-c01-structure-tile-r02-c01::edge::edge-002,page_012_tile_r02_c01,12,edge,page_012_tile_r02_c01__structure__tile_r02_c01,hypoglycemia_risk->weight_effects,be3c0f991257dbbaf236907c73be017b3c08f586b0d743194324dce79dea8bc7,pending,,,,
p012-page-012-tile-r02-c01::page-012-tile-r02-c01-structure-tile-r02-c01::edge::edge-003,page_012_tile_r02_c01,12,edge,page_012_tile_r02_c01__structure__tile_r02_c01,hypoglycemia_risk->progression_of_ckd,18d9fbf49c8db73087971109fa81c33359be50b9af98c6de268bcdfa65249f52,pending,,,,
p012-page-012-tile-r02-c01::page-012-tile-r02-c01-structure-tile-r02-c01::edge::edge-004,page_012_tile_r02_c01,12,edge,page_012_tile_r02_c01__structure__tile_r02_c01,hypoglycemia_risk->dosing_use_considerations,cc494ff3bf997c726c9f655a59d4ce4c9b2915a5d15ffaa94e8907dc3b3a829b,pending,,,,
p012-page-012-tile-r02-c01::page-012-tile-r02-c01-structure-tile-r02-c01::node::cv-effects,page_012_tile_r02_c01,12,node,page_012_tile_r02_c01__structure__tile_r02_c01,cv_effects,6a68594c1a97fa893c9a99927ae0e107b21ec7102b2c0bcc77897da0bc80a1b7,pending,,,,
p012-page-012-tile-r02-c01::page-012-tile-r02-c01-structure-tile-r02-c01::node::dosing-use-considerations,page_012_tile_r02_c01,12,node,page_012_tile_r02_c01__structure__tile_r02_c01,dosing_use_considerations,7f9c89cd529ffc0ed827d247fe5d3fb8388f3249803926f40c183eb0fa61d1f2,pending,,,,
p012-page-012-tile-r02-c01::page-012-tile-r02-c01-structure-tile-r02-c01::node::hypoglycemia-risk,page_012_tile_r02_c01,12,node,page_012_tile_r02_c01__structure__tile_r02_c01,hypoglycemia_risk,1b817ede260a130ca414006c456fc0a399257ce76aa5e7e5e30b34826447f02e,pending,,,,
p012-page-012-tile-r02-c01::page-012-tile-r02-c01-structure-tile-r02-c01::node::progression-of-ckd,page_012_tile_r02_c01,12,node,page_012_tile_r02_c01__structure__tile_r02_c01,progression_of_ckd,4227a271a8ac712a0954ebb40f32474b20e18833e7250b2dfa4b97bc20d3df9d,pending,,,,
p012-page-012-tile-r02-c01::page-012-tile-r02-c01-structure-tile-r02-c01::node::weight-effects,page_012_tile_r02_c01,12,node,page_012_tile_r02_c01__structure__tile_r02_c01,weight_effects,501f76bb540e239356e1fb522f386e29838f4692439eab09a63bc353377da4b0,pending,,,,
p012-page-012-tile-r02-c02::page-012-tile-r02-c02-actions-tile-r02-c02::action::action-001,page_012_tile_r02_c02,12,action,page_012_tile_r02_c02__actions__tile_r02_c02,semaglutide (SQ):No dose adjustment when initiating therapy in patients with CKD,f339bd73dd7d5707da5d59cfb0f857bc7f9a2b940586cff935b98c130c7df700,pending,,,,
p012-page-012-tile-r02-c02::page-012-tile-r02-c02-actions-tile-r02-c02::action::action-002,page_012_tile_r02_c02,12,action,page_012_tile_r02_c02__actions__tile_r02_c02,tirzepatide:No dose adjustment when initiating therapy in patients with CKD,845952215607ff84e45611358b74bf51040fab80a013f937eaba9beedc56a45b,pending,,,,
p012-page-012-tile-r02-c02::page-012-tile-r02-c02-structure-tile-r02-c02::node::n0,page_012_tile_r02_c02,12,node,page_012_tile_r02_c02__structure__tile_r02_c02,N0,be599fc7ae7cb4591dae4b30add2df7acc7d8d9f08418ecceaa79e8e0d5f243c,pending,,,,
p012-page-012-tile-r03-c01::page-012-tile-r03-c01-actions-table-9-2-continued::action::action-001,page_012_tile_r03_c01,12,action,page_012_tile_r03_c01__actions__table_9_2_continued,GLP-1 RAs (SQ; semaglutide also available in oral formulation):High to very high glucose-lowering efficacy,b0a6094c14a140a82ba60fa8862af27bc3b2f7ed397b412c3b23b26694a3eb88,pending,,,,
p012-page-012-tile-r03-c01::page-012-tile-r03-c01-actions-table-9-2-continued::action::action-002,page_012_tile_r03_c01,12,action,page_012_tile_r03_c01__actions__table_9_2_continued,Dual GIP and GLP-1 RA (SQ):Very high glucose-lowering efficacy,2be2ae7e6612fb16d85f1a1227297faa7ded40bf35a193025cd19ff16a8837ba,pending,,,,
p012-page-012-tile-r03-c02::page-012-tile-r03-c02-actions-tile-r03-c02::action::action-001,page_012_tile_r03_c02,12,action,page_012_tile_r03_c02__actions__tile_r03_c02,Dual GIP and GLP-1 RA (SQ):Very high,f77ec39f835f345b3834c6da3e4ad37fbf66cc45dfcfb4fc53ed013976708be7,pending,,,,
p012-page-012-tile-r03-c02::page-012-tile-r03-c02-actions-tile-r03-c02::action::action-002,page_012_tile_r03_c02,12,action,page_012_tile_r03_c02__actions__tile_r03_c02,tirzepa:Under investigation Benefit:,bc420fe5431c6efc56e70dfa5da305caa645eddec09708b96421a93189999bf0,pending,,,,
p012-page-012-tile-r03-c02::page-012-tile-r03-c02-structure-tile-r03-c02::node::dual-glp1-ra-sq,page_012_tile_r03_c02,12,node,page_012_tile_r03_c02__structure__tile_r03_c02,dual_glp1_ra_sq,9669374bbd257455abb3a3f2dc3e8425bc855b6e9f76f169d62feb36dd71aca6,pending,,,,
p012-page-012-tile-r03-c02::page-012-tile-r03-c02-structure-tile-r03-c02::node::lixisenatide,page_012_tile_r03_c02,12,node,page_012_tile_r03_c02__structure__tile_r03_c02,lixisenatide,9f9bd7fb361f36248b208a3dc47a6dd9ec524acf33db0354c0da765d3bb37eca,pending,,,,
p012-page-012-tile-r03-c02::page-012-tile-r03-c02-structure-tile-r03-c02::node::loss-very-high,page_012_tile_r03_c02,12,node,page_012_tile_r03_c02__structure__tile_r03_c02,loss_very_high,3c5e0897a7d84b55b6d271d75369c3cfab1a5ef93abe2af1f5c1efb5c35b3e08,pending,,,,
p012-page-012-tile-r03-c02::page-012-tile-r03-c02-structure-tile-r03-c02::node::tirzepa,page_012_tile_r03_c02,12,node,page_012_tile_r03_c02__structure__tile_r03_c02,tirzepa,9af6b42b992360cd177a2e554ff857b108e5fa7a32a463c823076cf74e591535,pending,,,,
p012-page-012-tile-r03-c02::page-012-tile-r03-c02-structure-tile-r03-c02::node::under-investigation,page_012_tile_r03_c02,12,node,page_012_tile_r03_c02__structure__tile_r03_c02,under_investigation,6894dee84dc226a37441dbdfb1e18a2c94a61bd5a704fed2ec94aecdff423be1,pending,,,,
p013-page-013-tile-r01-c01::page-013-tile-r01-c01-actions-tile-r01-c01::action::action-001,page_013_tile_r01_c01,13,action,page_013_tile_r01_c01__actions__tile_r01_c01,"DPP-4 inhibitors (sitagliptin, saxagliptin, alogliptin):Dose adjustment required based on kidney function",0938223ac2d46295a9dc9194104f38f0e5e8f8c9c598b5f0d230020afdb43bf8,pending,,,,
p013-page-013-tile-r01-c01::page-013-tile-r01-c01-actions-tile-r01-c01::action::action-002,page_013_tile_r01_c01,13,action,page_013_tile_r01_c01__actions__tile_r01_c01,linaglptin:No dose adjustment required for linaglptin,ff125d2a653247ec75cb248e0097a6dfeb5b20b0809ecd792e8c64daa5aa097d,pending,,,,
p013-page-013-tile-r01-c01::page-013-tile-r01-c01-actions-tile-r01-c01::action::action-003,page_013_tile_r01_c01,13,action,page_013_tile_r01_c01__actions__tile_r01_c01,:No dose adjustment required,c83e1e26dc0d4fc7948461e92bbbcd176d270d67e5937a559e684f520fb011c7,pending,,,,
p013-page-013-tile-r01-c01::page-013-tile-r01-c01-actions-tile-r01-c01::action::action-004,page_013_tile_r01_c01,13,action,page_013_tile_r01_c01__actions__tile_r01_c01,:Generally not recommended in kidney impairment due to potential for fluid retention,e8be3afa791dd0e9e6ea7f5d0ad25aef59398faece872812f44b43a4cbd98e7d,pending,,,,
p013-page-013-tile-r01-c01::page-013-tile-r01-c01-structure-tile-r01-c01::edge::edge-001,page_013_tile_r01_c01,13,edge,page_013_tile_r01_c01__structure__tile_r01_c01,N1->N2,03026466d10774074ac64a16a62fce74b8d4ef4b96dbd5926eafdd5ecc34d440,pending,,,,
p013-page-013-tile-r01-c01::page-013-tile-r01-c01-structure-tile-r01-c01::edge::edge-002,page_013_tile_r01_c01,13,edge,page_013_tile_r01_c01__structure__tile_r01_c01,N2->N3,5dd536a3063c8ecf507be714b08c7c6e20dd7712ca70f45cf73cd9dc0473e1b7,pending,,,,
p013-page-013-tile-r01-c01::page-013-tile-r01-c01-structure-tile-r01-c01::edge::edge-003,page_013_tile_r01_c01,13,edge,page_013_tile_r01_c01__structure__tile_r01_c01,N3->N4,dfe6296f2cd451e7d38024486ae1e1d7c3ba25db2d574178ffcc2154551eb92f,pending,,,,
p013-page-013-tile-r01-c01::page-013-tile-r01-c01-structure-tile-r01-c01::edge::edge-004,page_013_tile_r01_c01,13,edge,page_013_tile_r01_c01__structure__tile_r01_c01,N4->N5,34956b81e9e0aebecddf82a29c5c272a90aa0dc49ec6f7b671dbb2181145b091,pending,,,,
p013-page-013-tile-r01-c01::page-013-tile-r01-c01-structure-tile-r01-c01::edge::edge-005,page_013_tile_r01_c01,13,edge,page_013_tile_r01_c01__structure__tile_r01_c01,N5->N6,1d23e9f61aa3284b41cb0adea7deafd9598761dc52a2a0137d956721d44cdff5,pending,,,,
p013-page-013-tile-r01-c01::page-013-tile-r01-c01-structure-tile-r01-c01::edge::edge-006,page_013_tile_r01_c01,13,edge,page_013_tile_r01_c01__structure__tile_r01_c01,N6->N7,6480d23ecd61d68c3462f3c59ac56d61528e0ec8a8e34b95beb1b333863454fc,pending,,,,
p013-page-013-tile-r01-c01::page-013-tile-r01-c01-structure-tile-r01-c01::node::n1,page_013_tile_r01_c01,13,node,page_013_tile_r01_c01__structure__tile_r01_c01,N1,9e070514f5f4e7e895190b46001b6cc5e029e1ffabc7c86496b6b2024d6792aa,pending,,,,
p013-page-013-tile-r01-c01::page-013-tile-r01-c01-structure-tile-r01-c01::node::n2,page_013_tile_r01_c01,13,node,page_013_tile_r01_c01__structure__tile_r01_c01,N2,08f4760b9369c7c506dc7b5f48136bda79248b5ecfeab218187ae07c4390020b,pending,,,,
p013-page-013-tile-r01-c01::page-013-tile-r01-c01-structure-tile-r01-c01::node::n3,page_013_tile_r01_c01,13,node,page_013_tile_r01_c01__structure__tile_r01_c01,N3,54a570b375fc8de07ce915233420fb062f534276de5c717d43ec665df6ec4bed,pending,,,,
p013-page-013-tile-r01-c01::page-013-tile-r01-c01-structure-tile-r01-c01::node::n4,page_013_tile_r01_c01,13,node,page_013_tile_r01_c01__structure__tile_r01_c01,N4,7eb4034c5b8ac6f204b5fe25f958c9f0f96eee754946be9a46de521432cb80cc,pending,,,,
p013-page-013-tile-r01-c01::page-013-tile-r01-c01-structure-tile-r01-c01::node::n5,page_013_tile_r01_c01,13,node,page_013_tile_r01_c01__structure__tile_r01_c01,N5,a265161e8c442aa59f0c238fef086ee025461c32701f78c7d9b62036ed0b15f5,pending,,,,
p013-page-013-tile-r01-c01::page-013-tile-r01-c01-structure-tile-r01-c01::node::n6,page_013_tile_r01_c01,13,node,page_013_tile_r01_c01__structure__tile_r01_c01,N6,5e5463528192a19d276b6c76159bd3b669e5a7e8384ccbf452fb59ba708add19,pending,,,,
p013-page-013-tile-r01-c01::page-013-tile-r01-c01-structure-tile-r01-c01::node::n7,page_013_tile_r01_c01,13,node,page_013_tile_r01_c01__structure__tile_r01_c01,N7,195f37002afb824cc5265f99082a650a13422cec6dbde5fcf1d8226d2abe769a,pending,,,,
p013-page-013-tile-r01-c02::page-013-tile-r01-c02-actions-tile-r01-c02::action::action-001,page_013_tile_r01_c02,13,action,page_013_tile_r01_c02__actions__tile_r01_c02,linagliptin:discontinue if debilitating and other treatment options are feasible) and bullous pemphigoid (discontinue if suspected) reversible upon discontinuation,b23b918007d20bdd127122c464a5745c18d7460d8e4311be10bcb3a144eb8d39,pending,,,,
p013-page-013-tile-r01-c02::page-013-tile-r01-c02-actions-tile-r01-c02::action::action-002,page_013_tile_r01_c02,13,action,page_013_tile_r01_c02__actions__tile_r01_c02,linagliptin:No dose adjustment required,d34b19ab1bd84c25f83598f5e7d868ef97d9230afb6de3643708f3768ed60700,pending,,,,
p013-page-013-tile-r01-c02::page-013-tile-r01-c02-actions-tile-r01-c02::action::action-003,page_013_tile_r01_c02,13,action,page_013_tile_r01_c02__actions__tile_r01_c02,linagliptin:Generally not recommended in kidney impairment due to potential for fluid retention,6fc34092a1b95f32dc21ba3fa375bef0b4746ec5043df6a41a04f8fa89c8e46c,pending,,,,
p013-page-013-tile-r01-c02::page-013-tile-r01-c02-actions-tile-r01-c02::action::action-004,page_013_tile_r01_c02,13,action,page_013_tile_r01_c02__actions__tile_r01_c02,linagliptin:Increased risk of HF and fluid retention; do not use in setting of HF,280420c8424bbe1c3fefac6c3fe028ad0f454176103bbdb7fb0358e92d1844cf,pending,,,,
p013-page-013-tile-r01-c02::page-013-tile-r01-c02-actions-tile-r01-c02::action::action-005,page_013_tile_r01_c02,13,action,page_013_tile_r01_c02__actions__tile_r01_c02,linagliptin:Risk of bone fractures,b4eb7766f9ed360b6402576d9bbd7512ff8947b795490918b0640fc7e38629e4,pending,,,,
p013-page-013-tile-r01-c02::page-013-tile-r01-c02-actions-tile-r01-c02::action::action-006,page_013_tile_r01_c02,13,action,page_013_tile_r01_c02__actions__tile_r01_c02,"linagliptin:Bladder cancer: do not use in individuals with active bladder cancer, and use caution in those with prior history of bladder cancer;",1d218754ebe45f416fe46ca52d6b571427b5e65a67ec9afc015c900fe2d3c4ec,pending,,,,
p013-page-013-tile-r01-c02::page-013-tile-r01-c02-actions-tile-r01-c02::action::action-007,page_013_tile_r01_c02,13,action,page_013_tile_r01_c02__actions__tile_r01_c02,"linagliptin:association observed with higher cumulative exposure (e.g., longer duration, higher doses)",456e8072b03851626137cea471ce5fba23ff9f233059c983cc78aead6bfd0643,pending,,,,
p013-page-013-tile-r01-c02::page-013-tile-r01-c02-actions-tile-r01-c02::action::action-008,page_013_tile_r01_c02,13,action,page_013_tile_r01_c02__actions__tile_r01_c02,linagliptin:FDA Special Warning on increased risk of CV mortality based on studies of an older sulfonylurea (tolbutamide); glimepiride shown to be CV safe (see text),b60775a957115c0214c0b54e76b831b66378bde8d7ee77c2b218cf3be4b98018,pending,,,,
p013-page-013-tile-r01-c02::page-013-tile-r01-c02-actions-tile-r01-c02::action::action-009,page_013_tile_r01_c02,13,action,page_013_tile_r01_c02__actions__tile_r01_c02,"linagliptin:Use with caution in individuals at risk for hypoglycemia, particularly if in combination with insulin",c0f061bd0ef619ce972f8dc4a698250723efc3d72f4a8557fe897154540215fa,pending,,,,
p013-page-013-tile-r01-c02::page-013-tile-r01-c02-actions-tile-r01-c02::action::action-010,page_013_tile_r01_c02,13,action,page_013_tile_r01_c02__actions__tile_r01_c02,linagliptin:Continued on p. S196,f89650ff902c99aea32630ddaa7f8b6325034e2666c1602e90731c69c1dbf295,pending,,,,
p013-page-013-tile-r02-c01::page-013-tile-r02-c01-actions-tile-r02-c01::action::action-001,page_013_tile_r02_c01,13,action,page_013_tile_r02_c01__actions__tile_r02_c01,DPP-4 inhibitors:No dose adjustment required for patients with moderate to severe renal impairment (except sitagliptin),4ec354ed0f8432cb3e2284363f228cb3494b9bb3da8c7849a5c706f7366d75f9,pending,,,,
p013-page-013-tile-r02-c02::page-013-tile-r02-c02-actions-tile-r02-c02::action::action-001,page_013_tile_r02_c02,13,action,page_013_tile_r02_c02__actions__tile_r02_c02,linagliptin:No dose adjustment required,c21c5f8489a188ef5ebe5160817ab969674ac3067de8aec06bfc875e4b1507cb,pending,,,,
p013-page-013-tile-r02-c02::page-013-tile-r02-c02-actions-tile-r02-c02::action::action-002,page_013_tile_r02_c02,13,action,page_013_tile_r02_c02__actions__tile_r02_c02,Glyburide:Not recommended,352dfe8506c68a518135c7a91c03fbbdcac2ced5b50eb9fd7e1d0c6828cafd6e,pending,,,,
p013-page-013-tile-r02-c02::page-013-tile-r02-c02-actions-tile-r02-c02::action::action-003,page_013_tile_r02_c02,13,action,page_013_tile_r02_c02__actions__tile_r02_c02,Glipizide:Initiate cautiously,a545f5c3b1f08d98d08cfedfaece43226b3d06264b5f19dd190942629f4981e0,pending,,,,
p013-page-013-tile-r02-c02::page-013-tile-r02-c02-structure-tile-r02-c02::edge::edge-001,page_013_tile_r02_c02,13,edge,page_013_tile_r02_c02__structure__tile_r02_c02,N1->N1_gain,19e1c0be8fa82b161d84f1e9f7bb3836da0765577b40444f3161a61f17163023,pending,,,,
p013-page-013-tile-r02-c02::page-013-tile-r02-c02-structure-tile-r02-c02::edge::edge-002,page_013_tile_r02_c02,13,edge,page_013_tile_r02_c02__structure__tile_r02_c02,N1->N1_neutral,a43e947492bc5241c4aa071086c8fb74b62ae33d4ff7cdfc070c8ce107302077,pending,,,,
p013-page-013-tile-r02-c02::page-013-tile-r02-c02-structure-tile-r02-c02::edge::edge-003,page_013_tile_r02_c02,13,edge,page_013_tile_r02_c02__structure__tile_r02_c02,N2->N2_gain,eb316643249ff59f5aa93f84dc67be16712095f0cad371ded3426581841f279f,pending,,,,
p013-page-013-tile-r02-c02::page-013-tile-r02-c02-structure-tile-r02-c02::edge::edge-004,page_013_tile_r02_c02,13,edge,page_013_tile_r02_c02__structure__tile_r02_c02,N2->N2_neutral,46806c25d2455d37aff661b9d0429b73987937b722453097686ed6612f70af0b,pending,,,,
p013-page-013-tile-r02-c02::page-013-tile-r02-c02-structure-tile-r02-c02::node::n1,page_013_tile_r02_c02,13,node,page_013_tile_r02_c02__structure__tile_r02_c02,N1,20fcc2be4709c74c1b134756fb3f8cf57ed462a5d2199bd3489116935f6d82ff,pending,,,,
p013-page-013-tile-r02-c02::page-013-tile-r02-c02-structure-tile-r02-c02::node::n2,page_013_tile_r02_c02,13,node,page_013_tile_r02_c02__structure__tile_r02_c02,N2,3171dbc01122a179c912da1cd50076cddd9f1e9230ef1e048b386bacb331942e,pending,,,,
p013-page-013-tile-r03-c01::page-013-tile-r03-c01-actions-table-92-continued::action::action-001,page_013_tile_r03_c01,13,action,page_013_tile_r03_c01__actions__table_92_continued,DPP-4 inhibitors (oral):Neutral effect on CV outcomes,389e35c4995888b363b5cb669569e3fde812b1b63d25b755f2dc6eec28646f23,pending,,,,
p013-page-013-tile-r03-c01::page-013-tile-r03-c01-actions-table-92-continued::action::action-002,page_013_tile_r03_c01,13,action,page_013_tile_r03_c01__actions__table_92_continued,Pioglitazone (oral):Increased CV risk,363893b4e27cbf4b152ed8a884e029c30cd484edaf58e0bb101725c86f063d5e,pending,,,,
p013-page-013-tile-r03-c02::page-013-tile-r03-c02-actions-tile-r03-c02::action::action-001,page_013_tile_r03_c02,13,action,page_013_tile_r03_c02__actions__tile_r03_c02,Pioglitazone (oral):High,946e5d7af18e910791d78ec1da753795ca2538f4ded81624f5522e6b2b109901,pending,,,,
p013-page-013-tile-r03-c02::page-013-tile-r03-c02-actions-tile-r03-c02::action::action-002,page_013_tile_r03_c02,13,action,page_013_tile_r03_c02__actions__tile_r03_c02,Sulfonylureas (2nd generation) (oral):High,775b92618d9605f2758718276f4b30bbbf41d14e227ea52a7970af5b357a00d5,pending,,,,
p013-page-013-tile-r03-c02::page-013-tile-r03-c02-structure-tile-r03-c02::node::pioglitazone-oral,page_013_tile_r03_c02,13,node,page_013_tile_r03_c02__structure__tile_r03_c02,Pioglitazone_oral,84b60a4aa468bc66ae037d67f9fe13510f320fa1f8bb9f1967ba2bf19ada3d45,pending,,,,
p013-page-013-tile-r03-c02::page-013-tile-r03-c02-structure-tile-r03-c02::node::sulfonylureas-2nd-gen-oral,page_013_tile_r03_c02,13,node,page_013_tile_r03_c02__structure__tile_r03_c02,Sulfonylureas_2nd_gen_oral,c4e5f17433b7730459ec9225de578dcf207d5c0f5563db0cf12a9803f365b0d4,pending,,,,
p014-page-014-tile-r01-c01::page-014-tile-r01-c01-actions-tile-r01-c01::action::action-001,page_014_tile_r01_c01,14,action,page_014_tile_r01_c01__actions__tile_r01_c01,Insulin:Lower insulin doses required with a decrease in eGFR; titrate per clinical response.,a529bf0cfccf8f137ce676164cf7ff38ea98ee79d3c7f1d477cea58489590e5d,pending,,,,
p014-page-014-tile-r01-c01::page-014-tile-r01-c01-actions-tile-r01-c01::action::action-002,page_014_tile_r01_c01,14,action,page_014_tile_r01_c01__actions__tile_r01_c01,Insulin:Injection site reactions: Higher risk of hypoglycemia with human insulin (NPH or premixed formulations) vs. analogs.,e06081dc295a7cc78565396a433c89a2ffca7e7b0fa1e3352d80e85c1b2da54e,pending,,,,
p014-page-014-tile-r01-c01::page-014-tile-r01-c01-actions-tile-r01-c01::action::action-003,page_014_tile_r01_c01,14,action,page_014_tile_r01_c01__actions__tile_r01_c01,Insulin:Risk of hypoglycemia and duration of activity increases with severity of impaired kidney function.,0b3375e91d0b8c937d7ab2c03303a39d11a33493aa18d5229ad1b62dfb3e30ae,pending,,,,
p014-page-014-tile-r01-c01::page-014-tile-r01-c01-actions-tile-r01-c01::action::action-004,page_014_tile_r01_c01,14,action,page_014_tile_r01_c01__actions__tile_r01_c01,"Insulin:Refer to device-specific instructions for insulins compatible with different delivery systems (i.e., pumps, connected insulin pens, insulin patches).",7ea8f5469bc56edc8b50df79dc40306edfbf55acf853b9cb65d5030831bc033a,pending,,,,
p014-page-014-tile-r01-c01::page-014-tile-r01-c01-actions-tile-r01-c01::action::action-005,page_014_tile_r01_c01,14,action,page_014_tile_r01_c01__actions__tile_r01_c01,Insulin:MASH effects: Unknown.,8db511485e5cde655416bf4ff30baddb4aa785e577846ea117a0c32b83babb25,pending,,,,
p014-page-014-tile-r01-c01::page-014-tile-r01-c01-actions-tile-r01-c01::action::action-006,page_014_tile_r01_c01,14,action,page_014_tile_r01_c01__actions__tile_r01_c01,"Insulin:FDA, U.S. Food and Drug Administration; GL, gastro-oesophageal reflux disease (GERD); MACE, major adverse cardiovascular events; MASH, metabolic dysfunction-associated steatotic liver disease.",620110993442d20e7bd64ab8768d8f235e2697752b44f32b3176d2b80bfe1b53,pending,,,,
p014-page-014-tile-r01-c01::page-014-tile-r01-c01-actions-tile-r01-c01::footnote::footnote-001,page_014_tile_r01_c01,14,footnote,page_014_tile_r01_c01__actions__tile_r01_c01,"*For agent-specific dosing recommendations, please refer to manufacturers' sites.",21fcf08cc240dc54c36fc2b3032d361172a0521bbeebd1f37115127b638a6f38,pending,,,,
p014-page-014-tile-r01-c02::page-014-tile-r01-c02-actions-page-014-tile-r01-c02::action::action-001,page_014_tile_r01_c02,14,action,page_014_tile_r01_c02__actions__page_014_tile_r01_c02,":treatment plan should include agents that reduce cardiovascular and kidney disease risk (Fig. 9.4 and Table 9.2) (see also section 10, “Cardiovascular Disease and Risk Management,” and section 11, “Chronic Kidney Disease and Risk Management”).",10dd0ecaec8022bfaf63768b549629938f20c6cdee64d54938a94b0fee8cfa73,pending,,,,
p014-page-014-tile-r01-c02::page-014-tile-r01-c02-actions-page-014-tile-r01-c02::action::action-002,page_014_tile_r01_c02,14,action,page_014_tile_r01_c02__actions__page_014_tile_r01_c02,":In individuals without ASCVD, HF, or CKD, choice of therapy should be informed by considerations of weight management (see section 8, “Obesity and Weight Management for the Prevention and Treatment of Diabetes”), mitigation of metabolic dysfunction-associated steatotic liver disease (MASLD) or metabolic dysfunction-associated steatohepatitis (MASH) risk (see section 4, “Comprehensive Medical Evaluation and Assessment of Comorbidities”), and achievement and maintenance of individualized glycemic goals.",8f9422902d5759f3d5e8da2f060ed43a61ee880911dd1f543e15283a087156f7,pending,,,,
p014-page-014-tile-r01-c02::page-014-tile-r01-c02-actions-page-014-tile-r01-c02::action::action-003,page_014_tile_r01_c02,14,action,page_014_tile_r01_c02__actions__page_014_tile_r01_c02,":In general, higher-efficacy approaches, including combination therapy, have greater likelihood of achieving treatment goals.",cc2773a355cffbb6df14ed6b43115154f26912bf540aaddb1abddde24ac210d2,pending,,,,
p014-page-014-tile-r01-c02::page-014-tile-r01-c02-actions-page-014-tile-r01-c02::action::action-004,page_014_tile_r01_c02,14,action,page_014_tile_r01_c02__actions__page_014_tile_r01_c02,":Weight management is a distinct treatment goal, along with glycemic management.",d2febb4fbe959ff5dd9d92c906c740e3bcb550fdd0ee3e767cc5f12f146595d8,pending,,,,
p014-page-014-tile-r01-c02::page-014-tile-r01-c02-structure-tile-r01-c02::node::n1,page_014_tile_r01_c02,14,node,page_014_tile_r01_c02__structure__tile_r01_c02,n1,d7de43f7bab3b61d49972d47df0d32d106006cc7f0c1bf25dab639f31cd10d2f,pending,,,,
p014-page-014-tile-r02-c01::page-014-tile-r02-c01-actions-tile-r02-c01::action::action-001,page_014_tile_r02_c01,14,action,page_014_tile_r02_c01__actions__tile_r02_c01,:Lower insulin required when using SGLT2 inhibitors,5d544e4b0f78b271a9e529d2ceb061e48bb6173a1e04c92a3c7698ac7c3f733d,pending,,,,
p014-page-014-tile-r02-c02::page-014-tile-r02-c02-actions-page-014-tile-r02-c02::action::action-001,page_014_tile_r02_c02,14,action,page_014_tile_r02_c02__actions__page_014_tile_r02_c02,Metformin:First-line therapy for glucose lowering in T2D,fd1b63478cde6c2faf0fd3e66c8b48e02d84063e872626d87a0ba18b829873e9,pending,,,,
p014-page-014-tile-r02-c02::page-014-tile-r02-c02-structure-tile-r02-c02::node::n1,page_014_tile_r02_c02,14,node,page_014_tile_r02_c02__structure__tile_r02_c02,N1,a284dd32e0ff5c861d9999c74595ebf82372e4251b83c96b38d1305694aa956a,pending,,,,
p014-page-014-tile-r03-c01::page-014-tile-r03-c01-actions-table-92-continued::action::action-001,page_014_tile_r03_c01,14,action,page_014_tile_r03_c01__actions__table_92_continued,Insulin (human):Glucose-lowering efficacy,7a5f62becf61f2e8a339909709a05e346786f693d481d4e4c797c2c393c04490,pending,,,,
p014-page-014-tile-r03-c01::page-014-tile-r03-c01-actions-table-92-continued::action::action-002,page_014_tile_r03_c01,14,action,page_014_tile_r03_c01__actions__table_92_continued,Insulin (analogs):Glucose-lowering efficacy,d98044b75923f9f1bbf0a994bb2bcceb7083b8f8b64e49a98c6adeaaf04e208d,pending,,,,
p014-page-014-tile-r03-c01::page-014-tile-r03-c01-actions-table-92-continued::footnote::footnote-001,page_014_tile_r03_c01,14,footnote,page_014_tile_r03_c01__actions__table_92_continued,1,884af46ed3bdcf96d29ec98f90559a30cac409094df8837057180b2f39a56baa,pending,,,,
p014-page-014-tile-r03-c01::page-014-tile-r03-c01-actions-table-92-continued::footnote::footnote-002,page_014_tile_r03_c01,14,footnote,page_014_tile_r03_c01__actions__table_92_continued,2,940a6314f566c067250d28a79122c903ae5956b4a3d3a3390d3209121b36edbe,pending,,,,
p014-page-014-tile-r03-c02::page-014-tile-r03-c02-actions-tile-r03-c02::action::action-001,page_014_tile_r03_c02,14,action,page_014_tile_r03_c02__actions__tile_r03_c02,Metformin:First-line therapy to achieve and/or maintain individualized glycemic goals,571d445416fad1536800399353c89fb8b3b4e3a451580bf32f6aad8173714145,pending,,,,
p014-page-014-tile-r03-c02::page-014-tile-r03-c02-actions-tile-r03-c02::action::action-002,page_014_tile_r03_c02,14,action,page_014_tile_r03_c02__actions__tile_r03_c02,"Metformin:Compared with sulfonylureas, as first-line therapy",5275e7895c2bb1625f23235cb773cd70e5a8287468106d46cccb1b74f6b22d3f,pending,,,,
p014-page-014-tile-r03-c02::page-014-tile-r03-c02-actions-tile-r03-c02::action::action-003,page_014_tile_r03_c02,14,action,page_014_tile_r03_c02__actions__tile_r03_c02,"Metformin:Compared with dipeptidyl peptidase 4 (DPP-4) inhibitors, as monotherapy",e0f44fac9068c3ead1b5386eba1c0b9c512b565ad70544090ed881961edb3c13,pending,,,,
p014-page-014-tile-r03-c02::page-014-tile-r03-c02-structure-tile-r03-c02::edge::edge-001,page_014_tile_r03_c02,14,edge,page_014_tile_r03_c02__structure__tile_r03_c02,N1->N2,578f79b8f6014d27a5bcf0b1956364081ea7df1d2720f3df38e5ceacbba196b8,pending,,,,
p014-page-014-tile-r03-c02::page-014-tile-r03-c02-structure-tile-r03-c02::edge::edge-002,page_014_tile_r03_c02,14,edge,page_014_tile_r03_c02__structure__tile_r03_c02,N1->N3,977000e8fdef16dceeedcdb90385f5503537c4028330b1f69b25badd94cae727,pending,,,,
p014-page-014-tile-r03-c02::page-014-tile-r03-c02-structure-tile-r03-c02::edge::edge-003,page_014_tile_r03_c02,14,edge,page_014_tile_r03_c02__structure__tile_r03_c02,N1->N4,c88a7c0dfe6dd8bb4866f55e59bf4a70a2c44f36fce8224d91f3828a366a65dc,pending,,,,
p014-page-014-tile-r03-c02::page-014-tile-r03-c02-structure-tile-r03-c02::node::n1,page_014_tile_r03_c02,14,node,page_014_tile_r03_c02__structure__tile_r03_c02,N1,5c7ccbd8f8180705964777560c08300ca423a6e8a6d720700eeec74c0831e521,pending,,,,
p016-page-016-tile-r01-c01::page-016-tile-r01-c01-actions-s198-patient-treatment-flow::action::action-001,page_016_tile_r01_c01,16,action,page_016_tile_r01_c01__actions__S198_PATIENT_TREATMENT_FLOW,GLP-1 RA or dual GIP and GLP-1 RA:Consider in most individuals prior to insulin,cd442d952d1c2cfa3f4816c19836552a640d9a3b6f760d0112fdce773273309a,approved,Jiayi Wei,2026-09-01T01:13:35+00:00,,Figure 9.5 logic verified: clinically supported injectable-therapy action for T2D intensification.
p016-page-016-tile-r01-c01::page-016-tile-r01-c01-actions-s198-patient-treatment-flow::action::action-002,page_016_tile_r01_c01,16,action,page_016_tile_r01_c01__actions__S198_PATIENT_TREATMENT_FLOW,Basal Insulin (basal analog or bedtime NPH insulin):Initiation and titration,a4e1ef765106fb27daf8a3acb919b9f691438d2c9e0a3159c75daf7bfda15358,approved,Jiayi Wei,2026-09-01T01:13:35+00:00,,Figure 9.5 logic verified: clinically supported injectable-therapy action for T2D intensification.
p016-page-016-tile-r01-c01::page-016-tile-r01-c01-structure-tile-01::edge::edge-001,page_016_tile_r01_c01,16,edge,page_016_tile_r01_c01__structure__tile_01,n0->n1,09846a1c9b07a62688f133acfb5d95d607780eb3ca8ddb7f2863d9bfc73920f0,corrections_required,Jiayi Wei,2026-09-01T01:13:35+00:00,"{""needs_arrow_path_validation"": true, ""figure"": ""Figure 9.5""}","Needs structured cleanup: arrow relationship is broadly source-supported, but cross-tile/duplicate graph reconstruction should be normalized before use."
p016-page-016-tile-r01-c01::page-016-tile-r01-c01-structure-tile-01::edge::edge-002,page_016_tile_r01_c01,16,edge,page_016_tile_r01_c01__structure__tile_01,n1->n2,afbaadd3384e091c295604bc2f51a046b2a276c022eaf9643a8b0f9d3857916c,corrections_required,Jiayi Wei,2026-09-01T01:13:35+00:00,"{""needs_arrow_path_validation"": true, ""figure"": ""Figure 9.5""}","Needs structured cleanup: arrow relationship is broadly source-supported, but cross-tile/duplicate graph reconstruction should be normalized before use."
p016-page-016-tile-r01-c01::page-016-tile-r01-c01-structure-tile-01::edge::edge-003,page_016_tile_r01_c01,16,edge,page_016_tile_r01_c01__structure__tile_01,n2->n3,47996b1bd2a072eae3e50125f0d7a454e0ea63120c1ecdfef7d38b0b29268d4e,corrections_required,Jiayi Wei,2026-09-01T01:13:35+00:00,"{""needs_arrow_path_validation"": true, ""figure"": ""Figure 9.5""}","Needs structured cleanup: arrow relationship is broadly source-supported, but cross-tile/duplicate graph reconstruction should be normalized before use."
p016-page-016-tile-r01-c01::page-016-tile-r01-c01-structure-tile-01::edge::edge-004,page_016_tile_r01_c01,16,edge,page_016_tile_r01_c01__structure__tile_01,n3->n4,31529b22f69020942f2b2f434bf4f9e3f79b5ec87564a27059d8a2ea6faf7978,corrections_required,Jiayi Wei,2026-09-01T01:13:35+00:00,"{""needs_arrow_path_validation"": true, ""figure"": ""Figure 9.5""}","Needs structured cleanup: arrow relationship is broadly source-supported, but cross-tile/duplicate graph reconstruction should be normalized before use."
p016-page-016-tile-r01-c01::page-016-tile-r01-c01-structure-tile-01::edge::edge-005,page_016_tile_r01_c01,16,edge,page_016_tile_r01_c01__structure__tile_01,n4->n5,1edabdde43e56ca75e5a5ea349dd2301a3537184433c21ca69babed9da6d72b8,corrections_required,Jiayi Wei,2026-09-01T01:13:35+00:00,"{""needs_arrow_path_validation"": true, ""figure"": ""Figure 9.5""}","Needs structured cleanup: arrow relationship is broadly source-supported, but cross-tile/duplicate graph reconstruction should be normalized before use."
p016-page-016-tile-r01-c01::page-016-tile-r01-c01-structure-tile-01::edge::edge-006,page_016_tile_r01_c01,16,edge,page_016_tile_r01_c01__structure__tile_01,n5->n6,dfe74f7c7ed6c5df7b23157fe834301f12e4e4931c930524a07c475485fdf854,corrections_required,Jiayi Wei,2026-09-01T01:13:35+00:00,"{""needs_arrow_path_validation"": true, ""figure"": ""Figure 9.5""}","Needs structured cleanup: arrow relationship is broadly source-supported, but cross-tile/duplicate graph reconstruction should be normalized before use."
p016-page-016-tile-r01-c01::page-016-tile-r01-c01-structure-tile-01::node::n0,page_016_tile_r01_c01,16,node,page_016_tile_r01_c01__structure__tile_01,n0,c633713f18ef3695982f457b26d01547ce0063665d177dc8adcbb4ced87dab9e,corrections_required,Jiayi Wei,2026-09-01T01:13:35+00:00,"{""needs_normalized_decision_node"": true, ""figure"": ""Figure 9.5""}","Needs structured cleanup: source concept is present, but node text is fragmented or should be normalized before use in an executable decision tree."
p016-page-016-tile-r01-c01::page-016-tile-r01-c01-structure-tile-01::node::n1,page_016_tile_r01_c01,16,node,page_016_tile_r01_c01__structure__tile_01,n1,27626113dd3fbe208b75a19d2741176df7fa69e6eff80fba29eb3c78478fef5f,corrections_required,Jiayi Wei,2026-09-01T01:13:35+00:00,"{""needs_normalized_decision_node"": true, ""figure"": ""Figure 9.5""}","Needs structured cleanup: source concept is present, but node text is fragmented or should be normalized before use in an executable decision tree."
p016-page-016-tile-r01-c01::page-016-tile-r01-c01-structure-tile-01::node::n2,page_016_tile_r01_c01,16,node,page_016_tile_r01_c01__structure__tile_01,n2,a50c94645e5cf04fbef6a6564d5d42c667b571a7fe265a4183ed5aeb61bc3dbd,corrections_required,Jiayi Wei,2026-09-01T01:13:35+00:00,"{""needs_normalized_decision_node"": true, ""figure"": ""Figure 9.5""}","Needs structured cleanup: source concept is present, but node text is fragmented or should be normalized before use in an executable decision tree."
p016-page-016-tile-r01-c01::page-016-tile-r01-c01-structure-tile-01::node::n3,page_016_tile_r01_c01,16,node,page_016_tile_r01_c01__structure__tile_01,n3,c71a3b4a0c4ddecc06387273c924e994707fa3623c731686dbdfbf7e5928df12,corrections_required,Jiayi Wei,2026-09-01T01:13:35+00:00,"{""needs_normalized_decision_node"": true, ""figure"": ""Figure 9.5""}","Needs structured cleanup: source concept is present, but node text is fragmented or should be normalized before use in an executable decision tree."
p016-page-016-tile-r01-c01::page-016-tile-r01-c01-structure-tile-01::node::n4,page_016_tile_r01_c01,16,node,page_016_tile_r01_c01__structure__tile_01,n4,6cd7059f01675b6dff721348e413efb8007fbc9592e733b86c6251c8559168e8,corrections_required,Jiayi Wei,2026-09-01T01:13:35+00:00,"{""needs_normalized_decision_node"": true, ""figure"": ""Figure 9.5""}","Needs structured cleanup: source concept is present, but node text is fragmented or should be normalized before use in an executable decision tree."
p016-page-016-tile-r01-c01::page-016-tile-r01-c01-structure-tile-01::node::n5,page_016_tile_r01_c01,16,node,page_016_tile_r01_c01__structure__tile_01,n5,a8d0eab82fa14a4cf1aa5bcf1b5bb95f4059bfbdc91d398def0a51ff4401e36b,corrections_required,Jiayi Wei,2026-09-01T01:13:35+00:00,"{""needs_normalized_decision_node"": true, ""figure"": ""Figure 9.5""}","Needs structured cleanup: source concept is present, but node text is fragmented or should be normalized before use in an executable decision tree."
p016-page-016-tile-r01-c01::page-016-tile-r01-c01-structure-tile-01::node::n6,page_016_tile_r01_c01,16,node,page_016_tile_r01_c01__structure__tile_01,n6,0fe7a2620ddb3e805e146f635648ba9e7544ad3d9a5498f2ddafdcff41c88535,corrections_required,Jiayi Wei,2026-09-01T01:13:35+00:00,"{""needs_normalized_decision_node"": true, ""figure"": ""Figure 9.5""}","Needs structured cleanup: source concept is present, but node text is fragmented or should be normalized before use in an executable decision tree."
p016-page-016-tile-r01-c02::page-016-tile-r01-c02-actions-tile-r01-c02::action::action-001,page_016_tile_r01_c02,16,action,page_016_tile_r01_c02__actions__tile_r01_c02,GLP-1 RA:Initiate GLP-1 RA in most individuals prior to insulin,34c0d74127867db4d4ae9f6e74eed13751b4a5dab83b3f9a9a55d35e28f19f1e,approved,Jiayi Wei,2026-09-01T01:13:35+00:00,,Figure 9.5 logic verified: clinically supported injectable-therapy action for T2D intensification.
p016-page-016-tile-r01-c02::page-016-tile-r01-c02-actions-tile-r01-c02::action::action-002,page_016_tile_r01_c02,16,action,page_016_tile_r01_c02__actions__tile_r01_c02,Basal Insulin:Add basal insulin,4b3faf6a63941e88a1632d75040f5ee091c5d67c8277dffc11fa6416682bc23f,approved,Jiayi Wei,2026-09-01T01:13:35+00:00,,Figure 9.5 logic verified: clinically supported injectable-therapy action for T2D intensification.
p016-page-016-tile-r01-c02::page-016-tile-r01-c02-actions-tile-r01-c02::action::action-003,page_016_tile_r01_c02,16,action,page_016_tile_r01_c02__actions__tile_r01_c02,Basal Analogs or NPH Insulin:Use basal analog or bedtime NPH insulin,23884d0d30e2611a772aff660f8029f85c387c47baba191fb1a4b34e5b2b1554,approved,Jiayi Wei,2026-09-01T01:13:35+00:00,,Figure 9.5 logic verified: clinically supported injectable-therapy action for T2D intensification.
p016-page-016-tile-r01-c02::page-016-tile-r01-c02-actions-tile-r01-c02::action::action-004,page_016_tile_r01_c02,16,action,page_016_tile_r01_c02__actions__tile_r01_c02,Insulin Dose Adjustment:Adjust insulin dose at every visit,6b6424d3d8188ef43274fd29adc40f55e4c13f712b00698549a88177c52dff25,approved,Jiayi Wei,2026-09-01T01:13:35+00:00,,Figure 9.5 logic verified: clinically supported injectable-therapy action for T2D intensification.
p016-page-016-tile-r01-c02::page-016-tile-r01-c02-structure-tile-r01-c02::edge::edge-001,page_016_tile_r01_c02,16,edge,page_016_tile_r01_c02__structure__tile_r01_c02,N1->N2,d0f169430b6ebb7d6ddf368ca03dea23d18f68ad5beda47b3fd009e662425ebe,corrections_required,Jiayi Wei,2026-09-01T01:13:35+00:00,"{""needs_arrow_path_validation"": true, ""figure"": ""Figure 9.5""}","Needs structured cleanup: arrow relationship is broadly source-supported, but cross-tile/duplicate graph reconstruction should be normalized before use."
p016-page-016-tile-r01-c02::page-016-tile-r01-c02-structure-tile-r01-c02::edge::edge-002,page_016_tile_r01_c02,16,edge,page_016_tile_r01_c02__structure__tile_r01_c02,N2->N3,e8655a6e74fcabeb4d3b83095781e61d774c11a2d7e3cef5bb58507e64fb92c9,corrections_required,Jiayi Wei,2026-09-01T01:13:35+00:00,"{""needs_arrow_path_validation"": true, ""figure"": ""Figure 9.5""}","Needs structured cleanup: arrow relationship is broadly source-supported, but cross-tile/duplicate graph reconstruction should be normalized before use."
p016-page-016-tile-r01-c02::page-016-tile-r01-c02-structure-tile-r01-c02::edge::edge-003,page_016_tile_r01_c02,16,edge,page_016_tile_r01_c02__structure__tile_r01_c02,N3->N4,227700509f9f5ebda829c6e799336067b6d123cf3bad2d6c52ad1d2ae2370b9d,corrections_required,Jiayi Wei,2026-09-01T01:13:35+00:00,"{""needs_arrow_path_validation"": true, ""figure"": ""Figure 9.5""}","Needs structured cleanup: arrow relationship is broadly source-supported, but cross-tile/duplicate graph reconstruction should be normalized before use."
p016-page-016-tile-r01-c02::page-016-tile-r01-c02-structure-tile-r01-c02::edge::edge-004,page_016_tile_r01_c02,16,edge,page_016_tile_r01_c02__structure__tile_r01_c02,N4->N5,72b143a7c41e6c9f128768cd218a1b0263a60822bd92969d96fd21f62fd26370,corrections_required,Jiayi Wei,2026-09-01T01:13:35+00:00,"{""needs_arrow_path_validation"": true, ""figure"": ""Figure 9.5""}","Needs structured cleanup: arrow relationship is broadly source-supported, but cross-tile/duplicate graph reconstruction should be normalized before use."
p016-page-016-tile-r01-c02::page-016-tile-r01-c02-structure-tile-r01-c02::edge::edge-005,page_016_tile_r01_c02,16,edge,page_016_tile_r01_c02__structure__tile_r01_c02,N5->N6,272ac3a213e6d3e468d3a9fb95ce54a4a4a1d88bba42dea274ae0709e9b98235,corrections_required,Jiayi Wei,2026-09-01T01:13:35+00:00,"{""needs_arrow_path_validation"": true, ""figure"": ""Figure 9.5""}","Needs structured cleanup: arrow relationship is broadly source-supported, but cross-tile/duplicate graph reconstruction should be normalized before use."
p016-page-016-tile-r01-c02::page-016-tile-r01-c02-structure-tile-r01-c02::node::n1,page_016_tile_r01_c02,16,node,page_016_tile_r01_c02__structure__tile_r01_c02,N1,7d2fa40c39ed0c0a0b73797ad3fd9c13351d5d6f448154ec9c1a351d1c735d3f,corrections_required,Jiayi Wei,2026-09-01T01:13:35+00:00,"{""needs_normalized_decision_node"": true, ""figure"": ""Figure 9.5""}","Needs structured cleanup: source concept is present, but node text is fragmented or should be normalized before use in an executable decision tree."
p016-page-016-tile-r01-c02::page-016-tile-r01-c02-structure-tile-r01-c02::node::n2,page_016_tile_r01_c02,16,node,page_016_tile_r01_c02__structure__tile_r01_c02,N2,0dda7eab27e0e1dd11cbd3a4ca14fcf501bcb019579ca450f6f086339f09ee6d,corrections_required,Jiayi Wei,2026-09-01T01:13:35+00:00,"{""needs_normalized_decision_node"": true, ""figure"": ""Figure 9.5""}","Needs structured cleanup: source concept is present, but node text is fragmented or should be normalized before use in an executable decision tree."
p016-page-016-tile-r01-c02::page-016-tile-r01-c02-structure-tile-r01-c02::node::n3,page_016_tile_r01_c02,16,node,page_016_tile_r01_c02__structure__tile_r01_c02,N3,90598aa8fcbcac3602b2b9032847020a768058bd47603b30f55bcd8078fd0e78,corrections_required,Jiayi Wei,2026-09-01T01:13:35+00:00,"{""needs_normalized_decision_node"": true, ""figure"": ""Figure 9.5""}","Needs structured cleanup: source concept is present, but node text is fragmented or should be normalized before use in an executable decision tree."
p016-page-016-tile-r01-c02::page-016-tile-r01-c02-structure-tile-r01-c02::node::n4,page_016_tile_r01_c02,16,node,page_016_tile_r01_c02__structure__tile_r01_c02,N4,33f840c8d1728318cb86828bc78e276b11d0d2f70f09b0a7b8791a912b398213,corrections_required,Jiayi Wei,2026-09-01T01:13:35+00:00,"{""needs_normalized_decision_node"": true, ""figure"": ""Figure 9.5""}","Needs structured cleanup: source concept is present, but node text is fragmented or should be normalized before use in an executable decision tree."
p016-page-016-tile-r01-c02::page-016-tile-r01-c02-structure-tile-r01-c02::node::n5,page_016_tile_r01_c02,16,node,page_016_tile_r01_c02__structure__tile_r01_c02,N5,3a29fef2d7beac39337dc68ab67787eb22cf652a6ed7ffc53ad60ada6f0fcc44,corrections_required,Jiayi Wei,2026-09-01T01:13:35+00:00,"{""needs_normalized_decision_node"": true, ""figure"": ""Figure 9.5""}","Needs structured cleanup: source concept is present, but node text is fragmented or should be normalized before use in an executable decision tree."
p016-page-016-tile-r01-c02::page-016-tile-r01-c02-structure-tile-r01-c02::node::n6,page_016_tile_r01_c02,16,node,page_016_tile_r01_c02__structure__tile_r01_c02,N6,40bbb5e6ce403797a9d81a00cb1a1c02146ae213a03d9501bbee309a8d6b7d33,corrections_required,Jiayi Wei,2026-09-01T01:13:35+00:00,"{""needs_normalized_decision_node"": true, ""figure"": ""Figure 9.5""}","Needs structured cleanup: source concept is present, but node text is fragmented or should be normalized before use in an executable decision tree."
p016-page-016-tile-r02-c01::page-016-tile-r02-c01-actions-asset-page-016-tile-r02-c01::action::action-001,page_016_tile_r02_c01,16,action,page_016_tile_r02_c01__actions__asset_page_016_tile_r02_c01,Insulin:Initiation and titration of prandial insulin,e219e88427c453a605bcf3226cebe2a0339b333e9a80db39f6ac8d4c05fe36c6,approved,Jiayi Wei,2026-09-01T01:13:35+00:00,,Figure 9.5 logic verified: clinically supported injectable-therapy action for T2D intensification.
p016-page-016-tile-r02-c01::page-016-tile-r02-c01-actions-asset-page-016-tile-r02-c01::action::action-002,page_016_tile_r02_c01,16,action,page_016_tile_r02_c01__actions__asset_page_016_tile_r02_c01,GLP-1 Receptor Agonists (GLP-1 RA):Consider these classes in combination and with insulin,549fe737e2c7b7b4e29fd44d88f7896f30920821a90f35ac53b0e150ec6f5d3c,approved,Jiayi Wei,2026-09-01T01:13:35+00:00,,Figure 9.5 logic verified: clinically supported injectable-therapy action for T2D intensification.
p016-page-016-tile-r02-c01::page-016-tile-r02-c01-actions-asset-page-016-tile-r02-c01::action::action-003,page_016_tile_r02_c01,16,action,page_016_tile_r02_c01__actions__asset_page_016_tile_r02_c01,Insulin (NPH and short/rapid-acting):Consider self-mixed/split insulin plan,699be6643f7f0ceeeffece9bf75835420580a49b15f08018db00ee74dad5cf6c,approved,Jiayi Wei,2026-09-01T01:13:35+00:00,,Figure 9.5 logic verified: clinically supported injectable-therapy action for T2D intensification.
p016-page-016-tile-r02-c01::page-016-tile-r02-c01-actions-asset-page-016-tile-r02-c01::action::action-004,page_016_tile_r02_c01,16,action,page_016_tile_r02_c01__actions__asset_page_016_tile_r02_c01,Insulin (basal and prandial):Proceed to full basal-bolus plan,15901f202097d98da372b74067e9b72676065b3869cfe0305de0b87f1b55f416,approved,Jiayi Wei,2026-09-01T01:13:35+00:00,,Figure 9.5 logic verified: clinically supported injectable-therapy action for T2D intensification.
p016-page-016-tile-r02-c01::page-016-tile-r02-c01-structure-tile-r02-c01::edge::edge-001,page_016_tile_r02_c01,16,edge,page_016_tile_r02_c01__structure__tile_r02_c01,n01->n02,04e4fd5daec44d09626c5155f0bb5d6e4dc2ea026f50b9133c48b08a64249301,corrections_required,Jiayi Wei,2026-09-01T01:13:35+00:00,"{""needs_arrow_path_validation"": true, ""figure"": ""Figure 9.5""}","Needs structured cleanup: arrow relationship is broadly source-supported, but cross-tile/duplicate graph reconstruction should be normalized before use."
p016-page-016-tile-r02-c01::page-016-tile-r02-c01-structure-tile-r02-c01::edge::edge-002,page_016_tile_r02_c01,16,edge,page_016_tile_r02_c01__structure__tile_r02_c01,n02->n03,d031f34f9d7c801ed9ae04404b93fdb3c2cd44b736615d7f922452900c7dfc81,corrections_required,Jiayi Wei,2026-09-01T01:13:35+00:00,"{""needs_arrow_path_validation"": true, ""figure"": ""Figure 9.5""}","Needs structured cleanup: arrow relationship is broadly source-supported, but cross-tile/duplicate graph reconstruction should be normalized before use."
p016-page-016-tile-r02-c01::page-016-tile-r02-c01-structure-tile-r02-c01::node::n01,page_016_tile_r02_c01,16,node,page_016_tile_r02_c01__structure__tile_r02_c01,n01,59b2fef06d0e2e026c0a1a6af7210aaaea72057b81c4c17a8fb2523b5f75cf8f,corrections_required,Jiayi Wei,2026-09-01T01:13:35+00:00,"{""needs_normalized_decision_node"": true, ""figure"": ""Figure 9.5""}","Needs structured cleanup: source concept is present, but node text is fragmented or should be normalized before use in an executable decision tree."
p016-page-016-tile-r02-c01::page-016-tile-r02-c01-structure-tile-r02-c01::node::n02,page_016_tile_r02_c01,16,node,page_016_tile_r02_c01__structure__tile_r02_c01,n02,bcb44b4c5dcf580a5b1c3c62efd82c7d8e9329b09275073add606ac2330f8803,corrections_required,Jiayi Wei,2026-09-01T01:13:35+00:00,"{""needs_normalized_decision_node"": true, ""figure"": ""Figure 9.5""}","Needs structured cleanup: source concept is present, but node text is fragmented or should be normalized before use in an executable decision tree."
p016-page-016-tile-r02-c01::page-016-tile-r02-c01-structure-tile-r02-c01::node::n03,page_016_tile_r02_c01,16,node,page_016_tile_r02_c01__structure__tile_r02_c01,n03,65165507ec89c967c9ccd0e650b5e167c706d74d2321ddbe229508ebc4fbefc6,corrections_required,Jiayi Wei,2026-09-01T01:13:35+00:00,"{""needs_normalized_decision_node"": true, ""figure"": ""Figure 9.5""}","Needs structured cleanup: source concept is present, but node text is fragmented or should be normalized before use in an executable decision tree."
p016-page-016-tile-r02-c02::page-016-tile-r02-c02-actions-tile-r02-c02::action::action-001,page_016_tile_r02_c02,16,action,page_016_tile_r02_c02__actions__tile_r02_c02,insulin:titrate dose at every visit,6329f2601ee17ff90e3ef08241dc3eda6e2c2cbb4d44136a4d6473c3bca96202,rejected,Jiayi Wei,2026-09-01T01:13:35+00:00,,"Rejected for Figure 9.5 review: duplicate, cropped, non-standalone, or unreliable extraction not suitable as an approved rule record."
p016-page-016-tile-r02-c02::page-016-tile-r02-c02-actions-tile-r02-c02::action::action-002,page_016_tile_r02_c02,16,action,page_016_tile_r02_c02__actions__tile_r02_c02,GLP-1 RA or dual GIP and GLP-1 RA:add with insulin,9f7256d0abc8becd2730e38ea1593e4874adeef7041cf2fffcf853bd17b430ff,rejected,Jiayi Wei,2026-09-01T01:13:35+00:00,,"Rejected for Figure 9.5 review: duplicate, cropped, non-standalone, or unreliable extraction not suitable as an approved rule record."
p016-page-016-tile-r02-c02::page-016-tile-r02-c02-actions-tile-r02-c02::action::action-003,page_016_tile_r02_c02,16,action,page_016_tile_r02_c02__actions__tile_r02_c02,prandial insulin:titrate prandial insulin dose,ad0c37561dd7fe63ab5969d54a8a1acc3f3c62d7275b7ad7c0cb38a0a3add84b,rejected,Jiayi Wei,2026-09-01T01:13:35+00:00,,"Rejected for Figure 9.5 review: duplicate, cropped, non-standalone, or unreliable extraction not suitable as an approved rule record."
p016-page-016-tile-r02-c02::page-016-tile-r02-c02-actions-tile-r02-c02::action::action-004,page_016_tile_r02_c02,16,action,page_016_tile_r02_c02__actions__tile_r02_c02,bedtime NPH:convert to twice-daily NPH plan,a50e083804cc1cbe4867d9d4dbc443d2266d6bdc4b5c70ae86c4d75ccd052a3f,approved,Jiayi Wei,2026-09-01T01:13:35+00:00,,Figure 9.5 logic verified: clinically supported injectable-therapy action for T2D intensification.
p016-page-016-tile-r02-c02::page-016-tile-r02-c02-actions-tile-r02-c02::action::action-005,page_016_tile_r02_c02,16,action,page_016_tile_r02_c02__actions__tile_r02_c02,self-mixed/split insulin plan:consider self-mixed/split insulin plan,2ace30a01904ac4b9242d5446e0421833ff5ab30de09c82e34d7b1fb53a6aaf8,approved,Jiayi Wei,2026-09-01T01:13:35+00:00,,Figure 9.5 logic verified: clinically supported injectable-therapy action for T2D intensification.
p016-page-016-tile-r02-c02::page-016-tile-r02-c02-actions-tile-r02-c02::action::action-006,page_016_tile_r02_c02,16,action,page_016_tile_r02_c02__actions__tile_r02_c02,twice-daily premixed insulin plan:consider twice-daily premixed insulin plan,04dfaa838e14dfb282afa75e87768813a5395905cac80d845a71b2facd7b94c8,approved,Jiayi Wei,2026-09-01T01:13:35+00:00,,Figure 9.5 logic verified: clinically supported injectable-therapy action for T2D intensification.
p016-page-016-tile-r02-c02::page-016-tile-r02-c02-structure-tile-r02-c02::edge::edge-001,page_016_tile_r02_c02,16,edge,page_016_tile_r02_c02__structure__tile_r02_c02,n0->n1,ccd147e01db2eb2e0be80581c25cc5c5cb0339602c9d0157f07f6898b94b8e52,corrections_required,Jiayi Wei,2026-09-01T01:13:35+00:00,"{""needs_arrow_path_validation"": true, ""figure"": ""Figure 9.5""}","Needs structured cleanup: arrow relationship is broadly source-supported, but cross-tile/duplicate graph reconstruction should be normalized before use."
p016-page-016-tile-r02-c02::page-016-tile-r02-c02-structure-tile-r02-c02::edge::edge-002,page_016_tile_r02_c02,16,edge,page_016_tile_r02_c02__structure__tile_r02_c02,n0->n3,7547b980365094fa534e1bd44e21dd26e40dd7da95bfecd3265dcf6f2229f68f,corrections_required,Jiayi Wei,2026-09-01T01:13:35+00:00,"{""needs_arrow_path_validation"": true, ""figure"": ""Figure 9.5""}","Needs structured cleanup: arrow relationship is broadly source-supported, but cross-tile/duplicate graph reconstruction should be normalized before use."
p016-page-016-tile-r02-c02::page-016-tile-r02-c02-structure-tile-r02-c02::edge::edge-003,page_016_tile_r02_c02,16,edge,page_016_tile_r02_c02__structure__tile_r02_c02,n0->n4,3cdc5819ac632480cd881d70c01e6a6576b9608d6e4672129a292f9f2e45fa16,corrections_required,Jiayi Wei,2026-09-01T01:13:35+00:00,"{""needs_arrow_path_validation"": true, ""figure"": ""Figure 9.5""}","Needs structured cleanup: arrow relationship is broadly source-supported, but cross-tile/duplicate graph reconstruction should be normalized before use."
p016-page-016-tile-r02-c02::page-016-tile-r02-c02-structure-tile-r02-c02::edge::edge-004,page_016_tile_r02_c02,16,edge,page_016_tile_r02_c02__structure__tile_r02_c02,n1->n2,beb47625f9d62ea1701526d8d4f1a9555d07ae1c2881157681bedb81aec7ba48,corrections_required,Jiayi Wei,2026-09-01T01:13:35+00:00,"{""needs_arrow_path_validation"": true, ""figure"": ""Figure 9.5""}","Needs structured cleanup: arrow relationship is broadly source-supported, but cross-tile/duplicate graph reconstruction should be normalized before use."
p016-page-016-tile-r02-c02::page-016-tile-r02-c02-structure-tile-r02-c02::node::n0,page_016_tile_r02_c02,16,node,page_016_tile_r02_c02__structure__tile_r02_c02,n0,38154c61d1b416a744a7f6aee39947df4ebb7a5f636234d1b7eb5e22ab047d1c,corrections_required,Jiayi Wei,2026-09-01T01:13:35+00:00,"{""needs_normalized_decision_node"": true, ""figure"": ""Figure 9.5""}","Needs structured cleanup: source concept is present, but node text is fragmented or should be normalized before use in an executable decision tree."
p016-page-016-tile-r02-c02::page-016-tile-r02-c02-structure-tile-r02-c02::node::n1,page_016_tile_r02_c02,16,node,page_016_tile_r02_c02__structure__tile_r02_c02,n1,84d494adaf2f1dba8649cfa35028448e9b794682fced67786f3f855eb2507ae1,corrections_required,Jiayi Wei,2026-09-01T01:13:35+00:00,"{""needs_normalized_decision_node"": true, ""figure"": ""Figure 9.5""}","Needs structured cleanup: source concept is present, but node text is fragmented or should be normalized before use in an executable decision tree."
p016-page-016-tile-r02-c02::page-016-tile-r02-c02-structure-tile-r02-c02::node::n2,page_016_tile_r02_c02,16,node,page_016_tile_r02_c02__structure__tile_r02_c02,n2,10e8bb4b03ace45472631fd107e05c7fe86281ca5fffb3f806e8c4b74cc860c0,corrections_required,Jiayi Wei,2026-09-01T01:13:35+00:00,"{""needs_normalized_decision_node"": true, ""figure"": ""Figure 9.5""}","Needs structured cleanup: source concept is present, but node text is fragmented or should be normalized before use in an executable decision tree."
p016-page-016-tile-r02-c02::page-016-tile-r02-c02-structure-tile-r02-c02::node::n3,page_016_tile_r02_c02,16,node,page_016_tile_r02_c02__structure__tile_r02_c02,n3,19f6e5152dc011d0d2cf83d3799763976a8715a0cca6c2241bbfdc2f56baa053,corrections_required,Jiayi Wei,2026-09-01T01:13:35+00:00,"{""needs_normalized_decision_node"": true, ""figure"": ""Figure 9.5""}","Needs structured cleanup: source concept is present, but node text is fragmented or should be normalized before use in an executable decision tree."
p016-page-016-tile-r02-c02::page-016-tile-r02-c02-structure-tile-r02-c02::node::n4,page_016_tile_r02_c02,16,node,page_016_tile_r02_c02__structure__tile_r02_c02,n4,be11efc4641474657e35b400ad7c4a471d5fa11371ade75f4108a9714f2024cb,corrections_required,Jiayi Wei,2026-09-01T01:13:35+00:00,"{""needs_normalized_decision_node"": true, ""figure"": ""Figure 9.5""}","Needs structured cleanup: source concept is present, but node text is fragmented or should be normalized before use in an executable decision tree."
p016-page-016-tile-r03-c01::page-016-tile-r03-c01-actions-figure-95::action::action-001,page_016_tile_r03_c01,16,action,page_016_tile_r03_c01__actions__figure_95,"Insulin:Consider insulin as the first injectable if symptoms of hyperglycemia are present, when A1C or blood glucose ≥300 mg/dL (≥16.7 mmol/L), or when a diagnosis of type 1 diabetes is a possibility.",c1d3919af22571e577c73e19c4df7ab371c4f735e360ddb0a68bff251f383fd7,approved,Jiayi Wei,2026-09-01T01:13:35+00:00,,Figure 9.5 logic verified: clinically supported injectable-therapy action for T2D intensification.
p016-page-016-tile-r03-c01::page-016-tile-r03-c01-actions-figure-95::action::action-002,page_016_tile_r03_c01,16,action,page_016_tile_r03_c01__actions__figure_95,"GLP-1 RA:When selecting GLP-1 RAs, consider individual preference, glycemic lowering, weight-lowering effect, and proven CVD benefit; oral or injectable GLP-1 RAs are appropriate.",5c32eec922240bd7a8c49f022fb6f63d41975f29e71174a107d950e8df16880a,corrections_required,Jiayi Wei,2026-09-01T01:13:35+00:00,"{""needs_record_type_or_field_correction"": true, ""figure"": ""Figure 9.5""}","Clinically relevant source text is present, but extractor marked/classified it imperfectly; keep for human correction rather than approval."
p016-page-016-tile-r03-c01::page-016-tile-r03-c01-actions-figure-95::action::action-003,page_016_tile_r03_c01,16,action,page_016_tile_r03_c01__actions__figure_95,"GLP-1 RA + Basal Insulin:For people on GLP-1 RA and basal insulin combination, consider use of a fixed-ratio combination product.",20156b47a98596a1b015443065f1be9637e2b1fa4978ad50c8195b841693d3a6,corrections_required,Jiayi Wei,2026-09-01T01:13:35+00:00,"{""needs_record_type_or_field_correction"": true, ""figure"": ""Figure 9.5""}","Clinically relevant source text is present, but extractor marked/classified it imperfectly; keep for human correction rather than approval."
p016-page-016-tile-r03-c01::page-016-tile-r03-c01-actions-figure-95::action::action-004,page_016_tile_r03_c01,16,action,page_016_tile_r03_c01__actions__figure_95,NPH:Consider switching from evening NPH to a basal analog if the individual develops hypoglycemia and/or fasting glucose is better managed with a morning dose of a long-acting basal insulin. Consider dosing NPH in the morning.,789990101b469babc5f07b0a644736d814baf9f0e9e7c3cb41a30fca6db337cc,approved,Jiayi Wei,2026-09-01T01:13:35+00:00,,Figure 9.5 logic verified: clinically supported injectable-therapy action for T2D intensification.
p016-page-016-tile-r03-c01::page-016-tile-r03-c01-actions-figure-95::action::action-005,page_016_tile_r03_c01,16,action,page_016_tile_r03_c01__actions__figure_95,"Prandial Insulin:Prandial insulin options include injectable rapid- and ultra-rapid-acting analog insulins, injectable short-acting insulins.",f5a337ed296d8c934ab0b93939003ca1fec7fc0dbd49947fde3eecab5df21e7c,corrections_required,Jiayi Wei,2026-09-01T01:13:35+00:00,"{""needs_record_type_or_field_correction"": true, ""figure"": ""Figure 9.5""}","Clinically relevant source text is present, but extractor marked/classified it imperfectly; keep for human correction rather than approval."
p016-page-016-tile-r03-c01::page-016-tile-r03-c01-actions-figure-95::action::action-006,page_016_tile_r03_c01,16,action,page_016_tile_r03_c01__actions__figure_95,"Prandial Insulin + NPH:If adding prandial insulin to NPH, consider initiation of a self-mixed or premixed insulin plan to decrease the risk of hypoglycemia.",110982a043f5507f19a76f184f66fa94a2d13713e1104e8e8740e1d7b76d7dee,corrections_required,Jiayi Wei,2026-09-01T01:13:35+00:00,"{""needs_record_type_or_field_correction"": true, ""figure"": ""Figure 9.5""}","Clinically relevant source text is present, but extractor marked/classified it imperfectly; keep for human correction rather than approval."
p016-page-016-tile-r03-c01::page-016-tile-r03-c01-actions-figure-95::footnote::footnote-001,page_016_tile_r03_c01,16,footnote,page_016_tile_r03_c01__actions__figure_95,"CGM, continuous glucose monitoring and support; FPG, fasting plasma glucose; GLP-1 RA, glucagon-like peptide 1 receptor agonist; PPG, postprandial glucose. Adapted from Davies et al. (318).",70d9c838fa8cfa020d4c625161bec9b6840638eaa2e0b338f5b9b3eee0793f11,approved,Jiayi Wei,2026-09-01T01:13:35+00:00,,Figure 9.5 footnote/abbreviation text verified as source-supported and relevant to injectable therapy logic.
p016-page-016-tile-r03-c01::page-016-tile-r03-c01-structure-tile-01::edge::edge-001,page_016_tile_r03_c01,16,edge,page_016_tile_r03_c01__structure__tile_01,n01->n02,4ecca194f89c5d4002bf462c7ab96e240cfdb815330e9171664e625828b97306,corrections_required,Jiayi Wei,2026-09-01T01:13:35+00:00,"{""needs_arrow_path_validation"": true, ""figure"": ""Figure 9.5""}","Needs structured cleanup: arrow relationship is broadly source-supported, but cross-tile/duplicate graph reconstruction should be normalized before use."
p016-page-016-tile-r03-c01::page-016-tile-r03-c01-structure-tile-01::edge::edge-002,page_016_tile_r03_c01,16,edge,page_016_tile_r03_c01__structure__tile_01,n01->n03,3f0c1a14ff7f43c7c5f86d1b7bfe57d5c7989edd104304411584c36386450d6d,corrections_required,Jiayi Wei,2026-09-01T01:13:35+00:00,"{""needs_arrow_path_validation"": true, ""figure"": ""Figure 9.5""}","Needs structured cleanup: arrow relationship is broadly source-supported, but cross-tile/duplicate graph reconstruction should be normalized before use."
p016-page-016-tile-r03-c01::page-016-tile-r03-c01-structure-tile-01::edge::edge-003,page_016_tile_r03_c01,16,edge,page_016_tile_r03_c01__structure__tile_01,n02->,3ec4f5f86d9816582e6c3889e3036e2265db25ff5208602a5a778a1999469f93,corrections_required,Jiayi Wei,2026-09-01T01:13:35+00:00,"{""needs_arrow_path_validation"": true, ""figure"": ""Figure 9.5""}","Needs structured cleanup: arrow relationship is broadly source-supported, but cross-tile/duplicate graph reconstruction should be normalized before use."
p016-page-016-tile-r03-c01::page-016-tile-r03-c01-structure-tile-01::edge::edge-004,page_016_tile_r03_c01,16,edge,page_016_tile_r03_c01__structure__tile_01,n03->,c9319edc87335b364497a9abfd6e78d6f0a82d5f1830cb208bdb7fc299449134,corrections_required,Jiayi Wei,2026-09-01T01:13:35+00:00,"{""needs_arrow_path_validation"": true, ""figure"": ""Figure 9.5""}","Needs structured cleanup: arrow relationship is broadly source-supported, but cross-tile/duplicate graph reconstruction should be normalized before use."
p016-page-016-tile-r03-c01::page-016-tile-r03-c01-structure-tile-01::node::n01,page_016_tile_r03_c01,16,node,page_016_tile_r03_c01__structure__tile_01,n01,50e4292b70489df5275b080c70568f3d43edd0a22263dfd73728896ca0d5127e,corrections_required,Jiayi Wei,2026-09-01T01:13:35+00:00,"{""needs_normalized_decision_node"": true, ""figure"": ""Figure 9.5""}","Needs structured cleanup: source concept is present, but node text is fragmented or should be normalized before use in an executable decision tree."
p016-page-016-tile-r03-c01::page-016-tile-r03-c01-structure-tile-01::node::n02,page_016_tile_r03_c01,16,node,page_016_tile_r03_c01__structure__tile_01,n02,b2868dcc6822df66fd4bf78ede5d0f015a6efe747ab47e3169982573e96275a7,corrections_required,Jiayi Wei,2026-09-01T01:13:35+00:00,"{""needs_normalized_decision_node"": true, ""figure"": ""Figure 9.5""}","Needs structured cleanup: source concept is present, but node text is fragmented or should be normalized before use in an executable decision tree."
p016-page-016-tile-r03-c01::page-016-tile-r03-c01-structure-tile-01::node::n03,page_016_tile_r03_c01,16,node,page_016_tile_r03_c01__structure__tile_01,n03,bcfef8e14434ee276c82a8ffc7a81a36d11fdcf61d3a4abd55cff1e8942e806e,corrections_required,Jiayi Wei,2026-09-01T01:13:35+00:00,"{""needs_normalized_decision_node"": true, ""figure"": ""Figure 9.5""}","Needs structured cleanup: source concept is present, but node text is fragmented or should be normalized before use in an executable decision tree."
p016-page-016-tile-r03-c01::page-016-tile-r03-c01-symbols-figure-95::footnote::footnote-001,page_016_tile_r03_c01,16,footnote,page_016_tile_r03_c01__symbols__figure_95,CGM,1b156cdd550d4359861ee5a804b99c7835598a1db3f1d5ed1f8c1037b523a515,approved,Jiayi Wei,2026-09-01T01:13:35+00:00,,Figure 9.5 footnote/abbreviation text verified as source-supported and relevant to injectable therapy logic.
p016-page-016-tile-r03-c01::page-016-tile-r03-c01-symbols-figure-95::footnote::footnote-002,page_016_tile_r03_c01,16,footnote,page_016_tile_r03_c01__symbols__figure_95,FPG,5701b75c7936bc0a666abb50d60a860ae3e2cad571f54c8287c76e7f014ad594,approved,Jiayi Wei,2026-09-01T01:13:35+00:00,,Figure 9.5 footnote/abbreviation text verified as source-supported and relevant to injectable therapy logic.
p016-page-016-tile-r03-c01::page-016-tile-r03-c01-symbols-figure-95::footnote::footnote-003,page_016_tile_r03_c01,16,footnote,page_016_tile_r03_c01__symbols__figure_95,GLP-1 RA,e1515671f67077597397d289591e676daf3861913ec2654c33b598bcf9b3004e,approved,Jiayi Wei,2026-09-01T01:13:35+00:00,,Figure 9.5 footnote/abbreviation text verified as source-supported and relevant to injectable therapy logic.
p016-page-016-tile-r03-c01::page-016-tile-r03-c01-symbols-figure-95::footnote::footnote-004,page_016_tile_r03_c01,16,footnote,page_016_tile_r03_c01__symbols__figure_95,PPG,acdab2ceeffee8f2f623ceafd7fd6c1b237fe4edc2c8beec788bb1653f87b7b4,approved,Jiayi Wei,2026-09-01T01:13:35+00:00,,Figure 9.5 footnote/abbreviation text verified as source-supported and relevant to injectable therapy logic.
p016-page-016-tile-r03-c02::page-016-tile-r03-c02-actions-tile-r03-c02::action::action-001,page_016_tile_r03_c02,16,action,page_016_tile_r03_c02__actions__tile_r03_c02,"NPH insulin:Initiation: Total dose = 80% of current bedtime NPH dose; 2/3 given in the morning, 1/3 given at bedtime.",f57e6052168c75166ab6bf645020980303886ad1056e34ba1c36968983cf4c81,rejected,Jiayi Wei,2026-09-01T01:13:35+00:00,,"Rejected for Figure 9.5 review: duplicate, cropped, non-standalone, or unreliable extraction not suitable as an approved rule record."
p016-page-016-tile-r03-c02::page-016-tile-r03-c02-actions-tile-r03-c02::action::action-002,page_016_tile_r03_c02,16,action,page_016_tile_r03_c02__actions__tile_r03_c02,"NPH insulin:Initiation: Total dose = 80% of current bedtime NPH dose; 2/3 given in the morning, 1/3 given at bedtime.",dee9fcd1ab0182ad997eae65f7bb7ed6846334228555344d9afc97fe4cea9db1,rejected,Jiayi Wei,2026-09-01T01:13:35+00:00,,"Rejected for Figure 9.5 review: duplicate, cropped, non-standalone, or unreliable extraction not suitable as an approved rule record."
p016-page-016-tile-r03-c02::page-016-tile-r03-c02-actions-tile-r03-c02::action::action-003,page_016_tile_r03_c02,16,action,page_016_tile_r03_c02__actions__tile_r03_c02,"NPH insulin:Initiation: Total dose = 80% of current bedtime NPH dose; 2/3 given in the morning, 1/3 given at bedtime.",bdbb841251f3d5c5a12a057c06ea2aeaeed64a09225dd28fd59f3b1b48d00643,rejected,Jiayi Wei,2026-09-01T01:13:35+00:00,,"Rejected for Figure 9.5 review: duplicate, cropped, non-standalone, or unreliable extraction not suitable as an approved rule record."
p016-page-016-tile-r03-c02::page-016-tile-r03-c02-actions-tile-r03-c02::action::action-004,page_016_tile_r03_c02,16,action,page_016_tile_r03_c02__actions__tile_r03_c02,"NPH insulin:Initiation: Total dose = 80% of current bedtime NPH dose; 2/3 given in the morning, 1/3 given at bedtime.",f4dbdf5d81da36413dff8eeea8f5b019816c984f803147fdc16f4e84c856ff0e,rejected,Jiayi Wei,2026-09-01T01:13:35+00:00,,"Rejected for Figure 9.5 review: duplicate, cropped, non-standalone, or unreliable extraction not suitable as an approved rule record."
p016-page-016-tile-r03-c02::page-016-tile-r03-c02-actions-tile-r03-c02::action::action-005,page_016_tile_r03_c02,16,action,page_016_tile_r03_c02__actions__tile_r03_c02,"NPH insulin:Initiation: Total dose = 80% of current bedtime NPH dose; 2/3 given in the morning, 1/3 given at bedtime.",0c6092f1139e64b8635450e6bce22d0d924d597f817d1f905471df6916a75c1e,rejected,Jiayi Wei,2026-09-01T01:13:35+00:00,,"Rejected for Figure 9.5 review: duplicate, cropped, non-standalone, or unreliable extraction not suitable as an approved rule record."
p016-page-016-tile-r03-c02::page-016-tile-r03-c02-actions-tile-r03-c02::action::action-006,page_016_tile_r03_c02,16,action,page_016_tile_r03_c02__actions__tile_r03_c02,"NPH insulin:Initiation: Total dose = 80% of current bedtime NPH dose; 2/3 given in the morning, 1/3 given at bedtime.",3e588d7c1d9d41c62b016bb70ae2a2b8f525ac049746d2d3b9f3a4691e2d445f,rejected,Jiayi Wei,2026-09-01T01:13:35+00:00,,"Rejected for Figure 9.5 review: duplicate, cropped, non-standalone, or unreliable extraction not suitable as an approved rule record."
p016-page-016-tile-r03-c02::page-016-tile-r03-c02-actions-tile-r03-c02::action::action-007,page_016_tile_r03_c02,16,action,page_016_tile_r03_c02__actions__tile_r03_c02,"NPH insulin:Initiation: Total dose = 80% of current bedtime NPH dose; 2/3 given in the morning, 1/3 given at bedtime.",f2f16fbb1aedbe160052699fbadb64da2348deb92039b5ee73a92a85616226bf,rejected,Jiayi Wei,2026-09-01T01:13:35+00:00,,"Rejected for Figure 9.5 review: duplicate, cropped, non-standalone, or unreliable extraction not suitable as an approved rule record."
p016-page-016-tile-r03-c02::page-016-tile-r03-c02-actions-tile-r03-c02::action::action-008,page_016_tile_r03_c02,16,action,page_016_tile_r03_c02__actions__tile_r03_c02,"NPH insulin:Initiation: Total dose = 80% of current bedtime NPH dose; 2/3 given in the morning, 1/3 given at bedtime.",ca7660ef61821b9d8a16fc88682dbf43044bc8fb10dc5b1b3bf1562aa089c5f8,rejected,Jiayi Wei,2026-09-01T01:13:35+00:00,,"Rejected for Figure 9.5 review: duplicate, cropped, non-standalone, or unreliable extraction not suitable as an approved rule record."
p016-page-016-tile-r03-c02::page-016-tile-r03-c02-actions-tile-r03-c02::action::action-009,page_016_tile_r03_c02,16,action,page_016_tile_r03_c02__actions__tile_r03_c02,"NPH insulin:Initiation: Total dose = 80% of current bedtime NPH dose; 2/3 given in the morning, 1/3 given at bedtime.",7be5f8567ec95455b8e77c083fc514290b1eb3cde30323107384f2b489bf9f1e,rejected,Jiayi Wei,2026-09-01T01:13:35+00:00,,"Rejected for Figure 9.5 review: duplicate, cropped, non-standalone, or unreliable extraction not suitable as an approved rule record."
p016-page-016-tile-r03-c02::page-016-tile-r03-c02-actions-tile-r03-c02::action::action-010,page_016_tile_r03_c02,16,action,page_016_tile_r03_c02__actions__tile_r03_c02,"NPH insulin:Initiation: Total dose = 80% of current bedtime NPH dose; 2/3 given in the morning, 1/3 given at bedtime.",499652c98e5781e0d37f00ade1ee51cd0d73c2ba298efabb2ffb7713e33cb612,rejected,Jiayi Wei,2026-09-01T01:13:35+00:00,,"Rejected for Figure 9.5 review: duplicate, cropped, non-standalone, or unreliable extraction not suitable as an approved rule record."
p016-page-016-tile-r03-c02::page-016-tile-r03-c02-actions-tile-r03-c02::action::action-011,page_016_tile_r03_c02,16,action,page_016_tile_r03_c02__actions__tile_r03_c02,"NPH insulin:Initiation: Total dose = 80% of current bedtime NPH dose; 2/3 given in the morning, 1/3 given at bedtime.",f6662a391a40179423a285e23f2c1a63d04b108ab3b0b764d72a2218a599e590,rejected,Jiayi Wei,2026-09-01T01:13:35+00:00,,"Rejected for Figure 9.5 review: duplicate, cropped, non-standalone, or unreliable extraction not suitable as an approved rule record."
p016-page-016-tile-r03-c02::page-016-tile-r03-c02-actions-tile-r03-c02::action::action-012,page_016_tile_r03_c02,16,action,page_016_tile_r03_c02__actions__tile_r03_c02,"NPH insulin:Initiation: Total dose = 80% of current bedtime NPH dose; 2/3 given in the morning, 1/3 given at bedtime.",c041a2c1607b12bc1f87900a37f35be5ba9fe6ced155f8fb4a0095dfcff0407a,rejected,Jiayi Wei,2026-09-01T01:13:35+00:00,,"Rejected for Figure 9.5 review: duplicate, cropped, non-standalone, or unreliable extraction not suitable as an approved rule record."
p016-page-016-tile-r03-c02::page-016-tile-r03-c02-actions-tile-r03-c02::action::action-013,page_016_tile_r03_c02,16,action,page_016_tile_r03_c02__actions__tile_r03_c02,"NPH insulin:Initiation: Total dose = 80% of current bedtime NPH dose; 2/3 given in the morning, 1/3 given at bedtime.",e9aee76f1d888d7b5582c29c9fd430d0a4cb6f51074f0584a54880d8847a81b6,rejected,Jiayi Wei,2026-09-01T01:13:35+00:00,,"Rejected for Figure 9.5 review: duplicate, cropped, non-standalone, or unreliable extraction not suitable as an approved rule record."
p016-page-016-tile-r03-c02::page-016-tile-r03-c02-actions-tile-r03-c02::action::action-014,page_016_tile_r03_c02,16,action,page_016_tile_r03_c02__actions__tile_r03_c02,"NPH insulin:Initiation: Total dose = 80% of current bedtime NPH dose; 2/3 given in the morning, 1/3 given at bedtime.",6de8c6b54207392df9c04381b972bd19673098ded23870ec43c11be30a2c7b9c,rejected,Jiayi Wei,2026-09-01T01:13:35+00:00,,"Rejected for Figure 9.5 review: duplicate, cropped, non-standalone, or unreliable extraction not suitable as an approved rule record."
p016-page-016-tile-r03-c02::page-016-tile-r03-c02-actions-tile-r03-c02::action::action-015,page_016_tile_r03_c02,16,action,page_016_tile_r03_c02__actions__tile_r03_c02,"NPH insulin:Initiation: Total dose = 80% of current bedtime NPH dose; 2/3 given in the morning, 1/3 given at bedtime.",fa21d5464e6f88c335e2d6f4def739cf160fa1e58f3c318b2df2f95b2e0895c8,rejected,Jiayi Wei,2026-09-01T01:13:35+00:00,,"Rejected for Figure 9.5 review: duplicate, cropped, non-standalone, or unreliable extraction not suitable as an approved rule record."
p016-page-016-tile-r03-c02::page-016-tile-r03-c02-actions-tile-r03-c02::action::action-016,page_016_tile_r03_c02,16,action,page_016_tile_r03_c02__actions__tile_r03_c02,"NPH insulin:Initiation: Total dose = 80% of current bedtime NPH dose; 2/3 given in the morning, 1/3 given at bedtime.",f0f592e9a53685044f1812ce59c38bd9952d29bb4d47105131dc605d888fb817,rejected,Jiayi Wei,2026-09-01T01:13:35+00:00,,"Rejected for Figure 9.5 review: duplicate, cropped, non-standalone, or unreliable extraction not suitable as an approved rule record."
p016-page-016-tile-r03-c02::page-016-tile-r03-c02-structure-tile-r03-c02::edge::edge-001,page_016_tile_r03_c02,16,edge,page_016_tile_r03_c02__structure__tile_r03_c02,n1->n2,5bd17081f992c5d0594b1114fb54a1fde89ca808511f9f1e9669f588b7f210bf,corrections_required,Jiayi Wei,2026-09-01T01:13:35+00:00,"{""needs_arrow_path_validation"": true, ""figure"": ""Figure 9.5""}","Needs structured cleanup: arrow relationship is broadly source-supported, but cross-tile/duplicate graph reconstruction should be normalized before use."
p016-page-016-tile-r03-c02::page-016-tile-r03-c02-structure-tile-r03-c02::edge::edge-002,page_016_tile_r03_c02,16,edge,page_016_tile_r03_c02__structure__tile_r03_c02,n1->n3,85ac7905122d08707c13d911bbaf63dde6c3504c55b1a07ba829deee0dc63b29,corrections_required,Jiayi Wei,2026-09-01T01:13:35+00:00,"{""needs_arrow_path_validation"": true, ""figure"": ""Figure 9.5""}","Needs structured cleanup: arrow relationship is broadly source-supported, but cross-tile/duplicate graph reconstruction should be normalized before use."
p016-page-016-tile-r03-c02::page-016-tile-r03-c02-structure-tile-r03-c02::edge::edge-003,page_016_tile_r03_c02,16,edge,page_016_tile_r03_c02__structure__tile_r03_c02,n2->n5,aed1bc051ae5ab966653b9a26349b409e6ef599176fc3d6357483aa309d9ffad,corrections_required,Jiayi Wei,2026-09-01T01:13:35+00:00,"{""needs_arrow_path_validation"": true, ""figure"": ""Figure 9.5""}","Needs structured cleanup: arrow relationship is broadly source-supported, but cross-tile/duplicate graph reconstruction should be normalized before use."
p016-page-016-tile-r03-c02::page-016-tile-r03-c02-structure-tile-r03-c02::edge::edge-004,page_016_tile_r03_c02,16,edge,page_016_tile_r03_c02__structure__tile_r03_c02,n3->n7,dcb135f055deadfba8d1844c35e655f0eb089a4e18dec63972da68c231774440,corrections_required,Jiayi Wei,2026-09-01T01:13:35+00:00,"{""needs_arrow_path_validation"": true, ""figure"": ""Figure 9.5""}","Needs structured cleanup: arrow relationship is broadly source-supported, but cross-tile/duplicate graph reconstruction should be normalized before use."
p016-page-016-tile-r03-c02::page-016-tile-r03-c02-structure-tile-r03-c02::node::n1,page_016_tile_r03_c02,16,node,page_016_tile_r03_c02__structure__tile_r03_c02,n1,09dc4c001481f94e3f91230fea415a313b097eba11a89f115d1999653ff90244,corrections_required,Jiayi Wei,2026-09-01T01:13:35+00:00,"{""needs_normalized_decision_node"": true, ""figure"": ""Figure 9.5""}","Needs structured cleanup: source concept is present, but node text is fragmented or should be normalized before use in an executable decision tree."
p016-page-016-tile-r03-c02::page-016-tile-r03-c02-structure-tile-r03-c02::node::n2,page_016_tile_r03_c02,16,node,page_016_tile_r03_c02__structure__tile_r03_c02,n2,4a07eb9bc0203a4f522abff4dfbab745a58eb0dd07166aaa62b7c1cf2cbefe94,corrections_required,Jiayi Wei,2026-09-01T01:13:35+00:00,"{""needs_normalized_decision_node"": true, ""figure"": ""Figure 9.5""}","Needs structured cleanup: source concept is present, but node text is fragmented or should be normalized before use in an executable decision tree."
p016-page-016-tile-r03-c02::page-016-tile-r03-c02-structure-tile-r03-c02::node::n3,page_016_tile_r03_c02,16,node,page_016_tile_r03_c02__structure__tile_r03_c02,n3,41f4dbf67d11760251fc1d96fc644a6a2b38cebb3a61a0afbc21c1478a8a0dc8,corrections_required,Jiayi Wei,2026-09-01T01:13:35+00:00,"{""needs_normalized_decision_node"": true, ""figure"": ""Figure 9.5""}","Needs structured cleanup: source concept is present, but node text is fragmented or should be normalized before use in an executable decision tree."
p016-page-016-tile-r03-c02::page-016-tile-r03-c02-structure-tile-r03-c02::node::n4,page_016_tile_r03_c02,16,node,page_016_tile_r03_c02__structure__tile_r03_c02,n4,a4e6c68ab85eb6937c8559ffced6e51ca1117ed3d72a4d0218a9d1534708858a,corrections_required,Jiayi Wei,2026-09-01T01:13:35+00:00,"{""needs_normalized_decision_node"": true, ""figure"": ""Figure 9.5""}","Needs structured cleanup: source concept is present, but node text is fragmented or should be normalized before use in an executable decision tree."
p016-page-016-tile-r03-c02::page-016-tile-r03-c02-structure-tile-r03-c02::node::n5,page_016_tile_r03_c02,16,node,page_016_tile_r03_c02__structure__tile_r03_c02,n5,99a4a5bd5dad883695da261a80e3606479777aa084c522d93733a8a3436e6cc4,corrections_required,Jiayi Wei,2026-09-01T01:13:35+00:00,"{""needs_normalized_decision_node"": true, ""figure"": ""Figure 9.5""}","Needs structured cleanup: source concept is present, but node text is fragmented or should be normalized before use in an executable decision tree."
p016-page-016-tile-r03-c02::page-016-tile-r03-c02-structure-tile-r03-c02::node::n6,page_016_tile_r03_c02,16,node,page_016_tile_r03_c02__structure__tile_r03_c02,n6,1ea58f808271114d8a8694683b13cecc48f298bb4db80c5be0181171bcf5c3e3,corrections_required,Jiayi Wei,2026-09-01T01:13:35+00:00,"{""needs_normalized_decision_node"": true, ""figure"": ""Figure 9.5""}","Needs structured cleanup: source concept is present, but node text is fragmented or should be normalized before use in an executable decision tree."
p016-page-016-tile-r03-c02::page-016-tile-r03-c02-structure-tile-r03-c02::node::n7,page_016_tile_r03_c02,16,node,page_016_tile_r03_c02__structure__tile_r03_c02,n7,dca482d251a4c0c3a6e279befe3230c743f4bde11b31cf61f9ac49e2d48a0887,corrections_required,Jiayi Wei,2026-09-01T01:13:35+00:00,"{""needs_normalized_decision_node"": true, ""figure"": ""Figure 9.5""}","Needs structured cleanup: source concept is present, but node text is fragmented or should be normalized before use in an executable decision tree."
p021-page-021-tile-r01-c01::page-021-tile-r01-c01-actions-table-93::action::action-001,page_021_tile_r01_c01,21,action,page_021_tile_r01_c01__actions__table_93,"Biguanides:Metformin (500 mg IR) — Maximum approved daily dose: 2,000 mg",1575a300a742e40fe02b475661424d66c7c16545c5dc4c76427c412c8fe65b18,pending,,,,
p021-page-021-tile-r01-c01::page-021-tile-r01-c01-actions-table-93::action::action-002,page_021_tile_r01_c01,21,action,page_021_tile_r01_c01__actions__table_93,"Biguanides:Metformin (500 mg ER) — Maximum approved daily dose: 2,000 mg",830d0d71d17bd3faf0fdfa284ade60e8089fa9e1ced3dc170ce405e33e9acfbc,pending,,,,
p021-page-021-tile-r01-c01::page-021-tile-r01-c01-actions-table-93::action::action-003,page_021_tile_r01_c01,21,action,page_021_tile_r01_c01__actions__table_93,"Biguanides:Metformin (850 mg IR) — Maximum approved daily dose: 2,550 mg",5e3bf5a4ae706cef830d5a5977b876b75ef7b7d78a1d92885106fa5f4e9d1e83,pending,,,,
p021-page-021-tile-r01-c01::page-021-tile-r01-c01-actions-table-93::action::action-004,page_021_tile_r01_c01,21,action,page_021_tile_r01_c01__actions__table_93,"Biguanides:Metformin (1,000 mg IR) — Maximum approved daily dose: 2,000 mg",7c54c0bf1b0df8500e9e524be1a118c088343047d7ef376b5ecda4b41afb3acd,pending,,,,
p021-page-021-tile-r01-c01::page-021-tile-r01-c01-actions-table-93::action::action-005,page_021_tile_r01_c01,21,action,page_021_tile_r01_c01__actions__table_93,"Biguanides:Metformin (1,000 mg ER) — Maximum approved daily dose: 2,000 mg",e82928240d0cec54ef640e180f9f2b4930508278e813c33132f8b81af900848d,pending,,,,
p021-page-021-tile-r01-c01::page-021-tile-r01-c01-actions-table-93::action::action-006,page_021_tile_r01_c01,21,action,page_021_tile_r01_c01__actions__table_93,"Biguanides:Metformin (500 mg Sol) — Maximum approved daily dose: 2,000 mg",83327318963cc2ef63915431a3cf751d084461ed9de180ac2616deea90a7be1c,pending,,,,
p021-page-021-tile-r01-c01::page-021-tile-r01-c01-actions-table-93::action::action-007,page_021_tile_r01_c01,21,action,page_021_tile_r01_c01__actions__table_93,Sulfonylureas (2nd generation):Glimepiride — Maximum approved daily dose: 8 mg,3831d1a71d0bb16c56972a0291bafc4cbe262b8915ac3f6c66434c2575107edd,pending,,,,
p021-page-021-tile-r01-c01::page-021-tile-r01-c01-actions-table-93::action::action-008,page_021_tile_r01_c01,21,action,page_021_tile_r01_c01__actions__table_93,Sulfonylureas (2nd generation):Glipizide — Maximum approved daily dose: 40 mg,a9b3c308ed43726929bf00baf1fca89b04569044ddb0fc13a439a779172099eb,pending,,,,
p021-page-021-tile-r01-c01::page-021-tile-r01-c01-actions-table-93::action::action-009,page_021_tile_r01_c01,21,action,page_021_tile_r01_c01__actions__table_93,Sulfonylureas (2nd generation):Glipizide — Maximum approved daily dose: 20 mg,90369af6f9a48b52704f4953a0c287f0c8084da11c864dd07277be7d75833901,pending,,,,
p021-page-021-tile-r01-c01::page-021-tile-r01-c01-actions-table-93::action::action-010,page_021_tile_r01_c01,21,action,page_021_tile_r01_c01__actions__table_93,Sulfonylureas (2nd generation):Glyburide — Maximum approved daily dose: 12 mg,1d1f5a50b3b6f19263c6d88fd85f859fe0dd1d1fbab8bba8301cc4337b689223,pending,,,,
p021-page-021-tile-r01-c01::page-021-tile-r01-c01-actions-table-93::action::action-011,page_021_tile_r01_c01,21,action,page_021_tile_r01_c01__actions__table_93,Sulfonylureas (2nd generation):Glyburide — Maximum approved daily dose: 20 mg,5852242c83160382f56a467b22c0317bd0fa0aa4f85bc13838b041fe078dddd2,pending,,,,
p021-page-021-tile-r01-c01::page-021-tile-r01-c01-actions-table-93::action::action-012,page_021_tile_r01_c01,21,action,page_021_tile_r01_c01__actions__table_93,Thiazolidinedione:Pioglitazone — Maximum approved daily dose: 45 mg,bba2bd012e9ef29d8b700fd87959bddae30ca668f65d2c19a6cfec5b46f5c169,pending,,,,
p021-page-021-tile-r01-c01::page-021-tile-r01-c01-actions-table-93::action::action-013,page_021_tile_r01_c01,21,action,page_021_tile_r01_c01__actions__table_93,α-Glucosidase inhibitors:Acarbose — Maximum approved daily dose: 300 mg,52a590531d39cc8ed1c10e2cef8dd84a2e06a787d618650cf53050588bfb1535,pending,,,,
p021-page-021-tile-r01-c01::page-021-tile-r01-c01-actions-table-93::action::action-014,page_021_tile_r01_c01,21,action,page_021_tile_r01_c01__actions__table_93,α-Glucosidase inhibitors:Miglitol — Maximum approved daily dose: 300 mg,0273f2697d0a91054dbabffcb4202d03e8e9800c6cc2057e6b68f36930a49a7d,pending,,,,
p021-page-021-tile-r01-c01::page-021-tile-r01-c01-actions-table-93::action::action-015,page_021_tile_r01_c01,21,action,page_021_tile_r01_c01__actions__table_93,Meglitinides:Nateglinide — Maximum approved daily dose: 360 mg,33959b492f207f7cf8350bbfda7d77ab481d949d3d5797f0be14c4c55ba44d69,pending,,,,
p021-page-021-tile-r01-c01::page-021-tile-r01-c01-actions-table-93::action::action-016,page_021_tile_r01_c01,21,action,page_021_tile_r01_c01__actions__table_93,Meglitinides:Repaglinide — Maximum approved daily dose: 16 mg,471c104995c12475caa1a1b3f9f1952658396702836317c95b933173ec78c252,pending,,,,
p021-page-021-tile-r01-c02::page-021-tile-r01-c02-actions-tile-r01-c02::action::action-001,page_021_tile_r01_c02,21,action,page_021_tile_r01_c02__actions__tile_r01_c02,Noninsulin glucose-lowering agents:Dose adjustment based on NADAC and AWP values,d97c35f84edb9b9ce84ac5a4e1931b3e9d0342dd5845358782d058da40ef072a,pending,,,,
p021-page-021-tile-r01-c02::page-021-tile-r01-c02-actions-tile-r01-c02::footnote::footnote-001,page_021_tile_r01_c02,21,footnote,page_021_tile_r01_c02__actions__tile_r01_c02,+,6b515579fbd8c87f6b80582b524c1e22050b61deea910070f27d37e002adeb93,pending,,,,
p021-page-021-tile-r01-c02::page-021-tile-r01-c02-actions-tile-r01-c02::footnote::footnote-002,page_021_tile_r01_c02,21,footnote,page_021_tile_r01_c02__actions__tile_r01_c02,*,e9190b7b61f5bf5716af0ff9e64e5597ebd6925b8682186087e53ff84085be30,pending,,,,
p021-page-021-tile-r02-c01::page-021-tile-r02-c01-actions-tile-r02-c01::action::action-001,page_021_tile_r02_c01,21,action,page_021_tile_r02_c01__actions__tile_r02_c01,Meglitinides:,d8f3a93202edede5ccf495be706612056a95e3aab42ae3df0b36543ab7457ddc,pending,,,,
p021-page-021-tile-r02-c01::page-021-tile-r02-c01-actions-tile-r02-c01::action::action-002,page_021_tile_r02_c01,21,action,page_021_tile_r02_c01__actions__tile_r02_c01,DPP-4 inhibitors:,cf1dcc5e76ec0a9d6035ea075ad5002c4388ed61af72ee7bc3fff6e54687c5d9,pending,,,,
p021-page-021-tile-r02-c01::page-021-tile-r02-c01-actions-tile-r02-c01::action::action-003,page_021_tile_r02_c01,21,action,page_021_tile_r02_c01__actions__tile_r02_c01,SGLT2 inhibitors:,480c5bfc2c5aa204c6c966a5886ef8cf60dc202ca9b040cac63ced402c5e810d,pending,,,,
p021-page-021-tile-r02-c01::page-021-tile-r02-c01-actions-tile-r02-c01::action::action-004,page_021_tile_r02_c01,21,action,page_021_tile_r02_c01__actions__tile_r02_c01,GLP-1 RAs:,3f9d4905b96eb5132e232e94307b34da6801cbb40924a3bdd6b4bc582d7e1f07,pending,,,,
p021-page-021-tile-r02-c01::page-021-tile-r02-c01-actions-tile-r02-c01::action::action-005,page_021_tile_r02_c01,21,action,page_021_tile_r02_c01__actions__tile_r02_c01,Dual GIP and GLP-1 RA:,6807ee5156f891e3eeac89e476e2a036c464d1a9c3a3e61b5bcadf06b4fa05b7,pending,,,,
p021-page-021-tile-r02-c01::page-021-tile-r02-c01-actions-tile-r02-c01::action::action-006,page_021_tile_r02_c01,21,action,page_021_tile_r02_c01__actions__tile_r02_c01,Bile acid sequestrant:,54fc311789f0c3f41ef42be2db1a2acc2a489bd29881bdc2bdf4f82ec6f86e4a,pending,,,,
p021-page-021-tile-r02-c01::page-021-tile-r02-c01-actions-tile-r02-c01::action::action-007,page_021_tile_r02_c01,21,action,page_021_tile_r02_c01__actions__tile_r02_c01,Dopamine-2 agonist:,f8f4efbb75fd551e6048a75cf8ba4e802464e19f403493aaa5afbd064a1ad123,pending,,,,
p021-page-021-tile-r03-c01::page-021-tile-r03-c01-actions-page-021-tile-r03-c01::action::action-001,page_021_tile_r03_c01,21,action,page_021_tile_r03_c01__actions__page_021_tile_r03_c01,DPP-4 inhibitors:,9309f08fd28f514f9c9f324a5cc7633c5ccdc6669178be5f397acae5574b5c2d,pending,,,,
p021-page-021-tile-r03-c01::page-021-tile-r03-c01-actions-page-021-tile-r03-c01::action::action-002,page_021_tile_r03_c01,21,action,page_021_tile_r03_c01__actions__page_021_tile_r03_c01,GLP-1 RA:,211972be5bd6d9579cbd500d361bc63edd1d2b187f8f783cc9343455453431b9,pending,,,,
p021-page-021-tile-r03-c01::page-021-tile-r03-c01-actions-page-021-tile-r03-c01::action::action-003,page_021_tile_r03_c01,21,action,page_021_tile_r03_c01__actions__page_021_tile_r03_c01,GLP-1 RA:,1056cf82142c84c0a541cf98bcb450b717400563386356bd19ad17f75d71130a,pending,,,,
p021-page-021-tile-r03-c01::page-021-tile-r03-c01-actions-page-021-tile-r03-c01::action::action-004,page_021_tile_r03_c01,21,action,page_021_tile_r03_c01__actions__page_021_tile_r03_c01,Dual GIP and GLP-1 RA:,cfbf9ead6da45c473570e4999669535f96a6a004010cda8a48e42e4b06fb5555,pending,,,,
p021-page-021-tile-r03-c01::page-021-tile-r03-c01-actions-page-021-tile-r03-c01::action::action-005,page_021_tile_r03_c01,21,action,page_021_tile_r03_c01__actions__page_021_tile_r03_c01,Bile acid sequestrant:,3074efe519ced3e6ee6d92ae501b6d896c8ae29823704fe2bf588d58c8f9ba9a,pending,,,,
p021-page-021-tile-r03-c01::page-021-tile-r03-c01-actions-page-021-tile-r03-c01::action::action-006,page_021_tile_r03_c01,21,action,page_021_tile_r03_c01__actions__page_021_tile_r03_c01,Dopamine-2 agonist:,49132810998731bf1727afe69622d176aa98e4eb404961f0b6d520d07f0e57dd,pending,,,,
